paper_id,pmid,source_collection,parse_source_type,pdf_path,xml_path,normalized_json_path,parse_status,section_count,body_word_count,parser_warnings
pmid-42496972,42496972,pi-backlog,pmc_xml,papers/fulltext/inventory/oa/pmid-42496972.pdf,papers/fulltext/parsed/pmc_xml/PMC13401206.xml,papers/fulltext/parsed/normalized/42496972.json,cached_normalized,14,3482,
pmid-42454370,42454370,pi-backlog,pmc_xml,papers/fulltext/inventory/oa/pmid-42454370.pdf,papers/fulltext/parsed/pmc_xml/PMC13369322.xml,papers/fulltext/parsed/normalized/42454370.json,cached_normalized,16,5226,
pmid-42409264,42409264,pi-backlog,pdf_grobid,papers/fulltext/inventory/manual/pmid-42409264.pdf,,papers/fulltext/parsed/normalized/42409264.json,cached_normalized,22,7526,Using canonical paper title over GROBID TEI title.
pmid-42244653,42244653,pi-backlog,pmc_xml,papers/fulltext/inventory/oa/pmid-42244653.pdf,papers/fulltext/parsed/pmc_xml/PMC13232272.xml,papers/fulltext/parsed/normalized/42244653.json,cached_normalized,0,0,PMC XML body missing.
pmid-42200562,42200562,pi-backlog,pdf_grobid,papers/fulltext/inventory/manual/pmid-42200562.pdf,,papers/fulltext/parsed/normalized/42200562.json,cached_normalized,16,3715,Using canonical paper title over GROBID TEI title.
pmid-42150007,42150007,pi-backlog,pmc_xml,papers/fulltext/inventory/oa/pmid-42150007.pdf,papers/fulltext/parsed/pmc_xml/PMC13224092.xml,papers/fulltext/parsed/normalized/42150007.json,cached_normalized,35,10668,
pmid-42067193,42067193,pi-backlog,pmc_xml,papers/fulltext/inventory/oa/pmid-42067193.pdf,papers/fulltext/parsed/pmc_xml/PMC13387393.xml,papers/fulltext/parsed/normalized/42067193.json,cached_normalized,21,6002,
pmid-42013838,42013838,pi-backlog,pmc_xml,papers/fulltext/inventory/oa/pmid-42013838.pdf,papers/fulltext/parsed/pmc_xml/PMC13105272.xml,papers/fulltext/parsed/normalized/42013838.json,cached_normalized,38,15298,
pmid-41917196,41917196,pi-backlog,pdf_grobid,papers/fulltext/inventory/manual/pmid-41917196.pdf,,papers/fulltext/parsed/normalized/41917196.json,cached_normalized,25,8519,Using canonical paper title over GROBID TEI title.
pmid-41757169,41757169,pi-backlog,pmc_xml,papers/fulltext/inventory/oa/pmid-41757169.pdf,papers/fulltext/parsed/pmc_xml/PMC12934865.xml,papers/fulltext/parsed/normalized/41757169.json,cached_normalized,26,7858,
pmid-41654489,41654489,pi-backlog,pmc_xml,papers/fulltext/inventory/oa/pmid-41654489.pdf,papers/fulltext/parsed/pmc_xml/PMC12923905.xml,papers/fulltext/parsed/normalized/41654489.json,cached_normalized,24,8551,
pmid-41554267,41554267,pi-backlog,pdf_grobid,papers/fulltext/inventory/manual/pmid-41554267.pdf,,papers/fulltext/parsed/normalized/41554267.json,cached_normalized,15,8133,Using canonical paper title over GROBID TEI title.; Using canonical paper abstract over GROBID TEI abstract.
pmid-41548573,41548573,pi-backlog,pmc_xml,papers/fulltext/inventory/oa/pmid-41548573.pdf,papers/fulltext/parsed/pmc_xml/PMC12812440.xml,papers/fulltext/parsed/normalized/41548573.json,cached_normalized,19,3286,
pmid-41459948,41459948,pi-backlog,pmc_xml,papers/fulltext/inventory/oa/pmid-41459948.pdf,papers/fulltext/parsed/pmc_xml/PMC12911902.xml,papers/fulltext/parsed/normalized/41459948.json,cached_normalized,17,6825,
pmid-42149727,42149727,hpmi,pmc_xml,papers/fulltext/inventory/oa/pmid-42149727.pdf,papers/fulltext/parsed/pmc_xml/PMC13233066.xml,papers/fulltext/parsed/normalized/42149727.json,cached_normalized,17,7515,
pmid-42134328,42134328,hpmi,pmc_xml,papers/fulltext/inventory/oa/pmid-42134328.pdf,papers/fulltext/parsed/pmc_xml/PMC13286030.xml,papers/fulltext/parsed/normalized/42134328.json,cached_normalized,47,14226,
pmid-41688792,41688792,hpmi,pmc_xml,papers/fulltext/inventory/oa/pmid-41688792.pdf,papers/fulltext/parsed/pmc_xml/PMC13043812.xml,papers/fulltext/parsed/normalized/41688792.json,cached_normalized,26,11203,
pmid-41676649,41676649,hpmi,pmc_xml,papers/fulltext/inventory/oa/pmid-41676649.pdf,papers/fulltext/parsed/pmc_xml/PMC12889891.xml,papers/fulltext/parsed/normalized/41676649.json,cached_normalized,20,5166,
pmid-41555498,41555498,hpmi,pmc_xml,papers/fulltext/inventory/oa/pmid-41555498.pdf,papers/fulltext/parsed/pmc_xml/PMC12916169.xml,papers/fulltext/parsed/normalized/41555498.json,cached_normalized,0,0,PMC XML body missing.
pmid-42258748,42258748,current-program,pmc_xml,papers/fulltext/inventory/oa/pmid-42258748.pdf,papers/fulltext/parsed/pmc_xml/PMC13313542.xml,papers/fulltext/parsed/normalized/42258748.json,cached_normalized,33,8699,
pmid-42182519,42182519,current-program,pmc_xml,papers/fulltext/inventory/oa/pmid-42182519.pdf,papers/fulltext/parsed/pmc_xml/PMC13192929.xml,papers/fulltext/parsed/normalized/42182519.json,cached_normalized,36,13704,
pmid-42179346,42179346,current-program,pmc_xml,papers/fulltext/inventory/oa/pmid-42179346.pdf,papers/fulltext/parsed/pmc_xml/PMC13200002.xml,papers/fulltext/parsed/normalized/42179346.json,cached_normalized,12,4641,
pmid-41794027,41794027,current-program,pmc_xml,papers/fulltext/inventory/oa/pmid-41794027.pdf,papers/fulltext/parsed/pmc_xml/PMC13092335.xml,papers/fulltext/parsed/normalized/41794027.json,cached_normalized,42,9970,
pmid-41646792,41646792,current-program,pmc_xml,papers/fulltext/inventory/oa/pmid-41646792.pdf,papers/fulltext/parsed/pmc_xml/PMC12870487.xml,papers/fulltext/parsed/normalized/41646792.json,cached_normalized,29,7965,
pmid-41646655,41646655,current-program,pmc_xml,papers/fulltext/inventory/oa/pmid-41646655.pdf,papers/fulltext/parsed/pmc_xml/PMC12870713.xml,papers/fulltext/parsed/normalized/41646655.json,cached_normalized,0,0,GROBID request failed: HTTP Error 500: Server Error
pmid-41384839,41384839,current-program,pdf_grobid,papers/fulltext/inventory/manual/pmid-41384839.pdf,,papers/fulltext/parsed/normalized/41384839.json,cached_normalized,17,8245,Using canonical paper title over GROBID TEI title.; Using canonical paper abstract over GROBID TEI abstract.
pmid-41568362,41568362,pi-backlog,pmc_xml,papers/fulltext/inventory/oa/pmid-41568362.pdf,papers/fulltext/parsed/pmc_xml/PMC12815754.xml,papers/fulltext/parsed/normalized/41568362.json,cached_normalized,0,0,GROBID request failed: HTTP Error 500: Server Error
pmid-41436260,41436260,pi-backlog,pmc_xml,papers/fulltext/inventory/oa/pmid-41436260.pdf,papers/fulltext/parsed/pmc_xml/PMC12730762.xml,papers/fulltext/parsed/normalized/41436260.json,cached_normalized,0,0,GROBID request failed: HTTP Error 500: Server Error
pmid-41279668,41279668,pi-backlog,pmc_xml,papers/fulltext/inventory/oa/pmid-41279668.pdf,papers/fulltext/parsed/pmc_xml/PMC12632982.xml,papers/fulltext/parsed/normalized/41279668.json,cached_normalized,0,0,GROBID request failed: HTTP Error 500: Server Error
pmid-41142120,41142120,pi-backlog,pmc_xml,papers/fulltext/inventory/oa/pmid-41142120.pdf,papers/fulltext/parsed/pmc_xml/PMC12552919.xml,papers/fulltext/parsed/normalized/41142120.json,cached_normalized,0,0,GROBID request failed: HTTP Error 500: Server Error
pmid-41141506,41141506,pi-backlog,pmc_xml,papers/fulltext/inventory/oa/pmid-41141506.pdf,papers/fulltext/parsed/pmc_xml/PMC12545944.xml,papers/fulltext/parsed/normalized/41141506.json,cached_normalized,0,0,GROBID request failed: HTTP Error 500: Server Error
pmid-40909530,40909530,pi-backlog,pmc_xml,papers/fulltext/inventory/oa/pmid-40909530.pdf,papers/fulltext/parsed/pmc_xml/PMC12407668.xml,papers/fulltext/parsed/normalized/40909530.json,cached_normalized,0,0,GROBID request failed: HTTP Error 500: Server Error
pmid-40802739,40802739,pi-backlog,pmc_xml,papers/fulltext/inventory/oa/pmid-40802739.pdf,papers/fulltext/parsed/pmc_xml/PMC13458225.xml,papers/fulltext/parsed/normalized/40802739.json,cached_normalized,0,0,GROBID request failed: HTTP Error 500: Server Error
pmid-40766693,40766693,pi-backlog,pmc_xml,papers/fulltext/inventory/oa/pmid-40766693.pdf,papers/fulltext/parsed/pmc_xml/PMC12324264.xml,papers/fulltext/parsed/normalized/40766693.json,cached_normalized,0,0,GROBID request failed: HTTP Error 500: Server Error
pmid-40758871,40758871,pi-backlog,pmc_xml,papers/fulltext/inventory/oa/pmid-40758871.pdf,papers/fulltext/parsed/pmc_xml/PMC12358865.xml,papers/fulltext/parsed/normalized/40758871.json,cached_normalized,0,0,GROBID request failed: HTTP Error 500: Server Error
pmid-40719420,40719420,pi-backlog,pmc_xml,papers/fulltext/inventory/oa/pmid-40719420.pdf,papers/fulltext/parsed/pmc_xml/PMC12302279.xml,papers/fulltext/parsed/normalized/40719420.json,cached_normalized,0,0,GROBID request failed: HTTP Error 500: Server Error
pmid-40687705,40687705,pi-backlog,pmc_xml,papers/fulltext/inventory/oa/pmid-40687705.pdf,papers/fulltext/parsed/pmc_xml/PMC12271175.xml,papers/fulltext/parsed/normalized/40687705.json,cached_normalized,0,0,GROBID request failed: HTTP Error 500: Server Error
pmid-40654703,40654703,pi-backlog,pmc_xml,papers/fulltext/inventory/oa/pmid-40654703.pdf,papers/fulltext/parsed/pmc_xml/PMC12247757.xml,papers/fulltext/parsed/normalized/40654703.json,cached_normalized,0,0,GROBID request failed: HTTP Error 500: Server Error
pmid-40627391,40627391,pi-backlog,pmc_xml,papers/fulltext/inventory/oa/pmid-40627391.pdf,papers/fulltext/parsed/pmc_xml/PMC12280918.xml,papers/fulltext/parsed/normalized/40627391.json,cached_normalized,0,0,GROBID request failed: HTTP Error 500: Server Error
pmid-40585204,40585204,pi-backlog,pmc_xml,papers/fulltext/inventory/oa/pmid-40585204.pdf,papers/fulltext/parsed/pmc_xml/PMC12204364.xml,papers/fulltext/parsed/normalized/40585204.json,cached_normalized,0,0,GROBID request failed: HTTP Error 500: Server Error
pmid-40504864,40504864,pi-backlog,pmc_xml,papers/fulltext/inventory/oa/pmid-40504864.pdf,papers/fulltext/parsed/pmc_xml/PMC12204624.xml,papers/fulltext/parsed/normalized/40504864.json,cached_normalized,0,0,GROBID request failed: HTTP Error 500: Server Error
pmid-40494346,40494346,pi-backlog,pmc_xml,papers/fulltext/inventory/oa/pmid-40494346.pdf,papers/fulltext/parsed/pmc_xml/PMC12232213.xml,papers/fulltext/parsed/normalized/40494346.json,cached_normalized,0,0,GROBID request failed: HTTP Error 500: Server Error
pmid-40475131,40475131,pi-backlog,pmc_xml,papers/fulltext/inventory/oa/pmid-40475131.pdf,papers/fulltext/parsed/pmc_xml/PMC12140520.xml,papers/fulltext/parsed/normalized/40475131.json,cached_normalized,0,0,GROBID request failed: HTTP Error 500: Server Error
pmid-40378209,40378209,pi-backlog,pmc_xml,papers/fulltext/inventory/oa/pmid-40378209.pdf,papers/fulltext/parsed/pmc_xml/PMC12083520.xml,papers/fulltext/parsed/normalized/40378209.json,cached_normalized,0,0,GROBID request failed: HTTP Error 500: Server Error
pmid-40267184,40267184,pi-backlog,pmc_xml,papers/fulltext/inventory/oa/pmid-40267184.pdf,papers/fulltext/parsed/pmc_xml/PMC12017303.xml,papers/fulltext/parsed/normalized/40267184.json,cached_normalized,0,0,GROBID request failed: HTTP Error 500: Server Error
pmid-40037847,40037847,pi-backlog,pdf_grobid,papers/fulltext/inventory/manual/pmid-40037847.pdf,,papers/fulltext/parsed/normalized/40037847.json,cached_normalized,8,1593,Using canonical paper title over GROBID TEI title.; Using canonical paper abstract over GROBID TEI abstract.
pmid-40035960,40035960,pi-backlog,pdf_grobid,papers/fulltext/inventory/manual/pmid-40035960.pdf,,papers/fulltext/parsed/normalized/40035960.json,cached_normalized,22,3900,Using canonical paper title over GROBID TEI title.; Using canonical paper abstract over GROBID TEI abstract.
pmid-40013775,40013775,pi-backlog,pmc_xml,papers/fulltext/inventory/oa/pmid-40013775.pdf,papers/fulltext/parsed/pmc_xml/PMC11998519.xml,papers/fulltext/parsed/normalized/40013775.json,cached_normalized,0,0,GROBID request failed: HTTP Error 500: Server Error
pmid-39978373,39978373,pi-backlog,pdf_grobid,papers/fulltext/inventory/manual/pmid-39978373.pdf,,papers/fulltext/parsed/normalized/39978373.json,cached_normalized,3,1788,Using canonical paper title over GROBID TEI title.
pmid-39975920,39975920,pi-backlog,pmc_xml,papers/fulltext/inventory/oa/pmid-39975920.pdf,papers/fulltext/parsed/pmc_xml/PMC11838721.xml,papers/fulltext/parsed/normalized/39975920.json,cached_normalized,0,0,GROBID request failed: HTTP Error 500: Server Error
pmid-39652575,39652575,pi-backlog,pmc_xml,papers/fulltext/inventory/oa/pmid-39652575.pdf,papers/fulltext/parsed/pmc_xml/PMC11949624.xml,papers/fulltext/parsed/normalized/39652575.json,cached_normalized,0,0,GROBID request failed: HTTP Error 500: Server Error
pmid-41392175,41392175,hpmi,pmc_xml,papers/fulltext/inventory/oa/pmid-41392175.pdf,papers/fulltext/parsed/pmc_xml/PMC12819382.xml,papers/fulltext/parsed/normalized/41392175.json,cached_normalized,0,0,GROBID request failed: HTTP Error 500: Server Error
pmid-41256720,41256720,hpmi,pmc_xml,papers/fulltext/inventory/oa/pmid-41256720.pdf,papers/fulltext/parsed/pmc_xml/PMC12621954.xml,papers/fulltext/parsed/normalized/41256720.json,cached_normalized,0,0,GROBID request failed: HTTP Error 500: Server Error
pmid-41249169,41249169,hpmi,pmc_xml,papers/fulltext/inventory/oa/pmid-41249169.pdf,papers/fulltext/parsed/pmc_xml/PMC12623481.xml,papers/fulltext/parsed/normalized/41249169.json,cached_normalized,0,0,GROBID request failed: HTTP Error 500: Server Error
pmid-41208107,41208107,hpmi,pmc_xml,papers/fulltext/inventory/oa/pmid-41208107.pdf,papers/fulltext/parsed/pmc_xml/PMC12597883.xml,papers/fulltext/parsed/normalized/41208107.json,cached_normalized,0,0,GROBID request failed: HTTP Error 500: Server Error
pmid-41171885,41171885,hpmi,pmc_xml,papers/fulltext/inventory/oa/pmid-41171885.pdf,papers/fulltext/parsed/pmc_xml/PMC12588459.xml,papers/fulltext/parsed/normalized/41171885.json,cached_normalized,0,0,GROBID request failed: HTTP Error 500: Server Error
pmid-41165411,41165411,hpmi,pmc_xml,papers/fulltext/inventory/oa/pmid-41165411.pdf,papers/fulltext/parsed/pmc_xml/PMC12632256.xml,papers/fulltext/parsed/normalized/41165411.json,cached_normalized,0,0,GROBID request failed: HTTP Error 500: Server Error
pmid-41034576,41034576,hpmi,pmc_xml,papers/fulltext/inventory/oa/pmid-41034576.pdf,papers/fulltext/parsed/pmc_xml/PMC12657230.xml,papers/fulltext/parsed/normalized/41034576.json,cached_normalized,0,0,GROBID request failed: HTTP Error 500: Server Error
pmid-40777401,40777401,hpmi,pmc_xml,papers/fulltext/inventory/oa/pmid-40777401.pdf,papers/fulltext/parsed/pmc_xml/PMC12330731.xml,papers/fulltext/parsed/normalized/40777401.json,cached_normalized,0,0,GROBID request failed: HTTP Error 500: Server Error
pmid-40777357,40777357,hpmi,pmc_xml,papers/fulltext/inventory/oa/pmid-40777357.pdf,papers/fulltext/parsed/pmc_xml/PMC12330749.xml,papers/fulltext/parsed/normalized/40777357.json,cached_normalized,0,0,GROBID request failed: HTTP Error 500: Server Error
pmid-40766380,40766380,hpmi,pmc_xml,papers/fulltext/inventory/oa/pmid-40766380.pdf,papers/fulltext/parsed/pmc_xml/PMC12324328.xml,papers/fulltext/parsed/normalized/40766380.json,cached_normalized,0,0,GROBID request failed: HTTP Error 500: Server Error
pmid-40672248,40672248,hpmi,pmc_xml,papers/fulltext/inventory/oa/pmid-40672248.pdf,papers/fulltext/parsed/pmc_xml/PMC12265665.xml,papers/fulltext/parsed/normalized/40672248.json,cached_normalized,0,0,GROBID request failed: HTTP Error 500: Server Error
pmid-40671523,40671523,hpmi,pmc_xml,papers/fulltext/inventory/oa/pmid-40671523.pdf,papers/fulltext/parsed/pmc_xml/PMC12266133.xml,papers/fulltext/parsed/normalized/40671523.json,cached_normalized,0,0,GROBID request failed: HTTP Error 500: Server Error
pmid-40579228,40579228,hpmi,pmc_xml,papers/fulltext/inventory/oa/pmid-40579228.pdf,papers/fulltext/parsed/pmc_xml/PMC12270260.xml,papers/fulltext/parsed/normalized/40579228.json,cached_normalized,0,0,GROBID request failed: HTTP Error 500: Server Error
pmid-40502047,40502047,hpmi,pmc_xml,papers/fulltext/inventory/oa/pmid-40502047.pdf,papers/fulltext/parsed/pmc_xml/PMC12154822.xml,papers/fulltext/parsed/normalized/40502047.json,cached_normalized,0,0,GROBID request failed: HTTP Error 500: Server Error
pmid-40402573,40402573,hpmi,pmc_xml,papers/fulltext/inventory/oa/pmid-40402573.pdf,papers/fulltext/parsed/pmc_xml/PMC12259255.xml,papers/fulltext/parsed/normalized/40402573.json,cached_normalized,0,0,GROBID request failed: HTTP Error 500: Server Error
pmid-40163530,40163530,hpmi,pmc_xml,papers/fulltext/inventory/oa/pmid-40163530.pdf,papers/fulltext/parsed/pmc_xml/PMC11981139.xml,papers/fulltext/parsed/normalized/40163530.json,cached_normalized,0,0,GROBID request failed: HTTP Error 500: Server Error
pmid-40093075,40093075,hpmi,pmc_xml,papers/fulltext/inventory/oa/pmid-40093075.pdf,papers/fulltext/parsed/pmc_xml/PMC11908159.xml,papers/fulltext/parsed/normalized/40093075.json,cached_normalized,0,0,GROBID request failed: HTTP Error 500: Server Error
pmid-40025722,40025722,hpmi,pmc_xml,papers/fulltext/inventory/oa/pmid-40025722.pdf,papers/fulltext/parsed/pmc_xml/PMC11976844.xml,papers/fulltext/parsed/normalized/40025722.json,cached_normalized,0,0,GROBID request failed: HTTP Error 500: Server Error
pmid-39990302,39990302,hpmi,pmc_xml,papers/fulltext/inventory/oa/pmid-39990302.pdf,papers/fulltext/parsed/pmc_xml/PMC11844463.xml,papers/fulltext/parsed/normalized/39990302.json,cached_normalized,0,0,GROBID request failed: HTTP Error 500: Server Error
pmid-39969084,39969084,hpmi,pmc_xml,papers/fulltext/inventory/oa/pmid-39969084.pdf,papers/fulltext/parsed/pmc_xml/PMC11837046.xml,papers/fulltext/parsed/normalized/39969084.json,cached_normalized,0,0,GROBID request failed: HTTP Error 500: Server Error
pmid-39966655,39966655,hpmi,pmc_xml,papers/fulltext/inventory/oa/pmid-39966655.pdf,papers/fulltext/parsed/pmc_xml/PMC12700784.xml,papers/fulltext/parsed/normalized/39966655.json,cached_normalized,0,0,GROBID request failed: HTTP Error 500: Server Error
pmid-39698811,39698811,hpmi,pmc_xml,papers/fulltext/inventory/oa/pmid-39698811.pdf,papers/fulltext/parsed/pmc_xml/PMC11754666.xml,papers/fulltext/parsed/normalized/39698811.json,cached_normalized,0,0,GROBID request failed: HTTP Error 500: Server Error
pmid-39415058,39415058,hpmi,pmc_xml,papers/fulltext/inventory/oa/pmid-39415058.pdf,papers/fulltext/parsed/pmc_xml/PMC12000389.xml,papers/fulltext/parsed/normalized/39415058.json,cached_normalized,0,0,GROBID request failed: HTTP Error 500: Server Error
pmid-38979269,38979269,hpmi,pmc_xml,papers/fulltext/inventory/oa/pmid-38979269.pdf,papers/fulltext/parsed/pmc_xml/PMC11230251.xml,papers/fulltext/parsed/normalized/38979269.json,cached_normalized,0,0,GROBID request failed: HTTP Error 500: Server Error
pmid-41415465,41415465,current-program,pmc_xml,papers/fulltext/inventory/oa/pmid-41415465.pdf,papers/fulltext/parsed/pmc_xml/PMC12710644.xml,papers/fulltext/parsed/normalized/41415465.json,cached_normalized,0,0,GROBID request failed: HTTP Error 500: Server Error
pmid-41332588,41332588,current-program,pmc_xml,papers/fulltext/inventory/oa/pmid-41332588.pdf,papers/fulltext/parsed/pmc_xml/PMC12667850.xml,papers/fulltext/parsed/normalized/41332588.json,cached_normalized,0,0,GROBID request failed: HTTP Error 500: Server Error
pmid-41157585,41157585,current-program,pmc_xml,papers/fulltext/inventory/oa/pmid-41157585.pdf,papers/fulltext/parsed/pmc_xml/PMC12567731.xml,papers/fulltext/parsed/normalized/41157585.json,cached_normalized,0,0,GROBID request failed: HTTP Error 500: Server Error
pmid-41091914,41091914,current-program,pdf_grobid,papers/fulltext/inventory/manual/pmid-41091914.pdf,,papers/fulltext/parsed/normalized/41091914.json,cached_normalized,21,9281,Using canonical paper title over GROBID TEI title.; Using canonical paper abstract over GROBID TEI abstract.
pmid-40963760,40963760,current-program,pmc_xml,papers/fulltext/inventory/oa/pmid-40963760.pdf,papers/fulltext/parsed/pmc_xml/PMC12440041.xml,papers/fulltext/parsed/normalized/40963760.json,cached_normalized,0,0,GROBID request failed: HTTP Error 500: Server Error
pmid-40956625,40956625,current-program,pmc_xml,papers/fulltext/inventory/oa/pmid-40956625.pdf,papers/fulltext/parsed/pmc_xml/PMC12618063.xml,papers/fulltext/parsed/normalized/40956625.json,cached_normalized,0,0,GROBID request failed: HTTP Error 500: Server Error
pmid-40786117,40786117,current-program,pmc_xml,papers/fulltext/inventory/oa/pmid-40786117.pdf,papers/fulltext/parsed/pmc_xml/PMC12330883.xml,papers/fulltext/parsed/normalized/40786117.json,cached_normalized,0,0,GROBID request failed: HTTP Error 500: Server Error
pmid-40632835,40632835,current-program,pdf_grobid,papers/fulltext/inventory/manual/pmid-40632835.pdf,,papers/fulltext/parsed/normalized/40632835.json,cached_normalized,18,7257,Using canonical paper title over GROBID TEI title.; Using canonical paper abstract over GROBID TEI abstract.
pmid-40569388,40569388,current-program,pmc_xml,papers/fulltext/inventory/oa/pmid-40569388.pdf,papers/fulltext/parsed/pmc_xml/PMC12232613.xml,papers/fulltext/parsed/normalized/40569388.json,cached_normalized,0,0,GROBID request failed: HTTP Error 500: Server Error
pmid-40447716,40447716,current-program,pmc_xml,papers/fulltext/inventory/oa/pmid-40447716.pdf,papers/fulltext/parsed/pmc_xml/PMC12125294.xml,papers/fulltext/parsed/normalized/40447716.json,cached_normalized,0,0,GROBID request failed: HTTP Error 500: Server Error
pmid-40339581,40339581,current-program,pmc_xml,papers/fulltext/inventory/oa/pmid-40339581.pdf,papers/fulltext/parsed/pmc_xml/PMC12230244.xml,papers/fulltext/parsed/normalized/40339581.json,cached_normalized,0,0,GROBID request failed: HTTP Error 500: Server Error
pmid-40196585,40196585,current-program,pmc_xml,papers/fulltext/inventory/oa/pmid-40196585.pdf,papers/fulltext/parsed/pmc_xml/PMC11974903.xml,papers/fulltext/parsed/normalized/40196585.json,cached_normalized,0,0,GROBID request failed: HTTP Error 500: Server Error
pmid-40133528,40133528,current-program,pmc_xml,papers/fulltext/inventory/oa/pmid-40133528.pdf,papers/fulltext/parsed/pmc_xml/PMC12092259.xml,papers/fulltext/parsed/normalized/40133528.json,cached_normalized,0,0,GROBID request failed: HTTP Error 500: Server Error
pmid-40100289,40100289,current-program,pmc_xml,papers/fulltext/inventory/oa/pmid-40100289.pdf,papers/fulltext/parsed/pmc_xml/PMC12043082.xml,papers/fulltext/parsed/normalized/40100289.json,cached_normalized,0,0,GROBID request failed: HTTP Error 500: Server Error
pmid-40060513,40060513,current-program,pmc_xml,papers/fulltext/inventory/oa/pmid-40060513.pdf,papers/fulltext/parsed/pmc_xml/PMC11888461.xml,papers/fulltext/parsed/normalized/40060513.json,cached_normalized,0,0,GROBID request failed: HTTP Error 500: Server Error
pmid-40060453,40060453,current-program,pmc_xml,papers/fulltext/inventory/oa/pmid-40060453.pdf,papers/fulltext/parsed/pmc_xml/PMC11888428.xml,papers/fulltext/parsed/normalized/40060453.json,cached_normalized,0,0,GROBID request failed: HTTP Error 500: Server Error
pmid-39945534,39945534,current-program,pmc_xml,papers/fulltext/inventory/oa/pmid-39945534.pdf,papers/fulltext/parsed/pmc_xml/PMC11915822.xml,papers/fulltext/parsed/normalized/39945534.json,cached_normalized,0,0,GROBID request failed: HTTP Error 500: Server Error
pmid-39868236,39868236,current-program,pmc_xml,papers/fulltext/inventory/oa/pmid-39868236.pdf,papers/fulltext/parsed/pmc_xml/PMC11760773.xml,papers/fulltext/parsed/normalized/39868236.json,cached_normalized,0,0,GROBID request failed: HTTP Error 500: Server Error
pmid-39836474,39836474,current-program,pmc_xml,papers/fulltext/inventory/oa/pmid-39836474.pdf,papers/fulltext/parsed/pmc_xml/PMC11949014.xml,papers/fulltext/parsed/normalized/39836474.json,cached_normalized,0,0,GROBID request failed: HTTP Error 500: Server Error
pmid-39621658,39621658,pi-backlog,pmc_xml,papers/fulltext/inventory/oa/pmid-39621658.pdf,papers/fulltext/parsed/pmc_xml/PMC11611115.xml,papers/fulltext/parsed/normalized/39621658.json,cached_normalized,0,0,GROBID request failed: HTTP Error 500: Server Error
pmid-39616949,39616949,pi-backlog,pmc_xml,papers/fulltext/inventory/oa/pmid-39616949.pdf,papers/fulltext/parsed/pmc_xml/PMC11648214.xml,papers/fulltext/parsed/normalized/39616949.json,cached_normalized,0,0,GROBID request failed: HTTP Error 500: Server Error
pmid-39580801,39580801,pi-backlog,pdf_grobid,papers/fulltext/inventory/manual/pmid-39580801.pdf,,papers/fulltext/parsed/normalized/39580801.json,cached_normalized,21,6992,Using canonical paper title over GROBID TEI title.; Using canonical paper abstract over GROBID TEI abstract.
pmid-39567630,39567630,pi-backlog,pmc_xml,papers/fulltext/inventory/oa/pmid-39567630.pdf,papers/fulltext/parsed/pmc_xml/PMC11579509.xml,papers/fulltext/parsed/normalized/39567630.json,cached_normalized,0,0,GROBID request failed: HTTP Error 500: Server Error
pmid-39468980,39468980,pi-backlog,,,,,missing_local_pdf,0,0,local PDF missing
pmid-39466906,39466906,pi-backlog,pmc_xml,papers/fulltext/inventory/oa/pmid-39466906.pdf,papers/fulltext/parsed/pmc_xml/PMC11600476.xml,papers/fulltext/parsed/normalized/39466906.json,cached_normalized,0,0,GROBID request failed: HTTP Error 500: Server Error
pmid-39464067,39464067,pi-backlog,pmc_xml,papers/fulltext/inventory/oa/pmid-39464067.pdf,papers/fulltext/parsed/pmc_xml/PMC11507692.xml,papers/fulltext/parsed/normalized/39464067.json,cached_normalized,0,0,GROBID request failed: HTTP Error 500: Server Error
pmid-39391249,39391249,pi-backlog,pmc_xml,papers/fulltext/inventory/oa/pmid-39391249.pdf,papers/fulltext/parsed/pmc_xml/PMC11464256.xml,papers/fulltext/parsed/normalized/39391249.json,cached_normalized,0,0,GROBID request failed: HTTP Error 500: Server Error
pmid-39384042,39384042,pi-backlog,pmc_xml,papers/fulltext/inventory/oa/pmid-39384042.pdf,papers/fulltext/parsed/pmc_xml/PMC11570952.xml,papers/fulltext/parsed/normalized/39384042.json,cached_normalized,0,0,GROBID request failed: HTTP Error 500: Server Error
pmid-39324493,39324493,pi-backlog,pdf_grobid,papers/fulltext/inventory/manual/pmid-39324493.pdf,,papers/fulltext/parsed/normalized/39324493.json,cached_normalized,5,2587,Using canonical paper title over GROBID TEI title.; Using canonical paper abstract over GROBID TEI abstract.
pmid-39185168,39185168,pi-backlog,pmc_xml,papers/fulltext/inventory/oa/pmid-39185168.pdf,papers/fulltext/parsed/pmc_xml/PMC11343135.xml,papers/fulltext/parsed/normalized/39185168.json,cached_normalized,0,0,GROBID request failed: HTTP Error 500: Server Error
pmid-39149904,39149904,pi-backlog,pmc_xml,papers/fulltext/inventory/oa/pmid-39149904.pdf,papers/fulltext/parsed/pmc_xml/PMC11514460.xml,papers/fulltext/parsed/normalized/39149904.json,cached_normalized,0,0,GROBID request failed: HTTP Error 500: Server Error
pmid-39120141,39120141,pi-backlog,pdf_grobid,papers/fulltext/inventory/manual/pmid-39120141.pdf,,papers/fulltext/parsed/normalized/39120141.json,cached_normalized,13,2003,Using canonical paper title over GROBID TEI title.; Using canonical paper abstract over GROBID TEI abstract.
pmid-39089348,39089348,pi-backlog,pmc_xml,papers/fulltext/inventory/oa/pmid-39089348.pdf,papers/fulltext/parsed/pmc_xml/PMC11340208.xml,papers/fulltext/parsed/normalized/39089348.json,cached_normalized,0,0,GROBID request failed: HTTP Error 500: Server Error
pmid-39026801,39026801,pi-backlog,pmc_xml,papers/fulltext/inventory/oa/pmid-39026801.pdf,papers/fulltext/parsed/pmc_xml/PMC11257544.xml,papers/fulltext/parsed/normalized/39026801.json,cached_normalized,0,0,GROBID request failed: HTTP Error 500: Server Error
pmid-38979204,38979204,pi-backlog,pmc_xml,papers/fulltext/inventory/oa/pmid-38979204.pdf,papers/fulltext/parsed/pmc_xml/PMC11230275.xml,papers/fulltext/parsed/normalized/38979204.json,cached_normalized,0,0,GROBID request failed: HTTP Error 500: Server Error
pmid-38768348,38768348,pi-backlog,pmc_xml,papers/fulltext/inventory/oa/pmid-38768348.pdf,papers/fulltext/parsed/pmc_xml/PMC11145185.xml,papers/fulltext/parsed/normalized/38768348.json,cached_normalized,0,0,GROBID request failed: HTTP Error 500: Server Error
pmid-38648902,38648902,pi-backlog,pmc_xml,papers/fulltext/inventory/oa/pmid-38648902.pdf,papers/fulltext/parsed/pmc_xml/PMC12191402.xml,papers/fulltext/parsed/normalized/38648902.json,cached_normalized,0,0,GROBID request failed: HTTP Error 500: Server Error
pmid-38571499,38571499,pi-backlog,pmc_xml,papers/fulltext/inventory/oa/pmid-38571499.pdf,papers/fulltext/parsed/pmc_xml/PMC10987735.xml,papers/fulltext/parsed/normalized/38571499.json,cached_normalized,0,0,GROBID request failed: HTTP Error 500: Server Error
pmid-38562892,38562892,pi-backlog,pmc_xml,papers/fulltext/inventory/oa/pmid-38562892.pdf,papers/fulltext/parsed/pmc_xml/PMC10984064.xml,papers/fulltext/parsed/normalized/38562892.json,cached_normalized,0,0,GROBID request failed: HTTP Error 500: Server Error
pmid-38537997,38537997,pi-backlog,pdf_grobid,papers/fulltext/inventory/manual/pmid-38537997.pdf,,papers/fulltext/parsed/normalized/38537997.json,cached_normalized,6,2620,Using canonical paper title over GROBID TEI title.; Using canonical paper abstract over GROBID TEI abstract.
pmid-38411080,38411080,pi-backlog,pmc_xml,papers/fulltext/inventory/oa/pmid-38411080.pdf,papers/fulltext/parsed/pmc_xml/PMC11005436.xml,papers/fulltext/parsed/normalized/38411080.json,cached_normalized,0,0,GROBID request failed: HTTP Error 500: Server Error
pmid-38387978,38387978,pi-backlog,pmc_xml,papers/fulltext/inventory/oa/pmid-38387978.pdf,papers/fulltext/parsed/pmc_xml/PMC10882309.xml,papers/fulltext/parsed/normalized/38387978.json,cached_normalized,0,0,GROBID request failed: HTTP Error 500: Server Error
pmid-38375062,38375062,pi-backlog,pmc_xml,papers/fulltext/inventory/oa/pmid-38375062.pdf,papers/fulltext/parsed/pmc_xml/PMC10876312.xml,papers/fulltext/parsed/normalized/38375062.json,cached_normalized,0,0,GROBID request failed: HTTP Error 500: Server Error
pmid-38328256,38328256,pi-backlog,pmc_xml,papers/fulltext/inventory/oa/pmid-38328256.pdf,papers/fulltext/parsed/pmc_xml/PMC10849502.xml,papers/fulltext/parsed/normalized/38328256.json,cached_normalized,0,0,GROBID request failed: HTTP Error 500: Server Error
pmid-38306481,38306481,pi-backlog,pmc_xml,papers/fulltext/inventory/oa/pmid-38306481.pdf,papers/fulltext/parsed/pmc_xml/PMC10861912.xml,papers/fulltext/parsed/normalized/38306481.json,cached_normalized,0,0,GROBID request failed: HTTP Error 500: Server Error
pmid-38151288,38151288,pi-backlog,pmc_xml,papers/fulltext/inventory/oa/pmid-38151288.pdf,papers/fulltext/parsed/pmc_xml/PMC10756350.xml,papers/fulltext/parsed/normalized/38151288.json,cached_normalized,0,0,GROBID request failed: HTTP Error 500: Server Error
pmid-37833243,37833243,pi-backlog,pmc_xml,papers/fulltext/inventory/oa/pmid-37833243.pdf,papers/fulltext/parsed/pmc_xml/PMC11299051.xml,papers/fulltext/parsed/normalized/37833243.json,cached_normalized,0,0,GROBID request failed: HTTP Error 500: Server Error
pmid-39763950,39763950,hpmi,pmc_xml,papers/fulltext/inventory/oa/pmid-39763950.pdf,papers/fulltext/parsed/pmc_xml/PMC11702572.xml,papers/fulltext/parsed/normalized/39763950.json,cached_normalized,0,0,GROBID request failed: HTTP Error 500: Server Error
pmid-39571001,39571001,hpmi,pmc_xml,papers/fulltext/inventory/oa/pmid-39571001.pdf,papers/fulltext/parsed/pmc_xml/PMC11620656.xml,papers/fulltext/parsed/normalized/39571001.json,cached_normalized,0,0,GROBID request failed: HTTP Error 500: Server Error
pmid-39488835,39488835,hpmi,pmc_xml,papers/fulltext/inventory/oa/pmid-39488835.pdf,papers/fulltext/parsed/pmc_xml/PMC11567037.xml,papers/fulltext/parsed/normalized/39488835.json,cached_normalized,0,0,GROBID request failed: HTTP Error 500: Server Error
pmid-39395413,39395413,hpmi,pmc_xml,papers/fulltext/inventory/oa/pmid-39395413.pdf,papers/fulltext/parsed/pmc_xml/PMC12278908.xml,papers/fulltext/parsed/normalized/39395413.json,cached_normalized,0,0,GROBID request failed: HTTP Error 500: Server Error
pmid-39198650,39198650,hpmi,pmc_xml,papers/fulltext/inventory/oa/pmid-39198650.pdf,papers/fulltext/parsed/pmc_xml/PMC11390478.xml,papers/fulltext/parsed/normalized/39198650.json,cached_normalized,0,0,GROBID request failed: HTTP Error 500: Server Error
pmid-39197447,39197447,hpmi,pmc_xml,papers/fulltext/inventory/oa/pmid-39197447.pdf,papers/fulltext/parsed/pmc_xml/PMC11455605.xml,papers/fulltext/parsed/normalized/39197447.json,cached_normalized,0,0,GROBID request failed: HTTP Error 500: Server Error
pmid-39187718,39187718,hpmi,pmc_xml,papers/fulltext/inventory/oa/pmid-39187718.pdf,papers/fulltext/parsed/pmc_xml/PMC11410667.xml,papers/fulltext/parsed/normalized/39187718.json,cached_normalized,0,0,GROBID request failed: HTTP Error 500: Server Error
pmid-39131396,39131396,hpmi,pmc_xml,papers/fulltext/inventory/oa/pmid-39131396.pdf,papers/fulltext/parsed/pmc_xml/PMC11312533.xml,papers/fulltext/parsed/normalized/39131396.json,cached_normalized,0,0,GROBID request failed: HTTP Error 500: Server Error
pmid-39024454,39024454,hpmi,pmc_xml,papers/fulltext/inventory/oa/pmid-39024454.pdf,papers/fulltext/parsed/pmc_xml/PMC12517702.xml,papers/fulltext/parsed/normalized/39024454.json,cached_normalized,0,0,GROBID request failed: HTTP Error 500: Server Error
pmid-38961189,38961189,hpmi,pmc_xml,papers/fulltext/inventory/oa/pmid-38961189.pdf,papers/fulltext/parsed/pmc_xml/PMC11222426.xml,papers/fulltext/parsed/normalized/38961189.json,cached_normalized,0,0,GROBID request failed: HTTP Error 500: Server Error
pmid-38836816,38836816,hpmi,pmc_xml,papers/fulltext/inventory/oa/pmid-38836816.pdf,papers/fulltext/parsed/pmc_xml/PMC11610518.xml,papers/fulltext/parsed/normalized/38836816.json,cached_normalized,0,0,GROBID request failed: HTTP Error 500: Server Error
pmid-38800652,38800652,hpmi,pmc_xml,papers/fulltext/inventory/oa/pmid-38800652.pdf,papers/fulltext/parsed/pmc_xml/PMC11118664.xml,papers/fulltext/parsed/normalized/38800652.json,cached_normalized,0,0,GROBID request failed: HTTP Error 500: Server Error
pmid-38781968,38781968,hpmi,pmc_xml,papers/fulltext/inventory/oa/pmid-38781968.pdf,papers/fulltext/parsed/pmc_xml/PMC11658890.xml,papers/fulltext/parsed/normalized/38781968.json,cached_normalized,0,0,GROBID request failed: HTTP Error 500: Server Error
pmid-38587193,38587193,hpmi,pmc_xml,papers/fulltext/inventory/oa/pmid-38587193.pdf,papers/fulltext/parsed/pmc_xml/PMC11194069.xml,papers/fulltext/parsed/normalized/38587193.json,cached_normalized,0,0,GROBID request failed: HTTP Error 500: Server Error
pmid-38464307,38464307,hpmi,pmc_xml,papers/fulltext/inventory/oa/pmid-38464307.pdf,papers/fulltext/parsed/pmc_xml/PMC10925250.xml,papers/fulltext/parsed/normalized/38464307.json,cached_normalized,0,0,GROBID request failed: HTTP Error 500: Server Error
pmid-38308100,38308100,hpmi,pmc_xml,papers/fulltext/inventory/oa/pmid-38308100.pdf,papers/fulltext/parsed/pmc_xml/PMC11222042.xml,papers/fulltext/parsed/normalized/38308100.json,cached_normalized,0,0,GROBID request failed: HTTP Error 500: Server Error
pmid-38117589,38117589,hpmi,pmc_xml,papers/fulltext/inventory/oa/pmid-38117589.pdf,papers/fulltext/parsed/pmc_xml/PMC10916871.xml,papers/fulltext/parsed/normalized/38117589.json,cached_normalized,0,0,GROBID request failed: HTTP Error 500: Server Error
pmid-39645657,39645657,current-program,pmc_xml,papers/fulltext/inventory/oa/pmid-39645657.pdf,papers/fulltext/parsed/pmc_xml/PMC11804169.xml,papers/fulltext/parsed/normalized/39645657.json,cached_normalized,0,0,GROBID request failed: HTTP Error 500: Server Error
pmid-39625970,39625970,current-program,pmc_xml,papers/fulltext/inventory/oa/pmid-39625970.pdf,papers/fulltext/parsed/pmc_xml/PMC11614233.xml,papers/fulltext/parsed/normalized/39625970.json,cached_normalized,0,0,GROBID request failed: HTTP Error 500: Server Error
pmid-39576825,39576825,current-program,pmc_xml,papers/fulltext/inventory/oa/pmid-39576825.pdf,papers/fulltext/parsed/pmc_xml/PMC11623560.xml,papers/fulltext/parsed/normalized/39576825.json,cached_normalized,0,0,GROBID request failed: HTTP Error 500: Server Error
pmid-39488529,39488529,current-program,pmc_xml,papers/fulltext/inventory/oa/pmid-39488529.pdf,papers/fulltext/parsed/pmc_xml/PMC11531594.xml,papers/fulltext/parsed/normalized/39488529.json,cached_normalized,0,0,GROBID request failed: HTTP Error 500: Server Error
pmid-39303692,39303692,current-program,pmc_xml,papers/fulltext/inventory/oa/pmid-39303692.pdf,papers/fulltext/parsed/pmc_xml/PMC11427129.xml,papers/fulltext/parsed/normalized/39303692.json,cached_normalized,0,0,GROBID request failed: HTTP Error 500: Server Error
pmid-39255040,39255040,current-program,pmc_xml,papers/fulltext/inventory/oa/pmid-39255040.pdf,papers/fulltext/parsed/pmc_xml/PMC11527449.xml,papers/fulltext/parsed/normalized/39255040.json,cached_normalized,0,0,GROBID request failed: HTTP Error 500: Server Error
pmid-39179693,39179693,current-program,pmc_xml,papers/fulltext/inventory/oa/pmid-39179693.pdf,papers/fulltext/parsed/pmc_xml/PMC12863430.xml,papers/fulltext/parsed/normalized/39179693.json,cached_normalized,0,0,GROBID request failed: HTTP Error 500: Server Error
pmid-39138384,39138384,current-program,pmc_xml,papers/fulltext/inventory/oa/pmid-39138384.pdf,papers/fulltext/parsed/pmc_xml/PMC11490290.xml,papers/fulltext/parsed/normalized/39138384.json,cached_normalized,0,0,GROBID request failed: HTTP Error 500: Server Error
pmid-39006420,39006420,current-program,pmc_xml,papers/fulltext/inventory/oa/pmid-39006420.pdf,papers/fulltext/parsed/pmc_xml/PMC11245079.xml,papers/fulltext/parsed/normalized/39006420.json,cached_normalized,0,0,GROBID request failed: HTTP Error 500: Server Error
pmid-38947010,38947010,current-program,pmc_xml,papers/fulltext/inventory/oa/pmid-38947010.pdf,papers/fulltext/parsed/pmc_xml/PMC11213116.xml,papers/fulltext/parsed/normalized/38947010.json,cached_normalized,0,0,GROBID request failed: HTTP Error 500: Server Error
pmid-38940448,38940448,current-program,pmc_xml,papers/fulltext/inventory/oa/pmid-38940448.pdf,papers/fulltext/parsed/pmc_xml/PMC11742125.xml,papers/fulltext/parsed/normalized/38940448.json,cached_normalized,0,0,GROBID request failed: HTTP Error 500: Server Error
pmid-38853959,38853959,current-program,pmc_xml,papers/fulltext/inventory/oa/pmid-38853959.pdf,papers/fulltext/parsed/pmc_xml/PMC11160713.xml,papers/fulltext/parsed/normalized/38853959.json,cached_normalized,0,0,GROBID request failed: HTTP Error 500: Server Error
pmid-38643200,38643200,current-program,pmc_xml,papers/fulltext/inventory/oa/pmid-38643200.pdf,papers/fulltext/parsed/pmc_xml/PMC11032338.xml,papers/fulltext/parsed/normalized/38643200.json,cached_normalized,0,0,GROBID request failed: HTTP Error 500: Server Error
pmid-38551979,38551979,current-program,pmc_xml,papers/fulltext/inventory/oa/pmid-38551979.pdf,papers/fulltext/parsed/pmc_xml/PMC11006205.xml,papers/fulltext/parsed/normalized/38551979.json,cached_normalized,0,0,GROBID request failed: HTTP Error 500: Server Error
pmid-38463998,38463998,current-program,pmc_xml,papers/fulltext/inventory/oa/pmid-38463998.pdf,papers/fulltext/parsed/pmc_xml/PMC10925372.xml,papers/fulltext/parsed/normalized/38463998.json,cached_normalized,0,0,GROBID request failed: HTTP Error 500: Server Error
pmid-38453939,38453939,current-program,pmc_xml,papers/fulltext/inventory/oa/pmid-38453939.pdf,papers/fulltext/parsed/pmc_xml/PMC10920751.xml,papers/fulltext/parsed/normalized/38453939.json,cached_normalized,0,0,GROBID request failed: HTTP Error 500: Server Error
pmid-38446806,38446806,current-program,pmc_xml,papers/fulltext/inventory/oa/pmid-38446806.pdf,papers/fulltext/parsed/pmc_xml/PMC10917296.xml,papers/fulltext/parsed/normalized/38446806.json,cached_normalized,0,0,GROBID request failed: HTTP Error 500: Server Error
pmid-38301954,38301954,current-program,pmc_xml,papers/fulltext/inventory/oa/pmid-38301954.pdf,papers/fulltext/parsed/pmc_xml/PMC11160173.xml,papers/fulltext/parsed/normalized/38301954.json,cached_normalized,0,0,GROBID request failed: HTTP Error 500: Server Error
pmid-38243701,38243701,current-program,pmc_xml,papers/fulltext/inventory/oa/pmid-38243701.pdf,papers/fulltext/parsed/pmc_xml/PMC10868298.xml,papers/fulltext/parsed/normalized/38243701.json,cached_normalized,0,0,GROBID request failed: HTTP Error 500: Server Error
pmid-38232695,38232695,current-program,pmc_xml,papers/fulltext/inventory/oa/pmid-38232695.pdf,papers/fulltext/parsed/pmc_xml/PMC10829796.xml,papers/fulltext/parsed/normalized/38232695.json,cached_normalized,0,0,GROBID request failed: HTTP Error 500: Server Error
pmid-38112418,38112418,current-program,pmc_xml,papers/fulltext/inventory/oa/pmid-38112418.pdf,papers/fulltext/parsed/pmc_xml/PMC10790774.xml,papers/fulltext/parsed/normalized/38112418.json,cached_normalized,0,0,GROBID request failed: HTTP Error 500: Server Error
pmid-38078770,38078770,current-program,pmc_xml,papers/fulltext/inventory/oa/pmid-38078770.pdf,papers/fulltext/parsed/pmc_xml/PMC10886446.xml,papers/fulltext/parsed/normalized/38078770.json,cached_normalized,0,0,GROBID request failed: HTTP Error 500: Server Error
pmid-37804247,37804247,current-program,pmc_xml,papers/fulltext/inventory/oa/pmid-37804247.pdf,papers/fulltext/parsed/pmc_xml/PMC10799755.xml,papers/fulltext/parsed/normalized/37804247.json,cached_normalized,0,0,GROBID request failed: HTTP Error 500: Server Error
pmid-37983398,37983398,pi-backlog,,,,,missing_local_pdf,0,0,local PDF missing
pmid-37889065,37889065,pi-backlog,pmc_xml,papers/fulltext/inventory/oa/pmid-37889065.pdf,papers/fulltext/parsed/pmc_xml/PMC10614064.xml,papers/fulltext/parsed/normalized/37889065.json,cached_normalized,0,0,GROBID request failed: HTTP Error 500: Server Error
pmid-37886564,37886564,pi-backlog,pmc_xml,papers/fulltext/inventory/oa/pmid-37886564.pdf,papers/fulltext/parsed/pmc_xml/PMC10602190.xml,papers/fulltext/parsed/normalized/37886564.json,cached_normalized,0,0,GROBID request failed: HTTP Error 500: Server Error
pmid-37693943,37693943,pi-backlog,pmc_xml,papers/fulltext/inventory/oa/pmid-37693943.pdf,papers/fulltext/parsed/pmc_xml/PMC10485635.xml,papers/fulltext/parsed/normalized/37693943.json,cached_normalized,0,0,GROBID request failed: HTTP Error 500: Server Error
pmid-37400148,37400148,pi-backlog,pmc_xml,papers/fulltext/inventory/oa/pmid-37400148.pdf,papers/fulltext/parsed/pmc_xml/PMC10320557.xml,papers/fulltext/parsed/normalized/37400148.json,cached_normalized,0,0,GROBID request failed: HTTP Error 500: Server Error
pmid-37400142,37400142,pi-backlog,pmc_xml,papers/fulltext/inventory/oa/pmid-37400142.pdf,papers/fulltext/parsed/pmc_xml/PMC10320562.xml,papers/fulltext/parsed/normalized/37400142.json,cached_normalized,0,0,GROBID request failed: HTTP Error 500: Server Error
pmid-37289427,37289427,pi-backlog,pmc_xml,papers/fulltext/inventory/oa/pmid-37289427.pdf,papers/fulltext/parsed/pmc_xml/PMC10318943.xml,papers/fulltext/parsed/normalized/37289427.json,cached_normalized,0,0,GROBID request failed: HTTP Error 500: Server Error
pmid-37025664,37025664,pi-backlog,pmc_xml,papers/fulltext/inventory/oa/pmid-37025664.pdf,papers/fulltext/parsed/pmc_xml/PMC10072198.xml,papers/fulltext/parsed/normalized/37025664.json,cached_normalized,0,0,GROBID request failed: HTTP Error 500: Server Error
pmid-36897778,36897778,pi-backlog,pmc_xml,papers/fulltext/inventory/oa/pmid-36897778.pdf,papers/fulltext/parsed/pmc_xml/PMC10124996.xml,papers/fulltext/parsed/normalized/36897778.json,cached_normalized,0,0,GROBID request failed: HTTP Error 500: Server Error
pmid-36832096,36832096,pi-backlog,pmc_xml,papers/fulltext/inventory/oa/pmid-36832096.pdf,papers/fulltext/parsed/pmc_xml/PMC9954912.xml,papers/fulltext/parsed/normalized/36832096.json,cached_normalized,0,0,GROBID request failed: HTTP Error 500: Server Error
pmid-36827975,36827975,pi-backlog,pmc_xml,papers/fulltext/inventory/oa/pmid-36827975.pdf,papers/fulltext/parsed/pmc_xml/PMC9948283.xml,papers/fulltext/parsed/normalized/36827975.json,cached_normalized,0,0,GROBID request failed: HTTP Error 500: Server Error
pmid-36581344,36581344,pi-backlog,pmc_xml,papers/fulltext/inventory/oa/pmid-36581344.pdf,papers/fulltext/parsed/pmc_xml/PMC9806666.xml,papers/fulltext/parsed/normalized/36581344.json,cached_normalized,0,0,GROBID request failed: HTTP Error 500: Server Error
pmid-36241425,36241425,pi-backlog,pmc_xml,papers/fulltext/inventory/oa/pmid-36241425.pdf,papers/fulltext/parsed/pmc_xml/PMC9585911.xml,papers/fulltext/parsed/normalized/36241425.json,cached_normalized,0,0,GROBID request failed: HTTP Error 500: Server Error
pmid-35976053,35976053,pi-backlog,pmc_xml,papers/fulltext/inventory/oa/pmid-35976053.pdf,papers/fulltext/parsed/pmc_xml/PMC9936986.xml,papers/fulltext/parsed/normalized/35976053.json,cached_normalized,0,0,GROBID request failed: HTTP Error 500: Server Error
pmid-38045338,38045338,hpmi,pmc_xml,papers/fulltext/inventory/oa/pmid-38045338.pdf,papers/fulltext/parsed/pmc_xml/PMC10690241.xml,papers/fulltext/parsed/normalized/38045338.json,cached_normalized,0,0,GROBID request failed: HTTP Error 500: Server Error
pmid-37857833,37857833,hpmi,pmc_xml,papers/fulltext/inventory/oa/pmid-37857833.pdf,papers/fulltext/parsed/pmc_xml/PMC11005034.xml,papers/fulltext/parsed/normalized/37857833.json,cached_normalized,0,0,GROBID request failed: HTTP Error 500: Server Error
pmid-37758692,37758692,hpmi,pmc_xml,papers/fulltext/inventory/oa/pmid-37758692.pdf,papers/fulltext/parsed/pmc_xml/PMC10533562.xml,papers/fulltext/parsed/normalized/37758692.json,cached_normalized,0,0,GROBID request failed: HTTP Error 500: Server Error
pmid-37738983,37738983,hpmi,pmc_xml,papers/fulltext/inventory/oa/pmid-37738983.pdf,papers/fulltext/parsed/pmc_xml/PMC10750313.xml,papers/fulltext/parsed/normalized/37738983.json,cached_normalized,0,0,GROBID request failed: HTTP Error 500: Server Error
pmid-37738970,37738970,hpmi,pmc_xml,papers/fulltext/inventory/oa/pmid-37738970.pdf,papers/fulltext/parsed/pmc_xml/PMC10604369.xml,papers/fulltext/parsed/normalized/37738970.json,cached_normalized,0,0,GROBID request failed: HTTP Error 500: Server Error
pmid-37651466,37651466,hpmi,pmc_xml,papers/fulltext/inventory/oa/pmid-37651466.pdf,papers/fulltext/parsed/pmc_xml/PMC10499221.xml,papers/fulltext/parsed/normalized/37651466.json,cached_normalized,27,8752,
pmid-37577546,37577546,hpmi,pmc_xml,papers/fulltext/inventory/oa/pmid-37577546.pdf,papers/fulltext/parsed/pmc_xml/PMC10418220.xml,papers/fulltext/parsed/normalized/37577546.json,cached_normalized,19,11633,
pmid-37352334,37352334,hpmi,pmc_xml,papers/fulltext/inventory/oa/pmid-37352334.pdf,papers/fulltext/parsed/pmc_xml/PMC10325092.xml,papers/fulltext/parsed/normalized/37352334.json,cached_normalized,35,8703,
pmid-37037941,37037941,hpmi,pmc_xml,papers/fulltext/inventory/oa/pmid-37037941.pdf,papers/fulltext/parsed/pmc_xml/PMC11027733.xml,papers/fulltext/parsed/normalized/37037941.json,cached_normalized,25,6712,
pmid-36782050,36782050,hpmi,pmc_xml,papers/fulltext/inventory/oa/pmid-36782050.pdf,papers/fulltext/parsed/pmc_xml/PMC10312659.xml,papers/fulltext/parsed/normalized/36782050.json,cached_normalized,22,9041,
pmid-35298864,35298864,hpmi,pmc_xml,papers/fulltext/inventory/oa/pmid-35298864.pdf,papers/fulltext/parsed/pmc_xml/PMC9481981.xml,papers/fulltext/parsed/normalized/35298864.json,cached_normalized,9,3464,
pmid-38168164,38168164,current-program,pmc_xml,papers/fulltext/inventory/oa/pmid-38168164.pdf,papers/fulltext/parsed/pmc_xml/PMC10760306.xml,papers/fulltext/parsed/normalized/38168164.json,cached_normalized,17,6304,
pmid-38076988,38076988,current-program,pmc_xml,papers/fulltext/inventory/oa/pmid-38076988.pdf,papers/fulltext/parsed/pmc_xml/PMC10705412.xml,papers/fulltext/parsed/normalized/38076988.json,cached_normalized,28,7572,
pmid-37995357,37995357,current-program,pmc_xml,papers/fulltext/inventory/oa/pmid-37995357.pdf,papers/fulltext/parsed/pmc_xml/PMC10667012.xml,papers/fulltext/parsed/normalized/37995357.json,cached_normalized,7,4077,
pmid-37961423,37961423,current-program,pmc_xml,papers/fulltext/inventory/oa/pmid-37961423.pdf,papers/fulltext/parsed/pmc_xml/PMC10634968.xml,papers/fulltext/parsed/normalized/37961423.json,cached_normalized,16,7760,
pmid-37950885,37950885,current-program,pmc_xml,papers/fulltext/inventory/oa/pmid-37950885.pdf,papers/fulltext/parsed/pmc_xml/PMC10665039.xml,papers/fulltext/parsed/normalized/37950885.json,cached_normalized,10,4549,
pmid-37901225,37901225,current-program,pmc_xml,papers/fulltext/inventory/oa/pmid-37901225.pdf,papers/fulltext/parsed/pmc_xml/PMC10600497.xml,papers/fulltext/parsed/normalized/37901225.json,cached_normalized,26,5354,
pmid-37891657,37891657,current-program,pmc_xml,papers/fulltext/inventory/oa/pmid-37891657.pdf,papers/fulltext/parsed/pmc_xml/PMC10604949.xml,papers/fulltext/parsed/normalized/37891657.json,cached_normalized,12,4921,
pmid-37790412,37790412,current-program,pmc_xml,papers/fulltext/inventory/oa/pmid-37790412.pdf,papers/fulltext/parsed/pmc_xml/PMC10543031.xml,papers/fulltext/parsed/normalized/37790412.json,cached_normalized,16,4966,
pmid-37745602,37745602,current-program,pmc_xml,papers/fulltext/inventory/oa/pmid-37745602.pdf,papers/fulltext/parsed/pmc_xml/PMC10515900.xml,papers/fulltext/parsed/normalized/37745602.json,cached_normalized,19,8336,
pmid-37720034,37720034,current-program,pmc_xml,papers/fulltext/inventory/oa/pmid-37720034.pdf,papers/fulltext/parsed/pmc_xml/PMC10503848.xml,papers/fulltext/parsed/normalized/37720034.json,cached_normalized,17,6628,
pmid-37672567,37672567,current-program,pmc_xml,papers/fulltext/inventory/oa/pmid-37672567.pdf,papers/fulltext/parsed/pmc_xml/PMC10764151.xml,papers/fulltext/parsed/normalized/37672567.json,cached_normalized,14,7541,
pmid-37639445,37639445,current-program,pmc_xml,papers/fulltext/inventory/oa/pmid-37639445.pdf,papers/fulltext/parsed/pmc_xml/PMC10491301.xml,papers/fulltext/parsed/normalized/37639445.json,cached_normalized,12,8191,
pmid-37620306,37620306,current-program,pmc_xml,papers/fulltext/inventory/oa/pmid-37620306.pdf,papers/fulltext/parsed/pmc_xml/PMC10449820.xml,papers/fulltext/parsed/normalized/37620306.json,cached_normalized,17,6212,
pmid-37535402,37535402,current-program,pmc_xml,papers/fulltext/inventory/oa/pmid-37535402.pdf,papers/fulltext/parsed/pmc_xml/PMC10470538.xml,papers/fulltext/parsed/normalized/37535402.json,cached_normalized,15,4321,
pmid-37502985,37502985,current-program,pmc_xml,papers/fulltext/inventory/oa/pmid-37502985.pdf,papers/fulltext/parsed/pmc_xml/PMC10369958.xml,papers/fulltext/parsed/normalized/37502985.json,cached_normalized,19,8435,
pmid-37443074,37443074,current-program,pmc_xml,papers/fulltext/inventory/oa/pmid-37443074.pdf,papers/fulltext/parsed/pmc_xml/PMC10345146.xml,papers/fulltext/parsed/normalized/37443074.json,cached_normalized,15,6023,
pmid-37384622,37384622,current-program,pmc_xml,papers/fulltext/inventory/oa/pmid-37384622.pdf,papers/fulltext/parsed/pmc_xml/PMC10309625.xml,papers/fulltext/parsed/normalized/37384622.json,cached_normalized,28,8061,
pmid-37252360,37252360,current-program,pmc_xml,papers/fulltext/inventory/oa/pmid-37252360.pdf,papers/fulltext/parsed/pmc_xml/PMC10214521.xml,papers/fulltext/parsed/normalized/37252360.json,cached_normalized,8,3645,
pmid-37249415,37249415,current-program,pmc_xml,papers/fulltext/inventory/oa/pmid-37249415.pdf,papers/fulltext/parsed/pmc_xml/PMC10321888.xml,papers/fulltext/parsed/normalized/37249415.json,cached_normalized,10,3052,
pmid-37191546,37191546,current-program,pmc_xml,papers/fulltext/inventory/oa/pmid-37191546.pdf,papers/fulltext/parsed/pmc_xml/PMC10269789.xml,papers/fulltext/parsed/normalized/37191546.json,cached_normalized,13,6226,
pmid-37161609,37161609,current-program,pmc_xml,papers/fulltext/inventory/oa/pmid-37161609.pdf,papers/fulltext/parsed/pmc_xml/PMC11004923.xml,papers/fulltext/parsed/normalized/37161609.json,cached_normalized,0,0,PMC XML body missing.
pmid-37034676,37034676,current-program,pmc_xml,papers/fulltext/inventory/oa/pmid-37034676.pdf,papers/fulltext/parsed/pmc_xml/PMC10081229.xml,papers/fulltext/parsed/normalized/37034676.json,cached_normalized,16,4227,
pmid-37000623,37000623,current-program,pmc_xml,papers/fulltext/inventory/oa/pmid-37000623.pdf,papers/fulltext/parsed/pmc_xml/PMC10063157.xml,papers/fulltext/parsed/normalized/37000623.json,cached_normalized,23,8067,
pmid-36823332,36823332,current-program,pmc_xml,papers/fulltext/inventory/oa/pmid-36823332.pdf,papers/fulltext/parsed/pmc_xml/PMC10399614.xml,papers/fulltext/parsed/normalized/36823332.json,cached_normalized,13,5568,
pmid-36472425,36472425,current-program,pmc_xml,papers/fulltext/inventory/oa/pmid-36472425.pdf,papers/fulltext/parsed/pmc_xml/PMC9872682.xml,papers/fulltext/parsed/normalized/36472425.json,cached_normalized,0,0,PMC XML body missing.
pmid-38046840,38046840,pi-backlog,pmc_xml,papers/fulltext/inventory/oa/pmid-38046840.pdf,papers/fulltext/parsed/pmc_xml/PMC10692591.xml,papers/fulltext/parsed/normalized/38046840.json,cached_normalized,4,1104,
pmid-36532738,36532738,pi-backlog,pmc_xml,papers/fulltext/inventory/oa/pmid-36532738.pdf,papers/fulltext/parsed/pmc_xml/PMC9751428.xml,papers/fulltext/parsed/normalized/36532738.json,cached_normalized,27,7272,
pmid-36519174,36519174,pi-backlog,pmc_xml,papers/fulltext/inventory/oa/pmid-36519174.pdf,papers/fulltext/parsed/pmc_xml/PMC9742432.xml,papers/fulltext/parsed/normalized/36519174.json,cached_normalized,27,9834,
pmid-36496417,36496417,pi-backlog,pmc_xml,papers/fulltext/inventory/oa/pmid-36496417.pdf,papers/fulltext/parsed/pmc_xml/PMC9741632.xml,papers/fulltext/parsed/normalized/36496417.json,cached_normalized,16,7166,
pmid-36299428,36299428,pi-backlog,pmc_xml,papers/fulltext/inventory/oa/pmid-36299428.pdf,papers/fulltext/parsed/pmc_xml/PMC9603824.xml,papers/fulltext/parsed/normalized/36299428.json,cached_normalized,0,0,PMC XML body missing.
pmid-36298829,36298829,pi-backlog,pmc_xml,papers/fulltext/inventory/oa/pmid-36298829.pdf,papers/fulltext/parsed/pmc_xml/PMC9609653.xml,papers/fulltext/parsed/normalized/36298829.json,cached_normalized,16,4382,
pmid-36274774,36274774,pi-backlog,pmc_xml,papers/fulltext/inventory/oa/pmid-36274774.pdf,papers/fulltext/parsed/pmc_xml/PMC9580312.xml,papers/fulltext/parsed/normalized/36274774.json,cached_normalized,0,0,PMC XML body missing.
pmid-36197970,36197970,pi-backlog,pmc_xml,papers/fulltext/inventory/oa/pmid-36197970.pdf,papers/fulltext/parsed/pmc_xml/PMC9534503.xml,papers/fulltext/parsed/normalized/36197970.json,cached_normalized,30,10803,
pmid-36095012,36095012,pi-backlog,pmc_xml,papers/fulltext/inventory/oa/pmid-36095012.pdf,papers/fulltext/parsed/pmc_xml/PMC9499238.xml,papers/fulltext/parsed/normalized/36095012.json,cached_normalized,24,10282,
pmid-36044897,36044897,pi-backlog,pmc_xml,papers/fulltext/inventory/oa/pmid-36044897.pdf,papers/fulltext/parsed/pmc_xml/PMC9359501.xml,papers/fulltext/parsed/normalized/36044897.json,cached_normalized,29,9143,
pmid-35985686,35985686,pi-backlog,pmc_xml,papers/fulltext/inventory/oa/pmid-35985686.pdf,papers/fulltext/parsed/pmc_xml/PMC9353729.xml,papers/fulltext/parsed/normalized/35985686.json,cached_normalized,0,0,PMC XML body missing.
pmid-35985635,35985635,pi-backlog,pmc_xml,papers/fulltext/inventory/oa/pmid-35985635.pdf,papers/fulltext/parsed/pmc_xml/PMC9381978.xml,papers/fulltext/parsed/normalized/35985635.json,cached_normalized,3,346,
pmid-35969644,35969644,pi-backlog,pmc_xml,papers/fulltext/inventory/oa/pmid-35969644.pdf,papers/fulltext/parsed/pmc_xml/PMC9410543.xml,papers/fulltext/parsed/normalized/35969644.json,cached_normalized,31,8751,
pmid-35967877,35967877,pi-backlog,pmc_xml,papers/fulltext/inventory/oa/pmid-35967877.pdf,papers/fulltext/parsed/pmc_xml/PMC9363599.xml,papers/fulltext/parsed/normalized/35967877.json,cached_normalized,19,3756,
pmid-35867415,35867415,pi-backlog,pmc_xml,papers/fulltext/inventory/oa/pmid-35867415.pdf,papers/fulltext/parsed/pmc_xml/PMC9431242.xml,papers/fulltext/parsed/normalized/35867415.json,cached_normalized,18,5757,
pmid-35862388,35862388,pi-backlog,pmc_xml,papers/fulltext/inventory/oa/pmid-35862388.pdf,papers/fulltext/parsed/pmc_xml/PMC9302822.xml,papers/fulltext/parsed/normalized/35862388.json,cached_normalized,6,4775,
pmid-35766385,35766385,pi-backlog,pmc_xml,papers/fulltext/inventory/oa/pmid-35766385.pdf,papers/fulltext/parsed/pmc_xml/PMC9260726.xml,papers/fulltext/parsed/normalized/35766385.json,cached_normalized,23,4505,
pmid-35632848,35632848,pi-backlog,pmc_xml,papers/fulltext/inventory/oa/pmid-35632848.pdf,papers/fulltext/parsed/pmc_xml/PMC9145045.xml,papers/fulltext/parsed/normalized/35632848.json,cached_normalized,9,8710,
pmid-35291294,35291294,pi-backlog,pmc_xml,papers/fulltext/inventory/oa/pmid-35291294.pdf,papers/fulltext/parsed/pmc_xml/PMC8923113.xml,papers/fulltext/parsed/normalized/35291294.json,cached_normalized,24,6265,
pmid-35215907,35215907,pi-backlog,pmc_xml,papers/fulltext/inventory/oa/pmid-35215907.pdf,papers/fulltext/parsed/pmc_xml/PMC8876058.xml,papers/fulltext/parsed/normalized/35215907.json,cached_normalized,17,5906,
pmid-35186917,35186917,pi-backlog,pmc_xml,papers/fulltext/inventory/oa/pmid-35186917.pdf,papers/fulltext/parsed/pmc_xml/PMC8851031.xml,papers/fulltext/parsed/normalized/35186917.json,cached_normalized,9,4285,
pmid-35128980,35128980,pi-backlog,pmc_xml,papers/fulltext/inventory/oa/pmid-35128980.pdf,papers/fulltext/parsed/pmc_xml/PMC8819578.xml,papers/fulltext/parsed/normalized/35128980.json,cached_normalized,15,5604,
pmid-35062015,35062015,pi-backlog,pmc_xml,papers/fulltext/inventory/oa/pmid-35062015.pdf,papers/fulltext/parsed/pmc_xml/PMC8942849.xml,papers/fulltext/parsed/normalized/35062015.json,cached_normalized,19,4589,
pmid-35036924,35036924,pi-backlog,pmc_xml,papers/fulltext/inventory/oa/pmid-35036924.pdf,papers/fulltext/parsed/pmc_xml/PMC8754178.xml,papers/fulltext/parsed/normalized/35036924.json,cached_normalized,4,1253,
pmid-35032865,35032865,pi-backlog,pmc_xml,papers/fulltext/inventory/oa/pmid-35032865.pdf,papers/fulltext/parsed/pmc_xml/PMC8877469.xml,papers/fulltext/parsed/normalized/35032865.json,cached_normalized,23,6663,
pmid-35018374,35018374,pi-backlog,pmc_xml,papers/fulltext/inventory/oa/pmid-35018374.pdf,papers/fulltext/parsed/pmc_xml/PMC8750649.xml,papers/fulltext/parsed/normalized/35018374.json,cached_normalized,24,9503,
pmid-36075902,36075902,hpmi,pmc_xml,papers/fulltext/inventory/oa/pmid-36075902.pdf,papers/fulltext/parsed/pmc_xml/PMC9453702.xml,papers/fulltext/parsed/normalized/36075902.json,cached_normalized,27,9836,
pmid-35982664,35982664,hpmi,pmc_xml,papers/fulltext/inventory/oa/pmid-35982664.pdf,papers/fulltext/parsed/pmc_xml/PMC9387123.xml,papers/fulltext/parsed/normalized/35982664.json,cached_normalized,20,6548,
pmid-35877763,35877763,hpmi,pmc_xml,papers/fulltext/inventory/oa/pmid-35877763.pdf,papers/fulltext/parsed/pmc_xml/PMC9352196.xml,papers/fulltext/parsed/normalized/35877763.json,cached_normalized,23,7115,
pmid-35417684,35417684,hpmi,pmc_xml,papers/fulltext/inventory/oa/pmid-35417684.pdf,papers/fulltext/parsed/pmc_xml/PMC9429972.xml,papers/fulltext/parsed/normalized/35417684.json,cached_normalized,28,7334,
pmid-35337019,35337019,hpmi,pmc_xml,papers/fulltext/inventory/oa/pmid-35337019.pdf,papers/fulltext/parsed/pmc_xml/PMC8951556.xml,papers/fulltext/parsed/normalized/35337019.json,cached_normalized,29,7939,
pmid-35150638,35150638,hpmi,pmc_xml,papers/fulltext/inventory/oa/pmid-35150638.pdf,papers/fulltext/parsed/pmc_xml/PMC8776496.xml,papers/fulltext/parsed/normalized/35150638.json,cached_normalized,28,11044,
pmid-35017099,35017099,hpmi,pmc_xml,papers/fulltext/inventory/oa/pmid-35017099.pdf,papers/fulltext/parsed/pmc_xml/PMC8956815.xml,papers/fulltext/parsed/normalized/35017099.json,cached_normalized,20,7130,
pmid-35013567,35013567,hpmi,pmc_xml,papers/fulltext/inventory/oa/pmid-35013567.pdf,papers/fulltext/parsed/pmc_xml/PMC8744059.xml,papers/fulltext/parsed/normalized/35013567.json,cached_normalized,14,6565,
pmid-35012962,35012962,hpmi,pmc_xml,papers/fulltext/inventory/oa/pmid-35012962.pdf,papers/fulltext/parsed/pmc_xml/PMC8761492.xml,papers/fulltext/parsed/normalized/35012962.json,cached_normalized,34,9171,
pmid-34942634,34942634,hpmi,pmc_xml,papers/fulltext/inventory/oa/pmid-34942634.pdf,papers/fulltext/parsed/pmc_xml/PMC8850198.xml,papers/fulltext/parsed/normalized/34942634.json,cached_normalized,39,9363,
pmid-36523403,36523403,current-program,pmc_xml,papers/fulltext/inventory/oa/pmid-36523403.pdf,papers/fulltext/parsed/pmc_xml/PMC9753780.xml,papers/fulltext/parsed/normalized/36523403.json,cached_normalized,0,0,PMC XML body missing.
pmid-36463314,36463314,current-program,pmc_xml,papers/fulltext/inventory/oa/pmid-36463314.pdf,papers/fulltext/parsed/pmc_xml/PMC9719544.xml,papers/fulltext/parsed/normalized/36463314.json,cached_normalized,18,4833,
pmid-36423141,36423141,current-program,pmc_xml,papers/fulltext/inventory/oa/pmid-36423141.pdf,papers/fulltext/parsed/pmc_xml/PMC9698389.xml,papers/fulltext/parsed/normalized/36423141.json,cached_normalized,11,6957,
pmid-36203557,36203557,current-program,pmc_xml,papers/fulltext/inventory/oa/pmid-36203557.pdf,papers/fulltext/parsed/pmc_xml/PMC9536039.xml,papers/fulltext/parsed/normalized/36203557.json,cached_normalized,15,5034,
pmid-36060555,36060555,current-program,pmc_xml,papers/fulltext/inventory/oa/pmid-36060555.pdf,papers/fulltext/parsed/pmc_xml/PMC9438787.xml,papers/fulltext/parsed/normalized/36060555.json,cached_normalized,18,8491,
pmid-36000735,36000735,current-program,pmc_xml,papers/fulltext/inventory/oa/pmid-36000735.pdf,papers/fulltext/parsed/pmc_xml/PMC9600672.xml,papers/fulltext/parsed/normalized/36000735.json,cached_normalized,13,3937,
pmid-35973352,35973352,current-program,pmc_xml,papers/fulltext/inventory/oa/pmid-35973352.pdf,papers/fulltext/parsed/pmc_xml/PMC9612370.xml,papers/fulltext/parsed/normalized/35973352.json,cached_normalized,7,4616,
pmid-35952712,35952712,current-program,pmc_xml,papers/fulltext/inventory/oa/pmid-35952712.pdf,papers/fulltext/parsed/pmc_xml/PMC9534748.xml,papers/fulltext/parsed/normalized/35952712.json,cached_normalized,23,7414,
pmid-35923313,35923313,current-program,pmc_xml,papers/fulltext/inventory/oa/pmid-35923313.pdf,papers/fulltext/parsed/pmc_xml/PMC9347272.xml,papers/fulltext/parsed/normalized/35923313.json,cached_normalized,15,4441,
pmid-35899968,35899968,current-program,pmc_xml,papers/fulltext/inventory/oa/pmid-35899968.pdf,papers/fulltext/parsed/pmc_xml/PMC9353292.xml,papers/fulltext/parsed/normalized/35899968.json,cached_normalized,14,3326,
pmid-35881005,35881005,current-program,pmc_xml,papers/fulltext/inventory/oa/pmid-35881005.pdf,papers/fulltext/parsed/pmc_xml/PMC9348752.xml,papers/fulltext/parsed/normalized/35881005.json,cached_normalized,14,3983,
pmid-35798029,35798029,current-program,pmc_xml,papers/fulltext/inventory/oa/pmid-35798029.pdf,papers/fulltext/parsed/pmc_xml/PMC9433318.xml,papers/fulltext/parsed/normalized/35798029.json,cached_normalized,23,6769,
pmid-35794893,35794893,current-program,pmc_xml,papers/fulltext/inventory/oa/pmid-35794893.pdf,papers/fulltext/parsed/pmc_xml/PMC9258294.xml,papers/fulltext/parsed/normalized/35794893.json,cached_normalized,12,4407,
pmid-35771664,35771664,current-program,pmc_xml,papers/fulltext/inventory/oa/pmid-35771664.pdf,papers/fulltext/parsed/pmc_xml/PMC9278250.xml,papers/fulltext/parsed/normalized/35771664.json,cached_normalized,0,0,PMC XML body missing.
pmid-35767652,35767652,current-program,pmc_xml,papers/fulltext/inventory/oa/pmid-35767652.pdf,papers/fulltext/parsed/pmc_xml/PMC10115655.xml,papers/fulltext/parsed/normalized/35767652.json,cached_normalized,14,6079,
pmid-35538057,35538057,current-program,pmc_xml,papers/fulltext/inventory/oa/pmid-35538057.pdf,papers/fulltext/parsed/pmc_xml/PMC9090925.xml,papers/fulltext/parsed/normalized/35538057.json,cached_normalized,19,5771,
pmid-35411350,35411350,current-program,pmc_xml,papers/fulltext/inventory/oa/pmid-35411350.pdf,papers/fulltext/parsed/pmc_xml/PMC8996633.xml,papers/fulltext/parsed/normalized/35411350.json,cached_normalized,20,6578,
pmid-35411346,35411346,current-program,pmc_xml,papers/fulltext/inventory/oa/pmid-35411346.pdf,papers/fulltext/parsed/pmc_xml/PMC8996619.xml,papers/fulltext/parsed/normalized/35411346.json,cached_normalized,19,10539,
pmid-35396471,35396471,current-program,pmc_xml,papers/fulltext/inventory/oa/pmid-35396471.pdf,papers/fulltext/parsed/pmc_xml/PMC9467803.xml,papers/fulltext/parsed/normalized/35396471.json,cached_normalized,7,3797,
pmid-35361968,35361968,current-program,pmc_xml,papers/fulltext/inventory/oa/pmid-35361968.pdf,papers/fulltext/parsed/pmc_xml/PMC9345323.xml,papers/fulltext/parsed/normalized/35361968.json,cached_normalized,15,6627,
pmid-35357886,35357886,current-program,pmc_xml,papers/fulltext/inventory/oa/pmid-35357886.pdf,papers/fulltext/parsed/pmc_xml/PMC8995033.xml,papers/fulltext/parsed/normalized/35357886.json,cached_normalized,28,8098,
pmid-35348368,35348368,current-program,pmc_xml,papers/fulltext/inventory/oa/pmid-35348368.pdf,papers/fulltext/parsed/pmc_xml/PMC8995030.xml,papers/fulltext/parsed/normalized/35348368.json,cached_normalized,15,5990,
pmid-35325204,35325204,current-program,pmc_xml,papers/fulltext/inventory/oa/pmid-35325204.pdf,papers/fulltext/parsed/pmc_xml/PMC9037384.xml,papers/fulltext/parsed/normalized/35325204.json,cached_normalized,15,7605,
pmid-35289637,35289637,current-program,pmc_xml,papers/fulltext/inventory/oa/pmid-35289637.pdf,papers/fulltext/parsed/pmc_xml/PMC8995028.xml,papers/fulltext/parsed/normalized/35289637.json,cached_normalized,11,3150,
pmid-35262081,35262081,current-program,pmc_xml,papers/fulltext/inventory/oa/pmid-35262081.pdf,papers/fulltext/parsed/pmc_xml/PMC8902882.xml,papers/fulltext/parsed/normalized/35262081.json,cached_normalized,19,10528,
pmid-35245365,35245365,current-program,pmc_xml,papers/fulltext/inventory/oa/pmid-35245365.pdf,papers/fulltext/parsed/pmc_xml/PMC9555842.xml,papers/fulltext/parsed/normalized/35245365.json,cached_normalized,0,0,PMC XML body missing.
pmid-35198645,35198645,current-program,pmc_xml,papers/fulltext/inventory/oa/pmid-35198645.pdf,papers/fulltext/parsed/pmc_xml/PMC8860154.xml,papers/fulltext/parsed/normalized/35198645.json,cached_normalized,12,3776,
pmid-35115515,35115515,current-program,pmc_xml,papers/fulltext/inventory/oa/pmid-35115515.pdf,papers/fulltext/parsed/pmc_xml/PMC8813984.xml,papers/fulltext/parsed/normalized/35115515.json,cached_normalized,20,7846,
pmid-35073738,35073738,current-program,pmc_xml,papers/fulltext/inventory/oa/pmid-35073738.pdf,papers/fulltext/parsed/pmc_xml/PMC8787477.xml,papers/fulltext/parsed/normalized/35073738.json,cached_normalized,10,6068,
pmid-35018376,35018376,current-program,pmc_xml,papers/fulltext/inventory/oa/pmid-35018376.pdf,papers/fulltext/parsed/pmc_xml/PMC8750651.xml,papers/fulltext/parsed/normalized/35018376.json,cached_normalized,16,3966,
pmid-34986351,34986351,current-program,pdf_grobid,papers/fulltext/inventory/manual/pmid-34986351.pdf,,papers/fulltext/parsed/normalized/34986351.json,cached_normalized,13,8781,Using canonical paper title over GROBID TEI title.; Using canonical paper abstract over GROBID TEI abstract.
pmid-34937051,34937051,current-program,pmc_xml,papers/fulltext/inventory/oa/pmid-34937051.pdf,papers/fulltext/parsed/pmc_xml/PMC8828466.xml,papers/fulltext/parsed/normalized/34937051.json,cached_normalized,43,8342,
pmid-34841975,34841975,current-program,pdf_grobid,papers/fulltext/inventory/manual/pmid-34841975.pdf,,papers/fulltext/parsed/normalized/34841975.json,cached_normalized,17,4353,Using canonical paper title over GROBID TEI title.
pmid-34731594,34731594,current-program,pmc_xml,papers/fulltext/inventory/oa/pmid-34731594.pdf,papers/fulltext/parsed/pmc_xml/PMC8845137.xml,papers/fulltext/parsed/normalized/34731594.json,cached_normalized,19,5512,
pmid-34981044,34981044,pi-backlog,pmc_xml,papers/fulltext/inventory/oa/pmid-34981044.pdf,papers/fulltext/parsed/pmc_xml/PMC8722607.xml,papers/fulltext/parsed/normalized/34981044.json,cached_normalized,18,4963,
pmid-34785885,34785885,pi-backlog,pmc_xml,papers/fulltext/inventory/oa/pmid-34785885.pdf,papers/fulltext/parsed/pmc_xml/PMC8590448.xml,papers/fulltext/parsed/normalized/34785885.json,cached_normalized,14,2976,
pmid-34697065,34697065,pi-backlog,pmc_xml,papers/fulltext/inventory/oa/pmid-34697065.pdf,papers/fulltext/parsed/pmc_xml/PMC8569814.xml,papers/fulltext/parsed/normalized/34697065.json,cached_normalized,0,0,PMC XML body missing.
pmid-34512601,34512601,pi-backlog,pmc_xml,papers/fulltext/inventory/oa/pmid-34512601.pdf,papers/fulltext/parsed/pmc_xml/PMC8427279.xml,papers/fulltext/parsed/normalized/34512601.json,cached_normalized,19,5904,
pmid-34443354,34443354,pi-backlog,pmc_xml,papers/fulltext/inventory/oa/pmid-34443354.pdf,papers/fulltext/parsed/pmc_xml/PMC8402203.xml,papers/fulltext/parsed/normalized/34443354.json,cached_normalized,9,4573,
pmid-34426811,34426811,pi-backlog,pmc_xml,papers/fulltext/inventory/oa/pmid-34426811.pdf,papers/fulltext/parsed/pmc_xml/PMC8382122.xml,papers/fulltext/parsed/normalized/34426811.json,cached_normalized,22,7310,
pmid-34292969,34292969,pi-backlog,pmc_xml,papers/fulltext/inventory/oa/pmid-34292969.pdf,papers/fulltext/parsed/pmc_xml/PMC8297872.xml,papers/fulltext/parsed/normalized/34292969.json,cached_normalized,11,3973,
pmid-34225493,34225493,pi-backlog,pmc_xml,papers/fulltext/inventory/oa/pmid-34225493.pdf,papers/fulltext/parsed/pmc_xml/PMC8406168.xml,papers/fulltext/parsed/normalized/34225493.json,cached_normalized,23,6327,
pmid-34183386,34183386,pi-backlog,pmc_xml,papers/fulltext/inventory/oa/pmid-34183386.pdf,papers/fulltext/parsed/pmc_xml/PMC8404732.xml,papers/fulltext/parsed/normalized/34183386.json,cached_normalized,0,0,PMC XML body missing.
pmid-34129317,34129317,pi-backlog,pdf_grobid,papers/fulltext/inventory/manual/pmid-34129317.pdf,,papers/fulltext/parsed/normalized/34129317.json,cached_normalized,13,7102,Using canonical paper title over GROBID TEI title.; Using canonical paper abstract over GROBID TEI abstract.
pmid-33918000,33918000,pi-backlog,pmc_xml,papers/fulltext/inventory/oa/pmid-33918000.pdf,papers/fulltext/parsed/pmc_xml/PMC8068394.xml,papers/fulltext/parsed/normalized/33918000.json,cached_normalized,14,4067,
pmid-33730579,33730579,pi-backlog,pmc_xml,papers/fulltext/inventory/oa/pmid-33730579.pdf,papers/fulltext/parsed/pmc_xml/PMC8893346.xml,papers/fulltext/parsed/normalized/33730579.json,cached_normalized,28,8099,
pmid-33676971,33676971,pi-backlog,pmc_xml,papers/fulltext/inventory/oa/pmid-33676971.pdf,papers/fulltext/parsed/pmc_xml/PMC7931673.xml,papers/fulltext/parsed/normalized/33676971.json,cached_normalized,39,5178,
pmid-33510473,33510473,pi-backlog,pmc_xml,papers/fulltext/inventory/oa/pmid-33510473.pdf,papers/fulltext/parsed/pmc_xml/PMC8012254.xml,papers/fulltext/parsed/normalized/33510473.json,cached_normalized,22,5088,
pmid-33417126,33417126,pi-backlog,pdf_grobid,papers/fulltext/inventory/manual/pmid-33417126.pdf,,papers/fulltext/parsed/normalized/33417126.json,cached_normalized,14,5453,Using canonical paper title over GROBID TEI title.; Using canonical paper abstract over GROBID TEI abstract.
pmid-33125654,33125654,pi-backlog,pdf_grobid,papers/fulltext/inventory/manual/pmid-33125654.pdf,,papers/fulltext/parsed/normalized/33125654.json,cached_normalized,17,6060,Using canonical paper title over GROBID TEI title.; Using canonical paper abstract over GROBID TEI abstract.
pmid-32661015,32661015,pi-backlog,pmc_xml,papers/fulltext/inventory/oa/pmid-32661015.pdf,papers/fulltext/parsed/pmc_xml/PMC8485741.xml,papers/fulltext/parsed/normalized/32661015.json,cached_normalized,0,0,PMC XML body missing.
pmid-32553580,32553580,pi-backlog,pmc_xml,papers/fulltext/inventory/oa/pmid-32553580.pdf,papers/fulltext/parsed/pmc_xml/PMC7295464.xml,papers/fulltext/parsed/normalized/32553580.json,cached_normalized,12,3897,
pmid-34556855,34556855,hpmi,pmc_xml,papers/fulltext/inventory/oa/pmid-34556855.pdf,papers/fulltext/parsed/pmc_xml/PMC9683089.xml,papers/fulltext/parsed/normalized/34556855.json,cached_normalized,31,8919,
pmid-34519533,34519533,hpmi,pmc_xml,papers/fulltext/inventory/oa/pmid-34519533.pdf,papers/fulltext/parsed/pmc_xml/PMC8547474.xml,papers/fulltext/parsed/normalized/34519533.json,cached_normalized,8,3962,
pmid-34389466,34389466,hpmi,pmc_xml,papers/fulltext/inventory/oa/pmid-34389466.pdf,papers/fulltext/parsed/pmc_xml/PMC8459920.xml,papers/fulltext/parsed/normalized/34389466.json,cached_normalized,17,6626,
pmid-34225486,34225486,hpmi,pmc_xml,papers/fulltext/inventory/oa/pmid-34225486.pdf,papers/fulltext/parsed/pmc_xml/PMC8406326.xml,papers/fulltext/parsed/normalized/34225486.json,cached_normalized,16,8882,
pmid-34171302,34171302,hpmi,pmc_xml,papers/fulltext/inventory/oa/pmid-34171302.pdf,papers/fulltext/parsed/pmc_xml/PMC8223470.xml,papers/fulltext/parsed/normalized/34171302.json,cached_normalized,30,12795,
pmid-34127972,34127972,hpmi,pmc_xml,papers/fulltext/inventory/oa/pmid-34127972.pdf,papers/fulltext/parsed/pmc_xml/PMC8202424.xml,papers/fulltext/parsed/normalized/34127972.json,cached_normalized,34,7650,
pmid-34031651,34031651,hpmi,pmc_xml,papers/fulltext/inventory/oa/pmid-34031651.pdf,papers/fulltext/parsed/pmc_xml/PMC8142659.xml,papers/fulltext/parsed/normalized/34031651.json,cached_normalized,21,6361,
pmid-34013269,34013269,hpmi,pmc_xml,papers/fulltext/inventory/oa/pmid-34013269.pdf,papers/fulltext/parsed/pmc_xml/PMC8132225.xml,papers/fulltext/parsed/normalized/34013269.json,cached_normalized,21,6361,
pmid-33979618,33979618,hpmi,pmc_xml,papers/fulltext/inventory/oa/pmid-33979618.pdf,papers/fulltext/parsed/pmc_xml/PMC8188731.xml,papers/fulltext/parsed/normalized/33979618.json,cached_normalized,23,5278,
pmid-33930332,33930332,hpmi,pmc_xml,papers/fulltext/inventory/oa/pmid-33930332.pdf,papers/fulltext/parsed/pmc_xml/PMC8043580.xml,papers/fulltext/parsed/normalized/33930332.json,cached_normalized,39,9410,
pmid-33501437,33501437,hpmi,pmc_xml,papers/fulltext/inventory/oa/pmid-33501437.pdf,papers/fulltext/parsed/pmc_xml/PMC7836107.xml,papers/fulltext/parsed/normalized/33501437.json,cached_normalized,7,2320,
pmid-33495306,33495306,hpmi,pmc_xml,papers/fulltext/inventory/oa/pmid-33495306.pdf,papers/fulltext/parsed/pmc_xml/PMC7963220.xml,papers/fulltext/parsed/normalized/33495306.json,cached_normalized,4,2336,
pmid-33464917,33464917,hpmi,pmc_xml,papers/fulltext/inventory/oa/pmid-33464917.pdf,papers/fulltext/parsed/pmc_xml/PMC7839417.xml,papers/fulltext/parsed/normalized/33464917.json,cached_normalized,22,10019,
pmid-33434350,33434350,hpmi,pmc_xml,papers/fulltext/inventory/oa/pmid-33434350.pdf,papers/fulltext/parsed/pmc_xml/PMC7803364.xml,papers/fulltext/parsed/normalized/33434350.json,cached_normalized,13,8549,
pmid-33333024,33333024,hpmi,pmc_xml,papers/fulltext/inventory/oa/pmid-33333024.pdf,papers/fulltext/parsed/pmc_xml/PMC7723770.xml,papers/fulltext/parsed/normalized/33333024.json,cached_normalized,26,8573,
pmid-33328654,33328654,hpmi,pmc_xml,papers/fulltext/inventory/oa/pmid-33328654.pdf,papers/fulltext/parsed/pmc_xml/PMC8101458.xml,papers/fulltext/parsed/normalized/33328654.json,cached_normalized,8,5158,
pmid-33082574,33082574,hpmi,pmc_xml,papers/fulltext/inventory/oa/pmid-33082574.pdf,papers/fulltext/parsed/pmc_xml/PMC8356808.xml,papers/fulltext/parsed/normalized/33082574.json,cached_normalized,23,6590,
pmid-34981072,34981072,current-program,pmc_xml,papers/fulltext/inventory/oa/pmid-34981072.pdf,papers/fulltext/parsed/pmc_xml/PMC8722615.xml,papers/fulltext/parsed/normalized/34981072.json,cached_normalized,9,2136,
pmid-34981069,34981069,current-program,pmc_xml,papers/fulltext/inventory/oa/pmid-34981069.pdf,papers/fulltext/parsed/pmc_xml/PMC8722612.xml,papers/fulltext/parsed/normalized/34981069.json,cached_normalized,24,7175,
pmid-34981043,34981043,current-program,pmc_xml,papers/fulltext/inventory/oa/pmid-34981043.pdf,papers/fulltext/parsed/pmc_xml/PMC8722606.xml,papers/fulltext/parsed/normalized/34981043.json,cached_normalized,26,7272,
pmid-34835041,34835041,current-program,pmc_xml,papers/fulltext/inventory/oa/pmid-34835041.pdf,papers/fulltext/parsed/pmc_xml/PMC8624148.xml,papers/fulltext/parsed/normalized/34835041.json,cached_normalized,11,3326,
pmid-34812429,34812429,current-program,pmc_xml,papers/fulltext/inventory/oa/pmid-34812429.pdf,papers/fulltext/parsed/pmc_xml/PMC8599018.xml,papers/fulltext/parsed/normalized/34812429.json,cached_normalized,16,4574,
pmid-34729568,34729568,current-program,pmc_xml,papers/fulltext/inventory/oa/pmid-34729568.pdf,papers/fulltext/parsed/pmc_xml/PMC8562552.xml,papers/fulltext/parsed/normalized/34729568.json,cached_normalized,7,2910,
pmid-34664987,34664987,current-program,pmc_xml,papers/fulltext/inventory/oa/pmid-34664987.pdf,papers/fulltext/parsed/pmc_xml/PMC8784281.xml,papers/fulltext/parsed/normalized/34664987.json,cached_normalized,12,6638,
pmid-34652962,34652962,current-program,pmc_xml,papers/fulltext/inventory/oa/pmid-34652962.pdf,papers/fulltext/parsed/pmc_xml/PMC8943686.xml,papers/fulltext/parsed/normalized/34652962.json,cached_normalized,16,5116,
pmid-34578352,34578352,current-program,pmc_xml,papers/fulltext/inventory/oa/pmid-34578352.pdf,papers/fulltext/parsed/pmc_xml/PMC8473068.xml,papers/fulltext/parsed/normalized/34578352.json,cached_normalized,22,5812,
pmid-34494026,34494026,current-program,pmc_xml,papers/fulltext/inventory/oa/pmid-34494026.pdf,papers/fulltext/parsed/pmc_xml/PMC8423223.xml,papers/fulltext/parsed/normalized/34494026.json,cached_normalized,16,5005,
pmid-34416262,34416262,current-program,pmc_xml,papers/fulltext/inventory/oa/pmid-34416262.pdf,papers/fulltext/parsed/pmc_xml/PMC8372436.xml,papers/fulltext/parsed/normalized/34416262.json,cached_normalized,7,3218,
pmid-34304580,34304580,current-program,pmc_xml,papers/fulltext/inventory/oa/pmid-34304580.pdf,papers/fulltext/parsed/pmc_xml/PMC8363588.xml,papers/fulltext/parsed/normalized/34304580.json,cached_normalized,10,3555,
pmid-34201591,34201591,current-program,pmc_xml,papers/fulltext/inventory/oa/pmid-34201591.pdf,papers/fulltext/parsed/pmc_xml/PMC8310246.xml,papers/fulltext/parsed/normalized/34201591.json,cached_normalized,12,3610,
pmid-34192736,34192736,current-program,pmc_xml,papers/fulltext/inventory/oa/pmid-34192736.pdf,papers/fulltext/parsed/pmc_xml/PMC8324533.xml,papers/fulltext/parsed/normalized/34192736.json,cached_normalized,10,5732,
pmid-34031078,34031078,current-program,pmc_xml,papers/fulltext/inventory/oa/pmid-34031078.pdf,papers/fulltext/parsed/pmc_xml/PMC8154954.xml,papers/fulltext/parsed/normalized/34031078.json,cached_normalized,0,0,PMC XML body missing.
pmid-34013263,34013263,current-program,pmc_xml,papers/fulltext/inventory/oa/pmid-34013263.pdf,papers/fulltext/parsed/pmc_xml/PMC8132219.xml,papers/fulltext/parsed/normalized/34013263.json,cached_normalized,14,4414,
pmid-33929301,33929301,current-program,pmc_xml,papers/fulltext/inventory/oa/pmid-33929301.pdf,papers/fulltext/parsed/pmc_xml/PMC8314899.xml,papers/fulltext/parsed/normalized/33929301.json,cached_normalized,17,5111,
pmid-33905777,33905777,current-program,pmc_xml,papers/fulltext/inventory/oa/pmid-33905777.pdf,papers/fulltext/parsed/pmc_xml/PMC8159767.xml,papers/fulltext/parsed/normalized/33905777.json,cached_normalized,16,4908,
pmid-33880483,33880483,current-program,pmc_xml,papers/fulltext/inventory/oa/pmid-33880483.pdf,papers/fulltext/parsed/pmc_xml/PMC8057251.xml,papers/fulltext/parsed/normalized/33880483.json,cached_normalized,19,6242,
pmid-33875439,33875439,current-program,pmc_xml,papers/fulltext/inventory/oa/pmid-33875439.pdf,papers/fulltext/parsed/pmc_xml/PMC8373232.xml,papers/fulltext/parsed/normalized/33875439.json,cached_normalized,0,0,PMC XML body missing.
pmid-33852858,33852858,current-program,pmc_xml,papers/fulltext/inventory/oa/pmid-33852858.pdf,papers/fulltext/parsed/pmc_xml/PMC8568338.xml,papers/fulltext/parsed/normalized/33852858.json,cached_normalized,26,6747,
pmid-33780443,33780443,current-program,pmc_xml,papers/fulltext/inventory/oa/pmid-33780443.pdf,papers/fulltext/parsed/pmc_xml/PMC8031749.xml,papers/fulltext/parsed/normalized/33780443.json,cached_normalized,8,6083,
pmid-33654293,33654293,current-program,pmc_xml,papers/fulltext/inventory/oa/pmid-33654293.pdf,papers/fulltext/parsed/pmc_xml/PMC9469728.xml,papers/fulltext/parsed/normalized/33654293.json,cached_normalized,25,9516,
pmid-33600379,33600379,current-program,pmc_xml,papers/fulltext/inventory/oa/pmid-33600379.pdf,papers/fulltext/parsed/pmc_xml/PMC8026188.xml,papers/fulltext/parsed/normalized/33600379.json,cached_normalized,22,5979,
pmid-33594355,33594355,current-program,pmc_xml,papers/fulltext/inventory/oa/pmid-33594355.pdf,papers/fulltext/parsed/pmc_xml/PMC7885927.xml,papers/fulltext/parsed/normalized/33594355.json,cached_normalized,13,6112,
pmid-33586677,33586677,current-program,pmc_xml,papers/fulltext/inventory/oa/pmid-33586677.pdf,papers/fulltext/parsed/pmc_xml/PMC7919859.xml,papers/fulltext/parsed/normalized/33586677.json,cached_normalized,0,0,PMC XML body missing.
pmid-33564763,33564763,current-program,pmc_xml,papers/fulltext/inventory/oa/pmid-33564763.pdf,papers/fulltext/parsed/pmc_xml/PMC7872351.xml,papers/fulltext/parsed/normalized/33564763.json,cached_normalized,33,7993,
pmid-33532801,33532801,current-program,pmc_xml,papers/fulltext/inventory/oa/pmid-33532801.pdf,papers/fulltext/parsed/pmc_xml/PMC7852252.xml,papers/fulltext/parsed/normalized/33532801.json,cached_normalized,19,5564,
pmid-33455849,33455849,current-program,pmc_xml,papers/fulltext/inventory/oa/pmid-33455849.pdf,papers/fulltext/parsed/pmc_xml/PMC8187264.xml,papers/fulltext/parsed/normalized/33455849.json,cached_normalized,17,3898,
pmid-33429418,33429418,current-program,pmc_xml,papers/fulltext/inventory/oa/pmid-33429418.pdf,papers/fulltext/parsed/pmc_xml/PMC7987233.xml,papers/fulltext/parsed/normalized/33429418.json,cached_normalized,20,6985,
pmid-33427208,33427208,current-program,pmc_xml,papers/fulltext/inventory/oa/pmid-33427208.pdf,papers/fulltext/parsed/pmc_xml/PMC7821590.xml,papers/fulltext/parsed/normalized/33427208.json,cached_normalized,22,5689,
pmid-33305155,33305155,pi-backlog,pmc_xml,papers/fulltext/inventory/oa/pmid-33305155.pdf,papers/fulltext/parsed/pmc_xml/PMC7706294.xml,papers/fulltext/parsed/normalized/33305155.json,cached_normalized,14,3266,
pmid-33052331,33052331,pi-backlog,pmc_xml,papers/fulltext/inventory/oa/pmid-33052331.pdf,papers/fulltext/parsed/pmc_xml/PMC7553155.xml,papers/fulltext/parsed/normalized/33052331.json,cached_normalized,14,4490,
pmid-32839770,32839770,pi-backlog,pmc_xml,papers/fulltext/inventory/oa/pmid-32839770.pdf,papers/fulltext/parsed/pmc_xml/PMC7444281.xml,papers/fulltext/parsed/normalized/32839770.json,cached_normalized,0,0,PMC XML body missing.
pmid-32822681,32822681,pi-backlog,pdf_grobid,papers/fulltext/inventory/manual/pmid-32822681.pdf,,papers/fulltext/parsed/normalized/32822681.json,cached_normalized,17,3482,Using canonical paper title over GROBID TEI title.
pmid-32817938,32817938,pi-backlog,pmc_xml,papers/fulltext/inventory/oa/pmid-32817938.pdf,papers/fulltext/parsed/pmc_xml/PMC7430568.xml,papers/fulltext/parsed/normalized/32817938.json,cached_normalized,8,2855,
pmid-32522852,32522852,pi-backlog,pmc_xml,papers/fulltext/inventory/oa/pmid-32522852.pdf,papers/fulltext/parsed/pmc_xml/PMC7431805.xml,papers/fulltext/parsed/normalized/32522852.json,cached_normalized,0,0,PMC XML body missing.
pmid-32415096,32415096,pi-backlog,pmc_xml,papers/fulltext/inventory/oa/pmid-32415096.pdf,papers/fulltext/parsed/pmc_xml/PMC7229031.xml,papers/fulltext/parsed/normalized/32415096.json,cached_normalized,26,7514,
pmid-32345665,32345665,pi-backlog,pmc_xml,papers/fulltext/inventory/oa/pmid-32345665.pdf,papers/fulltext/parsed/pmc_xml/PMC7259886.xml,papers/fulltext/parsed/normalized/32345665.json,cached_normalized,0,0,PMC XML body missing.
pmid-32287326,32287326,pi-backlog,pmc_xml,papers/fulltext/inventory/oa/pmid-32287326.pdf,papers/fulltext/parsed/pmc_xml/PMC7182277.xml,papers/fulltext/parsed/normalized/32287326.json,cached_normalized,39,8336,
pmid-32240278,32240278,pi-backlog,pmc_xml,papers/fulltext/inventory/oa/pmid-32240278.pdf,papers/fulltext/parsed/pmc_xml/PMC7117665.xml,papers/fulltext/parsed/normalized/32240278.json,cached_normalized,25,7064,
pmid-32092305,32092305,pi-backlog,pmc_xml,papers/fulltext/inventory/oa/pmid-32092305.pdf,papers/fulltext/parsed/pmc_xml/PMC10773002.xml,papers/fulltext/parsed/normalized/32092305.json,cached_normalized,20,5296,
pmid-32023470,32023470,pi-backlog,pdf_grobid,papers/fulltext/inventory/manual/pmid-32023470.pdf,,papers/fulltext/parsed/normalized/32023470.json,cached_normalized,20,7821,Using canonical paper title over GROBID TEI title.; Using canonical paper abstract over GROBID TEI abstract.
pmid-31959425,31959425,pi-backlog,pmc_xml,papers/fulltext/inventory/oa/pmid-31959425.pdf,papers/fulltext/parsed/pmc_xml/PMC7117648.xml,papers/fulltext/parsed/normalized/31959425.json,cached_normalized,16,5437,
pmid-31776276,31776276,pi-backlog,pmc_xml,papers/fulltext/inventory/oa/pmid-31776276.pdf,papers/fulltext/parsed/pmc_xml/PMC6997754.xml,papers/fulltext/parsed/normalized/31776276.json,cached_normalized,0,0,PMC XML body missing.
pmid-31774362,31774362,pi-backlog,pdf_grobid,papers/fulltext/inventory/manual/pmid-31774362.pdf,,papers/fulltext/parsed/normalized/31774362.json,cached_normalized,8,4322,Using canonical paper title over GROBID TEI title.; Using canonical paper abstract over GROBID TEI abstract.
pmid-33303586,33303586,hpmi,pmc_xml,papers/fulltext/inventory/oa/pmid-33303586.pdf,papers/fulltext/parsed/pmc_xml/PMC7946025.xml,papers/fulltext/parsed/normalized/33303586.json,cached_normalized,42,11379,
pmid-33154106,33154106,hpmi,pmc_xml,papers/fulltext/inventory/oa/pmid-33154106.pdf,papers/fulltext/parsed/pmc_xml/PMC7857409.xml,papers/fulltext/parsed/normalized/33154106.json,cached_normalized,1,3579,
pmid-33097660,33097660,hpmi,pmc_xml,papers/fulltext/inventory/oa/pmid-33097660.pdf,papers/fulltext/parsed/pmc_xml/PMC7668094.xml,papers/fulltext/parsed/normalized/33097660.json,cached_normalized,16,5387,
pmid-33060197,33060197,hpmi,pmc_xml,papers/fulltext/inventory/oa/pmid-33060197.pdf,papers/fulltext/parsed/pmc_xml/PMC7808408.xml,papers/fulltext/parsed/normalized/33060197.json,cached_normalized,66,16444,
pmid-32995787,32995787,hpmi,pmc_xml,papers/fulltext/inventory/oa/pmid-32995787.pdf,papers/fulltext/parsed/pmc_xml/PMC7523113.xml,papers/fulltext/parsed/normalized/32995787.json,cached_normalized,18,5696,
pmid-32785687,32785687,hpmi,pmc_xml,papers/fulltext/inventory/oa/pmid-32785687.pdf,papers/fulltext/parsed/pmc_xml/PMC7659715.xml,papers/fulltext/parsed/normalized/32785687.json,cached_normalized,14,5961,
pmid-32763915,32763915,hpmi,pmc_xml,papers/fulltext/inventory/oa/pmid-32763915.pdf,papers/fulltext/parsed/pmc_xml/PMC7665310.xml,papers/fulltext/parsed/normalized/32763915.json,cached_normalized,1,2216,
pmid-32719457,32719457,hpmi,pmc_xml,papers/fulltext/inventory/oa/pmid-32719457.pdf,papers/fulltext/parsed/pmc_xml/PMC7483821.xml,papers/fulltext/parsed/normalized/32719457.json,cached_normalized,23,6385,
pmid-32645325,32645325,hpmi,pmc_xml,papers/fulltext/inventory/oa/pmid-32645325.pdf,papers/fulltext/parsed/pmc_xml/PMC7321036.xml,papers/fulltext/parsed/normalized/32645325.json,cached_normalized,45,11779,
pmid-32511329,32511329,hpmi,pmc_xml,papers/fulltext/inventory/oa/pmid-32511329.pdf,papers/fulltext/parsed/pmc_xml/PMC7239059.xml,papers/fulltext/parsed/normalized/32511329.json,cached_normalized,20,5820,
pmid-32444466,32444466,hpmi,pmc_xml,papers/fulltext/inventory/oa/pmid-32444466.pdf,papers/fulltext/parsed/pmc_xml/PMC7357668.xml,papers/fulltext/parsed/normalized/32444466.json,cached_normalized,0,0,PMC XML body missing.
pmid-32353859,32353859,hpmi,pmc_xml,papers/fulltext/inventory/oa/pmid-32353859.pdf,papers/fulltext/parsed/pmc_xml/PMC7431030.xml,papers/fulltext/parsed/normalized/32353859.json,cached_normalized,31,7488,
pmid-32084337,32084337,hpmi,pmc_xml,papers/fulltext/inventory/oa/pmid-32084337.pdf,papers/fulltext/parsed/pmc_xml/PMC7462049.xml,papers/fulltext/parsed/normalized/32084337.json,cached_normalized,29,9493,
pmid-31951200,31951200,hpmi,pmc_xml,papers/fulltext/inventory/oa/pmid-31951200.pdf,papers/fulltext/parsed/pmc_xml/PMC7030789.xml,papers/fulltext/parsed/normalized/31951200.json,cached_normalized,35,9861,
pmid-34013276,34013276,current-program,pmc_xml,papers/fulltext/inventory/oa/pmid-34013276.pdf,papers/fulltext/parsed/pmc_xml/PMC8132268.xml,papers/fulltext/parsed/normalized/34013276.json,cached_normalized,0,0,PMC XML body missing.
pmid-33257409,33257409,current-program,pmc_xml,papers/fulltext/inventory/oa/pmid-33257409.pdf,papers/fulltext/parsed/pmc_xml/PMC8050952.xml,papers/fulltext/parsed/normalized/33257409.json,cached_normalized,20,7087,
pmid-33243278,33243278,current-program,pmc_xml,papers/fulltext/inventory/oa/pmid-33243278.pdf,papers/fulltext/parsed/pmc_xml/PMC7690152.xml,papers/fulltext/parsed/normalized/33243278.json,cached_normalized,12,2102,
pmid-33200139,33200139,current-program,pmc_xml,papers/fulltext/inventory/oa/pmid-33200139.pdf,papers/fulltext/parsed/pmc_xml/PMC7668749.xml,papers/fulltext/parsed/normalized/33200139.json,cached_normalized,13,3141,
pmid-33171099,33171099,current-program,pmc_xml,papers/fulltext/inventory/oa/pmid-33171099.pdf,papers/fulltext/parsed/pmc_xml/PMC7608032.xml,papers/fulltext/parsed/normalized/33171099.json,cached_normalized,21,6715,
pmid-33127906,33127906,current-program,pmc_xml,papers/fulltext/inventory/oa/pmid-33127906.pdf,papers/fulltext/parsed/pmc_xml/PMC7603483.xml,papers/fulltext/parsed/normalized/33127906.json,cached_normalized,11,3126,
pmid-33037213,33037213,current-program,pmc_xml,papers/fulltext/inventory/oa/pmid-33037213.pdf,papers/fulltext/parsed/pmc_xml/PMC7547076.xml,papers/fulltext/parsed/normalized/33037213.json,cached_normalized,12,7800,
pmid-32912998,32912998,current-program,pmc_xml,papers/fulltext/inventory/oa/pmid-32912998.pdf,papers/fulltext/parsed/pmc_xml/PMC7810038.xml,papers/fulltext/parsed/normalized/32912998.json,cached_normalized,3,3737,
pmid-32907984,32907984,current-program,pmc_xml,papers/fulltext/inventory/oa/pmid-32907984.pdf,papers/fulltext/parsed/pmc_xml/PMC7654261.xml,papers/fulltext/parsed/normalized/32907984.json,cached_normalized,0,0,PMC XML body missing.
pmid-32878931,32878931,current-program,pmc_xml,papers/fulltext/inventory/oa/pmid-32878931.pdf,papers/fulltext/parsed/pmc_xml/PMC7471005.xml,papers/fulltext/parsed/normalized/32878931.json,cached_normalized,7,3165,
pmid-32755751,32755751,current-program,pdf_grobid,papers/fulltext/inventory/manual/pmid-32755751.pdf,,papers/fulltext/parsed/normalized/32755751.json,cached_normalized,9,3066,Using canonical paper title over GROBID TEI title.
pmid-32747391,32747391,current-program,pmc_xml,papers/fulltext/inventory/oa/pmid-32747391.pdf,papers/fulltext/parsed/pmc_xml/PMC7397945.xml,papers/fulltext/parsed/normalized/32747391.json,cached_normalized,17,4443,
pmid-32720752,32720752,current-program,pmc_xml,papers/fulltext/inventory/oa/pmid-32720752.pdf,papers/fulltext/parsed/pmc_xml/PMC7587460.xml,papers/fulltext/parsed/normalized/32720752.json,cached_normalized,27,7362,
pmid-32609537,32609537,current-program,pmc_xml,papers/fulltext/inventory/oa/pmid-32609537.pdf,papers/fulltext/parsed/pmc_xml/PMC7528914.xml,papers/fulltext/parsed/normalized/32609537.json,cached_normalized,0,0,PMC XML body missing.
pmid-32596695,32596695,current-program,pmc_xml,papers/fulltext/inventory/oa/pmid-32596695.pdf,papers/fulltext/parsed/pmc_xml/PMC7315996.xml,papers/fulltext/parsed/normalized/32596695.json,cached_normalized,9,6438,
pmid-32550242,32550242,current-program,pmc_xml,papers/fulltext/inventory/oa/pmid-32550242.pdf,papers/fulltext/parsed/pmc_xml/PMC7280877.xml,papers/fulltext/parsed/normalized/32550242.json,cached_normalized,7,2506,
pmid-32540903,32540903,current-program,pmc_xml,papers/fulltext/inventory/oa/pmid-32540903.pdf,papers/fulltext/parsed/pmc_xml/PMC7299280.xml,papers/fulltext/parsed/normalized/32540903.json,cached_normalized,6,3559,
pmid-32513865,32513865,current-program,pmc_xml,papers/fulltext/inventory/oa/pmid-32513865.pdf,papers/fulltext/parsed/pmc_xml/PMC7286545.xml,papers/fulltext/parsed/normalized/32513865.json,cached_normalized,1,3251,
pmid-32511558,32511558,current-program,pmc_xml,papers/fulltext/inventory/oa/pmid-32511558.pdf,papers/fulltext/parsed/pmc_xml/PMC7274239.xml,papers/fulltext/parsed/normalized/32511558.json,cached_normalized,12,4410,
pmid-32511433,32511433,current-program,pmc_xml,papers/fulltext/inventory/oa/pmid-32511433.pdf,papers/fulltext/parsed/pmc_xml/PMC7217084.xml,papers/fulltext/parsed/normalized/32511433.json,cached_normalized,0,0,PMC XML body missing.
pmid-32511416,32511416,current-program,pmc_xml,papers/fulltext/inventory/oa/pmid-32511416.pdf,papers/fulltext/parsed/pmc_xml/PMC7265688.xml,papers/fulltext/parsed/normalized/32511416.json,cached_normalized,5,3758,
pmid-32458974,32458974,current-program,pmc_xml,papers/fulltext/inventory/oa/pmid-32458974.pdf,papers/fulltext/parsed/pmc_xml/PMC7530611.xml,papers/fulltext/parsed/normalized/32458974.json,cached_normalized,0,0,PMC XML body missing.
pmid-32407507,32407507,current-program,pmc_xml,papers/fulltext/inventory/oa/pmid-32407507.pdf,papers/fulltext/parsed/pmc_xml/PMC7454817.xml,papers/fulltext/parsed/normalized/32407507.json,cached_normalized,15,5688,
pmid-32359479,32359479,current-program,pmc_xml,papers/fulltext/inventory/oa/pmid-32359479.pdf,papers/fulltext/parsed/pmc_xml/PMC7118693.xml,papers/fulltext/parsed/normalized/32359479.json,cached_normalized,8,4997,
pmid-32327758,32327758,current-program,pmc_xml,papers/fulltext/inventory/oa/pmid-32327758.pdf,papers/fulltext/parsed/pmc_xml/PMC8637938.xml,papers/fulltext/parsed/normalized/32327758.json,cached_normalized,1,431,
pmid-32156726,32156726,current-program,pmc_xml,papers/fulltext/inventory/oa/pmid-32156726.pdf,papers/fulltext/parsed/pmc_xml/PMC7104216.xml,papers/fulltext/parsed/normalized/32156726.json,cached_normalized,0,0,PMC XML body missing.
pmid-32123088,32123088,current-program,pmc_xml,papers/fulltext/inventory/oa/pmid-32123088.pdf,papers/fulltext/parsed/pmc_xml/PMC7084072.xml,papers/fulltext/parsed/normalized/32123088.json,cached_normalized,9,3159,
pmid-32120884,32120884,current-program,pmc_xml,papers/fulltext/inventory/oa/pmid-32120884.pdf,papers/fulltext/parsed/pmc_xml/PMC7150890.xml,papers/fulltext/parsed/normalized/32120884.json,cached_normalized,10,4806,
pmid-32065600,32065600,current-program,pmc_xml,papers/fulltext/inventory/oa/pmid-32065600.pdf,papers/fulltext/parsed/pmc_xml/PMC7042845.xml,papers/fulltext/parsed/normalized/32065600.json,cached_normalized,16,3086,
pmid-31714898,31714898,current-program,pmc_xml,papers/fulltext/inventory/oa/pmid-31714898.pdf,papers/fulltext/parsed/pmc_xml/PMC7269564.xml,papers/fulltext/parsed/normalized/31714898.json,cached_normalized,0,0,PMC XML body missing.
pmid-31921042,31921042,pi-backlog,pmc_xml,papers/fulltext/inventory/oa/pmid-31921042.pdf,papers/fulltext/parsed/pmc_xml/PMC6927920.xml,papers/fulltext/parsed/normalized/31921042.json,cached_normalized,20,7688,
pmid-31851929,31851929,pi-backlog,pmc_xml,papers/fulltext/inventory/oa/pmid-31851929.pdf,papers/fulltext/parsed/pmc_xml/PMC7010214.xml,papers/fulltext/parsed/normalized/31851929.json,cached_normalized,17,6120,
pmid-31697957,31697957,pi-backlog,pmc_xml,papers/fulltext/inventory/oa/pmid-31697957.pdf,papers/fulltext/parsed/pmc_xml/PMC7127664.xml,papers/fulltext/parsed/normalized/31697957.json,cached_normalized,13,9100,
pmid-31682641,31682641,pi-backlog,pmc_xml,papers/fulltext/inventory/oa/pmid-31682641.pdf,papers/fulltext/parsed/pmc_xml/PMC6932815.xml,papers/fulltext/parsed/normalized/31682641.json,cached_normalized,30,11030,
pmid-31603272,31603272,pi-backlog,pmc_xml,papers/fulltext/inventory/oa/pmid-31603272.pdf,papers/fulltext/parsed/pmc_xml/PMC6831997.xml,papers/fulltext/parsed/normalized/31603272.json,cached_normalized,0,0,PMC XML body missing.
pmid-31424151,31424151,pi-backlog,pmc_xml,papers/fulltext/inventory/oa/pmid-31424151.pdf,papers/fulltext/parsed/pmc_xml/PMC7162324.xml,papers/fulltext/parsed/normalized/31424151.json,cached_normalized,0,0,PMC XML body missing.
pmid-31375585,31375585,pi-backlog,pmc_xml,papers/fulltext/inventory/oa/pmid-31375585.pdf,papers/fulltext/parsed/pmc_xml/PMC6798124.xml,papers/fulltext/parsed/normalized/31375585.json,cached_normalized,17,8184,
pmid-31161074,31161074,pi-backlog,pmc_xml,papers/fulltext/inventory/oa/pmid-31161074.pdf,papers/fulltext/parsed/pmc_xml/PMC6542082.xml,papers/fulltext/parsed/normalized/31161074.json,cached_normalized,5,2416,
pmid-31043530,31043530,pi-backlog,pmc_xml,papers/fulltext/inventory/oa/pmid-31043530.pdf,papers/fulltext/parsed/pmc_xml/PMC6600188.xml,papers/fulltext/parsed/normalized/31043530.json,cached_normalized,0,0,PMC XML body missing.
pmid-31015836,31015836,pi-backlog,pmc_xml,papers/fulltext/inventory/oa/pmid-31015836.pdf,papers/fulltext/parsed/pmc_xml/PMC6444269.xml,papers/fulltext/parsed/normalized/31015836.json,cached_normalized,15,4467,
pmid-30716099,30716099,pi-backlog,pmc_xml,papers/fulltext/inventory/oa/pmid-30716099.pdf,papers/fulltext/parsed/pmc_xml/PMC6361451.xml,papers/fulltext/parsed/normalized/30716099.json,cached_normalized,24,5750,
pmid-30626682,30626682,pi-backlog,pmc_xml,papers/fulltext/inventory/oa/pmid-30626682.pdf,papers/fulltext/parsed/pmc_xml/PMC6401450.xml,papers/fulltext/parsed/normalized/30626682.json,cached_normalized,0,0,PMC XML body missing.
pmid-30463968,30463968,pi-backlog,pmc_xml,papers/fulltext/inventory/oa/pmid-30463968.pdf,papers/fulltext/parsed/pmc_xml/PMC6363987.xml,papers/fulltext/parsed/normalized/30463968.json,cached_normalized,0,0,PMC XML body missing.
pmid-31886769,31886769,hpmi,pmc_xml,papers/fulltext/inventory/oa/pmid-31886769.pdf,papers/fulltext/parsed/pmc_xml/PMC6986878.xml,papers/fulltext/parsed/normalized/31886769.json,cached_normalized,18,6021,
pmid-31540829,31540829,hpmi,pmc_xml,papers/fulltext/inventory/oa/pmid-31540829.pdf,papers/fulltext/parsed/pmc_xml/PMC6800164.xml,papers/fulltext/parsed/normalized/31540829.json,cached_normalized,25,8550,
pmid-31359007,31359007,hpmi,pmc_xml,papers/fulltext/inventory/oa/pmid-31359007.pdf,papers/fulltext/parsed/pmc_xml/PMC7388783.xml,papers/fulltext/parsed/normalized/31359007.json,cached_normalized,10,2571,
pmid-31253590,31253590,hpmi,pmc_xml,papers/fulltext/inventory/oa/pmid-31253590.pdf,papers/fulltext/parsed/pmc_xml/PMC7153695.xml,papers/fulltext/parsed/normalized/31253590.json,cached_normalized,30,9434,
pmid-31239378,31239378,hpmi,pmc_xml,papers/fulltext/inventory/oa/pmid-31239378.pdf,papers/fulltext/parsed/pmc_xml/PMC6593404.xml,papers/fulltext/parsed/normalized/31239378.json,cached_normalized,19,6002,
pmid-31204998,31204998,hpmi,pmc_xml,papers/fulltext/inventory/oa/pmid-31204998.pdf,papers/fulltext/parsed/pmc_xml/PMC6579556.xml,papers/fulltext/parsed/normalized/31204998.json,cached_normalized,11,1741,
pmid-30833725,30833725,hpmi,pmc_xml,papers/fulltext/inventory/oa/pmid-30833725.pdf,papers/fulltext/parsed/pmc_xml/PMC6533143.xml,papers/fulltext/parsed/normalized/30833725.json,cached_normalized,25,6196,
pmid-31720009,31720009,current-program,pmc_xml,papers/fulltext/inventory/oa/pmid-31720009.pdf,papers/fulltext/parsed/pmc_xml/PMC6830409.xml,papers/fulltext/parsed/normalized/31720009.json,cached_normalized,8,5753,
pmid-31668726,31668726,current-program,pmc_xml,papers/fulltext/inventory/oa/pmid-31668726.pdf,papers/fulltext/parsed/pmc_xml/PMC6924620.xml,papers/fulltext/parsed/normalized/31668726.json,cached_normalized,10,3100,
pmid-31442400,31442400,current-program,pmc_xml,papers/fulltext/inventory/oa/pmid-31442400.pdf,papers/fulltext/parsed/pmc_xml/PMC6716374.xml,papers/fulltext/parsed/normalized/31442400.json,cached_normalized,26,9037,
pmid-31416162,31416162,current-program,pmc_xml,papers/fulltext/inventory/oa/pmid-31416162.pdf,papers/fulltext/parsed/pmc_xml/PMC6722660.xml,papers/fulltext/parsed/normalized/31416162.json,cached_normalized,9,3076,
pmid-31326608,31326608,current-program,pmc_xml,papers/fulltext/inventory/oa/pmid-31326608.pdf,papers/fulltext/parsed/pmc_xml/PMC6861666.xml,papers/fulltext/parsed/normalized/31326608.json,cached_normalized,13,3070,
pmid-30992445,30992445,current-program,pmc_xml,papers/fulltext/inventory/oa/pmid-30992445.pdf,papers/fulltext/parsed/pmc_xml/PMC6467912.xml,papers/fulltext/parsed/normalized/30992445.json,cached_normalized,24,8294,
pmid-30921383,30921383,current-program,pmc_xml,papers/fulltext/inventory/oa/pmid-30921383.pdf,papers/fulltext/parsed/pmc_xml/PMC6438490.xml,papers/fulltext/parsed/normalized/30921383.json,cached_normalized,33,6070,
pmid-30706119,30706119,current-program,pmc_xml,papers/fulltext/inventory/oa/pmid-30706119.pdf,papers/fulltext/parsed/pmc_xml/PMC7094947.xml,papers/fulltext/parsed/normalized/30706119.json,cached_normalized,26,4355,
pmid-30621750,30621750,current-program,pmc_xml,papers/fulltext/inventory/oa/pmid-30621750.pdf,papers/fulltext/parsed/pmc_xml/PMC6325816.xml,papers/fulltext/parsed/normalized/30621750.json,cached_normalized,21,8871,
pmid-30538201,30538201,pi-backlog,pmc_xml,papers/fulltext/inventory/oa/pmid-30538201.pdf,papers/fulltext/parsed/pmc_xml/PMC6310826.xml,papers/fulltext/parsed/normalized/30538201.json,cached_normalized,0,0,PMC XML body missing.
pmid-30401782,30401782,pi-backlog,pmc_xml,papers/fulltext/inventory/oa/pmid-30401782.pdf,papers/fulltext/parsed/pmc_xml/PMC6222128.xml,papers/fulltext/parsed/normalized/30401782.json,cached_normalized,13,4114,
pmid-30293731,30293731,pi-backlog,pdf_grobid,papers/fulltext/inventory/manual/pmid-30293731.pdf,,papers/fulltext/parsed/normalized/30293731.json,cached_normalized,8,3258,Using canonical paper title over GROBID TEI title.; Using canonical paper abstract over GROBID TEI abstract.
pmid-30258002,30258002,pi-backlog,pmc_xml,papers/fulltext/inventory/oa/pmid-30258002.pdf,papers/fulltext/parsed/pmc_xml/PMC6258958.xml,papers/fulltext/parsed/normalized/30258002.json,cached_normalized,0,0,PMC XML body missing.
pmid-30209081,30209081,pi-backlog,pmc_xml,papers/fulltext/inventory/oa/pmid-30209081.pdf,papers/fulltext/parsed/pmc_xml/PMC6375299.xml,papers/fulltext/parsed/normalized/30209081.json,cached_normalized,23,6676,
pmid-30118682,30118682,pi-backlog,pmc_xml,papers/fulltext/inventory/oa/pmid-30118682.pdf,papers/fulltext/parsed/pmc_xml/PMC6329589.xml,papers/fulltext/parsed/normalized/30118682.json,cached_normalized,29,7521,
pmid-30111569,30111569,pi-backlog,pmc_xml,papers/fulltext/inventory/oa/pmid-30111569.pdf,papers/fulltext/parsed/pmc_xml/PMC6189488.xml,papers/fulltext/parsed/normalized/30111569.json,cached_normalized,0,0,PMC XML body missing.
pmid-29958302,29958302,pi-backlog,pmc_xml,papers/fulltext/inventory/oa/pmid-29958302.pdf,papers/fulltext/parsed/pmc_xml/PMC6042790.xml,papers/fulltext/parsed/normalized/29958302.json,cached_normalized,17,6640,
pmid-29874595,29874595,pi-backlog,pdf_grobid,papers/fulltext/inventory/manual/pmid-29874595.pdf,,papers/fulltext/parsed/normalized/29874595.json,cached_normalized,11,6243,Using canonical paper title over GROBID TEI title.; Using canonical paper abstract over GROBID TEI abstract.
pmid-29624387,29624387,pi-backlog,pmc_xml,papers/fulltext/inventory/oa/pmid-29624387.pdf,papers/fulltext/parsed/pmc_xml/PMC6548547.xml,papers/fulltext/parsed/normalized/29624387.json,cached_normalized,33,5856,
pmid-29488088,29488088,pi-backlog,,,,,missing_local_pdf,0,0,local PDF missing
pmid-29391557,29391557,pi-backlog,pmc_xml,papers/fulltext/inventory/oa/pmid-29391557.pdf,papers/fulltext/parsed/pmc_xml/PMC5794779.xml,papers/fulltext/parsed/normalized/29391557.json,cached_normalized,19,6172,
pmid-29370303,29370303,pi-backlog,pmc_xml,papers/fulltext/inventory/oa/pmid-29370303.pdf,papers/fulltext/parsed/pmc_xml/PMC5800688.xml,papers/fulltext/parsed/normalized/29370303.json,cached_normalized,21,6857,
pmid-29321315,29321315,pi-backlog,pmc_xml,papers/fulltext/inventory/oa/pmid-29321315.pdf,papers/fulltext/parsed/pmc_xml/PMC5827389.xml,papers/fulltext/parsed/normalized/29321315.json,cached_normalized,0,0,PMC XML body missing.
pmid-29268608,29268608,pi-backlog,pmc_xml,papers/fulltext/inventory/oa/pmid-29268608.pdf,papers/fulltext/parsed/pmc_xml/PMC6145453.xml,papers/fulltext/parsed/normalized/29268608.json,cached_normalized,25,5982,
pmid-30550790,30550790,hpmi,pmc_xml,papers/fulltext/inventory/oa/pmid-30550790.pdf,papers/fulltext/parsed/pmc_xml/PMC6474419.xml,papers/fulltext/parsed/normalized/30550790.json,cached_normalized,44,10594,
pmid-30550789,30550789,hpmi,pmc_xml,papers/fulltext/inventory/oa/pmid-30550789.pdf,papers/fulltext/parsed/pmc_xml/PMC6366944.xml,papers/fulltext/parsed/normalized/30550789.json,cached_normalized,28,8659,
pmid-30174294,30174294,hpmi,pmc_xml,papers/fulltext/inventory/oa/pmid-30174294.pdf,papers/fulltext/parsed/pmc_xml/PMC6389330.xml,papers/fulltext/parsed/normalized/30174294.json,cached_normalized,29,7508,
pmid-30477498,30477498,current-program,pmc_xml,papers/fulltext/inventory/oa/pmid-30477498.pdf,papers/fulltext/parsed/pmc_xml/PMC6257973.xml,papers/fulltext/parsed/normalized/30477498.json,cached_normalized,11,2994,
pmid-30096313,30096313,current-program,pmc_xml,papers/fulltext/inventory/oa/pmid-30096313.pdf,papers/fulltext/parsed/pmc_xml/PMC6102396.xml,papers/fulltext/parsed/normalized/30096313.json,cached_normalized,35,8722,
pmid-29866884,29866884,current-program,pmc_xml,papers/fulltext/inventory/oa/pmid-29866884.pdf,papers/fulltext/parsed/pmc_xml/PMC6066312.xml,papers/fulltext/parsed/normalized/29866884.json,cached_normalized,0,0,PMC XML body missing.
pmid-29786110,29786110,current-program,pmc_xml,papers/fulltext/inventory/oa/pmid-29786110.pdf,papers/fulltext/parsed/pmc_xml/PMC6034925.xml,papers/fulltext/parsed/normalized/29786110.json,cached_normalized,12,4204,
pmid-28986782,28986782,pi-backlog,pdf_grobid,papers/fulltext/inventory/manual/pmid-28986782.pdf,,papers/fulltext/parsed/normalized/28986782.json,cached_normalized,47,10498,Using canonical paper title over GROBID TEI title.; Using canonical paper abstract over GROBID TEI abstract.
pmid-28972995,28972995,pi-backlog,pmc_xml,papers/fulltext/inventory/oa/pmid-28972995.pdf,papers/fulltext/parsed/pmc_xml/PMC5626475.xml,papers/fulltext/parsed/normalized/28972995.json,cached_normalized,17,6987,
pmid-28869005,28869005,pi-backlog,pmc_xml,papers/fulltext/inventory/oa/pmid-28869005.pdf,papers/fulltext/parsed/pmc_xml/PMC5656757.xml,papers/fulltext/parsed/normalized/28869005.json,cached_normalized,6,2396,
pmid-28661652,28661652,pi-backlog,pmc_xml,papers/fulltext/inventory/oa/pmid-28661652.pdf,papers/fulltext/parsed/pmc_xml/PMC6917504.xml,papers/fulltext/parsed/normalized/28661652.json,cached_normalized,14,4318,
pmid-28607166,28607166,pi-backlog,pmc_xml,papers/fulltext/inventory/oa/pmid-28607166.pdf,papers/fulltext/parsed/pmc_xml/PMC5518416.xml,papers/fulltext/parsed/normalized/28607166.json,cached_normalized,0,0,PMC XML body missing.
pmid-28584171,28584171,pi-backlog,pmc_xml,papers/fulltext/inventory/oa/pmid-28584171.pdf,papers/fulltext/parsed/pmc_xml/PMC5468688.xml,papers/fulltext/parsed/normalized/28584171.json,cached_normalized,9,8774,
pmid-28562037,28562037,pi-backlog,pdf_grobid,papers/fulltext/inventory/manual/pmid-28562037.pdf,,papers/fulltext/parsed/normalized/28562037.json,cached_normalized,8,5401,Using canonical paper title over GROBID TEI title.; Using canonical paper abstract over GROBID TEI abstract.
pmid-28494238,28494238,pi-backlog,pmc_xml,papers/fulltext/inventory/oa/pmid-28494238.pdf,papers/fulltext/parsed/pmc_xml/PMC5490666.xml,papers/fulltext/parsed/normalized/28494238.json,cached_normalized,19,7095,
pmid-28377530,28377530,pi-backlog,pmc_xml,papers/fulltext/inventory/oa/pmid-28377530.pdf,papers/fulltext/parsed/pmc_xml/PMC5380843.xml,papers/fulltext/parsed/normalized/28377530.json,cached_normalized,14,6123,
pmid-28362044,28362044,pi-backlog,pdf_grobid,papers/fulltext/inventory/manual/pmid-28362044.pdf,,papers/fulltext/parsed/normalized/28362044.json,cached_normalized,9,3196,Using canonical paper title over GROBID TEI title.; Using canonical paper abstract over GROBID TEI abstract.
pmid-28248290,28248290,pi-backlog,pmc_xml,papers/fulltext/inventory/oa/pmid-28248290.pdf,papers/fulltext/parsed/pmc_xml/PMC5338947.xml,papers/fulltext/parsed/normalized/28248290.json,cached_normalized,23,6617,
pmid-28230985,28230985,pi-backlog,pdf_grobid,papers/fulltext/inventory/manual/pmid-28230985.pdf,,papers/fulltext/parsed/normalized/28230985.json,cached_normalized,7,5958,Using canonical paper title over GROBID TEI title.; Using canonical paper abstract over GROBID TEI abstract.
pmid-28220929,28220929,pi-backlog,pdf_grobid,papers/fulltext/inventory/manual/pmid-28220929.pdf,,papers/fulltext/parsed/normalized/28220929.json,cached_normalized,3,3372,Using canonical paper title over GROBID TEI title.; Using canonical paper abstract over GROBID TEI abstract.
pmid-27965017,27965017,pi-backlog,pdf_grobid,papers/fulltext/inventory/manual/pmid-27965017.pdf,,papers/fulltext/parsed/normalized/27965017.json,cached_normalized,13,4208,Using canonical paper title over GROBID TEI title.; Using canonical paper abstract over GROBID TEI abstract.
pmid-27807226,27807226,pi-backlog,pmc_xml,papers/fulltext/inventory/oa/pmid-27807226.pdf,papers/fulltext/parsed/pmc_xml/PMC5215348.xml,papers/fulltext/parsed/normalized/27807226.json,cached_normalized,0,0,PMC XML body missing.
pmid-27978436,27978436,pi-backlog,pmc_xml,papers/fulltext/inventory/oa/pmid-27978436.pdf,papers/fulltext/parsed/pmc_xml/PMC5354304.xml,papers/fulltext/parsed/normalized/27978436.json,cached_normalized,16,5211,
pmid-27801516,27801516,pi-backlog,pdf_grobid,papers/fulltext/inventory/manual/pmid-27801516.pdf,,papers/fulltext/parsed/normalized/27801516.json,cached_normalized,9,4320,Using canonical paper title over GROBID TEI title.; Using canonical paper abstract over GROBID TEI abstract.
pmid-27783955,27783955,pi-backlog,pmc_xml,papers/fulltext/inventory/oa/pmid-27783955.pdf,papers/fulltext/parsed/pmc_xml/PMC5123761.xml,papers/fulltext/parsed/normalized/27783955.json,cached_normalized,9,6695,
pmid-27575636,27575636,pi-backlog,pmc_xml,papers/fulltext/inventory/oa/pmid-27575636.pdf,papers/fulltext/parsed/pmc_xml/PMC5004807.xml,papers/fulltext/parsed/normalized/27575636.json,cached_normalized,25,7968,
pmid-27572970,27572970,pi-backlog,pmc_xml,papers/fulltext/inventory/oa/pmid-27572970.pdf,papers/fulltext/parsed/pmc_xml/PMC4917225.xml,papers/fulltext/parsed/normalized/27572970.json,cached_normalized,18,4999,
pmid-27336362,27336362,pi-backlog,pmc_xml,papers/fulltext/inventory/oa/pmid-27336362.pdf,papers/fulltext/parsed/pmc_xml/PMC4931005.xml,papers/fulltext/parsed/normalized/27336362.json,cached_normalized,25,4812,
pmid-27322406,27322406,pi-backlog,pmc_xml,papers/fulltext/inventory/oa/pmid-27322406.pdf,papers/fulltext/parsed/pmc_xml/PMC5031415.xml,papers/fulltext/parsed/normalized/27322406.json,cached_normalized,56,11116,
pmid-27127234,27127234,pi-backlog,pmc_xml,papers/fulltext/inventory/oa/pmid-27127234.pdf,papers/fulltext/parsed/pmc_xml/PMC5193222.xml,papers/fulltext/parsed/normalized/27127234.json,cached_normalized,32,8526,
pmid-27120583,27120583,pi-backlog,pdf_grobid,papers/fulltext/inventory/manual/pmid-27120583.pdf,,papers/fulltext/parsed/normalized/27120583.json,cached_normalized,54,12400,Using canonical paper title over GROBID TEI title.; Using canonical paper abstract over GROBID TEI abstract.
pmid-27116236,27116236,pi-backlog,pmc_xml,papers/fulltext/inventory/oa/pmid-27116236.pdf,papers/fulltext/parsed/pmc_xml/PMC4846163.xml,papers/fulltext/parsed/normalized/27116236.json,cached_normalized,18,4993,
pmid-26845514,26845514,pi-backlog,pmc_xml,papers/fulltext/inventory/oa/pmid-26845514.pdf,papers/fulltext/parsed/pmc_xml/PMC5477850.xml,papers/fulltext/parsed/normalized/26845514.json,cached_normalized,9,5760,
pmid-26799564,26799564,pi-backlog,pmc_xml,papers/fulltext/inventory/oa/pmid-26799564.pdf,papers/fulltext/parsed/pmc_xml/PMC4723060.xml,papers/fulltext/parsed/normalized/26799564.json,cached_normalized,6,3225,
pmid-26789921,26789921,pi-backlog,pmc_xml,papers/fulltext/inventory/oa/pmid-26789921.pdf,papers/fulltext/parsed/pmc_xml/PMC4878455.xml,papers/fulltext/parsed/normalized/26789921.json,cached_normalized,11,4587,
pmid-26546155,26546155,pi-backlog,pmc_xml,papers/fulltext/inventory/oa/pmid-26546155.pdf,papers/fulltext/parsed/pmc_xml/PMC5538256.xml,papers/fulltext/parsed/normalized/26546155.json,cached_normalized,16,5132,
pmid-26651948,26651948,pi-backlog,pmc_xml,papers/fulltext/inventory/oa/pmid-26651948.pdf,papers/fulltext/parsed/pmc_xml/PMC4829074.xml,papers/fulltext/parsed/normalized/26651948.json,cached_normalized,19,4986,
pmid-26443011,26443011,pi-backlog,pmc_xml,papers/fulltext/inventory/oa/pmid-26443011.pdf,papers/fulltext/parsed/pmc_xml/PMC5099076.xml,papers/fulltext/parsed/normalized/26443011.json,cached_normalized,16,3177,
pmid-26435392,26435392,pi-backlog,pmc_xml,papers/fulltext/inventory/oa/pmid-26435392.pdf,papers/fulltext/parsed/pmc_xml/PMC5706558.xml,papers/fulltext/parsed/normalized/26435392.json,cached_normalized,16,4323,
pmid-26362267,26362267,pi-backlog,pmc_xml,papers/fulltext/inventory/oa/pmid-26362267.pdf,papers/fulltext/parsed/pmc_xml/PMC4753773.xml,papers/fulltext/parsed/normalized/26362267.json,cached_normalized,11,5560,
pmid-26329395,26329395,pi-backlog,pmc_xml,papers/fulltext/inventory/oa/pmid-26329395.pdf,papers/fulltext/parsed/pmc_xml/PMC4816045.xml,papers/fulltext/parsed/normalized/26329395.json,cached_normalized,10,5804,
pmid-26312481,26312481,pi-backlog,pmc_xml,papers/fulltext/inventory/oa/pmid-26312481.pdf,papers/fulltext/parsed/pmc_xml/PMC4552029.xml,papers/fulltext/parsed/normalized/26312481.json,cached_normalized,10,5673,
pmid-26265177,26265177,pi-backlog,pdf_grobid,papers/fulltext/inventory/manual/pmid-26265177.pdf,,papers/fulltext/parsed/normalized/26265177.json,cached_normalized,20,4328,Using canonical paper title over GROBID TEI title.; Using canonical paper abstract over GROBID TEI abstract.
pmid-26223644,26223644,pi-backlog,pmc_xml,papers/fulltext/inventory/oa/pmid-26223644.pdf,papers/fulltext/parsed/pmc_xml/PMC4580164.xml,papers/fulltext/parsed/normalized/26223644.json,cached_normalized,0,0,PMC XML body missing.
pmid-26223639,26223639,pi-backlog,pmc_xml,papers/fulltext/inventory/oa/pmid-26223639.pdf,papers/fulltext/parsed/pmc_xml/PMC4580178.xml,papers/fulltext/parsed/normalized/26223639.json,cached_normalized,0,0,PMC XML body missing.
pmid-26178989,26178989,pi-backlog,pmc_xml,papers/fulltext/inventory/oa/pmid-26178989.pdf,papers/fulltext/parsed/pmc_xml/PMC4577919.xml,papers/fulltext/parsed/normalized/26178989.json,cached_normalized,0,0,PMC XML body missing.
pmid-26153856,26153856,pi-backlog,pmc_xml,papers/fulltext/inventory/oa/pmid-26153856.pdf,papers/fulltext/parsed/pmc_xml/PMC8323779.xml,papers/fulltext/parsed/normalized/26153856.json,cached_normalized,1,145,
pmid-26118995,26118995,pi-backlog,pmc_xml,papers/fulltext/inventory/oa/pmid-26118995.pdf,papers/fulltext/parsed/pmc_xml/PMC4540348.xml,papers/fulltext/parsed/normalized/26118995.json,cached_normalized,20,4885,
pmid-26083367,26083367,pi-backlog,pmc_xml,papers/fulltext/inventory/oa/pmid-26083367.pdf,papers/fulltext/parsed/pmc_xml/PMC4471197.xml,papers/fulltext/parsed/normalized/26083367.json,cached_normalized,15,7507,
pmid-26046437,26046437,pi-backlog,pmc_xml,papers/fulltext/inventory/oa/pmid-26046437.pdf,papers/fulltext/parsed/pmc_xml/PMC4503237.xml,papers/fulltext/parsed/normalized/26046437.json,cached_normalized,12,4564,
pmid-25984567,25984567,pi-backlog,pmc_xml,papers/fulltext/inventory/oa/pmid-25984567.pdf,papers/fulltext/parsed/pmc_xml/PMC4426349.xml,papers/fulltext/parsed/normalized/25984567.json,cached_normalized,21,5842,
pmid-25966783,25966783,pi-backlog,pmc_xml,papers/fulltext/inventory/oa/pmid-25966783.pdf,papers/fulltext/parsed/pmc_xml/PMC4553127.xml,papers/fulltext/parsed/normalized/25966783.json,cached_normalized,0,0,PMC XML body missing.
pmid-25616068,25616068,pi-backlog,pmc_xml,papers/fulltext/inventory/oa/pmid-25616068.pdf,papers/fulltext/parsed/pmc_xml/PMC4305532.xml,papers/fulltext/parsed/normalized/25616068.json,cached_normalized,15,5607,
pmid-25590154,25590154,pi-backlog,pmc_xml,papers/fulltext/inventory/oa/pmid-25590154.pdf,papers/fulltext/parsed/pmc_xml/PMC4347440.xml,papers/fulltext/parsed/normalized/25590154.json,cached_normalized,0,0,PMC XML body missing.
pmid-25511110,25511110,pi-backlog,pdf_grobid,papers/fulltext/inventory/manual/pmid-25511110.pdf,,papers/fulltext/parsed/normalized/25511110.json,cached_normalized,13,3275,Using canonical paper title over GROBID TEI title.; Using canonical paper abstract over GROBID TEI abstract.
pmid-25403732,25403732,pi-backlog,,,,,missing_local_pdf,0,0,local PDF missing
pmid-25389186,25389186,pi-backlog,pmc_xml,papers/fulltext/inventory/oa/pmid-25389186.pdf,papers/fulltext/parsed/pmc_xml/PMC4336859.xml,papers/fulltext/parsed/normalized/25389186.json,cached_normalized,0,0,PMC XML body missing.
pmid-25007846,25007846,pi-backlog,pdf_grobid,papers/fulltext/inventory/manual/pmid-25007846.pdf,,papers/fulltext/parsed/normalized/25007846.json,cached_normalized,5,2587,Using canonical paper title over GROBID TEI title.; Using canonical paper abstract over GROBID TEI abstract.
pmid-26038505,26038505,pi-backlog,pmc_xml,papers/fulltext/inventory/oa/pmid-26038505.pdf,papers/fulltext/parsed/pmc_xml/PMC4317638.xml,papers/fulltext/parsed/normalized/26038505.json,cached_normalized,10,2985,
pmid-25381252,25381252,pi-backlog,pmc_xml,papers/fulltext/inventory/oa/pmid-25381252.pdf,papers/fulltext/parsed/pmc_xml/PMC4276846.xml,papers/fulltext/parsed/normalized/25381252.json,cached_normalized,0,0,PMC XML body missing.
pmid-25378627,25378627,pi-backlog,pdf_grobid,papers/fulltext/inventory/manual/pmid-25378627.pdf,,papers/fulltext/parsed/normalized/25378627.json,cached_normalized,3,1951,Using canonical paper title over GROBID TEI title.
pmid-25211074,25211074,pi-backlog,pmc_xml,papers/fulltext/inventory/oa/pmid-25211074.pdf,papers/fulltext/parsed/pmc_xml/PMC4176702.xml,papers/fulltext/parsed/normalized/25211074.json,cached_normalized,19,5057,
pmid-25201897,25201897,pi-backlog,pdf_grobid,papers/fulltext/inventory/manual/pmid-25201897.pdf,,papers/fulltext/parsed/normalized/25201897.json,cached_normalized,13,4725,Using canonical paper title over GROBID TEI title.
pmid-25199792,25199792,pi-backlog,pdf_grobid,papers/fulltext/inventory/manual/pmid-25199792.pdf,,papers/fulltext/parsed/normalized/25199792.json,cached_normalized,12,2832,Using canonical paper title over GROBID TEI title.; Using canonical paper abstract over GROBID TEI abstract.
pmid-25161197,25161197,pi-backlog,pmc_xml,papers/fulltext/inventory/oa/pmid-25161197.pdf,papers/fulltext/parsed/pmc_xml/PMC4223482.xml,papers/fulltext/parsed/normalized/25161197.json,cached_normalized,0,0,PMC XML body missing.
pmid-25057006,25057006,pi-backlog,pmc_xml,papers/fulltext/inventory/oa/pmid-25057006.pdf,papers/fulltext/parsed/pmc_xml/PMC4134964.xml,papers/fulltext/parsed/normalized/25057006.json,cached_normalized,13,3467,
pmid-24843188,24843188,pi-backlog,pmc_xml,papers/fulltext/inventory/oa/pmid-24843188.pdf,papers/fulltext/parsed/pmc_xml/PMC4023284.xml,papers/fulltext/parsed/normalized/24843188.json,cached_normalized,15,2915,
pmid-24817247,24817247,pi-backlog,pmc_xml,papers/fulltext/inventory/oa/pmid-24817247.pdf,papers/fulltext/parsed/pmc_xml/PMC4016004.xml,papers/fulltext/parsed/normalized/24817247.json,cached_normalized,16,3777,
pmid-24802635,24802635,pi-backlog,pmc_xml,papers/fulltext/inventory/oa/pmid-24802635.pdf,papers/fulltext/parsed/pmc_xml/PMC4068255.xml,papers/fulltext/parsed/normalized/24802635.json,cached_normalized,17,5879,
pmid-24760882,24760882,pi-backlog,pmc_xml,papers/fulltext/inventory/oa/pmid-24760882.pdf,papers/fulltext/parsed/pmc_xml/PMC4054419.xml,papers/fulltext/parsed/normalized/24760882.json,cached_normalized,0,0,PMC XML body missing.
pmid-24725954,24725954,pi-backlog,pmc_xml,papers/fulltext/inventory/oa/pmid-24725954.pdf,papers/fulltext/parsed/pmc_xml/PMC7111987.xml,papers/fulltext/parsed/normalized/24725954.json,cached_normalized,17,5292,
pmid-24692634,24692634,pi-backlog,pmc_xml,papers/fulltext/inventory/oa/pmid-24692634.pdf,papers/fulltext/parsed/pmc_xml/PMC3977358.xml,papers/fulltext/parsed/normalized/24692634.json,cached_normalized,15,4194,
pmid-24643253,24643253,pi-backlog,pmc_xml,papers/fulltext/inventory/oa/pmid-24643253.pdf,papers/fulltext/parsed/pmc_xml/PMC3958477.xml,papers/fulltext/parsed/normalized/24643253.json,cached_normalized,18,5617,
pmid-24586175,24586175,pi-backlog,pmc_xml,papers/fulltext/inventory/oa/pmid-24586175.pdf,papers/fulltext/parsed/pmc_xml/PMC3937324.xml,papers/fulltext/parsed/normalized/24586175.json,cached_normalized,19,7030,
pmid-24573470,24573470,pi-backlog,pdf_grobid,papers/fulltext/inventory/manual/pmid-24573470.pdf,,papers/fulltext/parsed/normalized/24573470.json,cached_normalized,12,5499,Using canonical paper title over GROBID TEI title.; Using canonical paper abstract over GROBID TEI abstract.
pmid-24284630,24284630,pi-backlog,pmc_xml,papers/fulltext/inventory/oa/pmid-24284630.pdf,papers/fulltext/parsed/pmc_xml/PMC4077721.xml,papers/fulltext/parsed/normalized/24284630.json,cached_normalized,12,2516,
pmid-24271400,24271400,pi-backlog,pmc_xml,papers/fulltext/inventory/oa/pmid-24271400.pdf,papers/fulltext/parsed/pmc_xml/PMC3965011.xml,papers/fulltext/parsed/normalized/24271400.json,cached_normalized,17,4625,
pmid-24237697,24237697,pi-backlog,pmc_xml,papers/fulltext/inventory/oa/pmid-24237697.pdf,papers/fulltext/parsed/pmc_xml/PMC3904747.xml,papers/fulltext/parsed/normalized/24237697.json,cached_normalized,15,5541,
pmid-24098102,24098102,pi-backlog,pmc_xml,papers/fulltext/inventory/oa/pmid-24098102.pdf,papers/fulltext/parsed/pmc_xml/PMC3789770.xml,papers/fulltext/parsed/normalized/24098102.json,cached_normalized,18,6066,
pmid-23903830,23903830,pi-backlog,pmc_xml,papers/fulltext/inventory/oa/pmid-23903830.pdf,papers/fulltext/parsed/pmc_xml/PMC3807383.xml,papers/fulltext/parsed/normalized/23903830.json,cached_normalized,0,0,PMC XML body missing.
pmid-23825951,23825951,pi-backlog,pmc_xml,papers/fulltext/inventory/oa/pmid-23825951.pdf,papers/fulltext/parsed/pmc_xml/PMC3694860.xml,papers/fulltext/parsed/normalized/23825951.json,cached_normalized,19,6225,
pmid-23749869,23749869,pi-backlog,pmc_xml,papers/fulltext/inventory/oa/pmid-23749869.pdf,papers/fulltext/parsed/pmc_xml/PMC3696746.xml,papers/fulltext/parsed/normalized/23749869.json,cached_normalized,0,0,PMC XML body missing.
pmid-23593007,23593007,pi-backlog,pmc_xml,papers/fulltext/inventory/oa/pmid-23593007.pdf,papers/fulltext/parsed/pmc_xml/PMC3623766.xml,papers/fulltext/parsed/normalized/23593007.json,cached_normalized,25,6370,
pmid-23578028,23578028,pi-backlog,pmc_xml,papers/fulltext/inventory/oa/pmid-23578028.pdf,papers/fulltext/parsed/pmc_xml/PMC4056341.xml,papers/fulltext/parsed/normalized/23578028.json,cached_normalized,11,6345,
pmid-23509259,23509259,pi-backlog,pmc_xml,papers/fulltext/inventory/oa/pmid-23509259.pdf,papers/fulltext/parsed/pmc_xml/PMC3619328.xml,papers/fulltext/parsed/normalized/23509259.json,cached_normalized,0,0,PMC XML body missing.
pmid-23420847,23420847,pi-backlog,pmc_xml,papers/fulltext/inventory/oa/pmid-23420847.pdf,papers/fulltext/parsed/pmc_xml/PMC3617291.xml,papers/fulltext/parsed/normalized/23420847.json,cached_normalized,0,0,PMC XML body missing.
pmid-23389801,23389801,pi-backlog,pdf_grobid,papers/fulltext/inventory/manual/pmid-23389801.pdf,,papers/fulltext/parsed/normalized/23389801.json,cached_normalized,17,7550,Using canonical paper title over GROBID TEI title.; Using canonical paper abstract over GROBID TEI abstract.
pmid-23145065,23145065,pi-backlog,pmc_xml,papers/fulltext/inventory/oa/pmid-23145065.pdf,papers/fulltext/parsed/pmc_xml/PMC3492183.xml,papers/fulltext/parsed/normalized/23145065.json,cached_normalized,10,4219,
pmid-23063562,23063562,pi-backlog,pmc_xml,papers/fulltext/inventory/oa/pmid-23063562.pdf,papers/fulltext/parsed/pmc_xml/PMC3625992.xml,papers/fulltext/parsed/normalized/23063562.json,cached_normalized,12,6158,
pmid-23041628,23041628,pi-backlog,pmc_xml,papers/fulltext/inventory/oa/pmid-23041628.pdf,papers/fulltext/parsed/pmc_xml/PMC3484433.xml,papers/fulltext/parsed/normalized/23041628.json,cached_normalized,0,0,PMC XML body missing.
pmid-22993153,22993153,pi-backlog,pmc_xml,papers/fulltext/inventory/oa/pmid-22993153.pdf,papers/fulltext/parsed/pmc_xml/PMC3497675.xml,papers/fulltext/parsed/normalized/22993153.json,cached_normalized,0,0,PMC XML body missing.
pmid-22932902,22932902,pi-backlog,pmc_xml,papers/fulltext/inventory/oa/pmid-22932902.pdf,papers/fulltext/parsed/pmc_xml/PMC3488050.xml,papers/fulltext/parsed/normalized/22932902.json,cached_normalized,0,0,PMC XML body missing.
pmid-22855494,22855494,pi-backlog,pmc_xml,papers/fulltext/inventory/oa/pmid-22855494.pdf,papers/fulltext/parsed/pmc_xml/PMC3457171.xml,papers/fulltext/parsed/normalized/22855494.json,cached_normalized,0,0,PMC XML body missing.
pmid-22778433,22778433,pi-backlog,pmc_xml,papers/fulltext/inventory/oa/pmid-22778433.pdf,papers/fulltext/parsed/pmc_xml/PMC3409765.xml,papers/fulltext/parsed/normalized/22778433.json,cached_normalized,0,0,PMC XML body missing.
pmid-22718633,22718633,pi-backlog,pmc_xml,papers/fulltext/inventory/oa/pmid-22718633.pdf,papers/fulltext/parsed/pmc_xml/PMC4111641.xml,papers/fulltext/parsed/normalized/22718633.json,cached_normalized,14,4091,
pmid-22618536,22618536,pi-backlog,pmc_xml,papers/fulltext/inventory/oa/pmid-22618536.pdf,papers/fulltext/parsed/pmc_xml/PMC3400954.xml,papers/fulltext/parsed/normalized/22618536.json,cached_normalized,0,0,PMC XML body missing.
pmid-22590727,22590727,pi-backlog,pdf_grobid,papers/fulltext/inventory/manual/pmid-22590727.pdf,,papers/fulltext/parsed/normalized/22590727.json,cached_normalized,14,6097,Using canonical paper title over GROBID TEI title.; Using canonical paper abstract over GROBID TEI abstract.
pmid-22419161,22419161,pi-backlog,pmc_xml,papers/fulltext/inventory/oa/pmid-22419161.pdf,papers/fulltext/parsed/pmc_xml/PMC3598589.xml,papers/fulltext/parsed/normalized/22419161.json,cached_normalized,6,3109,
pmid-22323229,22323229,pi-backlog,,,,,missing_local_pdf,0,0,local PDF missing
pmid-22260278,22260278,pi-backlog,pmc_xml,papers/fulltext/inventory/oa/pmid-22260278.pdf,papers/fulltext/parsed/pmc_xml/PMC3345175.xml,papers/fulltext/parsed/normalized/22260278.json,cached_normalized,17,3452,
pmid-22217077,22217077,pi-backlog,pmc_xml,papers/fulltext/inventory/oa/pmid-22217077.pdf,papers/fulltext/parsed/pmc_xml/PMC3284387.xml,papers/fulltext/parsed/normalized/22217077.json,cached_normalized,14,2743,
pmid-22183533,22183533,pi-backlog,pmc_xml,papers/fulltext/inventory/oa/pmid-22183533.pdf,papers/fulltext/parsed/pmc_xml/PMC3386294.xml,papers/fulltext/parsed/normalized/22183533.json,cached_normalized,21,2787,
pmid-22084242,22084242,pi-backlog,pmc_xml,papers/fulltext/inventory/oa/pmid-22084242.pdf,papers/fulltext/parsed/pmc_xml/PMC3256921.xml,papers/fulltext/parsed/normalized/22084242.json,cached_normalized,0,0,PMC XML body missing.
pmid-21963794,21963794,pi-backlog,pmc_xml,papers/fulltext/inventory/oa/pmid-21963794.pdf,papers/fulltext/parsed/pmc_xml/PMC3410985.xml,papers/fulltext/parsed/normalized/21963794.json,cached_normalized,19,4621,
pmid-22190037,22190037,pi-backlog,pmc_xml,papers/fulltext/inventory/oa/pmid-22190037.pdf,papers/fulltext/parsed/pmc_xml/PMC3310910.xml,papers/fulltext/parsed/normalized/22190037.json,cached_normalized,1,129,
pmid-21956618,21956618,pi-backlog,pmc_xml,papers/fulltext/inventory/oa/pmid-21956618.pdf,papers/fulltext/parsed/pmc_xml/PMC3329222.xml,papers/fulltext/parsed/normalized/21956618.json,cached_normalized,17,4544,
pmid-21917972,21917972,pi-backlog,pmc_xml,papers/fulltext/inventory/oa/pmid-21917972.pdf,papers/fulltext/parsed/pmc_xml/PMC3209325.xml,papers/fulltext/parsed/normalized/21917972.json,cached_normalized,0,0,PMC XML body missing.
pmid-21909097,21909097,pi-backlog,pmc_xml,papers/fulltext/inventory/oa/pmid-21909097.pdf,papers/fulltext/parsed/pmc_xml/PMC3329801.xml,papers/fulltext/parsed/normalized/21909097.json,cached_normalized,13,4757,
pmid-21885739,21885739,pi-backlog,pmc_xml,papers/fulltext/inventory/oa/pmid-21885739.pdf,papers/fulltext/parsed/pmc_xml/PMC3179104.xml,papers/fulltext/parsed/normalized/21885739.json,cached_normalized,0,0,PMC XML body missing.
pmid-21876670,21876670,pi-backlog,pmc_xml,papers/fulltext/inventory/oa/pmid-21876670.pdf,papers/fulltext/parsed/pmc_xml/PMC3158049.xml,papers/fulltext/parsed/normalized/21876670.json,cached_normalized,17,5605,
pmid-21852950,21852950,pi-backlog,pmc_xml,papers/fulltext/inventory/oa/pmid-21852950.pdf,papers/fulltext/parsed/pmc_xml/PMC3154844.xml,papers/fulltext/parsed/normalized/21852950.json,cached_normalized,20,7210,
pmid-21846828,21846828,pi-backlog,pmc_xml,papers/fulltext/inventory/oa/pmid-21846828.pdf,papers/fulltext/parsed/pmc_xml/PMC3157893.xml,papers/fulltext/parsed/normalized/21846828.json,cached_normalized,20,4132,
pmid-21823622,21823622,pi-backlog,pmc_xml,papers/fulltext/inventory/oa/pmid-21823622.pdf,papers/fulltext/parsed/pmc_xml/PMC3199332.xml,papers/fulltext/parsed/normalized/21823622.json,cached_normalized,12,2851,
pmid-21670211,21670211,pi-backlog,pmc_xml,papers/fulltext/inventory/oa/pmid-21670211.pdf,papers/fulltext/parsed/pmc_xml/PMC3115789.xml,papers/fulltext/parsed/normalized/21670211.json,cached_normalized,7,5376,
pmid-21593271,21593271,pi-backlog,pmc_xml,papers/fulltext/inventory/oa/pmid-21593271.pdf,papers/fulltext/parsed/pmc_xml/PMC3353386.xml,papers/fulltext/parsed/normalized/21593271.json,cached_normalized,0,0,PMC XML body missing.
pmid-21483486,21483486,pi-backlog,pmc_xml,papers/fulltext/inventory/oa/pmid-21483486.pdf,papers/fulltext/parsed/pmc_xml/PMC3068995.xml,papers/fulltext/parsed/normalized/21483486.json,cached_normalized,19,8443,
pmid-21464929,21464929,pi-backlog,pmc_xml,papers/fulltext/inventory/oa/pmid-21464929.pdf,papers/fulltext/parsed/pmc_xml/PMC3065461.xml,papers/fulltext/parsed/normalized/21464929.json,cached_normalized,16,5748,
pmid-21275375,21275375,pi-backlog,pmc_xml,papers/fulltext/inventory/oa/pmid-21275375.pdf,papers/fulltext/parsed/pmc_xml/PMC3043370.xml,papers/fulltext/parsed/normalized/21275375.json,cached_normalized,7,1953,
pmid-21245900,21245900,pi-backlog,pmc_xml,papers/fulltext/inventory/oa/pmid-21245900.pdf,papers/fulltext/parsed/pmc_xml/PMC7096819.xml,papers/fulltext/parsed/normalized/21245900.json,cached_normalized,1,1150,
pmid-21097780,21097780,pi-backlog,pmc_xml,papers/fulltext/inventory/oa/pmid-21097780.pdf,papers/fulltext/parsed/pmc_xml/PMC3013688.xml,papers/fulltext/parsed/normalized/21097780.json,cached_normalized,19,4658,
pmid-21075352,21075352,pi-backlog,pmc_xml,papers/fulltext/inventory/oa/pmid-21075352.pdf,papers/fulltext/parsed/pmc_xml/PMC3310429.xml,papers/fulltext/parsed/normalized/21075352.json,cached_normalized,18,7849,
pmid-20943654,20943654,pi-backlog,pmc_xml,papers/fulltext/inventory/oa/pmid-20943654.pdf,papers/fulltext/parsed/pmc_xml/PMC3009927.xml,papers/fulltext/parsed/normalized/20943654.json,cached_normalized,0,0,PMC XML body missing.
pmid-20935628,20935628,pi-backlog,pmc_xml,papers/fulltext/inventory/oa/pmid-20935628.pdf,papers/fulltext/parsed/pmc_xml/PMC3431199.xml,papers/fulltext/parsed/normalized/20935628.json,cached_normalized,1,1589,
pmid-20844044,20844044,pi-backlog,pmc_xml,papers/fulltext/inventory/oa/pmid-20844044.pdf,papers/fulltext/parsed/pmc_xml/PMC2977876.xml,papers/fulltext/parsed/normalized/20844044.json,cached_normalized,0,0,PMC XML body missing.
pmid-20844032,20844032,pi-backlog,pmc_xml,papers/fulltext/inventory/oa/pmid-20844032.pdf,papers/fulltext/parsed/pmc_xml/PMC2977874.xml,papers/fulltext/parsed/normalized/20844032.json,cached_normalized,0,0,PMC XML body missing.
pmid-20617177,20617177,pi-backlog,pmc_xml,papers/fulltext/inventory/oa/pmid-20617177.pdf,papers/fulltext/parsed/pmc_xml/PMC2895659.xml,papers/fulltext/parsed/normalized/20617177.json,cached_normalized,19,7533,
pmid-20610653,20610653,pi-backlog,pmc_xml,papers/fulltext/inventory/oa/pmid-20610653.pdf,papers/fulltext/parsed/pmc_xml/PMC2910841.xml,papers/fulltext/parsed/normalized/20610653.json,cached_normalized,16,4455,
pmid-20534531,20534531,pi-backlog,pmc_xml,papers/fulltext/inventory/oa/pmid-20534531.pdf,papers/fulltext/parsed/pmc_xml/PMC2895125.xml,papers/fulltext/parsed/normalized/20534531.json,cached_normalized,0,0,PMC XML body missing.
pmid-20406818,20406818,pi-backlog,pmc_xml,papers/fulltext/inventory/oa/pmid-20406818.pdf,papers/fulltext/parsed/pmc_xml/PMC2888438.xml,papers/fulltext/parsed/normalized/20406818.json,cached_normalized,20,5407,
pmid-20406241,20406241,pi-backlog,pdf_grobid,papers/fulltext/inventory/manual/pmid-20406241.pdf,,papers/fulltext/parsed/normalized/20406241.json,cached_normalized,11,1982,Using canonical paper title over GROBID TEI title.; Using canonical paper abstract over GROBID TEI abstract.
pmid-20357099,20357099,pi-backlog,pmc_xml,papers/fulltext/inventory/oa/pmid-20357099.pdf,papers/fulltext/parsed/pmc_xml/PMC2876584.xml,papers/fulltext/parsed/normalized/20357099.json,cached_normalized,0,0,PMC XML body missing.
pmid-20219937,20219937,pi-backlog,pmc_xml,papers/fulltext/inventory/oa/pmid-20219937.pdf,papers/fulltext/parsed/pmc_xml/PMC2863827.xml,papers/fulltext/parsed/normalized/20219937.json,cached_normalized,0,0,PMC XML body missing.
pmid-20140252,20140252,pi-backlog,pmc_xml,papers/fulltext/inventory/oa/pmid-20140252.pdf,papers/fulltext/parsed/pmc_xml/PMC2815782.xml,papers/fulltext/parsed/normalized/20140252.json,cached_normalized,12,6046,
pmid-20140189,20140189,pi-backlog,pmc_xml,papers/fulltext/inventory/oa/pmid-20140189.pdf,papers/fulltext/parsed/pmc_xml/PMC2816688.xml,papers/fulltext/parsed/normalized/20140189.json,cached_normalized,15,4794,
pmid-20071582,20071582,pi-backlog,pmc_xml,papers/fulltext/inventory/oa/pmid-20071582.pdf,papers/fulltext/parsed/pmc_xml/PMC2838087.xml,papers/fulltext/parsed/normalized/20071582.json,cached_normalized,0,0,PMC XML body missing.
pmid-20027183,20027183,pi-backlog,pmc_xml,papers/fulltext/inventory/oa/pmid-20027183.pdf,papers/fulltext/parsed/pmc_xml/PMC2862546.xml,papers/fulltext/parsed/normalized/20027183.json,cached_normalized,3,301,
pmid-19927307,19927307,pi-backlog,,,,,missing_local_pdf,0,0,local PDF missing
pmid-20011113,20011113,pi-backlog,pmc_xml,papers/fulltext/inventory/oa/pmid-20011113.pdf,papers/fulltext/parsed/pmc_xml/PMC2781298.xml,papers/fulltext/parsed/normalized/20011113.json,cached_normalized,20,7843,
pmid-19845314,19845314,pi-backlog,pmc_xml,papers/fulltext/inventory/oa/pmid-19845314.pdf,papers/fulltext/parsed/pmc_xml/PMC2790034.xml,papers/fulltext/parsed/normalized/19845314.json,cached_normalized,25,8824,
pmid-19812322,19812322,pi-backlog,pmc_xml,papers/fulltext/inventory/oa/pmid-19812322.pdf,papers/fulltext/parsed/pmc_xml/PMC2802851.xml,papers/fulltext/parsed/normalized/19812322.json,cached_normalized,0,0,PMC XML body missing.
pmid-19730696,19730696,pi-backlog,pmc_xml,papers/fulltext/inventory/oa/pmid-19730696.pdf,papers/fulltext/parsed/pmc_xml/PMC2731838.xml,papers/fulltext/parsed/normalized/19730696.json,cached_normalized,13,4946,
pmid-19706713,19706713,pi-backlog,pmc_xml,papers/fulltext/inventory/oa/pmid-19706713.pdf,papers/fulltext/parsed/pmc_xml/PMC2753112.xml,papers/fulltext/parsed/normalized/19706713.json,cached_normalized,0,0,PMC XML body missing.
pmid-19625461,19625461,pi-backlog,pmc_xml,papers/fulltext/inventory/oa/pmid-19625461.pdf,papers/fulltext/parsed/pmc_xml/PMC2888313.xml,papers/fulltext/parsed/normalized/19625461.json,cached_normalized,0,0,PMC XML body missing.
pmid-19617271,19617271,pi-backlog,,,,,missing_local_pdf,0,0,local PDF missing
pmid-19587024,19587024,pi-backlog,pmc_xml,papers/fulltext/inventory/oa/pmid-19587024.pdf,papers/fulltext/parsed/pmc_xml/PMC2909824.xml,papers/fulltext/parsed/normalized/19587024.json,cached_normalized,0,0,PMC XML body missing.
pmid-19521506,19521506,pi-backlog,pmc_xml,papers/fulltext/inventory/oa/pmid-19521506.pdf,papers/fulltext/parsed/pmc_xml/PMC2688073.xml,papers/fulltext/parsed/normalized/19521506.json,cached_normalized,14,5522,
pmid-19472362,19472362,pi-backlog,pmc_xml,papers/fulltext/inventory/oa/pmid-19472362.pdf,papers/fulltext/parsed/pmc_xml/PMC2774440.xml,papers/fulltext/parsed/normalized/19472362.json,cached_normalized,0,0,PMC XML body missing.
pmid-19454348,19454348,pi-backlog,pmc_xml,papers/fulltext/inventory/oa/pmid-19454348.pdf,papers/fulltext/parsed/pmc_xml/PMC2737813.xml,papers/fulltext/parsed/normalized/19454348.json,cached_normalized,13,5041,
pmid-19381286,19381286,pi-backlog,pmc_xml,papers/fulltext/inventory/oa/pmid-19381286.pdf,papers/fulltext/parsed/pmc_xml/PMC2667270.xml,papers/fulltext/parsed/normalized/19381286.json,cached_normalized,16,4643,
pmid-19279106,19279106,pi-backlog,pmc_xml,papers/fulltext/inventory/oa/pmid-19279106.pdf,papers/fulltext/parsed/pmc_xml/PMC2681973.xml,papers/fulltext/parsed/normalized/19279106.json,cached_normalized,0,0,PMC XML body missing.
pmid-19233204,19233204,pi-backlog,pmc_xml,papers/fulltext/inventory/oa/pmid-19233204.pdf,papers/fulltext/parsed/pmc_xml/PMC2680734.xml,papers/fulltext/parsed/normalized/19233204.json,cached_normalized,26,7312,
pmid-19218453,19218453,pi-backlog,pmc_xml,papers/fulltext/inventory/oa/pmid-19218453.pdf,papers/fulltext/parsed/pmc_xml/PMC2642661.xml,papers/fulltext/parsed/normalized/19218453.json,cached_normalized,0,0,PMC XML body missing.
pmid-19019947,19019947,pi-backlog,pmc_xml,papers/fulltext/inventory/oa/pmid-19019947.pdf,papers/fulltext/parsed/pmc_xml/PMC2620888.xml,papers/fulltext/parsed/normalized/19019947.json,cached_normalized,0,0,PMC XML body missing.
pmid-18948282,18948282,pi-backlog,pmc_xml,papers/fulltext/inventory/oa/pmid-18948282.pdf,papers/fulltext/parsed/pmc_xml/PMC2686492.xml,papers/fulltext/parsed/normalized/18948282.json,cached_normalized,20,3092,
pmid-18854154,18854154,pi-backlog,pmc_xml,papers/fulltext/inventory/oa/pmid-18854154.pdf,papers/fulltext/parsed/pmc_xml/PMC2628946.xml,papers/fulltext/parsed/normalized/18854154.json,cached_normalized,19,5261,
pmid-18835315,18835315,pi-backlog,pdf_grobid,papers/fulltext/inventory/manual/pmid-18835315.pdf,,papers/fulltext/parsed/normalized/18835315.json,cached_normalized,9,2676,Using canonical paper title over GROBID TEI title.
pmid-18832340,18832340,pi-backlog,pmc_xml,papers/fulltext/inventory/oa/pmid-18832340.pdf,papers/fulltext/parsed/pmc_xml/PMC2578807.xml,papers/fulltext/parsed/normalized/18832340.json,cached_normalized,0,0,PMC XML body missing.
pmid-18785945,18785945,pi-backlog,pmc_xml,papers/fulltext/inventory/oa/pmid-18785945.pdf,papers/fulltext/parsed/pmc_xml/PMC2597503.xml,papers/fulltext/parsed/normalized/18785945.json,cached_normalized,4,2735,
pmid-18663127,18663127,pi-backlog,pmc_xml,papers/fulltext/inventory/oa/pmid-18663127.pdf,papers/fulltext/parsed/pmc_xml/PMC2525597.xml,papers/fulltext/parsed/normalized/18663127.json,cached_normalized,9,2991,
pmid-18621707,18621707,pi-backlog,pmc_xml,papers/fulltext/inventory/oa/pmid-18621707.pdf,papers/fulltext/parsed/pmc_xml/PMC2474495.xml,papers/fulltext/parsed/normalized/18621707.json,cached_normalized,0,0,PMC XML body missing.
pmid-18542861,18542861,pi-backlog,,,,,missing_local_pdf,0,0,local PDF missing
pmid-18536725,18536725,pi-backlog,pmc_xml,papers/fulltext/inventory/oa/pmid-18536725.pdf,papers/fulltext/parsed/pmc_xml/PMC2546500.xml,papers/fulltext/parsed/normalized/18536725.json,cached_normalized,14,4151,
pmid-18533893,18533893,pi-backlog,pmc_xml,papers/fulltext/inventory/oa/pmid-18533893.pdf,papers/fulltext/parsed/pmc_xml/PMC2775926.xml,papers/fulltext/parsed/normalized/18533893.json,cached_normalized,0,0,PMC XML body missing.
pmid-18379232,18379232,pi-backlog,pdf_grobid,papers/fulltext/inventory/manual/pmid-18379232.pdf,,papers/fulltext/parsed/normalized/18379232.json,cached_normalized,8,4141,Using canonical paper title over GROBID TEI title.; Using canonical paper abstract over GROBID TEI abstract.
pmid-18300872,18300872,pi-backlog,,,,,missing_local_pdf,0,0,local PDF missing
pmid-18174180,18174180,pi-backlog,pdf_grobid,papers/fulltext/inventory/manual/pmid-18174180.pdf,,papers/fulltext/parsed/normalized/18174180.json,cached_normalized,7,992,Using canonical paper title over GROBID TEI title.; Using canonical paper abstract over GROBID TEI abstract.
pmid-18071337,18071337,pi-backlog,pmc_xml,papers/fulltext/inventory/oa/pmid-18071337.pdf,papers/fulltext/parsed/pmc_xml/PMC2930752.xml,papers/fulltext/parsed/normalized/18071337.json,cached_normalized,0,0,PMC XML body missing.
pmid-18003608,18003608,pi-backlog,pdf_grobid,papers/fulltext/inventory/manual/pmid-18003608.pdf,,papers/fulltext/parsed/normalized/18003608.json,cached_normalized,8,5821,Using canonical paper title over GROBID TEI title.
pmid-17965094,17965094,pi-backlog,pmc_xml,papers/fulltext/inventory/oa/pmid-17965094.pdf,papers/fulltext/parsed/pmc_xml/PMC2238987.xml,papers/fulltext/parsed/normalized/17965094.json,cached_normalized,13,2363,
pmid-17942531,17942531,pi-backlog,pmc_xml,papers/fulltext/inventory/oa/pmid-17942531.pdf,papers/fulltext/parsed/pmc_xml/PMC2224404.xml,papers/fulltext/parsed/normalized/17942531.json,cached_normalized,0,0,PMC XML body missing.
pmid-18429317,18429317,pi-backlog,,,,,missing_local_pdf,0,0,local PDF missing
pmid-18082876,18082876,pi-backlog,,,,,missing_local_pdf,0,0,local PDF missing
pmid-17965183,17965183,pi-backlog,pmc_xml,papers/fulltext/inventory/oa/pmid-17965183.pdf,papers/fulltext/parsed/pmc_xml/PMC2222825.xml,papers/fulltext/parsed/normalized/17965183.json,cached_normalized,0,0,PMC XML body missing.
pmid-17905832,17905832,pi-backlog,pmc_xml,papers/fulltext/inventory/oa/pmid-17905832.pdf,papers/fulltext/parsed/pmc_xml/PMC2211691.xml,papers/fulltext/parsed/normalized/17905832.json,cached_normalized,0,0,PMC XML body missing.
pmid-17703413,17703413,pi-backlog,pdf_grobid,papers/fulltext/inventory/manual/pmid-17703413.pdf,,papers/fulltext/parsed/normalized/17703413.json,cached_normalized,8,3620,Using canonical paper title over GROBID TEI title.
pmid-17570147,17570147,pi-backlog,pmc_xml,papers/fulltext/inventory/oa/pmid-17570147.pdf,papers/fulltext/parsed/pmc_xml/PMC1892083.xml,papers/fulltext/parsed/normalized/17570147.json,cached_normalized,21,4677,
pmid-17494067,17494067,pi-backlog,pmc_xml,papers/fulltext/inventory/oa/pmid-17494067.pdf,papers/fulltext/parsed/pmc_xml/PMC1933368.xml,papers/fulltext/parsed/normalized/17494067.json,cached_normalized,0,0,PMC XML body missing.
pmid-17459917,17459917,pi-backlog,pmc_xml,papers/fulltext/inventory/oa/pmid-17459917.pdf,papers/fulltext/parsed/pmc_xml/PMC1933268.xml,papers/fulltext/parsed/normalized/17459917.json,cached_normalized,0,0,PMC XML body missing.
pmid-17442719,17442719,pi-backlog,pmc_xml,papers/fulltext/inventory/oa/pmid-17442719.pdf,papers/fulltext/parsed/pmc_xml/PMC1933316.xml,papers/fulltext/parsed/normalized/17442719.json,cached_normalized,0,0,PMC XML body missing.
pmid-17437410,17437410,pi-backlog,,,,,missing_local_pdf,0,0,local PDF missing
pmid-17332413,17332413,pi-backlog,pdf_grobid,papers/fulltext/inventory/manual/pmid-17332413.pdf,,papers/fulltext/parsed/normalized/17332413.json,cached_normalized,4,3298,
pmid-17269724,17269724,pi-backlog,pmc_xml,papers/fulltext/inventory/oa/pmid-17269724.pdf,papers/fulltext/parsed/pmc_xml/PMC2577182.xml,papers/fulltext/parsed/normalized/17269724.json,cached_normalized,0,0,PMC XML body missing.
pmid-17227866,17227866,pi-backlog,pmc_xml,papers/fulltext/inventory/oa/pmid-17227866.pdf,papers/fulltext/parsed/pmc_xml/PMC1783119.xml,papers/fulltext/parsed/normalized/17227866.json,cached_normalized,0,0,PMC XML body missing.
pmid-17225856,17225856,pi-backlog,pmc_xml,papers/fulltext/inventory/oa/pmid-17225856.pdf,papers/fulltext/parsed/pmc_xml/PMC1764712.xml,papers/fulltext/parsed/normalized/17225856.json,cached_normalized,16,4565,
pmid-18428767,18428767,pi-backlog,pmc_xml,papers/fulltext/inventory/oa/pmid-18428767.pdf,papers/fulltext/parsed/pmc_xml/PMC4186674.xml,papers/fulltext/parsed/normalized/18428767.json,cached_normalized,0,0,PMC XML body missing.
pmid-17096593,17096593,pi-backlog,pmc_xml,papers/fulltext/inventory/oa/pmid-17096593.pdf,papers/fulltext/parsed/pmc_xml/PMC1635541.xml,papers/fulltext/parsed/normalized/17096593.json,cached_normalized,21,6191,
pmid-17094252,17094252,pi-backlog,pmc_xml,papers/fulltext/inventory/oa/pmid-17094252.pdf,papers/fulltext/parsed/pmc_xml/PMC5224933.xml,papers/fulltext/parsed/normalized/17094252.json,cached_normalized,0,0,PMC XML body missing.
pmid-17075131,17075131,pi-backlog,pmc_xml,papers/fulltext/inventory/oa/pmid-17075131.pdf,papers/fulltext/parsed/pmc_xml/PMC2242414.xml,papers/fulltext/parsed/normalized/17075131.json,cached_normalized,0,0,PMC XML body missing.
pmid-17006449,17006449,pi-backlog,pmc_xml,papers/fulltext/inventory/oa/pmid-17006449.pdf,papers/fulltext/parsed/pmc_xml/PMC2615558.xml,papers/fulltext/parsed/normalized/17006449.json,cached_normalized,0,0,PMC XML body missing.
pmid-16954324,16954324,pi-backlog,pmc_xml,papers/fulltext/inventory/oa/pmid-16954324.pdf,papers/fulltext/parsed/pmc_xml/PMC1635186.xml,papers/fulltext/parsed/normalized/16954324.json,cached_normalized,0,0,PMC XML body missing.
pmid-16940530,16940530,pi-backlog,pmc_xml,papers/fulltext/inventory/oa/pmid-16940530.pdf,papers/fulltext/parsed/pmc_xml/PMC1563941.xml,papers/fulltext/parsed/normalized/16940530.json,cached_normalized,0,0,PMC XML body missing.
pmid-16928763,16928763,pi-backlog,pmc_xml,papers/fulltext/inventory/oa/pmid-16928763.pdf,papers/fulltext/parsed/pmc_xml/PMC1641753.xml,papers/fulltext/parsed/normalized/16928763.json,cached_normalized,0,0,PMC XML body missing.
pmid-16872496,16872496,pi-backlog,pmc_xml,papers/fulltext/inventory/oa/pmid-16872496.pdf,papers/fulltext/parsed/pmc_xml/PMC1550431.xml,papers/fulltext/parsed/normalized/16872496.json,cached_normalized,20,4293,
pmid-16751606,16751606,pi-backlog,pmc_xml,papers/fulltext/inventory/oa/pmid-16751606.pdf,papers/fulltext/parsed/pmc_xml/PMC2242555.xml,papers/fulltext/parsed/normalized/16751606.json,cached_normalized,0,0,PMC XML body missing.
pmid-16738133,16738133,pi-backlog,pmc_xml,papers/fulltext/inventory/oa/pmid-16738133.pdf,papers/fulltext/parsed/pmc_xml/PMC1474056.xml,papers/fulltext/parsed/normalized/16738133.json,cached_normalized,27,5393,
pmid-16725105,16725105,pi-backlog,,,,,missing_local_pdf,0,0,local PDF missing
pmid-16615907,16615907,pi-backlog,,,,,missing_local_pdf,0,0,local PDF missing
pmid-16601728,16601728,pi-backlog,,,,,missing_local_pdf,0,0,local PDF missing
pmid-16575526,16575526,pi-backlog,pdf_grobid,papers/fulltext/inventory/manual/pmid-16575526.pdf,,papers/fulltext/parsed/normalized/16575526.json,cached_normalized,5,2573,Using canonical paper title over GROBID TEI title.; Using canonical paper abstract over GROBID TEI abstract.
pmid-16490207,16490207,pi-backlog,,,,,missing_local_pdf,0,0,local PDF missing
pmid-16423846,16423846,pi-backlog,,,,,missing_local_pdf,0,0,local PDF missing
pmid-16381869,16381869,pi-backlog,pmc_xml,papers/fulltext/inventory/oa/pmid-16381869.pdf,papers/fulltext/parsed/pmc_xml/PMC1347422.xml,papers/fulltext/parsed/normalized/16381869.json,cached_normalized,13,2340,
pmid-16352563,16352563,pi-backlog,pmc_xml,papers/fulltext/inventory/oa/pmid-16352563.pdf,papers/fulltext/parsed/pmc_xml/PMC1317509.xml,papers/fulltext/parsed/normalized/16352563.json,cached_normalized,0,0,PMC XML body missing.
