source_collection,paper_id,pmid,year,center,title,pi_candidates,viruses,pathogens,assay_types,paper_kind,cross_virus_relevance,cross_virus_reason,priority,priority_reason,abstract_excerpt
hpmi,pmid-42134328,42134328,2026,HPMI,Coronavirus protein interaction mapping in bat and human cells reveals network rewiring governing immune evasion and zoonotic potential.,,sars-cov-2;sars-cov;coronavirus;influenza,,protein_interaction_mapping;proteomics,primary_research,high,explicit cross-virus/shared-host language: comparative,high,"recent HPMI paper with relevant terms: virus, sars, cov","Coronaviruses, including severe acute respiratory syndrome coronavirus 2 (SARS-CoV-2), can cause severe disease in humans, whereas reservoir hosts such as horseshoe bats remain asymptomatic. To investigate how host-specific protein-protein interactions (PPIs) influence infecti..."
hpmi,pmid-41256720,41256720,2025,HPMI,Genome-wide screen in Mycobacterium tuberculosis infected macrophages reveals innate regulation of antibacterial mediators by IRF2.,,influenza,mycobacterium_tuberculosis,crispr_screen,data_or_analysis,candidate,"relevant host-pathogen/pathway terms matched: crispr, tuberculosis, mycobacterium",high,"recent HPMI paper with relevant terms: tuberculosis, mycobacterium","Controlling Mycobacterium tuberculosis (Mtb) infection requires a precisely balanced host inflammatory response. Too little inflammation leads to uncontrolled bacterial growth but exacerbated inflammation, activated by mediators such as TNF and type I IFN, inhibits effective a..."
hpmi,pmid-39969084,39969084,2025,HPMI,Torsional twist of the SARS-CoV and SARS-CoV-2 SUD-N and SUD-M domains.,,sars-cov-2;sars-cov;coronavirus,,structural_biology,primary_research,high,explicit cross-virus/shared-host language: comparative,high,"recent HPMI paper with relevant terms: viral, sars, cov","Coronavirus non-structural protein 3 (nsp3) forms hexameric crowns of pores in the double membrane vesicle that houses the replication-transcription complex. Nsp3 in SARS-like viruses has three unique domains absent in other coronavirus nsp3 proteins. Two of these, SUD-N (Macr..."
hpmi,pmid-37758692,37758692,2023,HPMI,Proteomic and genetic analyses of influenza A viruses identify pan-viral host targets.,,sars-cov-2;sars-cov;coronavirus;influenza,,protein_interaction_mapping;proteomics,data_or_analysis,high,explicit cross-virus/shared-host language: pan-viral,medium,"older HPMI paper with relevant terms: virus, viral, sars, cov, influenza",Influenza A Virus (IAV) is a recurring respiratory virus with limited availability of antiviral therapies. Understanding host proteins essential for IAV infection can identify targets for alternative host-directed therapies (HDTs). Using affinity purification-mass spectrometry...
pi-backlog,pmid-41917196,41917196,2026,,Programmable kinetic barcoding for multiplexed RNA detection with Cas13a.,,sars-cov-2;sars-cov,,crispr_screen,methods,high,explicit cross-virus/shared-host language: multiple viruses,high,"recent paper with relevant terms: viral, crispr",Rapid identification of viral infections and specific variants in patient samples requires a simple and multiplexed RNA detection method that does not rely on DNA sequencing. Although recent direct detection assays based on CRISPR-Cas13a offer rapid RNA detection by avoiding r...
hpmi,pmid-41688792,41688792,2026,HPMI,Membrane-associated effluxosomes coordinate multi-metal resistance in Mycobacterium tuberculosis.,,influenza,mycobacterium_tuberculosis,,primary_research,candidate,"relevant host-pathogen/pathway terms matched: interaction, tuberculosis, mycobacterium",high,"recent HPMI paper with relevant terms: tuberculosis, mycobacterium","Bacterial pathogens must withstand metal-induced stress during infection, yet the mechanisms by which they sense and respond to toxic metal ions remain incompletely understood. Here, we uncover a previously unrecognized mechanism in Mycobacterium tuberculosis, the causative ag..."
hpmi,pmid-41034576,41034576,2025,HPMI,A miniature CRISPR-Cas10 enzyme confers immunity by inhibitory signalling.,,influenza,,structural_biology,primary_research,candidate,"relevant host-pathogen/pathway terms matched: virus, viral, crispr",high,"recent HPMI paper with relevant terms: virus, viral","Microbial and viral co-evolution has created immunity mechanisms involving oligonucleotide signalling that share mechanistic features with human antiviral systems1. In these pathways, including cyclic oligonucleotide-based antiphage signalling systems (CBASSs) and type III CRI..."
pi-backlog,pmid-40766693,40766693,2025,,Coronavirus protein interaction mapping in bat and human cells identifies molecular and genetic switches for immune evasion and replication.,,sars-cov-2;sars-cov;coronavirus;influenza,,proteomics,primary_research,high,explicit cross-virus/shared-host language: comparative,high,"recent paper with relevant terms: virus, viral, host","Coronaviruses, including SARS-CoV-2, can cause severe disease in humans, whereas reservoir hosts like Rhinolophus bats remain asymptomatic. To investigate how host-specific protein-protein interactions (PPIs) influence infection, we generated comparative PPI maps for SARS-CoV-..."
hpmi,pmid-40579228,40579228,2025,HPMI,Inference of differential kinase interaction networks with KINference.,,sars-cov-2;sars-cov,,proteomics,primary_research,candidate,"relevant host-pathogen/pathway terms matched: virus, interaction, pathway",high,"recent HPMI paper with relevant terms: virus, sars, cov",MOTIVATION: Differential kinase interaction networks (DKINs) are networks containing kinase-substrate links that are differentially active between two conditions. Existing methods are either able to predict condition-agnostic kinase-substrate links or condition-specific differ...
hpmi,pmid-40402573,40402573,2025,HPMI,Myeloid cell genome-wide screen identifies variants associated with Mycobacterium tuberculosis-induced cytokine transcriptional responses.,,,mycobacterium_tuberculosis,transcriptomics,data_or_analysis,candidate,"relevant host-pathogen/pathway terms matched: pathway, tuberculosis, mycobacterium",high,"recent HPMI paper with relevant terms: tuberculosis, mycobacterium","Immune and clinical outcomes to Mycobacterium tuberculosis (Mtb) infection vary greatly between individuals, yet the underlying genetic and cellular mechanisms driving this heterogeneity remain poorly understood. We performed a cellular genome-wide association study to identif..."
hpmi,pmid-35017099,35017099,2022,HPMI,Comparative Analysis of T-Cell Spatial Proteomics and the Influence of HIV Expression.,,influenza;hiv,,proteomics,methods,high,explicit cross-virus/shared-host language: comparative,medium,older HPMI paper with relevant terms: viral,"As systems biology approaches to virology have become more tractable, highly studied viruses such as HIV can now be analyzed in new unbiased ways, including spatial proteomics. We employed here a differential centrifugation protocol to fractionate Jurkat T cells for proteomic..."
hpmi,pmid-33060197,33060197,2020,HPMI,Comparative host-coronavirus protein interaction networks reveal pan-viral disease mechanisms.,,sars-cov-2;sars-cov;coronavirus,,protein_interaction_mapping;structural_biology,primary_research,high,"explicit cross-virus/shared-host language: comparative, pan-viral",medium,"older HPMI paper with relevant terms: viral, sars, cov","The COVID-19 pandemic, caused by severe acute respiratory syndrome coronavirus 2 (SARS-CoV-2), is a grave threat to public health and the global economy. SARS-CoV-2 is closely related to the more lethal but less transmissible coronaviruses SARS-CoV-1 and Middle East respirator..."
hpmi,pmid-30550790,30550790,2018,HPMI,Comparative Flavivirus-Host Protein Interaction Mapping Reveals Mechanisms of Dengue and Zika Virus Pathogenesis.,,dengue;zika,,protein_interaction_mapping;proteomics,primary_research,high,explicit cross-virus/shared-host language: comparative,medium,"older HPMI paper with relevant terms: virus, dengue, zika","Mosquito-borne flaviviruses, including dengue virus (DENV) and Zika virus (ZIKV), are a growing public health concern. Systems-level analysis of how flaviviruses hijack cellular processes through virus-host protein-protein interactions (PPIs) provides information about their r..."
pi-backlog,pmid-42409264,42409264,2026,,Substrate and target selectivity of 4'-fluoroadenosine against viral and host polymerases.,,coronavirus;influenza,,,primary_research,high,explicit cross-virus/shared-host language: broad-spectrum,high,"recent paper with relevant terms: viral, host",Developing safe and effective treatments against emerging RNA viruses is an important goal in pandemic preparedness efforts. 4'-fluorouridine (4'-FlU) is a broad-spectrum antiviral that was shown to inhibit viral RNA-dependent RNA polymerases (RdRps). Given its notable range o...
pi-backlog,pmid-42244653,42244653,2026,,Substrate and target selectivity of 4'-fluoroadenosine against viral and host polymerases.,,sars-cov-2;sars-cov;coronavirus;influenza,,,primary_research,high,explicit cross-virus/shared-host language: broad-spectrum,high,"recent paper with relevant terms: viral, host",Developing safe and effective treatments against emerging RNA viruses is an important goal in pandemic preparedness efforts. 4'-fluorouridine (4'-FlU) is a broad-spectrum antiviral that was shown to inhibit viral RNA-dependent RNA polymerases (RdRps). Given its notable range o...
hpmi,pmid-42149727,42149727,2026,HPMI,Cas9(+) conditionally immortalized neutrophil progenitors as a tool for genome-wide CRISPR screening for neutrophil differentiation and function.,,,,crispr_screen;genome_editing,data_or_analysis,candidate,relevant host-pathogen/pathway terms matched: crispr,high,recent HPMI paper with relevant terms: crispr screen,"Neutrophils are short-lived cells of the innate immune system that play numerous roles in defense against infection, regulation of immune responses, tissue damage and repair, autoimmunity, and other non-communicable diseases. Understanding neutrophil function at a mechanistic..."
pi-backlog,pmid-41757169,41757169,2026,,Early Fc-effector antibody signatures impact COVID-19 disease trajectory.,,sars-cov-2;sars-cov,,proteomics;transcriptomics,data_or_analysis,candidate,relevant viral/host/pathway terms matched: infection,high,recent paper with relevant terms: proteomics,"Why do some individuals develop mild COVID-19 while others progress to severe disease remains a central challenge in SARS-CoV-2 immunology. In this study, we leveraged the BACO Cohort - a unique historical cohort of immunologically naïve, hospitalized COVID-19 patients from th..."
hpmi,pmid-41676649,41676649,2026,HPMI,Regulation of virion production by the ORF8 signal peptide across SARS-CoV-2 variants.,,sars-cov-2;sars-cov,,,primary_research,candidate,"relevant host-pathogen/pathway terms matched: virus, viral",high,"recent HPMI paper with relevant terms: virus, viral, sars, cov","The open reading frame 8 (ORF8), an accessory protein of SARS-CoV-2, is prone to deletions and mutations across different viral variants, which was first described in several Singapore variants. The reason why viral evolution favors loss or inactivation of ORF8 is not fully un..."
hpmi,pmid-41392175,41392175,2025,HPMI,A non-spike nucleocapsid R204P mutation in SARS-CoV-2 Omicron XEC enhances inflammation and pathogenicity.,,sars-cov-2;sars-cov,,,primary_research,candidate,relevant host-pathogen/pathway terms matched: viral,high,"recent HPMI paper with relevant terms: viral, sars, cov","The global circulation of SARS-CoV-2 in human populations has driven the emergence of Omicron subvariants, which have become highly diversified through recombination. In late 2024, SARS-CoV-2 Omicron XEC variant emerged from the recombination of two JN.1 progeny, KS.1.1 and KP..."
hpmi,pmid-41165411,41165411,2025,HPMI,The mevalonate pathway of isoprenoid biosynthesis supports metabolic flexibility in Mycobacterium marinum.,,,mycobacterium_marinum,,data_or_analysis,candidate,"relevant host-pathogen/pathway terms matched: host-pathogen, pathway, mycobacterium",high,"recent HPMI paper with relevant terms: host-pathogen, mycobacterium","Isoprenoids are a diverse class of natural products that are essential in all domains of life. Most bacteria synthesize isoprenoids through either the methylerythritol phosphate (MEP) pathway or the mevalonate (MEV) pathway, while a small subset encodes both pathways, includin..."
pi-backlog,pmid-40909530,40909530,2025,,Single-Cell Network Analysis Identifies CLEC4E as a Key Mediator of Proinflammatory mDC Responses in Influenza Infection.,,influenza,,transcriptomics;network_modeling,data_or_analysis,candidate,"relevant viral/host/pathway terms matched: virus, viral, infection",high,"recent paper with relevant terms: virus, viral, host","The severity of influenza is often driven by an excessive host immune response rather than the virus itself, yet the key molecular drivers within specific immune cells remain poorly understood. While recent single-cell RNA sequencing studies have successfully identified immune..."
pi-backlog,pmid-40802739,40802739,2025,,An mRNA-based broad-spectrum antiviral inspired by ISG15 deficiency protects against viral infections in vitro and in vivo.,,sars-cov-2;sars-cov;coronavirus;influenza;zika,,,primary_research,high,explicit cross-virus/shared-host language: broad-spectrum,high,"recent paper with relevant terms: virus, viral","Type I interferons (IFN-Is) are cytokines with potent antiviral and inflammatory capacities. IFN-I signaling drives the expression of thousands of IFN-I-stimulated genes (ISGs), whose aggregate function results in the control of viral infections. A few of these ISGs are tasked..."
hpmi,pmid-40672248,40672248,2025,HPMI,The mevalonate pathway of isoprenoid biosynthesis supports metabolic flexibility in Mycobacterium marinum.,,,mycobacterium_marinum,,data_or_analysis,candidate,"relevant host-pathogen/pathway terms matched: pathway, mycobacterium",high,recent HPMI paper with relevant terms: mycobacterium,"Isoprenoids are a diverse class of natural products that are essential in all domains of life. Most bacteria synthesize isoprenoids through either the methylerythritol phosphate (MEP) pathway or the mevalonate (MEV) pathway, while a small subset encodes both pathways, includin..."
pi-backlog,pmid-40504864,40504864,2025,,Global siRNA screen identifies human host factors critical for SARS-CoV-2 replication and late stages of infection.,,sars-cov-2;sars-cov;mers-cov;coronavirus,,crispr_screen;proteomics,data_or_analysis,candidate,"relevant viral/host/pathway terms matched: virus, viral, dependency, crispr, pathway",high,"recent paper with relevant terms: virus, viral, host, pathway, screen",Defining the subset of cellular factors governing SARS-CoV-2 replication can provide critical insights into viral pathogenesis and identify targets for host-directed antiviral therapies. While a number of genetic screens have previously reported SARS-CoV-2 host dependency fact...
hpmi,pmid-40502047,40502047,2025,HPMI,A non-spike nucleocapsid R204P mutation in SARS-CoV-2 Omicron XEC enhances inflammation and pathogenicity.,,sars-cov-2;sars-cov,,,primary_research,candidate,relevant host-pathogen/pathway terms matched: viral,high,"recent HPMI paper with relevant terms: viral, sars, cov","The global circulation of SARS-CoV-2 in human populations has driven the emergence of Omicron subvariants, which have become highly diversified through recombination. In late 2024, SARS-CoV-2 Omicron XEC variant emerged from the recombination of two JN.1 progeny, KS.1.1 and KP..."
pi-backlog,pmid-40475132,40475132,2025,,Minimalistic Transcriptomic Signatures Permit Accurate Early Prediction of COVID-19 Mortality.,,sars-cov-2;sars-cov,,transcriptomics,data_or_analysis,candidate,"relevant viral/host/pathway terms matched: viral, infection",high,"recent paper with relevant terms: viral, host","BACKGROUND: Predicting mortality risk in patients with COVID-19 remains challenging, and accurate prognostic assays represent a persistent unmet clinical need. We aimed to identify and validate parsimonious transcriptomic signatures that accurately predict fatal outcomes withi..."
pi-backlog,pmid-40378209,40378209,2025,,Identification and targeting of regulators of SARS-CoV-2-host interactions in the airway epithelium.,,sars-cov-2;sars-cov,,crispr_screen;transcriptomics;epigenomics;network_modeling,data_or_analysis,candidate,"relevant viral/host/pathway terms matched: virus, viral, crispr",high,"recent paper with relevant terms: virus, viral, host, crispr","The impact of SARS-CoV-2 in the lung has been extensively studied, yet the molecular regulators of host-cell programs hijacked by the virus in distinct human airway epithelial cell populations remain poorly understood. Some of the reasons include overreliance on transcriptomic..."
pi-backlog,pmid-40267184,40267184,2025,,"Structure-based discovery of highly bioavailable, covalent, broad-spectrum coronavirus M(Pro) inhibitors with potent in vivo efficacy.",,sars-cov-2;sars-cov;coronavirus,,,primary_research,high,explicit cross-virus/shared-host language: broad-spectrum,high,"recent paper with relevant terms: virus, viral","The main protease (MPro) of severe acute respiratory syndrome coronavirus 2 (SARS-CoV-2) is a validated drug target. Starting with a lead-like dihydrouracil chemotype identified in a large-library docking campaign, we improved MPro inhibition >1000-fold by engaging additional..."
hpmi,pmid-40163530,40163530,2025,HPMI,Enhanced RNA replication and pathogenesis in recent SARS-CoV-2 variants harboring the L260F mutation in NSP6.,,sars-cov-2;sars-cov,,,primary_research,candidate,relevant host-pathogen/pathway terms matched: viral,high,"recent HPMI paper with relevant terms: viral, sars, cov","The COVID-19 pandemic has been driven by SARS-CoV-2 variants with enhanced transmission and immune escape. Apart from extensive evolution in the Spike protein, non-Spike mutations are accumulating across the entire viral genome and their functional impact is not well understoo..."
pi-backlog,pmid-40132593,40132593,2025,,Long-lasting B cell convergence to distinct broadly reactive epitopes following vaccination with chimeric influenza virus hemagglutinins.,,influenza,,transcriptomics,data_or_analysis,candidate,relevant viral/host/pathway terms matched: virus,high,recent paper with relevant terms: virus,"In a phase 1 clinical trial, a chimeric hemagglutinin (cHA) immunogen induced antibody responses against the conserved hemagglutinin (HA) stalk domain as designed. Here, we determined the specificity, function, and subsets of B cells induced by cHA vaccination by pairing singl..."
pi-backlog,pmid-39652575,39652575,2025,,HBV Remodels PP2A Complexes to Rewire Kinase Signaling in Hepatocellular Carcinoma.,,influenza,,proteomics;network_modeling,data_or_analysis,candidate,"relevant viral/host/pathway terms matched: virus, interaction",high,"recent paper with relevant terms: virus, host","Hepatitis B virus (HBV) infections promote liver cancer initiation by inducing inflammation and cellular stress. Despite a primarily indirect effect on oncogenesis, HBV is associated with a recurrent genomic phenotype in hepatocellular carcinoma (HCC), suggesting that it impac..."
pi-backlog,pmid-39580470,39580470,2024,,Outcome of SARS-CoV-2 reinfection depends on genetic background in female mice.,,sars-cov-2;sars-cov,,network_modeling,data_or_analysis,candidate,"relevant viral/host/pathway terms matched: viral, infection",high,"recent paper with relevant terms: viral, host","Antigenically distinct SARS-CoV-2 variants increase the reinfection risk for vaccinated and previously exposed population due to antibody neutralization escape. COVID-19 severity depends on many variables, including host immune responses, which differ depending on genetic pred..."
pi-backlog,pmid-39466906,39466906,2024,,Comparative Analysis of 2022 Outbreak MPXV and Previous Clade II MPXV.,,,,proteomics,data_or_analysis,high,explicit cross-virus/shared-host language: comparative,high,"recent paper with relevant terms: virus, viral, host",The 2022-2024 outbreak of MPOX is an important worldwide public health issue that has triggered significant concerns in the scientific community. MPOX is caused by monkeypox virus (MPXV) belonging to the Poxviridae family. The study of MPXV presents a multifaceted challenge du...
pi-backlog,pmid-39464067,39464067,2024,,Identification and Targeting of Regulators of SARS-CoV-2-Host Interactions in the Airway Epithelium.,,sars-cov-2;sars-cov,,crispr_screen;transcriptomics;epigenomics;network_modeling,data_or_analysis,candidate,"relevant viral/host/pathway terms matched: virus, crispr",high,"recent paper with relevant terms: virus, host, crispr","Although the impact of SARS-CoV-2 in the lung has been extensively studied, the molecular regulators and targets of the host-cell programs hijacked by the virus in distinct human airway epithelial cell populations remain poorly understood. This is in part ascribed to the use o..."
pi-backlog,pmid-39185168,39185168,2024,,Torsional Twist of the SARS-CoV and SARS-CoV-2 SUD-N and SUD-M domains.,,sars-cov-2;sars-cov;coronavirus,,,primary_research,high,explicit cross-virus/shared-host language: comparative,high,"recent paper with relevant terms: viral, host","Coronavirus non-structural protein 3 (nsp3) forms hexameric crowns of pores in the double membrane vacuole that houses the replication-transcription complex. Nsp3 in SARS-like viruses has three unique domains absent in other coronavirus nsp3 proteins. Two of these, SUD-N (Macr..."
pi-backlog,pmid-39149904,39149904,2024,,Sarbecovirus programmed ribosome frameshift RNA element folding studied by NMR spectroscopy and comparative analyses.,,sars-cov-2;sars-cov;coronavirus,,,primary_research,high,explicit cross-virus/shared-host language: comparative,high,recent paper with relevant terms: viral,"The programmed ribosomal frameshift (PRF) region is found in the RNA genome of all coronaviruses and shifts the ribosome reading frame through formation of a three-stem pseudoknot structure, allowing the translation of essential viral proteins. Using NMR spectroscopy, comparat..."
pi-backlog,pmid-39026801,39026801,2024,,Global siRNA Screen Reveals Critical Human Host Factors of SARS-CoV-2 Multicycle Replication.,,sars-cov-2;sars-cov;coronavirus,,crispr_screen,data_or_analysis,candidate,"relevant viral/host/pathway terms matched: virus, viral, dependency, crispr, pathway",high,"recent paper with relevant terms: virus, viral, host, pathway, screen",Defining the subset of cellular factors governing SARS-CoV-2 replication can provide critical insights into viral pathogenesis and identify targets for host-directed antiviral therapies. While a number of genetic screens have previously reported SARS-CoV-2 host dependency fact...
pi-backlog,pmid-38979204,38979204,2024,,Broad-spectrum RNA antiviral inspired by ISG15 (-/-) deficiency.,,sars-cov-2;sars-cov;influenza;zika,,,primary_research,high,explicit cross-virus/shared-host language: broad-spectrum,high,recent paper with relevant terms: viral,"UNLABELLED: Type I interferons (IFN-I) are cytokines with potent antiviral and inflammatory capacities. IFN-I signaling drives the expression of hundreds of IFN-I stimulated genes (ISGs), whose aggregate function results in the control of viral infection. A few of these ISGs a..."
hpmi,pmid-38961189,38961189,2024,HPMI,NF-κB inhibitor alpha controls SARS-CoV-2 infection in ACE2-overexpressing human airway organoids.,,sars-cov-2;sars-cov,,transcriptomics,data_or_analysis,candidate,relevant host-pathogen/pathway terms matched: viral,medium,"older HPMI paper with relevant terms: viral, sars, cov","As SARS-CoV-2 continues to spread worldwide, tractable primary airway cell models that recapitulate the cell-intrinsic response to arising viral variants are needed. Here we describe an adult stem cell-derived human airway organoid model overexpressing the ACE2 receptor (ACE2-..."
pi-backlog,pmid-38630846,38630846,2024,,Host-microbe multiomic profiling reveals age-dependent immune dysregulation associated with COVID-19 immunopathology.,,sars-cov-2;sars-cov;coronavirus,,transcriptomics,data_or_analysis,candidate,relevant viral/host/pathway terms matched: viral,high,"recent paper with relevant terms: viral, host","Age is a major risk factor for severe coronavirus disease 2019 (COVID-19), yet the mechanisms behind this relationship have remained incompletely understood. To address this, we evaluated the impact of aging on host immune response in the blood and the upper airway, as well as..."
pi-backlog,pmid-38571499,38571499,2024,,NUP214 fusion genes in acute leukemias: genetic characterization of rare cases.,,,,transcriptomics,data_or_analysis,high,explicit cross-virus/shared-host language: comparative,high,recent paper with relevant terms: screen,"INTRODUCTION: Alterations of the NUP214 gene (9q34) are recurrent in acute leukemias. Rearrangements of chromosomal band 9q34 targeting this locus can be karyotypically distinct, for example t(6;9)(p22;q34)/DEK::NUP214, or cryptic, in which case no visible change of 9q34 is se..."
pi-backlog,pmid-38562892,38562892,2024,,Integrated multiomics implicates dysregulation of ECM and cell adhesion pathways as drivers of severe COVID-associated kidney injury.,,sars-cov-2;sars-cov,,proteomics;transcriptomics;network_modeling,data_or_analysis,candidate,relevant viral/host/pathway terms matched: interaction,high,recent paper with relevant terms: proteomics,"COVID-19 has been a significant public health concern for the last four years; however, little is known about the mechanisms that lead to severe COVID-associated kidney injury. In this multicenter study, we combined quantitative deep urinary proteomics and machine learning to..."
pi-backlog,pmid-38411080,38411080,2024,,CRISPR-Cas9 screen of E3 ubiquitin ligases identifies TRAF2 and UHRF1 as regulators of HIV latency in primary human T cells.,,influenza;hiv,,crispr_screen;proteomics,data_or_analysis,candidate,"relevant viral/host/pathway terms matched: virus, viral, crispr, pathway, infection",high,"recent paper with relevant terms: virus, viral, host, pathway, screen","UNLABELLED: During HIV infection of CD4+ T cells, ubiquitin pathways are essential to viral replication and host innate immune response; however, the role of specific E3 ubiquitin ligases is not well understood. Proteomics analyses identified 116 single-subunit E3 ubiquitin li..."
pi-backlog,pmid-38405760,38405760,2024,,Host-Microbe Multiomic Profiling Reveals Age-Dependent COVID-19 Immunopathology.,,sars-cov-2;sars-cov;coronavirus;cmv,,transcriptomics,data_or_analysis,candidate,"relevant viral/host/pathway terms matched: virus, viral",high,"recent paper with relevant terms: virus, viral, host","Age is a major risk factor for severe coronavirus disease-2019 (COVID-19), yet the mechanisms responsible for this relationship have remained incompletely understood. To address this, we evaluated the impact of aging on host and viral dynamics in a prospective, multicenter coh..."
pi-backlog,pmid-38198521,38198521,2024,,Breakthrough infections by SARS-CoV-2 variants boost cross-reactive hybrid immune responses in mRNA-vaccinated Golden Syrian hamsters.,,sars-cov-2;sars-cov,,transcriptomics;network_modeling,data_or_analysis,candidate,"relevant viral/host/pathway terms matched: virus, infection",high,recent paper with relevant terms: virus,"Hybrid immunity (vaccination + natural infection) to SARS-CoV-2 provides superior protection to re-infection. We performed immune profiling studies during breakthrough infections in mRNA-vaccinated hamsters to evaluate hybrid immunity induction. The mRNA vaccine, BNT162b2, was..."
hpmi,pmid-35982664,35982664,2022,HPMI,NF-κB inhibitor alpha has a cross-variant role during SARS-CoV-2 infection in ACE2-overexpressing human airway organoids.,,sars-cov-2;sars-cov,,transcriptomics,data_or_analysis,candidate,relevant host-pathogen/pathway terms matched: viral,medium,"older HPMI paper with relevant terms: viral, sars, cov","As SARS-CoV-2 continues to spread worldwide, tractable primary airway cell models that accurately recapitulate the cell-intrinsic response to arising viral variants are needed. Here we describe an adult stem cell-derived human airway organoid model overexpressing the ACE2 rece..."
hpmi,pmid-35337019,35337019,2022,HPMI,A BioID-Derived Proximity Interactome for SARS-CoV-2 Proteins.,,sars-cov-2;sars-cov;coronavirus,,protein_interaction_mapping;proteomics,data_or_analysis,candidate,"relevant host-pathogen/pathway terms matched: virus, viral, interactome",medium,"older HPMI paper with relevant terms: virus, viral, sars, cov",The novel coronavirus SARS-CoV-2 is responsible for the ongoing COVID-19 pandemic and has caused a major health and economic burden worldwide. Understanding how SARS-CoV-2 viral proteins behave in host cells can reveal underlying mechanisms of pathogenesis and assist in develo...
hpmi,pmid-34942634,34942634,2022,HPMI,Evolution of enhanced innate immune evasion by SARS-CoV-2.,,sars-cov-2;sars-cov,,proteomics,data_or_analysis,candidate,"relevant host-pathogen/pathway terms matched: viral, interaction",medium,"older HPMI paper with relevant terms: viral, sars, cov","The emergence of SARS-CoV-2 variants of concern suggests viral adaptation to enhance human-to-human transmission1,2. Although much effort has focused on the characterization of changes in the spike protein in variants of concern, mutations outside of spike are likely to contri..."
hpmi,pmid-34127972,34127972,2021,HPMI,Evolution of enhanced innate immune evasion by the SARS-CoV-2 B.1.1.7 UK variant.,,sars-cov-2;sars-cov,,proteomics,data_or_analysis,candidate,"relevant host-pathogen/pathway terms matched: viral, interaction",medium,"older HPMI paper with relevant terms: viral, sars, cov","Emergence of SARS-CoV-2 variants, including the globally successful B.1.1.7 lineage, suggests viral adaptations to host selective pressures resulting in more efficient transmission. Although much effort has focused on Spike adaptation for viral entry and adaptive immune escape..."
hpmi,pmid-34031651,34031651,2021,HPMI,"CryoEM and AI reveal a structure of SARS-CoV-2 Nsp2, a multifunctional protein involved in key host processes.",,sars-cov-2;sars-cov;coronavirus,,proteomics;structural_biology,data_or_analysis,candidate,"relevant host-pathogen/pathway terms matched: viral, interaction",medium,"older HPMI paper with relevant terms: viral, sars, cov","The SARS-CoV-2 protein Nsp2 has been implicated in a wide range of viral processes, but its exact functions, and the structural basis of those functions, remain unknown. Here, we report an atomic model for full-length Nsp2 obtained by combining cryo-electron microscopy with de..."
hpmi,pmid-34013269,34013269,2021,HPMI,"CryoEM and AI reveal a structure of SARS-CoV-2 Nsp2, a multifunctional protein involved in key host processes.",,sars-cov-2;sars-cov;coronavirus,,proteomics;structural_biology,data_or_analysis,candidate,"relevant host-pathogen/pathway terms matched: viral, interaction",medium,"older HPMI paper with relevant terms: viral, sars, cov","The SARS-CoV-2 protein Nsp2 has been implicated in a wide range of viral processes, but its exact functions, and the structural basis of those functions, remain unknown. Here, we report an atomic model for full-length Nsp2 obtained by combining cryo-electron microscopy with de..."
hpmi,pmid-32511329,32511329,2020,HPMI,A SARS-CoV-2-Human Protein-Protein Interaction Map Reveals Drug Targets and Potential Drug-Repurposing.,,sars-cov-2;sars-cov;coronavirus,,protein_interaction_mapping;proteomics,data_or_analysis,candidate,"relevant host-pathogen/pathway terms matched: virus, viral, interaction, dependency",medium,"older HPMI paper with relevant terms: virus, viral, sars, cov, interaction map","An outbreak of the novel coronavirus SARS-CoV-2, the causative agent of COVID-19 respiratory disease, has infected over 290,000 people since the end of 2019, killed over 12,000, and caused worldwide social and economic disruption1,2. There are currently no antiviral drugs with..."
hpmi,pmid-32353859,32353859,2020,HPMI,A SARS-CoV-2 protein interaction map reveals targets for drug repurposing.,,sars-cov-2;sars-cov;coronavirus,,protein_interaction_mapping;proteomics,data_or_analysis,candidate,"relevant host-pathogen/pathway terms matched: viral, interaction",medium,"older HPMI paper with relevant terms: viral, sars, cov, interaction map","A newly described coronavirus named severe acute respiratory syndrome coronavirus 2 (SARS-CoV-2), which is the causative agent of coronavirus disease 2019 (COVID-19), has infected over 2.3 million people, led to the death of more than 160,000 individuals and caused worldwide s..."
hpmi,pmid-30833725,30833725,2019,HPMI,Identification of antiviral roles for the exon-junction complex and nonsense-mediated decay in flaviviral infection.,,influenza;dengue;zika,,proteomics,data_or_analysis,candidate,"relevant host-pathogen/pathway terms matched: virus, viral, interaction",medium,"older HPMI paper with relevant terms: virus, viral, dengue, zika","West Nile virus (WNV) is an emerging mosquito-borne flavivirus, related to dengue virus and Zika virus. To gain insight into host pathways involved in WNV infection, we performed a systematic affinity-tag purification mass spectrometry (APMS) study to identify 259 WNV-interact..."
pi-backlog,pmid-42454370,42454370,2026,,A potential RNA-RNA distal interaction competing with a functional pseudoknot in the 3'-untranslated region of SARS-like coronaviruses.,,sars-cov-2;sars-cov;coronavirus,,,data_or_analysis,candidate,"relevant viral/host/pathway terms matched: virus, viral, interaction",high,"recent paper with relevant terms: virus, viral","In the 3' untranslated region of betacoronaviruses, a pseudoknot involving stem-loop 3SL2 has been proposed to form a binding site for the viral RNA polymerase enabling the initiation of negative-sense RNA synthesis during the processes of virus replication and discontinuous t..."
pi-backlog,pmid-42327335,42327335,2026,,Secreted ORF8 reprograms macrophages to enhance SARS-CoV-2 infection of lung epithelial cells.,,sars-cov-2;sars-cov;coronavirus,,,data_or_analysis,candidate,"relevant viral/host/pathway terms matched: virus, viral, infection",high,"recent paper with relevant terms: virus, viral","Severe acute respiratory syndrome coronavirus 2 (SARS-CoV-2) primarily targets the respiratory epithelium, yet severe disease features diffuse lung injury and hyperinflammatory syndromes driven by dysregulated immune activation. Emerging evidence indicates that resident and in..."
current-program,pmid-42258748,42258748,2026,CViSB,Longitudinal clinical proteomics reveals pneumonia type-specific protein biomarkers and autoantibodies.,Donald S Grant;Richard Wunderink,sars-cov-2;sars-cov;influenza,,proteomics,data_or_analysis,candidate,relevant viral/host/pathway terms matched: viral,high,"recent paper with relevant terms: viral, sars, cov, influenza","Community-acquired pneumonia is a major cause of morbidity and mortality globally. Specific molecular endotypes are currently not well defined, and different viral or bacterial pathogens may trigger specific host responses and pathogenic mechanisms. We performed longitudinal p..."
pi-backlog,pmid-42251067,42251067,2026,,Rapid development and field evaluation of a portable CRISPR-based assay for Mpox during the 2025 Sierra Leone outbreak.,,influenza,,crispr_screen,primary_research,candidate,"relevant viral/host/pathway terms matched: virus, crispr",high,"recent paper with relevant terms: virus, crispr","The large 2025 Mpox clade IIb outbreak in Sierra Leone underscores the urgent need for portable, low-cost diagnostics in decentralized settings. While CRISPR-based assays offer high sensitivity and flexibility, their deployment during active outbreaks remains limited. Here we..."
pi-backlog,pmid-42249592,42249592,2026,,Compartmentalized cytokine networks and systemic immune remodelling in bovine mammary H5N1 infection.,,influenza,,network_modeling,primary_research,candidate,"relevant viral/host/pathway terms matched: virus, infection",high,"recent paper with relevant terms: virus, host","Highly pathogenic avian influenza A H5N1 has recently expanded its mammalian host range; in 2024, genotype B3.13 emerged in U.S. dairy cattle with pronounced mammary tropism. In the past, Influenza A virus immunology has been characterized primarily in respiratory infection mo..."
current-program,pmid-42182519,42182519,2026,SCRIPT,Pathogen-specific host responses define distinct pneumonia endotypes in the human lung.,Richard Wunderink,sars-cov-2;influenza,,transcriptomics;clinical_modeling,data_or_analysis,candidate,relevant viral/host/pathway terms matched: host-pathogen,high,recent paper with relevant terms: host-pathogen,"Pneumonia is the leading cause of death from infectious disease worldwide. The diagnosis and treatment of patients with pneumonia lag behind other major conditions, relying on syndromic definitions that lack molecular resolution and ignore underlying endotypes. We sought to te..."
pi-backlog,pmid-42067193,42067193,2026,,Repurposing drug screen for the identification of helicase inhibitors from viruses of pandemic concern.,,sars-cov-2;sars-cov;coronavirus,,,data_or_analysis,candidate,"relevant viral/host/pathway terms matched: virus, viral",high,"recent paper with relevant terms: virus, viral, screen","Several families of viruses encode helicase enzymes with essential roles in viral genome replication and transcription, including several RNA virus families of pandemic concern, such as coronaviruses and flaviviruses. Viral helicases are widely considered to be promising antiv..."
pi-backlog,pmid-42013838,42013838,2026,,Systematic discovery of pro- and anti-HIV host factors in primary human CD4+ T cells.,,hiv,,crispr_screen;network_modeling,primary_research,candidate,"relevant viral/host/pathway terms matched: virus, viral, interaction, crispr, infection",high,"recent paper with relevant terms: virus, viral, host, crispr",Host factors that promote or restrict human immunodeficiency virus (HIV) infection in human CD4+ T cells have not been comprehensively identified. We employed orthogonal genome-wide CRISPR activation (CRISPRa) and CRISPR knockout screens in primary CD4+ T cells to discover pro...
pi-backlog,pmid-41940347,41940347,2026,,CGM23 corresponds to a pan-coronavirus lipopeptide inhibitor potently inhibiting virion fusion.,,sars-cov-2;sars-cov;mers-cov;coronavirus,,network_modeling,primary_research,candidate,"relevant viral/host/pathway terms matched: viral, infection",high,recent paper with relevant terms: viral,"We developed a pan-coronavirus lipopeptide fusion inhibitor, CGM23, which binds to the highly conserved spike heptad repeat-1 domain, thus interrupting the formation of the six-helix bundle required for membrane fusion. In vitro, CGM23 potently inhibited infection by all human..."
pi-backlog,pmid-41867191,41867191,2026,,Outburst of serotype 4 IPD after COVID-19 is driven by ST15063/GPSC162 lineage associated with high-risk behaviors and greater virulence linked to influenza H3N2 virus coinfection and cigarette smoke.,,sars-cov-2;influenza;rsv,,,data_or_analysis,candidate,"relevant viral/host/pathway terms matched: virus, infection",high,recent paper with relevant terms: virus,The emergence of vaccine covered serotypes causing invasive pneumococcal disease (IPD) is a serious concern worldwide. We investigated the unexpected rise of serotype 4 causing IPD primarily in non-vaccinated young adults after the COVID-19 pandemic that further spread to adul...
pi-backlog,pmid-41859121,41859121,2026,,Divergent macrophage responses to Influenza A virus and Streptococcus pneumoniae: co-infection drives bacterial dominance whereas superinfection favors viral priming.,,influenza,,proteomics;transcriptomics,primary_research,candidate,"relevant viral/host/pathway terms matched: virus, viral, infection",high,"recent paper with relevant terms: virus, viral","INTRODUCTION: Respiratory coinfections involving Influenza viruses, including Influenza A viruses (IAV) and bacteria, significantly worsen disease severity and remain a major public health concern, particularly during seasonal and pandemic flu outbreaks. Among bacterial pathog..."
pi-backlog,pmid-41846986,41846986,2026,,Compartmentalized cytokine networks and systemic immune remodeling in bovine mammary H5N1 infection.,,influenza,,network_modeling,primary_research,candidate,"relevant viral/host/pathway terms matched: virus, infection",high,"recent paper with relevant terms: virus, host","Highly pathogenic avian influenza A H5N1 has recently expanded its mammalian host range; in 2024, genotype B3.13 emerged in U.S. dairy cattle with pronounced mammary tropism. In the past, Influenza A virus immunology has been characterized primarily in respiratory infection mo..."
pi-backlog,pmid-41826557,41826557,2026,,"Adaptable, quantitative CRISPR/Cas12a-based assay for cytomegalovirus DNA in infant saliva.",,cmv,,crispr_screen,primary_research,candidate,"relevant viral/host/pathway terms matched: viral, crispr, infection",high,"recent paper with relevant terms: viral, crispr","Congenital cytomegalovirus (CMV) infection is the leading non-genetic cause of infant hearing loss worldwide, and a significant cause of neurodevelopmental disabilities. Reliance on polymerase chain reaction (PCR) for CMV DNA testing hampers diagnostic and research efforts in..."
hpmi,pmid-41797714,41797714,2026,HPMI,Human iPSC-derived alveolar macrophages reveal macrophage subtype functions of itaconate in M. tuberculosis defense.,,,mycobacterium_tuberculosis,,primary_research,candidate,"relevant host-pathogen/pathway terms matched: host-pathogen, tuberculosis, mycobacterium",high,"recent HPMI paper with relevant terms: host-pathogen, tuberculosis, mycobacterium","Mycobacterium tuberculosis (Mtb) survives within multiple macrophage populations during infection, including alveolar macrophages (AMs) and recruited inflammatory macrophages. In mice, itaconate, produced in macrophages by ACOD1-mediated decarboxylation of aconitate, has direc..."
pi-backlog,pmid-41729080,41729080,2026,,Dose-dependent IFN programs in myeloid cells after mRNA and adenovirus COVID-19 vaccination.,,sars-cov-2;sars-cov,,,data_or_analysis,candidate,relevant viral/host/pathway terms matched: viral,high,recent paper with relevant terms: viral,"BACKGROUNDThe SARS-CoV-2 pandemic provided a rare opportunity to study how human immune responses develop to a novel viral antigen delivered through different vaccine platforms. However, to date, no study has directly compared immune responses to all 3 FDA-approved COVID-19 va..."
pi-backlog,pmid-41676703,41676703,2026,,LUCas: Light-Uncaged Cas13a using photocleavable interfering guide RNAs.,,influenza,,crispr_screen,primary_research,candidate,"relevant viral/host/pathway terms matched: viral, crispr",high,"recent paper with relevant terms: viral, crispr","CRISPR diagnostics have emerged as powerful tools for detecting infectious diseases, with the RNA endonuclease Cas13a enabling sensitive and specific, amplification-free RNA detection through collateral trans -cleavage of fluorescent reporters. However, background cleavage fro..."
pi-backlog,pmid-41659632,41659632,2026,,Coupling high-throughput protease enzymology with viral replication reveals biochemical constraints of viral fitness.,,sars-cov-2;sars-cov;influenza,,network_modeling,primary_research,candidate,relevant viral/host/pathway terms matched: viral,high,recent paper with relevant terms: viral,"Proteases govern essential biological processes and are key drug targets, yet how protease sequence variation quantitatively reshapes biochemical parameters and constrains biological fitness remains poorly understood. Here, we integrate high-throughput in vitro enzymology with..."
pi-backlog,pmid-41654489,41654489,2026,,Prenatal and postnatal effects of gestational immune activation on synaptic and neurodevelopmental pathways via epigenetic mechanisms.,,influenza,,transcriptomics;epigenomics;network_modeling,primary_research,candidate,"relevant viral/host/pathway terms matched: virus, infection",high,recent paper with relevant terms: virus,Epidemiological research suggests that maternal immune activation (MIA) during early gestation is a significant risk factor for neurodevelopmental and psychiatric disorders in offspring. Epigenetic factors and chromatin-related phenomena remain highly dynamic throughout prenat...
current-program,pmid-41646792,41646792,2026,SCRIPT,Longitudinal clinical proteomics reveals pneumonia type-specific protein biomarkers and autoantibodies.,Richard Wunderink,sars-cov-2;sars-cov;influenza,,proteomics,data_or_analysis,candidate,relevant viral/host/pathway terms matched: viral,high,"recent paper with relevant terms: viral, sars, cov, influenza",Community-acquired pneumonia is a major cause of morbidity and mortality globally. Specific molecular endotypes are currently not well defined and different viral or bacterial pathogens may trigger specific host responses and pathogenic mechanisms. We performed longitudinal pr...
pi-backlog,pmid-41505524,41505524,2026,,SARS-CoV-2 peptide fragments selectively dysregulate specific immune cell populations via Gaussian curvature targeting.,,sars-cov-2;sars-cov,,proteomics,primary_research,candidate,relevant viral/host/pathway terms matched: proteome,high,recent paper with relevant terms: host,"Immune cell populations are dysregulated in COVID-19 for currently unknown reasons: Plasmacytoid dendritic cell (pDC) populations are reduced, thus hampering antiviral responses. CD8+ T cell populations are reduced, the level of which has emerged as an index of disease severit..."
pi-backlog,pmid-39988028,39988028,2026,,Ebola Virus Disease and Pediatric Mental Health: Long-Term Mediating Effects of Caregiver Mental Health.,,influenza,,network_modeling,methods,candidate,"relevant viral/host/pathway terms matched: virus, infection",high,recent paper with relevant terms: virus,"OBJECTIVE: Previous research suggests that adult survivors of Ebola virus disease (EVD) experience mental health problems following their infection. This study examines long-term mental health consequences of EVD for child survivors, and those affected by EVD but not themselve..."
pi-backlog,pmid-41370723,41370723,2025,,Avian influenza in the context of a pandemic challenge.,,influenza,,network_modeling,review,candidate,relevant viral/host/pathway terms matched: viral,high,"recent paper with relevant terms: viral, host","Highly pathogenic avian influenza viruses (HPAIVs) have undergone ecological and evolutionary shifts in recent years, broadening both their host range and geographic distribution. This manuscript explores the emergence and dissemination of HPAIVs, tracing their origins from wi..."
pi-backlog,pmid-41212055,41212055,2025,,Minimalistic transcriptomic signatures permit accurate early prediction of COVID-19 mortality.,,sars-cov-2;sars-cov,,transcriptomics,primary_research,candidate,"relevant viral/host/pathway terms matched: viral, infection",high,"recent paper with relevant terms: viral, host","BACKGROUNDAccurate prognostic assays for COVID-19 represent an unmet clinical need. We sought to identify and validate early parsimonious transcriptomic signatures that accurately predict fatal outcomes.METHODSWe studied 894 patients enrolled in the prospective, multicenter Im..."
hpmi,pmid-41208107,41208107,2025,HPMI,Shared and distinct responses of human and murine alveolar macrophages and monocyte-derived macrophages to Mycobacterium tuberculosis.,,,mycobacterium_tuberculosis,,primary_research,candidate,"relevant host-pathogen/pathway terms matched: tuberculosis, mycobacterium",high,"recent HPMI paper with relevant terms: tuberculosis, mycobacterium","Macrophages are important sites of bacterial replication and host immune responses during Mycobacterium tuberculosis (Mtb) infection with distinct roles for alveolar macrophages (AMs) early in infection and monocyte-derived macrophages (MDMs) later in disease. Here, we leverag..."
hpmi,pmid-41171885,41171885,2025,HPMI,Mycobacterium tuberculosis triggers reduced inflammatory cytokine responses and virulence in mice lacking Tax1bp1.,,,mycobacterium_tuberculosis,,primary_research,candidate,"relevant host-pathogen/pathway terms matched: host factor, tuberculosis, mycobacterium",high,"recent HPMI paper with relevant terms: tuberculosis, mycobacterium","Host responses - autophagy, cell death, and inflammation - limit the growth of bacterial pathogens while minimizing tissue damage. During the early stages of infection, Mycobacterium tuberculosis (Mtb) thwarts these and other innate immune defense mechanisms in alveolar macrop..."
pi-backlog,pmid-41142120,41142120,2025,,Integrative multi-omics analysis in vivo identifies influenza virus host factors.,,influenza,,metabolomics;network_modeling,methods,candidate,"relevant viral/host/pathway terms matched: virus, viral, dependency, infection",high,"recent paper with relevant terms: virus, viral, host","Influenza A virus (IAV) infection remodels cellular processes to support viral replication. The modulation of host factors by the virus drives pathogenesis during infection, and these factors may serve as therapeutic targets. Here, we infect mice with two IAV strains, H1N1 and..."
pi-backlog,pmid-41141506,41141506,2025,,Liquid Biopsy-Multiomics Link Adhesion Pathway Dysregulation to Kidney Injury Severity.,,sars-cov-2;sars-cov,,proteomics;transcriptomics,primary_research,candidate,"relevant viral/host/pathway terms matched: interaction, pathway",high,"recent paper with relevant terms: pathway, proteomics","INTRODUCTION: Severe acute kidney injury (AKI) is strongly associated with the risk of developing chronic kidney disease; however, little is known about the cell type-specific mechanisms driving kidney injury severity. METHODS: In this multicenter observational study, we used..."
pi-backlog,pmid-41051902,41051902,2025,,Covalent Probes Reveal Small-Molecule Binding Pockets in Structured RNA and Enable Bioactive Compound Design.,,sars-cov-2;sars-cov;influenza,,,data_or_analysis,candidate,relevant viral/host/pathway terms matched: viral,high,recent paper with relevant terms: viral,"The SARS-CoV-2 frameshift stimulation element (FSE) is a critical RNA structure that is essential for viral replication and represents a promising target for antiviral intervention. Here, Chemical Cross-Linking and Isolation by Pull-down (Chem-CLIP) covalent target validation..."
pi-backlog,pmid-40894688,40894688,2025,,Dose-dependent interferon programs in myeloid cells after mRNA and adenovirus COVID-19 vaccination.,,sars-cov-2;sars-cov,,,data_or_analysis,candidate,relevant viral/host/pathway terms matched: viral,high,recent paper with relevant terms: viral,"The SARS-CoV-2 pandemic provided a rare opportunity to study how human immune responses develop to a novel viral antigen delivered through different vaccine platforms. However, to date, no study has directly compared immune responses to all three FDA-approved COVID-19 vaccines..."
hpmi,pmid-40777401,40777401,2025,HPMI,Human iPSC derived alveolar macrophages reveal macrophage subtype specific functions of itaconate in M. tuberculosis host defense.,,,mycobacterium_tuberculosis,,primary_research,candidate,"relevant host-pathogen/pathway terms matched: host pathogen, tuberculosis, mycobacterium",high,"recent HPMI paper with relevant terms: host pathogen, tuberculosis, mycobacterium","Mycobacterium tuberculosis (Mtb) must survive within multiple macrophage populations during infection, including alveolar macrophages (AM) and recruited inflammatory macrophages. In mice, itaconate, produced in macrophages by ACOD1 mediated decarboxylation of aconitate, has di..."
hpmi,pmid-40766380,40766380,2025,HPMI,"An unusual genetic switch controls Mycobacterium avium pathogenesis, antibiotic resistance and colony morphology.",,,,transcriptomics,primary_research,candidate,"relevant host-pathogen/pathway terms matched: pathway, mycobacterium",high,recent HPMI paper with relevant terms: mycobacterium,"Mycobacterium avium subspecies hominissuis (Mah) is an emerging environmental pathogen highly adapted to a wide range of niches, from treated water systems to mammalian tissues. On solid media, Mah forms two distinct colony morphologies, smooth transparent (SmT) and smooth opa..."
pi-backlog,pmid-40758871,40758871,2025,,Influenza A virus NS1 protein mimics oncogenic PI3K resulting in isoform specific cellular redistribution and activation.,,influenza,,network_modeling,primary_research,candidate,"relevant viral/host/pathway terms matched: virus, viral, interaction",high,"recent paper with relevant terms: virus, viral, host","The nonstructural protein 1 (NS1) of influenza A virus performs a broad variety of proviral activities in the infected cell, primarily mediating evasion from the host innate immune response by being the main viral interferon antagonist. However, there are several interactions..."
pi-backlog,pmid-40687705,40687705,2025,,Baseline predictors for 28-day COVID-19 severity and mortality among hospitalized patients: results from the IMPACC study.,,sars-cov-2;sars-cov;coronavirus,,proteomics;transcriptomics;metabolomics;network_modeling,primary_research,candidate,"relevant viral/host/pathway terms matched: viral, infection",high,"recent paper with relevant terms: viral, host, proteomics","INTRODUCTION: The coronavirus disease 2019 (COVID-19) pandemic threatened public health and placed a significant burden on medical resources. The Immunophenotyping Assessment in a COVID-19 Cohort (IMPACC) study collected clinical, demographic, blood cytometry, serum receptor-b..."
hpmi,pmid-40671523,40671523,2025,HPMI,Directed evolution expands CRISPR-Cas12a genome-editing capacity.,,,,genome_editing,primary_research,candidate,"relevant host-pathogen/pathway terms matched: viral, crispr",high,recent HPMI paper with relevant terms: viral,"CRISPR-Cas12a enzymes are versatile RNA-guided genome-editing tools with applications encompassing viral diagnosis, agriculture, and human therapeutics. However, their dependence on a 5'-TTTV-3' protospacer adjacent motif (PAM) next to DNA target sequences restricts Cas12a's g..."
pi-backlog,pmid-40585204,40585204,2025,,Empiric Azithromycin in COVID-19 Impacts the Respiratory Microbiome and Antimicrobial Resistome without Anti-inflammatory Benefit.,,sars-cov-2;sars-cov,,transcriptomics,primary_research,candidate,"relevant viral/host/pathway terms matched: viral, infection",high,"recent paper with relevant terms: viral, host","Azithromycin is often prescribed unnecessarily for respiratory infections, many of which are viral. During the COVID-19 pandemic, its use was widespread, in part due to alleged therapeutic benefits, which have since been disproven. Here, we sought to understand the impact of a..."
hpmi,pmid-40093075,40093075,2025,HPMI,Shared and distinct responses of human and murine alveolar macrophages and monocyte-derived macrophages to Mycobacterium tuberculosis.,,,mycobacterium_tuberculosis,,primary_research,candidate,"relevant host-pathogen/pathway terms matched: tuberculosis, mycobacterium",high,"recent HPMI paper with relevant terms: tuberculosis, mycobacterium","Macrophages serve as important sites of bacterial replication and host immune response during Mycobacterium tuberculosis (Mtb) infection with distinct roles for alveolar macrophages (AMs) early in infection and monocyte-derived (MDMs) during later stages of disease. Here, we l..."
hpmi,pmid-40025722,40025722,2025,HPMI,Affinity Purification Mass Spectrometry on the Orbitrap-Astral Mass Spectrometer Enables High-Throughput Protein-Protein Interaction Mapping.,,,,protein_interaction_mapping;proteomics,methods,candidate,"relevant host-pathogen/pathway terms matched: viral, interaction, proteome",high,"recent HPMI paper with relevant terms: viral, interaction map","Classical proteomics experiments offer high-throughput protein quantification but lack direct evidence of the spatial organization of the proteome, including protein-protein interaction (PPIs) networks. While affinity purification mass spectrometry (AP-MS) is the method of cho..."
pi-backlog,pmid-40013775,40013775,2025,,Pandemic risk stemming from the bovine H5N1 outbreak: an account of the knowns and unknowns.,,influenza,,network_modeling,review,candidate,relevant viral/host/pathway terms matched: viral,high,"recent paper with relevant terms: viral, host","H5N1 subtype influenza A viruses represent a long-standing pandemic concern. Owing to their global occurrence in poultry, humans are routinely exposed to these viruses, and hundreds of human cases have been documented worldwide since 2003. The relevant viral lineages are not s..."
hpmi,pmid-39698811,39698811,2025,HPMI,CRISPR-Cas12a bends DNA to destabilize base pairs during target interrogation.,,influenza,,structural_biology;genome_editing,primary_research,candidate,relevant host-pathogen/pathway terms matched: crispr,medium,recent HPMI paper but no strong viral/pathogen keywords matched,"RNA-guided endonucleases are involved in processes ranging from adaptive immunity to site-specific transposition and have revolutionized genome editing. CRISPR-Cas9, -Cas12 and related proteins use guide RNAs to recognize ∼20-nucleotide target sites within genomic DNA by mecha..."
hpmi,pmid-39415058,39415058,2025,HPMI,Lung and liver editing by lipid nanoparticle delivery of a stable CRISPR-Cas9 ribonucleoprotein.,,,,genome_editing,primary_research,candidate,"relevant host-pathogen/pathway terms matched: viral, crispr",high,recent HPMI paper with relevant terms: viral,"Lipid nanoparticle (LNP) delivery of clustered regularly interspaced short palindromic repeat (CRISPR) ribonucleoproteins (RNPs) could enable high-efficiency, low-toxicity and scalable in vivo genome editing if efficacious RNP-LNP complexes can be reliably produced. Here we en..."
hpmi,pmid-38979269,38979269,2025,HPMI,Neuronal DNA repair reveals strategies to influence CRISPR editing outcomes.,,influenza,,genome_editing,primary_research,candidate,relevant host-pathogen/pathway terms matched: crispr,medium,recent HPMI paper but no strong viral/pathogen keywords matched,"Genome editing is poised to revolutionize treatment of genetic diseases, but poor understanding and control of DNA repair outcomes hinders its therapeutic potential. DNA repair is especially understudied in nondividing cells like neurons, which must withstand decades of DNA da..."
hpmi,pmid-39571001,39571001,2024,HPMI,SARS-CoV-2 evolution balances conflicting roles of N protein phosphorylation.,,sars-cov-2;sars-cov;coronavirus,,proteomics,primary_research,candidate,"relevant host-pathogen/pathway terms matched: virus, viral",medium,"older HPMI paper with relevant terms: virus, viral, sars, cov","All lineages of SARS-CoV-2, the coronavirus responsible for the COVID-19 pandemic, contain mutations between amino acids 199 and 205 in the nucleocapsid (N) protein that are associated with increased infectivity. The effects of these mutations have been difficult to determine..."
pi-backlog,pmid-39560427,39560427,2024,,Recombination across distant coronavirid species and genera is a rare event with distinct genomic features.,,sars-cov-2;sars-cov;coronavirus,,network_modeling,primary_research,candidate,relevant viral/host/pathway terms matched: virus,high,recent paper with relevant terms: virus,"UNLABELLED: Severe acute respiratory syndrome coronavirus 2 (SARS-CoV-2; family Coronaviridae, genus Betacoronavirus, subgenus Sarbecovirus) has caused millions of deaths, prompting a need for better understanding of coronavirid emergence and spillover to humans. As an evaluat..."
pi-backlog,pmid-39535188,39535188,2024,,"Avian influenza A (H5N1) virus in dairy cattle: origin, evolution, and cross-species transmission.",,influenza,,network_modeling,primary_research,candidate,"relevant viral/host/pathway terms matched: virus, viral, infection",high,"recent paper with relevant terms: virus, viral, host","Since the emergence of highly pathogenic avian influenza virus (HPAIV) H5N1 of clade 2.3.4.4b as a novel reassortant virus from subtype H5N8, the virus has led to a massive number of outbreaks worldwide in wild and domestic birds. Compared to the parental HPAIV H5N8 clade 2.3...."
pi-backlog,pmid-39447570,39447570,2024,,"Adaptive multi-epitope targeting and avidity-enhanced nanobody platform for ultrapotent, durable antiviral therapy.",,sars-cov-2;sars-cov,,network_modeling,primary_research,candidate,"relevant viral/host/pathway terms matched: virus, viral",high,"recent paper with relevant terms: virus, viral, host","Pathogens constantly evolve and can develop mutations that evade host immunity and treatment. Addressing these escape mechanisms requires targeting evolutionarily conserved vulnerabilities, as mutations in these regions often impose fitness costs. We introduce adaptive multi-e..."
pi-backlog,pmid-39175256,39175256,2024,,MicroRNAs modulate SARS-CoV-2 infection of primary human hepatocytes by regulating the entry factors ACE2 and TMPRSS2.,,sars-cov-2;sars-cov;coronavirus,,,data_or_analysis,candidate,"relevant viral/host/pathway terms matched: viral, infection",high,recent paper with relevant terms: viral,"BACKGROUND AND AIMS: Severe acute respiratory syndrome coronavirus (SARS-CoV-2) preferentially infects the respiratory tract; however, several studies have implicated a multi-organ involvement. Hepatic dysfunctions caused by SARS-CoV-2 infection have been increasingly recogniz..."
pi-backlog,pmid-39133650,39133650,2024,,Expansion of the HSV-2-specific T cell repertoire in skin after immunotherapeutic HSV-2 vaccine.,,influenza,,,data_or_analysis,candidate,relevant viral/host/pathway terms matched: virus,high,recent paper with relevant terms: virus,"The skin at the site of HSV-2 reactivation is enriched for HSV-2-specific T cells. To evaluate whether an immunotherapeutic vaccine could elicit skin-based memory T cells, we studied skin biopsies and HSV-2-reactive CD4+ T cells from PBMCs by T cell receptor (TCR) β chain (TRB..."
pi-backlog,pmid-39120141,39120141,2024,,Genetic Heterogeneity in Cellular Angiofibromas.,,,,,data_or_analysis,high,explicit cross-virus/shared-host language: comparative,high,recent paper with relevant terms: host,"BACKGROUND: Cellular angiofibroma, a rare benign mesenchymal neoplasm, is classified within the 13q/RB1 family of tumors due to morphological, immunohistochemical, and genetic similarities with spindle cell lipoma. Here, genetic data reveal pathogenetic heterogeneity in cellul..."
hpmi,pmid-38836816,38836816,2024,HPMI,Human Alveolar and Monocyte-Derived Human Macrophage Responses to Mycobacterium tuberculosis.,,,mycobacterium_tuberculosis,transcriptomics,data_or_analysis,candidate,"relevant host-pathogen/pathway terms matched: pathway, tuberculosis, mycobacterium",medium,"older HPMI paper with relevant terms: tuberculosis, mycobacterium",Alveolar macrophages (AMs) and recruited monocyte-derived macrophages (MDMs) mediate early lung immune responses to Mycobacterium tuberculosis. Differences in the response of these distinct cell types are poorly understood and may provide insight into mechanisms of tuberculosi...
hpmi,pmid-38587193,38587193,2024,HPMI,Assembly of SARS-CoV-2 nucleocapsid protein with nucleic acid.,,sars-cov-2;sars-cov,,protein_interaction_mapping,primary_research,candidate,"relevant host-pathogen/pathway terms matched: viral, interaction",medium,"older HPMI paper with relevant terms: viral, sars, cov","The viral genome of SARS-CoV-2 is packaged by the nucleocapsid (N-)protein into ribonucleoprotein particles (RNPs), 38 ± 10 of which are contained in each virion. Their architecture has remained unclear due to the pleomorphism of RNPs, the high flexibility of N-protein intrins..."
pi-backlog,pmid-38467633,38467633,2024,,N(6)-methyladenosine modification is not a general trait of viral RNA genomes.,,dengue,,,data_or_analysis,candidate,"relevant viral/host/pathway terms matched: viral, infection",high,"recent paper with relevant terms: viral, host","Despite the nuclear localization of the m6A machinery, the genomes of multiple exclusively-cytoplasmic RNA viruses, such as chikungunya (CHIKV) and dengue (DENV), are reported to be extensively m6A-modified. However, these findings are mostly based on m6A-Seq, an antibody-depe..."
pi-backlog,pmid-38352384,38352384,2024,,Expansion of the HSV-2-specific T cell repertoire in skin after immunotherapeutic HSV-2 vaccine.,,influenza,,,data_or_analysis,candidate,relevant viral/host/pathway terms matched: virus,high,recent paper with relevant terms: virus,"The skin at the site of HSV-2 reactivation is enriched for HSV-2-specific T cells. To evaluate whether an immunotherapeutic vaccine could elicit skin-based memory T cells, we studied skin biopsies and HSV-2-reactive CD4+ T cells from peripheral blood mononuclear cells (PBMCs)..."
pi-backlog,pmid-38306481,38306481,2024,,Viral afterlife: SARS-CoV-2 as a reservoir of immunomimetic peptides that reassemble into proinflammatory supramolecular complexes.,,sars-cov-2;sars-cov;coronavirus,,transcriptomics,review,candidate,"relevant viral/host/pathway terms matched: viral, proteome, infection",high,"recent paper with relevant terms: viral, host","It is unclear how severe acute respiratory syndrome coronavirus 2 (SARS-CoV-2) infection leads to the strong but ineffective inflammatory response that characterizes severe Coronavirus disease 2019 (COVID-19), with amplified immune activation in diverse cell types, including c..."
pi-backlog,pmid-37938158,37938158,2024,,Experimental co-infection of calves with SARS-CoV-2 Delta and Omicron variants of concern.,,sars-cov-2;sars-cov;coronavirus,,,data_or_analysis,candidate,"relevant viral/host/pathway terms matched: virus, infection",high,"recent paper with relevant terms: virus, host","Since emerging in late 2019, severe acute respiratory syndrome coronavirus 2 (SARS-CoV-2) has repeatedly crossed the species barrier with natural infections reported in various domestic and wild animal species. The emergence and global spread of SARS-CoV-2 variants of concern..."
pi-backlog,pmid-37867244,37867244,2024,,Lipid Nanoparticle Encapsulation Empowers Poly(I:C) to Activate Cytoplasmic RLRs and Thereby Increases Its Adjuvanticity.,,sars-cov-2;sars-cov,,,data_or_analysis,candidate,"relevant viral/host/pathway terms matched: viral, infection",high,recent paper with relevant terms: viral,"Poly(I:C) is a synthetic analogue of dsRNA capable of activating both TLR3 and RLRs, such as MDA-5 and RIG-I, as pathogen recognition receptors. While poly(I:C) is known to provoke a robust type I IFN, type III IFN, and Th1 cytokine response, its therapeutic use as a vaccine a..."
pi-backlog,pmid-37833243,37833243,2024,,A community effort in SARS-CoV-2 drug discovery.,,sars-cov-2;sars-cov,,,data_or_analysis,candidate,relevant viral/host/pathway terms matched: viral,high,"recent paper with relevant terms: viral, screen","The COVID-19 pandemic continues to pose a substantial threat to human lives and is likely to do so for years to come. Despite the availability of vaccines, searching for efficient small-molecule drugs that are widely available, including in low- and middle-income countries, is..."
hpmi,pmid-38045338,38045338,2023,HPMI,Assembly reactions of SARS-CoV-2 nucleocapsid protein with nucleic acid.,,sars-cov-2;sars-cov,,protein_interaction_mapping,primary_research,candidate,"relevant host-pathogen/pathway terms matched: viral, interaction",medium,"older HPMI paper with relevant terms: viral, sars, cov","The viral genome of SARS-CoV-2 is packaged by the nucleocapsid (N-) protein into ribonucleoprotein particles (RNPs), 38±10 of which are contained in each virion. Their architecture has remained unclear due to the pleomorphism of RNPs, the high flexibility of N-protein intrinsi..."
hpmi,pmid-37738970,37738970,2023,HPMI,SARS-CoV-2 variants evolve convergent strategies to remodel the host response.,,sars-cov-2;sars-cov,,protein_interaction_mapping;proteomics,primary_research,candidate,"relevant host-pathogen/pathway terms matched: virus, viral, interaction",medium,"older HPMI paper with relevant terms: virus, viral, sars, cov","SARS-CoV-2 variants of concern (VOCs) emerged during the COVID-19 pandemic. Here, we used unbiased systems approaches to study the host-selective forces driving VOC evolution. We discovered that VOCs evolved convergent strategies to remodel the host by modulating viral RNA and..."
pi-backlog,pmid-37400148,37400148,2023,,Genetic Pathways in Peritoneal Mesothelioma Tumorigenesis.,,influenza,,,data_or_analysis,high,explicit cross-virus/shared-host language: comparative,medium,relevant mechanistic terms: pathway,"BACKGROUND/AIM: Mesotheliomas are tumors similar to, and probably derived from, mesothelial cells. They carry acquired chromosomal rearrangements, deletions affecting CDKN2A, pathogenetic polymorphisms in NF2, and fusion genes which often contain the promiscuous EWSR1, FUS, an..."
hpmi,pmid-37352334,37352334,2023,HPMI,"Deficiency in Galectin-3, -8, and -9 impairs immunity to chronic Mycobacterium tuberculosis infection but not acute infection with multiple intracellular pathogens.",,influenza,mycobacterium_tuberculosis,,primary_research,candidate,"relevant host-pathogen/pathway terms matched: tuberculosis, mycobacterium",medium,"older HPMI paper with relevant terms: tuberculosis, mycobacterium","Macrophages employ an array of pattern recognition receptors to detect and eliminate intracellular pathogens that access the cytosol. The cytosolic carbohydrate sensors Galectin-3, -8, and -9 (Gal-3, Gal-8, and Gal-9) recognize damaged pathogen-containing phagosomes, and Gal-3..."
pi-backlog,pmid-36197970,36197970,2022,,"Common and species-specific molecular signatures, networks, and regulators of influenza virus infection in mice, ferrets, and humans.",,influenza,,transcriptomics;network_modeling,primary_research,high,explicit cross-virus/shared-host language: comparative,medium,"relevant mechanistic terms: virus, host, pathway","Molecular responses to influenza A virus (IAV) infections vary between mammalian species. To identify conserved and species-specific molecular responses, we perform a comparative study of transcriptomic data derived from blood cells, primary epithelial cells, and lung tissues..."
hpmi,pmid-36075902,36075902,2022,HPMI,Structure-function analysis of enterovirus protease 2A in complex with its essential host factor SETD3.,,enterovirus,,structural_biology,primary_research,candidate,"relevant host-pathogen/pathway terms matched: viral, interaction, host factor",medium,older HPMI paper with relevant terms: viral,Enteroviruses cause a number of medically relevant and widespread human diseases with no approved antiviral therapies currently available. Host-directed therapies present an enticing option for this diverse genus of viruses. We have previously identified the actin histidine me...
hpmi,pmid-35417684,35417684,2022,HPMI,Global post-translational modification profiling of HIV-1-infected cells reveals mechanisms of host cellular pathway remodeling.,,hiv,,proteomics,data_or_analysis,candidate,relevant host-pathogen/pathway terms matched: pathway,low,no strong HPMI literature-priority keywords matched,"Viruses must effectively remodel host cellular pathways to replicate and evade immune defenses, and they must do so with limited genomic coding capacity. Targeting post-translational modification (PTM) pathways provides a mechanism by which viruses can broadly and rapidly tran..."
pi-backlog,pmid-35128980,35128980,2022,,Modeling SARS-CoV-2: Comparative Pathology in Rhesus Macaque and Golden Syrian Hamster Models.,,sars-cov-2;sars-cov;coronavirus,,network_modeling,primary_research,high,explicit cross-virus/shared-host language: comparative,medium,"relevant mechanistic terms: virus, viral","Coronavirus disease 2019 (COVID-19) in humans has a wide range of presentations, ranging from asymptomatic or mild symptoms to severe illness. Suitable animal models mimicking varying degrees of clinical disease manifestations could expedite development of therapeutics and vac..."
hpmi,pmid-34556855,34556855,2021,HPMI,Restriction factor compendium for influenza A virus reveals a mechanism for evasion of autophagy.,,influenza,,proteomics;transcriptomics,primary_research,candidate,"relevant host-pathogen/pathway terms matched: virus, viral, interaction",medium,"older HPMI paper with relevant terms: virus, viral, influenza","The fate of influenza A virus (IAV) infection in the host cell depends on the balance between cellular defence mechanisms and viral evasion strategies. To illuminate the landscape of IAV cellular restriction, we generated and integrated global genetic loss-of-function screens..."
hpmi,pmid-34519533,34519533,2021,HPMI,Target Discovery for Host-Directed Antiviral Therapies: Application of Proteomics Approaches.,,sars-cov-2;coronavirus;influenza,,proteomics,primary_research,candidate,"relevant host-pathogen/pathway terms matched: viral, host-pathogen",medium,"older HPMI paper with relevant terms: viral, host-pathogen","Current epidemics, such as AIDS or flu, and the emergence of new threatening pathogens, such as the one causing the current coronavirus disease 2019 (COVID-19) pandemic, represent major global health challenges. While vaccination is an important part of the arsenal to counter..."
hpmi,pmid-34389466,34389466,2021,HPMI,Characterization of an A3G-Vif(HIV-1)-CRL5-CBFβ Structure Using a Cross-linking Mass Spectrometry Pipeline for Integrative Modeling of Host-Pathogen Complexes.,,hiv,,proteomics;structural_biology,methods,candidate,relevant host-pathogen/pathway terms matched: host-pathogen,medium,older HPMI paper with relevant terms: host-pathogen,"Structural analysis of host-pathogen protein complexes remains challenging, largely due to their structural heterogeneity. Here, we describe a pipeline for the structural characterization of these complexes using integrative structure modeling based on chemical cross-links and..."
hpmi,pmid-34171302,34171302,2021,HPMI,"An ancient viral epidemic involving host coronavirus interacting genes more than 20,000 years ago in East Asia.",,sars-cov-2;sars-cov;coronavirus,,,data_or_analysis,candidate,"relevant host-pathogen/pathway terms matched: virus, viral",medium,"older HPMI paper with relevant terms: virus, viral, sars, cov","The current severe acute respiratory syndrome coronavirus 2 (SARS-CoV-2) pandemic has emphasized the vulnerability of human populations to novel viral pressures, despite the vast array of epidemiological and biomedical tools now available. Notably, modern human genomes contain..."
pi-backlog,pmid-34129317,34129317,2021,,Screening a Library of FDA-Approved and Bioactive Compounds for Antiviral Activity against SARS-CoV-2.,,sars-cov-2;sars-cov;coronavirus,,,data_or_analysis,high,explicit cross-virus/shared-host language: comparative,medium,"relevant mechanistic terms: host, screen","Severe acute respiratory syndrome coronavirus 2 (SARS-CoV-2), the causative agent of coronavirus disease 2019 (COVID-19), has emerged as a major global health threat. The COVID-19 pandemic has resulted in over 168 million cases and 3.4 million deaths to date, while the number..."
hpmi,pmid-33979618,33979618,2021,HPMI,Efficient generation of isogenic primary human myeloid cells using CRISPR-Cas9 ribonucleoproteins.,,hiv,,genome_editing,methods,candidate,"relevant host-pathogen/pathway terms matched: host-pathogen, crispr",medium,older HPMI paper with relevant terms: host-pathogen,"Genome engineering of primary human cells with CRISPR-Cas9 has revolutionized experimental and therapeutic approaches to cell biology, but human myeloid-lineage cells have remained largely genetically intractable. We present a method for the delivery of CRISPR-Cas9 ribonucleop..."
hpmi,pmid-33501437,33501437,2021,HPMI,Host-directed therapies against early-lineage SARS-CoV-2 retain efficacy against B.1.1.7 variant.,,sars-cov-2;sars-cov;coronavirus,,,data_or_analysis,candidate,"relevant host-pathogen/pathway terms matched: virus, viral",medium,"older HPMI paper with relevant terms: virus, viral, sars, cov","Coronavirus disease 2019 (COVID-19), caused by severe acute respiratory syndrome coronavirus 2 (SARS-CoV-2), has resulted in millions of deaths worldwide and massive societal and economic burden. Recently, a new variant of SARS-CoV-2, known as B.1.1.7, was first detected in th..."
hpmi,pmid-33495306,33495306,2021,HPMI,Plitidepsin has potent preclinical efficacy against SARS-CoV-2 by targeting the host protein eEF1A.,,sars-cov-2;sars-cov;coronavirus,,,data_or_analysis,candidate,relevant host-pathogen/pathway terms matched: viral,medium,"older HPMI paper with relevant terms: viral, sars, cov","Severe acute respiratory syndrome coronavirus 2 (SARS-CoV-2) viral proteins interact with the eukaryotic translation machinery, and inhibitors of translation have potent antiviral effects. We found that the drug plitidepsin (aplidin), which has limited clinical approval, posse..."
hpmi,pmid-33464917,33464917,2021,HPMI,Proteomic Approaches to Study SARS-CoV-2 Biology and COVID-19 Pathology.,,sars-cov-2;sars-cov;coronavirus,,protein_interaction_mapping;proteomics;structural_biology,review,candidate,"relevant host-pathogen/pathway terms matched: virus, interaction",medium,"older HPMI paper with relevant terms: virus, sars, cov","The novel severe acute respiratory syndrome coronavirus 2 (SARS-CoV-2), the causative agent of coronavirus disease 2019 (COVID-19), was declared a pandemic infection in March 2020. As of December 2020, two COVID-19 vaccines have been authorized for emergency use by the U.S. Fo..."
hpmi,pmid-33333024,33333024,2021,HPMI,Genetic Screens Identify Host Factors for SARS-CoV-2 and Common Cold Coronaviruses.,,sars-cov-2;sars-cov;coronavirus,,crispr_screen,primary_research,candidate,"relevant host-pathogen/pathway terms matched: viral, crispr",medium,"older HPMI paper with relevant terms: viral, sars, cov, respiratory infection",The Coronaviridae are a family of viruses that cause disease in humans ranging from mild respiratory infection to potentially lethal acute respiratory distress syndrome. Finding host factors common to multiple coronaviruses could facilitate the development of therapies to comb...
hpmi,pmid-33082574,33082574,2021,HPMI,Bi-paratopic and multivalent VH domains block ACE2 binding and neutralize SARS-CoV-2.,,sars-cov-2;sars-cov,,structural_biology,primary_research,candidate,relevant host-pathogen/pathway terms matched: virus,medium,"older HPMI paper with relevant terms: virus, sars, cov","Neutralizing agents against SARS-CoV-2 are urgently needed for the treatment and prophylaxis of COVID-19. Here, we present a strategy to rapidly identify and assemble synthetic human variable heavy (VH) domains toward neutralizing epitopes. We constructed a VH-phage library an..."
hpmi,pmid-33154106,33154106,2020,HPMI,An ultrapotent synthetic nanobody neutralizes SARS-CoV-2 by stabilizing inactive Spike.,,sars-cov-2;sars-cov;coronavirus,,structural_biology,primary_research,candidate,"relevant host-pathogen/pathway terms matched: virus, interaction",medium,"older HPMI paper with relevant terms: virus, sars, cov",The severe acute respiratory syndrome coronavirus 2 (SARS-CoV-2) virus enters host cells via an interaction between its Spike protein and the host cell receptor angiotensin-converting enzyme 2 (ACE2). By screening a yeast surface-displayed library of synthetic nanobody sequenc...
hpmi,pmid-33097660,33097660,2020,HPMI,SARS-CoV-2 Orf6 hijacks Nup98 to block STAT nuclear import and antagonize interferon signaling.,,sars-cov-2;sars-cov;coronavirus,,transcriptomics,primary_research,candidate,"relevant host-pathogen/pathway terms matched: virus, viral",medium,"older HPMI paper with relevant terms: virus, viral, sars, cov",Severe acute respiratory syndrome coronavirus 2 (SARS-CoV-2) is the causative agent of the ongoing coronavirus disease 2019 (COVID-19) pandemic that is a serious global health problem. Evasion of IFN-mediated antiviral signaling is a common defense strategy that pathogenic vir...
hpmi,pmid-32995787,32995787,2020,HPMI,Functional genomic screens identify human host factors for SARS-CoV-2 and common cold coronaviruses.,,sars-cov-2;sars-cov;coronavirus,,crispr_screen,primary_research,candidate,"relevant host-pathogen/pathway terms matched: viral, crispr",medium,"older HPMI paper with relevant terms: viral, sars, cov, respiratory infection",The Coronaviridae are a family of viruses that causes disease in humans ranging from mild respiratory infection to potentially lethal acute respiratory distress syndrome. Finding host factors that are common to multiple coronaviruses could facilitate the development of therapi...
hpmi,pmid-32763915,32763915,2020,HPMI,A molecular pore spans the double membrane of the coronavirus replication organelle.,,coronavirus,,structural_biology,primary_research,candidate,"relevant host-pathogen/pathway terms matched: virus, viral",medium,"older HPMI paper with relevant terms: virus, viral","Coronavirus genome replication is associated with virus-induced cytosolic double-membrane vesicles, which may provide a tailored microenvironment for viral RNA synthesis in the infected cell. However, it is unclear how newly synthesized genomes and messenger RNAs can travel fr..."
hpmi,pmid-32719457,32719457,2020,HPMI,Structural basis of CD4 downregulation by HIV-1 Nef.,,hiv,,structural_biology,primary_research,candidate,"relevant host-pathogen/pathway terms matched: virus, viral",medium,"older HPMI paper with relevant terms: virus, viral",The HIV-1 Nef protein suppresses multiple immune surveillance mechanisms to promote viral pathogenesis and is an attractive target for the development of novel therapeutics. A key function of Nef is to remove the CD4 receptor from the cell surface by hijacking clathrin- and ad...
hpmi,pmid-32645325,32645325,2020,HPMI,The Global Phosphorylation Landscape of SARS-CoV-2 Infection.,,sars-cov-2;sars-cov;coronavirus,,proteomics,primary_research,candidate,relevant host-pathogen/pathway terms matched: viral,medium,"older HPMI paper with relevant terms: viral, sars, cov","The causative agent of the coronavirus disease 2019 (COVID-19) pandemic, severe acute respiratory syndrome coronavirus 2 (SARS-CoV-2), has infected millions and killed hundreds of thousands of people worldwide, highlighting an urgent need to develop antiviral therapies. Here w..."
hpmi,pmid-32444466,32444466,2020,HPMI,The Landscape of Human Cancer Proteins Targeted by SARS-CoV-2.,,sars-cov-2;sars-cov,,protein_interaction_mapping,primary_research,candidate,relevant host-pathogen/pathway terms matched: virus,medium,"older HPMI paper with relevant terms: virus, sars, cov","The mapping of SARS-CoV-2 human protein-protein interactions by Gordon and colleagues revealed druggable targets that are hijacked by the virus. Here, we highlight several oncogenic pathways identified at the host-virus interface of SARS-CoV-2 to enable cancer biologists to ap..."
hpmi,pmid-32084337,32084337,2020,HPMI,A Quantitative Genetic Interaction Map of HIV Infection.,,hiv,,,data_or_analysis,candidate,"relevant host-pathogen/pathway terms matched: viral, interaction, dependency, pathway",medium,"older HPMI paper with relevant terms: viral, interaction map","We have developed a platform for quantitative genetic interaction mapping using viral infectivity as a functional readout and constructed a viral host-dependency epistasis map (vE-MAP) of 356 human genes linked to HIV function, comprising >63,000 pairwise genetic perturbations..."
hpmi,pmid-31951200,31951200,2020,HPMI,Dynamic post-translational modification profiling of Mycobacterium tuberculosis-infected primary macrophages.,,,mycobacterium_tuberculosis,proteomics,data_or_analysis,candidate,"relevant host-pathogen/pathway terms matched: proteome, tuberculosis, mycobacterium",medium,"older HPMI paper with relevant terms: tuberculosis, mycobacterium","Macrophages are highly plastic cells with critical roles in immunity, cancer, and tissue homeostasis, but how these distinct cellular fates are triggered by environmental cues is poorly understood. To uncover how primary murine macrophages respond to bacterial pathogens, we gl..."
pi-backlog,pmid-31682641,31682641,2019,,The ETS transcription factor ELF1 regulates a broadly antiviral program distinct from the type I interferon response.,,influenza,,transcriptomics,primary_research,high,explicit cross-virus/shared-host language: comparative,medium,"relevant mechanistic terms: virus, viral, host","Induction of vast transcriptional programs is a central event of innate host responses to viral infections. Here we report a transcriptional program with potent antiviral activity, driven by E74-like ETS transcription factor 1 (ELF1). Using microscopy to quantify viral infecti..."
hpmi,pmid-31540829,31540829,2019,HPMI,Systematic Identification of Host Cell Regulators of Legionella pneumophila Pathogenesis Using a Genome-wide CRISPR Screen.,,,legionella_pneumophila,crispr_screen;genome_editing,data_or_analysis,candidate,relevant host-pathogen/pathway terms matched: crispr,medium,older HPMI paper with relevant terms: crispr screen,"During infection, Legionella pneumophila translocates over 300 effector proteins into the host cytosol, allowing the pathogen to establish an endoplasmic reticulum (ER)-like Legionella-containing vacuole (LCV) that supports bacterial replication. Here, we perform a genome-wide..."
hpmi,pmid-31253590,31253590,2019,HPMI,ARIH2 Is a Vif-Dependent Regulator of CUL5-Mediated APOBEC3G Degradation in HIV Infection.,,hiv,,proteomics,primary_research,candidate,relevant host-pathogen/pathway terms matched: viral,medium,older HPMI paper with relevant terms: viral,"The Cullin-RING E3 ligase (CRL) family is commonly hijacked by pathogens to redirect the host ubiquitin proteasome machinery to specific targets. During HIV infection, CRL5 is hijacked by HIV Vif to target viral restriction factors of the APOBEC3 family for ubiquitination and..."
pi-backlog,pmid-26789921,26789921,2016,,"Targeting Viral Proteostasis Limits Influenza Virus, HIV, and Dengue Virus Infection.",,influenza;dengue;hiv,,proteomics;network_modeling,primary_research,high,explicit cross-virus/shared-host language: broad-spectrum,medium,"relevant mechanistic terms: virus, viral, host, proteomics",Viruses are obligate parasites and thus require the machinery of the host cell to replicate. Inhibition of host factors co-opted during active infection is a strategy hosts use to suppress viral replication and a potential pan-antiviral therapy. To define the cellular proteins...
pi-backlog,pmid-26223639,26223639,2015,,"Human Dendritic Cell Response Signatures Distinguish 1918, Pandemic, and Seasonal H1N1 Influenza Viruses.",,influenza,,,data_or_analysis,high,explicit cross-virus/shared-host language: comparative,medium,"relevant mechanistic terms: virus, viral, host","UNLABELLED: Influenza viruses continue to present global threats to human health. Antigenic drift and shift, genetic reassortment, and cross-species transmission generate new strains with differences in epidemiology and clinical severity. We compared the temporal transcription..."
pi-backlog,pmid-25381252,25381252,2014,,The hepatitis C virus core protein inhibits adipose triglyceride lipase (ATGL)-mediated lipid mobilization and enhances the ATGL interaction with comparative gene identification 58 (CGI-58) and lipid droplets.,,hcv,,,data_or_analysis,high,explicit cross-virus/shared-host language: comparative,medium,relevant mechanistic terms: virus,"Liver steatosis is a common health problem associated with hepatitis C virus (HCV) and an important risk factor for the development of liver fibrosis and cancer. Steatosis is caused by triglycerides (TG) accumulating in lipid droplets (LDs), cellular organelles composed of neu..."
pi-backlog,pmid-24271400,24271400,2014,,"ModBase, a database of annotated comparative protein structure models and associated resources.",,hiv,,network_modeling,methods,high,explicit cross-virus/shared-host language: comparative,medium,relevant mechanistic terms: virus,"ModBase (http://salilab.org/modbase) is a database of annotated comparative protein structure models. The models are calculated by ModPipe, an automated modeling pipeline that relies primarily on Modeller for fold assignment, sequence-structure alignment, model building and mo..."
pi-backlog,pmid-23145065,23145065,2012,,Identification of small molecules with type I interferon inducing properties by high-throughput screening.,,influenza;hcv,,,data_or_analysis,high,explicit cross-virus/shared-host language: broad-spectrum,medium,"relevant mechanistic terms: virus, viral, screen","The continuous emergence of virus that are resistant to current anti-viral drugs, combined with the introduction of new viral pathogens for which no therapeutics are available, creates an urgent need for the development of novel broad spectrum antivirals. Type I interferon (IF..."
pi-backlog,pmid-22260278,22260278,2012,,Influenza research database: an integrated bioinformatics resource for influenza research and surveillance.,,influenza,,proteomics,primary_research,high,explicit cross-virus/shared-host language: comparative,medium,"relevant mechanistic terms: virus, host",BACKGROUND: The recent emergence of the 2009 pandemic influenza A/H1N1 virus has highlighted the value of free and open access to influenza virus genome sequence data integrated with information about other important virus characteristics. DESIGN: The Influenza Research Databa...
pi-backlog,pmid-22217077,22217077,2012,,Surveillance in Eastern India (2007-2009) revealed reassortment event involving NS and PB1-F2 gene segments among co-circulating influenza A subtypes.,,influenza,,,data_or_analysis,high,explicit cross-virus/shared-host language: comparative,medium,"relevant mechanistic terms: virus, viral","BACKGROUND: Influenza A virus encodes for eleven proteins, of which HA, NA, NS1 and PB1-F2 have been implicated in viral pathogenicity and virulence. Thus, in addition to the HA and NA gene segments, monitoring diversity of NS1 and PB1-F2 is also important. METHODS: 55 out of..."
pi-backlog,pmid-19730696,19730696,2009,,Evolutionarily conserved herpesviral protein interaction networks.,,ebv;cmv,,proteomics;network_modeling,primary_research,high,explicit cross-virus/shared-host language: comparative,medium,relevant mechanistic terms: virus,Herpesviruses constitute a family of large DNA viruses widely spread in vertebrates and causing a variety of different diseases. They possess dsDNA genomes ranging from 120 to 240 kbp encoding between 70 to 170 open reading frames. We previously reported the protein interactio...
pi-backlog,pmid-42401593,42401593,2026,,Muscle macrophage regenerative response after squalene-adjuvanted influenza vaccination is associated with type II-skewed response and is reduced with age.,,influenza,,,primary_research,candidate,relevant viral/host/pathway terms matched: viral,high,recent paper with relevant terms: viral,"Squalene-based adjuvants like MF59 and AddaVax induce transient muscle injury, but their downstream mechanisms remain unclear. We show that intramuscular injection of a quadrivalent inactivated influenza vaccine (QIV) with AddaVax triggers a muscle regenerative-like immune res..."
pi-backlog,pmid-42378814,42378814,2026,,Phase 1 trial of intranasal NDV-HXP-S in previously vaccinated adults.,,sars-cov-2;sars-cov,,,primary_research,candidate,relevant viral/host/pathway terms matched: virus,high,recent paper with relevant terms: virus,BACKGROUND: Newcastle disease virus hexapro spike (NDV-HXP-S) is a recombinant vaccine designed to elicit both systemic and mucosal immunity against SARS-CoV-2. Intramuscular vaccines protect against severe disease but provide limited mucosal protection. We conducted a Phase 1...
pi-backlog,pmid-42269836,42269836,2026,,In vivo base editing alleviates hepatic iron accumulation and fibrosis in models of HFE-related hereditary hemochromatosis.,,,,transcriptomics;network_modeling,data_or_analysis,candidate,relevant viral/host/pathway terms matched: viral,high,recent paper with relevant terms: viral,"BACKGROUND & AIMS: HFE-related hereditary hemochromatosis is caused by loss-of-function mutations in the HFE gene, leading to excessive intestinal iron absorption and hepatic deposition. The C282Y variant in homozygosity accounts for 80-90% of diagnosed cases. If untreated, ir..."
pi-backlog,pmid-42244724,42244724,2026,,Zoonotic infections and genomic evolution of novel reassortant swine influenza A viruses in Spain.,,influenza,,,primary_research,candidate,"relevant viral/host/pathway terms matched: virus, viral",high,"recent paper with relevant terms: virus, viral","Influenza A virus (IAV) circulates widely in European pig populations and continues to diversify through frequent introductions from humans, followed by reassortment within swine. Spain represents a particularly dynamic ecological setting due to the coexistence of intensive wh..."
pi-backlog,pmid-42233671,42233671,2026,,Identification and characterization of a SARS-CoV-2 M(pro) G23 deletion ensitrelvir-resistant mutant.,,sars-cov-2;sars-cov;coronavirus,,,primary_research,candidate,relevant viral/host/pathway terms matched: viral,high,recent paper with relevant terms: viral,"Ensitrelvir is an antiviral drug that specifically targets the conserved main protease (Mpro) of severe acute respiratory syndrome coronavirus 2 (SARS-CoV-2). However, mutations in Mpro could confer resistance to antivirals, including ensitrelvir. Thus, identifying SARS-CoV-2..."
pi-backlog,pmid-42150007,42150007,2026,,Self-Dimerization Induced Proximity Targeting Chimeras (SDIPTAC) Lead to DCAF1 Loss of Function and Inhibition of HIV Replication.,,hiv,,,primary_research,candidate,"relevant viral/host/pathway terms matched: viral, interaction, infection",high,recent paper with relevant terms: viral,"DCAF1 is a donut shaped WD40 repeat protein and a substrate receptor of two distinct E3 ligases. In HIV-1 infection, the viral protein Vpr binds to the top surface of DCAF1, changes its substrate specificity to degrade human proteins involved in antiviral activities, enabling..."
pi-backlog,pmid-42084370,42084370,2026,,A cocktail of SARS-CoV-2 S stem helix domain and receptor binding domain human monoclonal antibodies prevents the emergence of viral escape mutants.,,sars-cov-2;sars-cov;coronavirus,,,primary_research,candidate,"relevant viral/host/pathway terms matched: virus, viral",high,"recent paper with relevant terms: virus, viral","UNLABELLED: Neutralizing antibodies (NAbs) targeting the spike (S) glycoprotein remain a crucial therapeutic strategy against severe acute respiratory syndrome coronavirus 2 (SARS-CoV-2). However, emerging viral variants have escaped all Food and Drug Administration (FDA)-appr..."
pi-backlog,pmid-42069582,42069582,2026,,Bridging systems and selves: a qualitative exploration of peer navigation as a developmentally tailored engagement strategy for adolescent HIV services.,,hiv,,,primary_research,candidate,relevant viral/host/pathway terms matched: viral,high,recent paper with relevant terms: viral,"BACKGROUND: Adolescent peer navigation is a promising strategy to improve engagement and health outcomes among adolescents living with HIV (ALHIV), yet youth-focused models remain underdeveloped and poorly documented, particularly in low- and middle-income countries. The Moi T..."
pi-backlog,pmid-42012179,42012179,2026,,Re-engineering segment 8 facilitates generation of a versatile live-attenuated influenza A virus vector platform for secretory protein delivery.,,influenza,,,primary_research,candidate,"relevant viral/host/pathway terms matched: virus, viral, infection",high,"recent paper with relevant terms: virus, viral","UNLABELLED: Influenza A viruses (IAVs) lacking the nonstructural protein 1 (NS1) gene (IAV-ΔNS1) are attenuated both in vitro and in vivo, yet retain replicative capacity in interferon signaling-deficient systems. To date, several efforts have been pursued to expand its functi..."
pi-backlog,pmid-42008572,42008572,2026,,"Entry, replication and innate immunity evasion of BANAL-236, a SARS-CoV-2-related bat virus, in Rhinolophus and human cells.",,sars-cov-2;sars-cov,,,primary_research,candidate,"relevant viral/host/pathway terms matched: virus, viral",high,"recent paper with relevant terms: virus, viral","Asian Rhinolophus bats are considered the natural reservoirs of an ancestral SARS-CoV-2. However, the biology of SARS-CoV-2-related viruses in bat cells is not well understood. Here, we investigated the replication of an isolate of BANAL-236, the only bat-derived SARS-CoV-2 re..."
pi-backlog,pmid-41851107,41851107,2026,,"Discovery of synthetic G-quadruplex DNA as SARS-CoV-2 helicase inhibitor with antiviral, anti-inflammatory and antioxidative properties.",,sars-cov-2;sars-cov,,,primary_research,candidate,relevant viral/host/pathway terms matched: viral,high,recent paper with relevant terms: viral,"SARS-CoV-2 RNA contains guanine-rich sequences that form secondary structures known as G quadruplexes (G4s). The SARS-CoV-2 nonstructural protein (NSP13) resolves G4s due to its helicase and ATPase activity, a process essential for viral replication. Here, we tested the effect..."
pi-backlog,pmid-41742404,41742404,2026,,Delayed viral rebound post-ART interruption in infant macaques given SIV-specific neutralizing antibodies.,,hiv,,,primary_research,candidate,"relevant viral/host/pathway terms matched: virus, viral",high,"recent paper with relevant terms: virus, viral","Interventions to prevent HIV rebound in the absence of antiretroviral therapy (ART) are needed. Here, we use a rhesus macaque model of pediatric HIV to assess the impact of simian immunodeficiency virus (SIV) Env-specific rhesus monoclonal antibodies (RhmAbs) on viral rebound...."
pi-backlog,pmid-41668256,41668256,2026,,Longitudinal Surveillance of Influenza A Virus Exposure in Wild Boars (Sus scrofa) in Spain (2015-2023): Serologic and Virologic Evidence of Subtype Infections and H5N1 Spillover Risk.,,influenza,,,primary_research,candidate,"relevant viral/host/pathway terms matched: virus, viral",high,"recent paper with relevant terms: virus, viral","INTRODUCTION: Influenza A viruses (IAVs) are responsible for respiratory infections in a wide range of species, including birds, swine and humans. The role of wild boar (Sus scrofa) in IAV epidemiology remains underexplored. Here, we present a longitudinal serologic and virolo..."
pi-backlog,pmid-41667504,41667504,2026,,MHC class II functions as a host-specific entry receptor for representative human and swine H3N2 influenza A viruses.,,influenza,,,primary_research,candidate,"relevant viral/host/pathway terms matched: viral, infection",high,"recent paper with relevant terms: viral, host","Influenza A viruses (FLUAV) utilize sialic acid to enter host cells via the envelope's hemagglutinin (HA), and its affinity for host-specific sialic acid linkage configuration is a major host range determinant. However, some FLUAV subtypes (H17, H18, H19) use the major histoco..."
pi-backlog,pmid-41666933,41666933,2026,,Influenza hijacks myeloid cells to inflict type-I interferon-fueled damage in the heart.,,influenza,,,primary_research,candidate,"relevant viral/host/pathway terms matched: virus, viral, host-pathogen, infection",high,"recent paper with relevant terms: virus, viral, host","Abundant evidence has correlated influenza infection with cardiovascular disease, yet mechanisms linking infection with the heart remain poorly understood. Here, we show that influenza infection damaged the human and murine heart. In mice, we showed that shortly after pulmonar..."
pi-backlog,pmid-41659573,41659573,2026,,A bireporter recombinant SARS-CoV-2 Omicron BA.5 for in vitro and in vivo studies.,,sars-cov-2;sars-cov,,,primary_research,candidate,"relevant viral/host/pathway terms matched: viral, infection",high,recent paper with relevant terms: viral,The continuous emergence of variants of concern (VoC) represent a significant challenge to effectively control SARS-CoV-2. Although FDA-approved vaccines and antivirals have been successfully developed and implemented for the prophylactic and therapeutic intervention of SARS-C...
pi-backlog,pmid-41555519,41555519,2026,,Immunogenicity and efficacy of a rabies-based vaccine against highly pathogenic influenza H5N1 virus.,,influenza,,,primary_research,candidate,relevant viral/host/pathway terms matched: virus,high,recent paper with relevant terms: virus,"The recent spillover of highly pathogenic influenza A/H5N1 (HPAI-H5N1) viruses to cattle, other mammals, and humans poses a major risk to animal and human health. Virus adaptation to new species highlights the need for effective vaccines for animals and humans. We recently dev..."
pi-backlog,pmid-41459948,41459948,2026,,Disease modulation by TIV vaccination during secondary pneumococcal infections in influenza-infected mice.,,influenza,,,primary_research,candidate,"relevant viral/host/pathway terms matched: virus, viral, infection",high,"recent paper with relevant terms: virus, viral, host","UNLABELLED: Secondary bacterial infections can significantly worsen the clinical course of influenza virus infections and are a leading cause of morbidity and mortality during seasonal influenza epidemics. Despite being a vaccine-preventable disease, influenza-related complica..."
pi-backlog,pmid-41406955,41406955,2026,,"Discovery of AVI-6451, a Potent and Selective Inhibitor of the SARS-CoV-2 ADP-Ribosylhydrolase Mac1 with Oral Efficacy In Vivo.",,sars-cov-2;sars-cov,,,primary_research,candidate,"relevant viral/host/pathway terms matched: viral, infection",high,"recent paper with relevant terms: viral, host","The COVID-19 pandemic emphasized the need for effective antivirals acting at new targets. We recently described AVI-4206, a 9H-pyrimido[4,5-b]indole-based inhibitor of the SARS-CoV-2 macrodomain Mac1, an ADP-ribosylhydrolase thought to blunt the host immune response to viral i..."
pi-backlog,pmid-41348320,41348320,2026,,Autoantibodies neutralizing type I IFNs in a fatal case of H5N1 avian influenza.,,influenza,,,primary_research,candidate,"relevant viral/host/pathway terms matched: virus, viral, infection",high,"recent paper with relevant terms: virus, viral","Avian influenza A virus (IAV) H5N1 is an emerging threat of human pandemic. We describe a 71-year-old man who died of H5N1 pneumonia in Louisiana and whose blood contained autoantibodies neutralizing type I IFNs (AAN-I-IFNs), including the 12 IFN-α subtypes (1-10 ng/ml) and IF..."
pi-backlog,pmid-41274284,41274284,2026,,One thousand SARS-CoV-2 antibody structures reveal convergent binding and near-universal immune escape.,,sars-cov-2;sars-cov,,,primary_research,candidate,relevant viral/host/pathway terms matched: viral,high,recent paper with relevant terms: viral,"Understanding antibody recognition and adaptation to viral evolution is central to vaccine and therapeutic development. Over 1,100 SARS-CoV-2 antibody structures have been resolved, marking the largest structural biology effort for a single pathogen. We present a comprehensive..."
hpmi,pmid-41231971,41231971,2026,HPMI,Recurrent acquisition of nuclease-protease pairs in antiviral immunity.,,,,,primary_research,candidate,"relevant host-pathogen/pathway terms matched: viral, pathway",high,recent HPMI paper with relevant terms: viral,"Antiviral immune systems diversify by integrating new genes into existing pathways, creating new mechanisms of viral resistance. We identified genes encoding a predicted nuclease paired with a trypsin-like protease repeatedly acquired by multiple, otherwise unrelated antiviral..."
pi-backlog,pmid-41568362,41568362,2025,,Identification of the HMGA2::CIBAR1-DT fusion transcript in two lipomas with chromosomal rearrangements involving chromosomes 8 and 12.,,influenza,,,data_or_analysis,high,explicit cross-virus/shared-host language: comparative,low,no strong backlog-priority keywords matched,"BACKGROUND/AIM: Lipomas are benign tumors of adipocytic origin. The most frequent chromosome rearrangement in lipomas involves the high-mobility group AT-hook 2 gene (HMGA2), which maps to 12q14. We investigated two lipomas showing rearrangements of chromosomal bands 8q22 and..."
pi-backlog,pmid-41509424,41509424,2025,,Coevolutionary constraints of Zika virus nonstructural protein 5 replication and interferon antagonism activities.,,zika,,,primary_research,candidate,"relevant viral/host/pathway terms matched: virus, infection",high,recent paper with relevant terms: virus,"The flavivirus nonstructural protein 5 performs multiple functions during infection, including RNA replication and type I interferon signaling antagonism. Although flavivirus NS5 proteins inhibit IFN signaling through distinct mechanisms, which suggests evolutionary flexibilit..."
pi-backlog,pmid-41438749,41438749,2025,,Enhancing functional antibody responses against HIV envelope V1V2 through vaccine formulations.,,hiv,,,primary_research,candidate,"relevant viral/host/pathway terms matched: virus, infection",high,recent paper with relevant terms: virus,"BACKGROUND: Despite decades of research, the development of an effective HIV vaccine remains a significant challenge. Recent findings from three large vaccine efficacy trials have identified antibodies against the V1V2 domain of the HIV envelope glycoprotein as a potential cor..."
pi-backlog,pmid-41436260,41436260,2025,,"Understanding the pathogenesis of uveitis in Ebola virus disease survivors: an observational cohort and cross-sectional study protocol for clinical, molecular virologic and immunologic characterisation.",,influenza,,,review,candidate,"relevant viral/host/pathway terms matched: virus, viral, interaction",high,"recent paper with relevant terms: virus, viral, host","INTRODUCTION: The 2013-2016 Western African outbreak of the Ebola virus disease (EVD), the largest recorded outbreak since the discovery of Ebola virus (EBOV) in 1976, destabilised local health systems and left thousands of survivors at risk for postacute sequelae, including v..."
pi-backlog,pmid-41431345,41431345,2025,,Seasonal Influenza Vaccine 2021/2022 Provides Limited Cross Reactivity Against Contemporary Swine Influenza A Virus Strains in Spain.,,influenza,,,primary_research,candidate,relevant viral/host/pathway terms matched: virus,high,recent paper with relevant terms: virus,"Swine influenza A viruses (SIVs) pose a zoonotic risk, with variants detected in humans in Europe. This study evaluated the efficacy of the 2021/2022 seasonal influenza vaccine against SIVs. Forty-six postvaccination human sera were tested via hemagglutination inhibition (HI)..."
pi-backlog,pmid-41406942,41406942,2025,,Systemic and mucosal immune signatures of protection against SARS-CoV-2 transmission in humans.,,sars-cov-2;sars-cov,,,primary_research,candidate,"relevant viral/host/pathway terms matched: virus, infection",high,recent paper with relevant terms: virus,"Binding and neutralizing antibodies against the spike (S) protein of SARS-CoV-2 have been associated with a reduced risk of symptomatic infection. However, precise immune protection thresholds remain unclear. We aim to define systemic and mucosal antibody correlates of protect..."
pi-backlog,pmid-41398167,41398167,2025,,Heterologous combinations of VSV-GP and native-like trimers elicit autologous Tier 2 HIV antibodies in rabbits.,,hiv,,,primary_research,candidate,relevant viral/host/pathway terms matched: virus,high,recent paper with relevant terms: virus,Developing an effective human immunodeficiency virus (HIV) vaccine remains challenging due to difficulties to induce antibodies that neutralize the wide range of HIV-variants. Native-like HIV envelope (Env) trimers in a closed conformation represent promising immunogens. We ev...
pi-backlog,pmid-41279697,41279697,2025,,Identification and characterization of a SARS-CoV-2 M (pro) G23 deletion ensitrelvir-resistant mutant.,,sars-cov-2;sars-cov;coronavirus,,,primary_research,candidate,"relevant viral/host/pathway terms matched: virus, viral",high,"recent paper with relevant terms: virus, viral",UNLABELLED: Ensitrelvir is an antiviral drug that specifically targets the main protease (M pro ) of Severe Acute Respiratory Syndrome Coronavirus 2 (SARS-CoV-2) has been approved for the treatment of coronavirus disease 2019 (COVID-19) due to the conservation of its target pr...
pi-backlog,pmid-41279668,41279668,2025,,Disease modulation by TIV vaccination during secondary pneumococcal infections in influenza-infected mice.,,influenza,,,primary_research,candidate,"relevant viral/host/pathway terms matched: virus, viral, infection",high,"recent paper with relevant terms: virus, viral, host","Secondary bacterial infections can significantly worsen the clinical course of influenza virus infections and are a leading cause of morbidity and mortality during seasonal influenza epidemics. Despite being a vaccine-preventable disease, influenza-related complications from s..."
pi-backlog,pmid-41279452,41279452,2025,,In silico analysis of the Chikungunya virus and SARS-CoV-2 Macrodomain.,,sars-cov-2;sars-cov;coronavirus,,,primary_research,candidate,"relevant viral/host/pathway terms matched: virus, viral",high,"recent paper with relevant terms: virus, viral, host","The macrodomain of the Chikungunya virus NSP3 protein (ChikV Mac1) hydrolyzes mono-ADP ribose post-translational modifications on the human host proteins. Mutations in Mac1 reduce ChikV virulence. Thus, ChikV Mac1 is a viral drug target. While no potent ChikV Mac1 inhibitors a..."
pi-backlog,pmid-41279160,41279160,2025,,"Discovery of AVI-6451, a Potent and Selective Inhibitor of the SARS-CoV-2 ADP-Ribosylhydrolase Mac1 with Oral Efficacy in vivo.",,sars-cov-2;sars-cov;influenza,,,primary_research,candidate,"relevant viral/host/pathway terms matched: viral, infection",high,recent paper with relevant terms: viral,"The COVID-19 pandemic made plain the need for effective antivirals acting on novel antiviral targets, among which viral macrodomains have attracted considerable attention. We recently described AVI-4206 (1), a potent and selective inhibitor of the SARS-CoV-2 ADP-ribosylhydrola..."
pi-backlog,pmid-41278696,41278696,2025,,A cocktail of SARS-CoV-2 spike stem helix domain and receptor binding domain human monoclonal antibodies prevent the emerge of viral escape mutants.,,sars-cov-2;sars-cov;coronavirus,,,primary_research,candidate,relevant viral/host/pathway terms matched: viral,high,recent paper with relevant terms: viral,"Neutralizing antibodies (NAbs) targeting the spike (S) glycoprotein remain a crucial therapeutic strategy against severe acute respiratory syndrome coronavirus 2 (SARS-CoV-2). However, emerging viral variants have escaped all Food and Drug Administration (FDA)-approved NAb tre..."
pi-backlog,pmid-41271759,41271759,2025,,Immunogenicity and efficacy of homologous and heterologous NDV and MVA SARS-CoV-2 vaccines in mice and hamsters.,,sars-cov-2;sars-cov;poxvirus,,,primary_research,candidate,"relevant viral/host/pathway terms matched: virus, viral",high,"recent paper with relevant terms: virus, viral",Effective vaccination strategies adaptable to emerging viruses like SARS-CoV-2 and capable of inducing robust protective immunity are needed. We evaluated the immunogenicity and protective efficacy of homologous and heterologous prime/boost regimens against SARS-CoV-2 in K18-h...
pi-backlog,pmid-41258893,41258893,2025,,The Mac1 ADP-ribosylhydrolase is a therapeutic target for SARS-CoV-2.,,sars-cov-2;sars-cov;coronavirus,,,primary_research,candidate,"relevant viral/host/pathway terms matched: virus, viral, infection",high,"recent paper with relevant terms: virus, viral, host",Severe acute respiratory syndrome coronavirus 2 (SARS-CoV-2) continues to pose a threat to public health. Current therapeutics remain limited to direct-acting antivirals that lack distinct mechanisms of action and are already showing signs of viral resistance. The virus encode...
pi-backlog,pmid-41247781,41247781,2025,,The role of co-infection in the pathogenesis of acute SARS-CoV-2 infection and development of post-acute sequelae: A perspective.,,sars-cov-2;sars-cov,,,review,candidate,"relevant viral/host/pathway terms matched: viral, infection",high,recent paper with relevant terms: viral,"A major health challenge resulting from the COVID-19 pandemic is the manifestation of post-acute sequelae of SARS-CoV-2 (PASC). PASC (or long COVID) is a collective term used for clinical symptoms, various pathologies, and life-quality-changing functional impairment that persi..."
pi-backlog,pmid-41240951,41240951,2025,,The effect of long-acting cabotegravir and rilpivirine treatment on drug resistance in South Africa: a modelling study.,,influenza;hiv,,,primary_research,candidate,relevant viral/host/pathway terms matched: viral,high,recent paper with relevant terms: viral,"BACKGROUND: Long-acting injectable cabotegravir and rilpivirine (LAI cabotegravir and rilpivirine) is recommended as maintenance therapy for people living with HIV who achieved viral suppression on oral antiretroviral therapy (ART). However, its effect on drug resistance evolu..."
pi-backlog,pmid-41218566,41218566,2025,,Pharmacological reprogramming of plitidepsin as a SARS-CoV-2 inhibitor.,,sars-cov-2;sars-cov,,,review,candidate,relevant viral/host/pathway terms matched: virus,high,recent paper with relevant terms: virus,"Selective pressures in the ocean promote the evolution of potent molecules that may be useful in therapeutic settings. Tunicates provide a rich source of bioactive molecules that have been shown to have anti-neoplastic and anti-microbial activities. Plitidepsin, a natural mari..."
pi-backlog,pmid-41190814,41190814,2025,,Transient lung eosinophilia during breakthrough influenza infection in vaccinated mice is associated with protective and balanced Type 1/2 immune responses.,,influenza;rsv,,,primary_research,candidate,"relevant viral/host/pathway terms matched: virus, viral, infection",high,"recent paper with relevant terms: virus, viral","UNLABELLED: Eosinophils are versatile cells that participate in a multitude of homeostatic and inflammatory responses in the lung, ranging from allergic asthma to antiviral defense against respiratory viral infection. In the context of vaccination followed by viral infection,..."
pi-backlog,pmid-41060012,41060012,2025,,Bioluminescent reporter influenza A viruses to track viral infections.,,influenza,,,primary_research,candidate,"relevant viral/host/pathway terms matched: virus, viral, infection",high,"recent paper with relevant terms: virus, viral",Influenza A viruses (IAVs) infect a wide range of mammalian and bird species and are responsible for seasonal outbreaks and occasional pandemics of great consequences in humans. Studying IAVs requires methods to detect the presence of the virus in infected cells or animal mode...
pi-backlog,pmid-41006602,41006602,2025,,HIV-induced T cell quiescence and the origins of viral latency.,,hiv,,,primary_research,candidate,relevant viral/host/pathway terms matched: viral,high,recent paper with relevant terms: viral,
pi-backlog,pmid-40989185,40989185,2025,,Swine influenza-modified pulmonary microbiota.,,influenza,,,methods,candidate,"relevant viral/host/pathway terms matched: virus, infection",high,recent paper with relevant terms: virus,"Influenza A virus (IAV) remains a major health concern in both humans and animals, with pigs serving as key reservoirs for generating novel reassortant viruses with pandemic potential. Respiratory microbiome alterations during infection may facilitate secondary bacterial compl..."
pi-backlog,pmid-40978136,40978136,2025,,A human H5N1 influenza virus expressing bioluminescence for evaluating viral infection and identifying therapeutic interventions.,,influenza,,,primary_research,candidate,"relevant viral/host/pathway terms matched: virus, viral, infection",high,"recent paper with relevant terms: virus, viral","A multistate outbreak of highly pathogenic avian influenza virus (HPAIV) H5N1 in the United States dairy cattle was first reported on March 2024, followed by a zoonotic cattle-to-human virus transmission to a dairy farm worker in Texas. To facilitate real-time tracking of HPAI..."
pi-backlog,pmid-40907479,40907479,2025,,Respiratory Syncytial Virus Epidemiology and Clinical Characteristics among Young Children Hospitalized in Sierra Leone.,,rsv,,,primary_research,candidate,relevant viral/host/pathway terms matched: virus,high,recent paper with relevant terms: virus,"Respiratory syncytial virus (RSV) is a leading cause of acute lower respiratory tract infections in children under 5 years of age, resulting in significant morbidity and mortality worldwide. The aim of the current study is to investigate the prevalence and clinical features of..."
pi-backlog,pmid-40865529,40865529,2025,,Human monoclonal antibodies targeting A35 protect from death caused by mpox.,,poxvirus,,,primary_research,candidate,"relevant viral/host/pathway terms matched: virus, viral, infection",high,"recent paper with relevant terms: virus, viral","The 2022 mpox outbreak highlighted the serious threat of monkeypox virus (MPXV), yet effective treatments are lacking. From an mpox-convalescent individual, we identified three high-affinity human monoclonal antibodies (mAbs) (named EV35-2, EV35-6, and EV35-7) that target the..."
pi-backlog,pmid-40791481,40791481,2025,,Programmable translational inhibition by a molecular glue-oligonucleotide conjugate.,,sars-cov-2;sars-cov,,,primary_research,candidate,relevant viral/host/pathway terms matched: viral,high,recent paper with relevant terms: viral,"Selective inhibition of mRNA translation is a promising strategy for modulating the activity of disease-associated genes, yet achieving both high potency and specificity remains challenging. Rocaglamide A (RocA), a molecular glue, inhibits translation by clamping eIF4A onto po..."
pi-backlog,pmid-40791423,40791423,2025,,Bioluminescent reporter influenza A viruses to track viral infections.,,influenza,,,primary_research,candidate,"relevant viral/host/pathway terms matched: virus, viral, infection",high,"recent paper with relevant terms: virus, viral",UNLABELLED: Influenza A viruses (IAV) infect a wide range of mammal and bird species and are responsible for seasonal outbreaks and occasional pandemics. Studying IAV requires methods to detect the presence of the virus in infected cells or animal models. Recombinant IAV expre...
pi-backlog,pmid-40747555,40747555,2025,,"Identification of amino acid residues in polymerase PB2 responsible for differential replication and pathogenicity of avian influenza virus H5N1 isolated from human and cattle in Texas, US.",,influenza,,,primary_research,candidate,"relevant viral/host/pathway terms matched: virus, viral",high,"recent paper with relevant terms: virus, viral","Highly pathogenic avian influenza viruses (HPAIV) pose serious public health concerns. In March 2024, a first-time outbreak of HPAIV H5N1 in dairy cattle herds was reported in the United States (US). Since then, the virus has continued to spread in cattle herds and spilt over..."
pi-backlog,pmid-40652001,40652001,2025,,A live attenuated NS1-deficient vaccine candidate for cattle-origin influenza A (H5N1) clade 2.3.4.4.b viruses.,,influenza,,,primary_research,candidate,relevant viral/host/pathway terms matched: viral,high,recent paper with relevant terms: viral,"Avian Influenza viruses (AIVs) present a public health risk, especially with seasonal vaccines offering limited protection. AIV H5N1 clade 2.3.4.4b has caused a multi-state outbreaks in the United States (US) poultry and cattle since March 2024, raising pandemic concerns. We d..."
pi-backlog,pmid-40633557,40633557,2025,,"Genetic Characterization of Highly Pathogenic Avian Influenza A(H5N1) Clade 2.3.4.4b, Antarctica, 2024.",,influenza,,,primary_research,candidate,relevant viral/host/pathway terms matched: virus,high,recent paper with relevant terms: virus,"In 2024, we sequenced highly pathogenic avian influenza virus A(H5N1) clade 2.3.4.4b genomes isolated from 5 brown skuas from James Ross Island, Antarctica. Phylogenetic analysis suggested the virus reached Antarctica through South America. Continued genetic surveillance will..."
pi-backlog,pmid-40627391,40627391,2025,,BIK polymorphism and proteasome regulation unveil host risk factor for severe influenza.,,influenza,,,primary_research,candidate,"relevant viral/host/pathway terms matched: viral, interaction, infection",high,"recent paper with relevant terms: viral, host","Influenza A viruses (IAVs) pose a significant public health threat, with host factors playing a crucial role in disease severity. We investigated the role of Bcl-2-interacting killer (BIK) in IAV infection using cellular and mouse models, and influenza-infected human cohort. I..."
pi-backlog,pmid-40586480,40586480,2025,,"Discovery and Preclinical Profile of ALG-097558, a Pan-Coronavirus 3CLpro Inhibitor.",,sars-cov-2;sars-cov;coronavirus,,,primary_research,candidate,"relevant viral/host/pathway terms matched: viral, infection",high,recent paper with relevant terms: viral,"The SARS-CoV-2 outbreak of 2019 had a devastating impact on global health and economies worldwide. The viral cysteine protease (3CLpro) is responsible for viral polypeptide bond cleavages and is therefore an essential target to inhibit viral replication. Here, we report the di..."
pi-backlog,pmid-40577471,40577471,2025,,"Phase 2/3 study evaluating safety, immunogenicity, and noninferiority of single booster dose of AVX/COVID-12 vaccine.",,sars-cov-2;sars-cov;coronavirus,,,primary_research,candidate,relevant viral/host/pathway terms matched: virus,high,recent paper with relevant terms: virus,"Low- and middle-income countries face substantial challenges in immunizing against severe acute respiratory syndrome coronavirus 2 (SARS-CoV-2), including high costs, limited access, and insufficient local manufacturing. To address these issues, we developed and locally manufa..."
pi-backlog,pmid-40494346,40494346,2025,,Neuroendocrine cells orchestrate regeneration through Desert hedgehog signaling.,,sars-cov-2;sars-cov;influenza,,,primary_research,candidate,"relevant viral/host/pathway terms matched: pathway, infection",high,recent paper with relevant terms: pathway,"Understanding the mechanisms underlying mammalian regeneration may enable development of novel regenerative therapies. We present a mechanism wherein Desert hedgehog (Dhh), secreted from epithelial neuroendocrine cells, elicits a regenerative/protective response from mesenchym..."
pi-backlog,pmid-40475560,40475560,2025,,Transient lung eosinophilia during breakthrough influenza infection in vaccinated mice is associated with protective and balanced Type 1/2 immune responses.,,influenza,,,primary_research,candidate,"relevant viral/host/pathway terms matched: viral, infection",high,recent paper with relevant terms: viral,"Eosinophils are agile cells that participate in a multitude of homeostatic and inflammatory responses in the lung, ranging from allergic asthma to antiviral defense against respiratory viral infection. In the context of vaccination followed by viral infection, such as breakthr..."
pi-backlog,pmid-40475131,40475131,2025,,"Understanding the pathogenesis of uveitis in Ebola virus disease survivors: a study protocol for clinical, molecular virologic, and immunologic characterization.",,influenza,,,methods,candidate,"relevant viral/host/pathway terms matched: virus, viral, interaction, infection",high,"recent paper with relevant terms: virus, viral, host","The 2013-2016 Western African outbreak of the Ebola virus disease (EVD), the largest recorded outbreak since the discovery of Ebola virus (EBOV) in 1976, destabilized local health systems and left thousands of survivors at risk for post-acute sequelae, including vision-threate..."
pi-backlog,pmid-40458417,40458417,2025,,Addressing SARS-CoV-2 evolution: neutralization of emerging variants of concern by the AVX/COVID-12 'Patria' vaccine based on HexaPro-S ancestral Wuhan spike or its updated BA.2.75.2 version.,,sars-cov-2;sars-cov;coronavirus,,,primary_research,candidate,"relevant viral/host/pathway terms matched: virus, viral",high,"recent paper with relevant terms: virus, viral","INTRODUCTION: Severe acute respiratory syndrome coronavirus 2 (SARS-CoV-2) remains a global health challenge, causing severe morbidity and mortality, particularly in vulnerable groups such as the elderly, immunocompromised individuals, and those with comorbidities. In low- and..."
pi-backlog,pmid-40434103,40434103,2025,,Contrasting interferon-mediated antiviral responses in human lung adenocarcinoma cells.,,influenza,,,primary_research,candidate,"relevant viral/host/pathway terms matched: virus, viral, infection",high,"recent paper with relevant terms: virus, viral","UNLABELLED: Lung cancers develop from lung epithelial cells after a series of genetic and epigenetic changes, and these cells are major sites of influenza virus infection. Thus, we explored how changes found in patient-derived lung cancer cell lines impacted influenza virus re..."
pi-backlog,pmid-40364913,40364913,2025,,Evolutionary Sequence and Structural Basis for the Epistatic Origins of Drug Resistance in HIV.,,hiv,,,primary_research,candidate,relevant viral/host/pathway terms matched: virus,high,recent paper with relevant terms: virus,"The emergence of drug resistance in the human immunodeficiency virus (HIV) remains a formidable challenge to the long-term efficacy of antiretroviral therapy (ART). A growing body of evidence highlights the critical role of epistasis, the dependence of mutational effects on th..."
pi-backlog,pmid-40280814,40280814,2025,,A ventilated perfused lung model platform to dissect the response of the lungs to viral infection.,,influenza;rsv,,,primary_research,candidate,"relevant viral/host/pathway terms matched: virus, viral, infection",high,"recent paper with relevant terms: virus, viral","In this study, we developed a 3D lung model that incorporated alveolar and vascular components, allowing for the investigation of lung physiology and responses to infection. We investigated the role of ventilation in formation of the alveolar epithelial layer and its response..."
pi-backlog,pmid-40165947,40165947,2025,,Mucosal multivalent NDV-based vaccine provides cross-reactive immune responses against SARS-CoV-2 variants in animal models.,,sars-cov-2;sars-cov,,,primary_research,candidate,"relevant viral/host/pathway terms matched: virus, viral",high,"recent paper with relevant terms: virus, viral","INTRODUCTION: A new generation of mucosal vaccine against the ever-evolving SARS-CoV-2 is of great value to fight COVID-19. In previous studies, our groups developed a viral vector vaccine based on an avirulent Newcastle disease virus (NDV) expressing the prefusion-stabilized..."
pi-backlog,pmid-40160349,40160349,2025,,Characterizing Musculoskeletal Sequelae in Ebola Virus Survivors During the 7 Years Since Hospital Discharge in Eastern Sierra Leone.,,influenza,,,primary_research,candidate,relevant viral/host/pathway terms matched: virus,high,recent paper with relevant terms: virus,"Ebola virus disease survivors demonstrated musculoskeletal sequelae during the 7 years since hospital discharge. Reported joint pain and joint tenderness to palpation were the most common sequelae. Sequelae generally decreased over time, but fluctuations were noted. Survivors..."
pi-backlog,pmid-40155107,40155107,2025,,Predicted dolutegravir resistance in people living with HIV in South Africa during 2020-35: a modelling study.,,hiv,,,primary_research,candidate,relevant viral/host/pathway terms matched: viral,high,recent paper with relevant terms: viral,"BACKGROUND: In response to increasing resistance to non-nucleoside reverse transcriptase inhibitors, millions of people living with HIV have switched to dolutegravir-based antiretroviral therapy, so understanding the possible emergence of dolutegravir resistance is essential...."
pi-backlog,pmid-40037847,40037847,2025,,Cryptic Rearrangement of the KMT2A Gene in a B-cell Acute Lymphoblastic Leukemia.,,influenza,,,data_or_analysis,high,explicit cross-virus/shared-host language: comparative,low,no strong backlog-priority keywords matched,"BACKGROUND/AIM: A 30-year-old female diagnosed with B cell acute lymphoblastic leukemia (B-ALL) had a normal karyotype at diagnosis. CASE REPORT: The case was investigated further by fluorescence in situ hybridization (FISH), array comparative genomic hybridization (aCGH), and..."
pi-backlog,pmid-40037239,40037239,2025,,Safety and immunogenicity of an inactivated recombinant Newcastle disease virus vaccine expressing SARS-CoV-2 spike: Results of a randomized vaccine-controlled phase I ADAPTCOV trial in Brazil.,,sars-cov-2;sars-cov;coronavirus,,,methods,candidate,relevant viral/host/pathway terms matched: virus,high,recent paper with relevant terms: virus,"COVID-19 continues to be a health issue, mainly due to virus circulation and the emergence of new variants of concern and interest. This is a single-center, randomized, double-blind, active-controlled dose-escalating phase I clinical trial to evaluate the immunogenicity and sa..."
pi-backlog,pmid-40028815,40028815,2025,,Impact of FcRn antagonism on vaccine-induced protective immune responses against viral challenge in COVID-19 and influenza mouse vaccination models.,,sars-cov-2;influenza,,,primary_research,candidate,"relevant viral/host/pathway terms matched: virus, viral",high,"recent paper with relevant terms: virus, viral","Antagonism of the neonatal Fc receptor through an engineered antibody Fc fragment, such as efgartigimod, results in a decrease in immunoglobulin G levels. This approach is being evaluated as a therapeutic strategy for the treatment of IgG-mediated autoimmune diseases. Our goal..."
hpmi,pmid-39990302,39990302,2025,HPMI,Mutational scanning of TnpB reveals latent activity for genome editing.,,,,genome_editing,data_or_analysis,candidate,relevant host-pathogen/pathway terms matched: crispr,medium,recent HPMI paper but no strong viral/pathogen keywords matched,"TnpB is a diverse family of RNA-guided endonucleases associated with prokaryotic transposons. Due to their small size and putative evolutionary relationship to CRISPR-Cas12, TnpB enzymes hold significant potential for genome editing. However, most TnpBs lack robust gene editin..."
pi-backlog,pmid-39975920,39975920,2025,,Muscle macrophage regenerative response after squalene-adjuvanted influenza vaccination drives Th2-skewed response and is reduced with age.,,influenza,,,primary_research,candidate,"relevant viral/host/pathway terms matched: virus, viral, infection",high,"recent paper with relevant terms: virus, viral, host","Squalene-based adjuvants like MF59, and its research alternative AddaVax, induce transient muscle injury, but their working mechanisms downstream of muscle injury remain unclear. We show that an AddaVax-adjuvanted quadrivalent inactivated influenza virus vaccine (QIV) intramus..."
hpmi,pmid-39966655,39966655,2025,HPMI,Single-molecule live-cell RNA imaging with CRISPR-Csm.,,influenza,,,methods,candidate,relevant host-pathogen/pathway terms matched: crispr,medium,recent HPMI paper but no strong viral/pathogen keywords matched,"Understanding the diverse dynamic behaviors of individual RNA molecules in single cells requires visualizing them at high resolution in real time. However, single-molecule live-cell imaging of unmodified endogenous RNA has not yet been achieved in a generalizable manner. Here,..."
pi-backlog,pmid-39905258,39905258,2025,,Author Correction: Virus-induced senescence is a driver and therapeutic target in COVID-19.,,sars-cov-2,,,primary_research,candidate,relevant viral/host/pathway terms matched: virus,high,recent paper with relevant terms: virus,
pi-backlog,pmid-39727152,39727152,2025,,"Replication kinetics, pathogenicity and virus-induced cellular responses of cattle-origin influenza A(H5N1) isolates from Texas, United States.",,influenza,,,primary_research,candidate,"relevant viral/host/pathway terms matched: virus, infection",high,"recent paper with relevant terms: virus, host","The host range of HPAIV H5N1 was recently expanded to include ruminants, particularly dairy cattle in the United States (US). Shortly after, human H5N1 infection was reported in a dairy worker in Texas following exposure to infected cattle. Herein, we rescued the cattle-origin..."
pi-backlog,pmid-39667115,39667115,2025,,A single immunization with intranasal Newcastle disease virus (NDV)-based XBB.1.5 variant vaccine reduces disease and transmission in animals against matched-variant challenge.,,sars-cov-2;sars-cov;coronavirus,,,primary_research,candidate,"relevant viral/host/pathway terms matched: virus, infection",high,recent paper with relevant terms: virus,"The rapid development of coronavirus disease 2019 (COVID-19) vaccines has helped mitigate the initial impact of the pandemic. However, in order to reduce transmission rates and protect more vulnerable and immunocompromised individuals unable to mount an effective immune respon..."
pi-backlog,pmid-39527880,39527880,2025,,"Phase II study on the safety and immunogenicity of single-dose intramuscular or intranasal administration of the AVX/COVID-12 ""Patria"" recombinant Newcastle disease virus vaccine as a heterologous booster against COVID-19 in Mexico.",,sars-cov-2;sars-cov;coronavirus,,,primary_research,candidate,relevant viral/host/pathway terms matched: virus,high,recent paper with relevant terms: virus,BACKGROUND: The global inequity in the distribution of COVID-19 vaccines underscores the urgent need for innovative and cost-effective vaccine technologies to address access disparities and implement local manufacturing capabilities. This is essential for achieving and sustain...
pi-backlog,pmid-39149230,39149230,2025,,The Mac1 ADP-ribosylhydrolase is a Therapeutic Target for SARS-CoV-2.,,sars-cov-2;sars-cov,,,primary_research,candidate,"relevant viral/host/pathway terms matched: virus, viral, infection",high,"recent paper with relevant terms: virus, viral, host",SARS-CoV-2 continues to pose a threat to public health. Current therapeutics remain limited to direct acting antivirals that lack distinct mechanisms of action and are already showing signs of viral resistance. The virus encodes an ADP-ribosylhydrolase macrodomain (Mac1) that...
pi-backlog,pmid-39763959,39763959,2024,,"Acute infectious mononucleosis generates persistent, functional EBNA-1 antibodies with high cross-reactivity to alpha crystalline beta.",,ebv,,,primary_research,candidate,"relevant viral/host/pathway terms matched: virus, infection",high,recent paper with relevant terms: virus,"Epstein-Barr Virus (EBV) infects over 95% of the world's population and is the most common cause of infectious mononucleosis (IM). Epidemiologic studies have linked EBV with certain cancers or autoimmune conditions, including multiple sclerosis (MS). Recent studies suggest tha..."
pi-backlog,pmid-39738586,39738586,2024,,Portable UV-C device to treat high flow of infectious aerosols generated during clinical respiratory care.,,sars-cov-2;sars-cov;influenza,,,primary_research,candidate,"relevant viral/host/pathway terms matched: virus, viral",high,"recent paper with relevant terms: virus, viral","Respiratory interventions including noninvasive ventilation, continuous positive airway pressure and high-flow nasal oxygen generated infectious aerosols may increase risk of airborne disease (SARS-CoV-2, influenza virus) transmission to healthcare workers. We developed and te..."
pi-backlog,pmid-39616949,39616949,2024,,Correction: Diacylglycerol acyltransferase-1 localizes hepatitis C virus NS5A protein to lipid droplets and enhances NS5A interaction with the viral capsid core.,,hcv,,,primary_research,candidate,"relevant viral/host/pathway terms matched: virus, viral, interaction",high,"recent paper with relevant terms: virus, viral",
pi-backlog,pmid-39558820,39558820,2024,,Extracellular vesicles containing SARS-CoV-2 proteins are associated with multi-organ dysfunction and worse outcomes in patients with severe COVID-19.,,sars-cov-2;sars-cov;coronavirus,,,primary_research,candidate,"relevant viral/host/pathway terms matched: viral, infection",high,recent paper with relevant terms: viral,The severe acute respiratory syndrome coronavirus 2 (SARS-CoV-2) causes coronavirus disease 2019 (COVID-19) and has been related to more than 7 million deaths globally since 2019. The association of high levels of IL-6 with severe cases led to the early evaluation of the anti-...
pi-backlog,pmid-39552079,39552079,2024,,Seasonal influenza vaccines: Variability of immune responses to B lineage viruses.,,influenza,,,review,candidate,relevant viral/host/pathway terms matched: virus,high,recent paper with relevant terms: virus,"Although influenza A viruses predominate globally, influenza B viruses are responsible for a significant and often underappreciated burden. Despite this, immunity to influenza B viruses remains understudied, and there is a perception that vaccine-mediated immune responses to i..."
pi-backlog,pmid-39384042,39384042,2024,,Cellular NS1-BP protein interacts with the mRNA export receptor NXF1 to mediate nuclear export of influenza virus M mRNAs.,,influenza,,,primary_research,candidate,"relevant viral/host/pathway terms matched: virus, viral, pathway",high,"recent paper with relevant terms: virus, viral, host, pathway","Influenza A viruses have eight genomic RNAs that are transcribed in the host cell nucleus. Two of the viral mRNAs undergo alternative splicing. The M1 mRNA encodes the matrix protein 1 (M1) and is also spliced into M2 mRNA, which encodes the proton channel matrix protein 2 (M2..."
pi-backlog,pmid-39376996,39376996,2024,,Inhibition of SARS-CoV-2 growth in the lungs of mice by a peptide-conjugated morpholino oligomer targeting viral RNA.,,sars-cov-2;sars-cov,,,primary_research,candidate,"relevant viral/host/pathway terms matched: virus, viral, infection",high,"recent paper with relevant terms: virus, viral","Further development of direct-acting antiviral agents against human SARS-CoV-2 infections remains a public health priority. Here, we report that an antisense peptide-conjugated morpholino oligomer (PPMO) named 5'END-2, targeting a highly conserved sequence in the 5' UTR of SAR..."
pi-backlog,pmid-39324493,39324493,2024,,RUNX1::MIR99AHG Chimera in Acute Myeloid Leukemia.,,influenza,,,data_or_analysis,high,explicit cross-virus/shared-host language: comparative,low,no strong backlog-priority keywords matched,"RUNX1 fuses with over 70 different partner genes in hematological neoplasms. While common RUNX1 chimeras have been extensively studied and their prognosis is well established, our current understanding of less common RUNX1 chimeras is limited. Here, we present a case of acute..."
pi-backlog,pmid-39300090,39300090,2024,,Sequential immunization with chimeric hemagglutinin ΔNS1 attenuated influenza vaccines induces broad humoral and cellular immunity.,,influenza,,,primary_research,candidate,"relevant viral/host/pathway terms matched: virus, viral",high,"recent paper with relevant terms: virus, viral, host","Influenza viruses pose a threat to public health as evidenced by severe morbidity and mortality in humans on a yearly basis. Given the constant changes in the viral glycoproteins owing to antigenic drift, seasonal influenza vaccines need to be updated periodically and effectiv..."
pi-backlog,pmid-39283916,39283916,2024,,Generation of antigen-specific memory CD4 T cells by heterologous immunization enhances the magnitude of the germinal center response upon influenza infection.,,influenza;cmv,,,primary_research,candidate,"relevant viral/host/pathway terms matched: virus, infection",high,recent paper with relevant terms: virus,"Current influenza vaccine strategies have yet to overcome significant obstacles, including rapid antigenic drift of seasonal influenza viruses, in generating efficacious long-term humoral immunity. Due to the necessity of germinal center formation in generating long-lived high..."
pi-backlog,pmid-39221898,39221898,2024,,The C-terminal amino acid motifs of NS1 protein affect the replication and virulence of naturally NS-truncated H1N1 canine influenza virus.,,influenza,,,primary_research,candidate,"relevant viral/host/pathway terms matched: virus, viral",high,"recent paper with relevant terms: virus, viral","The vast majority of data obtained from sequence analysis of influenza A viruses (IAVs) have revealed that nonstructural 1 (NS1) proteins from H1N1 swine, H3N8 equine, H3N2 avian and the correspondent subtypes from dogs have a conserved four C-terminal amino acid motif when in..."
hpmi,pmid-39131396,39131396,2024,HPMI,CRISPR-Cas12a bends DNA to destabilize base pairs during target interrogation.,,influenza,,structural_biology;genome_editing,primary_research,candidate,relevant host-pathogen/pathway terms matched: crispr,low,no strong HPMI literature-priority keywords matched,"RNA-guided endonucleases are involved in processes ranging from adaptive immunity to site-specific transposition and have revolutionized genome editing. CRISPR-Cas9, -Cas12 and related proteins use guide RNAs to recognize ~20-nucleotide target sites within genomic DNA by mecha..."
pi-backlog,pmid-39108476,39108476,2024,,Portable UV-C Device to Treat High Flow of Infectious Aerosols Generated during Clinical Respiratory Care.,,sars-cov-2;sars-cov;influenza,,,primary_research,candidate,"relevant viral/host/pathway terms matched: virus, viral",high,"recent paper with relevant terms: virus, viral","Respiratory interventions including noninvasive ventilation, continuous positive airway pressure and high-flow nasal oxygen generated infectious aerosols may increase risk of airborne disease (SARS-CoV-2, influenza virus) transmission to healthcare workers. We developed/tested..."
pi-backlog,pmid-39089348,39089348,2024,,Patient subtyping analysis of baseline multi-omic data reveals distinct pre-immune states associated with antibody response to seasonal influenza vaccination.,,influenza,,proteomics;transcriptomics;metabolomics,data_or_analysis,unknown,no explicit cross-virus or strong viral host-mechanism terms matched,high,recent paper with relevant terms: proteomics,Understanding the molecular mechanisms underpinning diverse vaccination responses is critical for developing efficient vaccines. Molecular subtyping can offer insights into heterogeneous nature of responses and aid in vaccine design. We analyzed multi-omic data from 62 haemagg...
pi-backlog,pmid-39083602,39083602,2024,,Immediate myeloid depot for SARS-CoV-2 in the human lung.,,sars-cov-2;sars-cov;coronavirus;influenza,,,primary_research,candidate,"relevant viral/host/pathway terms matched: virus, viral, infection",high,"recent paper with relevant terms: virus, viral, host","In the pathogenesis of severe acute respiratory syndrome coronavirus 2 (SARS-CoV-2) infection, epithelial populations in the distal lung expressing Angiotensin-converting enzyme 2 (ACE2) are infrequent, and therefore, the model of viral expansion and immune cell engagement rem..."
pi-backlog,pmid-39067667,39067667,2024,,Nirmatrelvir and molnupiravir maintain potent in vitro and in vivo antiviral activity against circulating SARS-CoV-2 omicron subvariants.,,sars-cov-2;sars-cov,,,primary_research,candidate,relevant viral/host/pathway terms matched: virus,high,recent paper with relevant terms: virus,"Variants of SARS-CoV-2 pose significant challenges in public health due to their increased transmissibility and ability to evade natural immunity, vaccine protection, and monoclonal antibody therapeutics. The emergence of the highly transmissible Omicron variant and subsequent..."
pi-backlog,pmid-38926343,38926343,2024,,Evolution of STAT2 resistance to flavivirus NS5 occurred multiple times despite genetic constraints.,,dengue;zika,,,primary_research,candidate,"relevant viral/host/pathway terms matched: virus, viral",high,"recent paper with relevant terms: virus, viral, host","Zika and dengue virus nonstructural protein 5 antagonism of STAT2, a critical interferon signaling transcription factor, to suppress the host interferon response is required for viremia and pathogenesis in a vertebrate host. This affects viral species tropism, as mouse STAT2 r..."
pi-backlog,pmid-38889725,38889725,2024,,H19 influenza A virus exhibits species-specific MHC class II receptor usage.,,influenza,,,primary_research,candidate,"relevant viral/host/pathway terms matched: virus, viral",high,"recent paper with relevant terms: virus, viral, host","Avian influenza A virus (IAV) surveillance in Northern California, USA, revealed unique IAV hemagglutinin (HA) genome sequences in cloacal swabs from lesser scaups. We found two closely related HA sequences in the same duck species in 2010 and 2013. Phylogenetic analyses sugge..."
pi-backlog,pmid-38873610,38873610,2024,,Newcastle disease virus vector-based SARS-CoV-2 vaccine candidate AVX/COVID-12 activates T cells and is recognized by antibodies from COVID-19 patients and vaccinated individuals.,,sars-cov-2;sars-cov;coronavirus,,,primary_research,candidate,relevant viral/host/pathway terms matched: virus,high,recent paper with relevant terms: virus,"INTRODUCTION: Several effective vaccines for severe acute respiratory syndrome coronavirus 2 (SARS-CoV-2) have been developed and implemented in the population. However, the current production capacity falls short of meeting global demand. Therefore, it is crucial to further d..."
pi-backlog,pmid-38848648,38848648,2024,,Intranasal SARS-CoV-2 Omicron variant vaccines elicit humoral and cellular mucosal immunity in female mice.,,sars-cov-2;sars-cov;coronavirus;influenza,,,primary_research,candidate,"relevant viral/host/pathway terms matched: virus, infection",high,"recent paper with relevant terms: virus, host","BACKGROUND: In order to prevent the emergence and spread of future variants of concern of severe acute respiratory syndrome coronavirus 2 (SARS-CoV-2), developing vaccines capable of stopping transmission is crucial. The SARS-CoV-2 vaccine NDV-HXP-S can be administered live in..."
pi-backlog,pmid-38805853,38805853,2024,,A chimeric haemagglutinin-based universal influenza virus vaccine boosts human cellular immune responses directed towards the conserved haemagglutinin stalk domain and the viral nucleoprotein.,,influenza,,,primary_research,candidate,"relevant viral/host/pathway terms matched: virus, viral",high,"recent paper with relevant terms: virus, viral","BACKGROUND: The development of a universal influenza virus vaccine, to protect against both seasonal and pandemic influenza A viruses, is a long-standing public health goal. The conserved stalk domain of haemagglutinin (HA) is a promising vaccine target. However, the stalk is..."
pi-backlog,pmid-38768348,38768348,2024,,Inhibition of mRNA nuclear export promotes SARS-CoV-2 pathogenesis.,,sars-cov-2;sars-cov;coronavirus,,,primary_research,candidate,"relevant viral/host/pathway terms matched: viral, interaction, pathway",high,"recent paper with relevant terms: viral, host, pathway","The nonstructural protein 1 (Nsp1) of SARS-CoV-2 (Severe Acute Respiratory Syndrome Coronavirus 2) is a virulence factor that targets multiple cellular pathways to inhibit host gene expression and antiviral response. However, the underlying mechanisms of the various Nsp1-media..."
pi-backlog,pmid-38712823,38712823,2024,,Nanobody repertoire generated against the spike protein of ancestral SARS-CoV-2 remains efficacious against the rapidly evolving virus.,,sars-cov-2;sars-cov,,,primary_research,candidate,relevant viral/host/pathway terms matched: virus,high,recent paper with relevant terms: virus,"To date, all major modes of monoclonal antibody therapy targeting SARS-CoV-2 have lost significant efficacy against the latest circulating variants. As SARS-CoV-2 omicron sublineages account for over 90% of COVID-19 infections, evasion of immune responses generated by vaccinat..."
pi-backlog,pmid-38711520,38711520,2024,,Lipid nanoparticle composition for adjuvant formulation modulates disease after influenza virus infection in quadrivalent influenza vaccine vaccinated mice.,,sars-cov-2;sars-cov;influenza,,,primary_research,candidate,"relevant viral/host/pathway terms matched: virus, viral, infection",high,"recent paper with relevant terms: virus, viral, host","There are considerable avenues through which currently licensed influenza vaccines could be optimized. We tested influenza vaccination in a mouse model with two adjuvants: Sendai virus-derived defective interfering (SDI) RNA, a RIG-I agonist; and an amphiphilic imidazoquinolin..."
pi-backlog,pmid-38648902,38648902,2024,,The IRE1α-XBP1 arm of the unfolded protein response is a host factor activated in SARS-CoV-2 infection.,,sars-cov-2;sars-cov,,,primary_research,candidate,"relevant viral/host/pathway terms matched: viral, host factor, pathway, infection",high,"recent paper with relevant terms: viral, host, pathway","SARS-CoV-2 infection can cause severe pneumonia, wherein exacerbated inflammation plays a major role. This is reminiscent of the process commonly termed cytokine storm, a condition dependent on a disproportionated production of cytokines. This state involves the activation of..."
pi-backlog,pmid-38637500,38637500,2024,,Monkeypox virus genomic accordion strategies.,,poxvirus,,,primary_research,candidate,relevant viral/host/pathway terms matched: virus,high,recent paper with relevant terms: virus,"The 2023 monkeypox (mpox) epidemic was caused by a subclade IIb descendant of a monkeypox virus (MPXV) lineage traced back to Nigeria in 1971. Person-to-person transmission appears higher than for clade I or subclade IIa MPXV, possibly caused by genomic changes in subclade IIb..."
pi-backlog,pmid-38572517,38572517,2024,,"Long-term co-circulation of multiple influenza A viruses in pigs, Guangxi, China.",,influenza,,,primary_research,candidate,"relevant viral/host/pathway terms matched: virus, infection",high,recent paper with relevant terms: virus,"Influenza A viruses (IAVs) pose a persistent potential threat to human health because of the spillover from avian and swine infections. Extensive surveillance was performed in 12 cities of Guangxi, China, during 2018 and 2023. A total of 2540 samples (including 2353 nasal swab..."
pi-backlog,pmid-38416036,38416036,2024,,Plitidepsin as an Immunomodulator against Respiratory Viral Infections.,,sars-cov-2;sars-cov;influenza,,,primary_research,candidate,"relevant viral/host/pathway terms matched: virus, viral",high,"recent paper with relevant terms: virus, viral, host","Plitidepsin is a host-targeted compound known for inducing a strong anti-SARS-CoV-2 activity, as well as for having the capacity of reducing lung inflammation. Because IL-6 is one of the main cytokines involved in acute respiratory distress syndrome, the effect of plitidepsin..."
pi-backlog,pmid-38400039,38400039,2024,,Visualization of Early RNA Replication Kinetics of SARS-CoV-2 by Using Single Molecule RNA-FISH Combined with Immunofluorescence.,,sars-cov-2;sars-cov;influenza,,,primary_research,candidate,"relevant viral/host/pathway terms matched: viral, infection",high,recent paper with relevant terms: viral,"SARS-CoV-2 infection remains a global burden. Despite intensive research, the mechanism and dynamics of early viral replication are not completely understood, such as the kinetics of the formation of genomic RNA (gRNA), sub-genomic RNA (sgRNA), and replication centers/organell..."
pi-backlog,pmid-38328256,38328256,2024,,Patient Subtyping Analysis of Baseline Multi-omic Data Reveals Distinct Pre-immune States Predictive of Vaccination Responses.,,influenza,,proteomics;transcriptomics;metabolomics;network_modeling,data_or_analysis,unknown,no explicit cross-virus or strong viral host-mechanism terms matched,high,recent paper with relevant terms: proteomics,Understanding the molecular mechanisms that underpin diverse vaccination responses is a critical step toward developing efficient vaccines. Molecular subtyping approaches can offer valuable insights into the heterogeneous nature of responses and aid in the design of more effec...
pi-backlog,pmid-38293047,38293047,2024,,Lipid nanoparticle composition for adjuvant formulation modulates disease after influenza virus infection in QIV vaccinated mice.,,sars-cov-2;sars-cov;influenza,,,primary_research,candidate,"relevant viral/host/pathway terms matched: virus, viral, infection",high,"recent paper with relevant terms: virus, viral, host","Adjuvants can enhance vaccine effectiveness of currently licensed influenza vaccines. We tested influenza vaccination in a mouse model with two adjuvants: Sendai virus derived defective interfering (SDI) RNA, a RIG-I agonist, and an amphiphilic imidazoquinoline (IMDQ-PEG-Chol)..."
pi-backlog,pmid-38289826,38289826,2024,,"Ally, adversary, or arbitrator? The context-dependent role of eosinophils in vaccination for respiratory viruses and subsequent breakthrough infections.",,rsv,,,primary_research,candidate,"relevant viral/host/pathway terms matched: virus, viral, infection",high,"recent paper with relevant terms: virus, viral, host","Eosinophils are a critical type of immune cell and central players in type 2 immunity. Existing literature suggests that eosinophils also can play a role in host antiviral responses, typically type 1 immune events, against multiple respiratory viruses, both directly through re..."
pi-backlog,pmid-38230954,38230954,2024,,ACE2 and TMPRSS2 distribution in the respiratory tract of different animal species and its correlation with SARS-CoV-2 tissue tropism.,,sars-cov-2;sars-cov,,,primary_research,candidate,"relevant viral/host/pathway terms matched: virus, viral, infection",high,"recent paper with relevant terms: virus, viral, host","A wide range of animal species show variable susceptibility to SARS-CoV-2; however, host factors associated with varied susceptibility remain to be defined. Here, we examined whether susceptibility to SARS-CoV-2 and virus tropism in different animal species are dependent on th..."
pi-backlog,pmid-38227786,38227786,2024,,Deciphering Factors Linked With Reduced Severe Acute Respiratory Syndrome Coronavirus 2 Susceptibility in the Swiss HIV Cohort Study.,,sars-cov-2;sars-cov;coronavirus;influenza;hiv,,,primary_research,candidate,"relevant viral/host/pathway terms matched: virus, infection",high,recent paper with relevant terms: virus,BACKGROUND: Factors influencing susceptibility to severe acute respiratory syndrome coronavirus 2 (SARS-CoV-2) remain to be resolved. Using data from the Swiss HIV Cohort Study on 6270 people with human immunodeficiency virus (HIV) and serologic assessment for SARS-CoV-2 and c...
pi-backlog,pmid-38193729,38193729,2024,,"Surface-modified measles vaccines encoding oligomeric, prefusion-stabilized SARS-CoV-2 spike glycoproteins boost neutralizing antibody responses to Omicron and historical variants, independent of measles seropositivity.",,sars-cov-2;sars-cov,,,primary_research,candidate,"relevant viral/host/pathway terms matched: virus, infection",high,recent paper with relevant terms: virus,"Serum titers of SARS-CoV-2-neutralizing antibodies (nAbs) correlate well with protection from symptomatic COVID-19 but decay rapidly in the months following vaccination or infection. In contrast, measles-protective nAb titers are lifelong after measles vaccination, possibly du..."
pi-backlog,pmid-38180134,38180134,2024,,Trifluridine for treatment of mpox infection in drug combinations in ophthalmic cell models.,,influenza,,,primary_research,candidate,"relevant viral/host/pathway terms matched: virus, infection",high,recent paper with relevant terms: virus,"The Mpox virus can cause severe disease in the susceptible population with dermatologic and systemic manifestations. Furthermore, ophthalmic manifestations of mpox infection are well documented. Topical trifluridine (TFT) eye drops have been used for therapy of ophthalmic mpox..."
pi-backlog,pmid-38151288,38151288,2024,,Genetic Characterization of Pediatric Mixed Phenotype Acute Leukemia (MPAL).,,influenza,,,data_or_analysis,high,explicit cross-virus/shared-host language: comparative,low,no strong backlog-priority keywords matched,"BACKGROUND/AIM: Mixed phenotype acute leukemia (MPAL) is a rare hematologic malignancy in which the leukemic cells cannot be assigned to any specific lineage. The lack of well-defined, pathogenetically relevant diagnostic criteria makes the clinical handling of MPAL patients c..."
pi-backlog,pmid-38064027,38064027,2024,,Reverse Genetics of Bat Influenza A Viruses.,,influenza,,,methods,candidate,"relevant viral/host/pathway terms matched: virus, viral",high,"recent paper with relevant terms: virus, viral","New World fruit bats were recently found to harbor two distinct and previously unknown influenza A viruses (IAVs) of the subtypes H17N10 and H18N11. Although viral genome sequences were detected in the liver, intestine, lung, and kidney of infected bats and the complete genome..."
pi-backlog,pmid-38054302,38054302,2024,,Concomitant administration of seasonal influenza and COVID-19 mRNA vaccines.,,sars-cov-2;sars-cov;influenza,,,primary_research,candidate,relevant viral/host/pathway terms matched: virus,high,recent paper with relevant terms: virus,Current clinical guidelines support the concomitant administration of seasonal influenza vaccines and COVID-19 mRNA boosters vaccine. Whether dual vaccination may impact vaccine immunogenicity due to an interference between influenza or SARS-CoV-2 antigens is unknown. We aimed...
pi-backlog,pmid-37503298,37503298,2024,,Nanobody repertoire generated against the spike protein of ancestral SARS-CoV-2 remains efficacious against the rapidly evolving virus.,,sars-cov-2;sars-cov,,,primary_research,candidate,relevant viral/host/pathway terms matched: virus,high,recent paper with relevant terms: virus,"To date, all major modes of monoclonal antibody therapy targeting SARS-CoV-2 have lost significant efficacy against the latest circulating variants. As SARS-CoV-2 omicron sublineages account for over 90% of COVID-19 infections, evasion of immune responses generated by vaccinat..."
pi-backlog,pmid-35001641,35001641,2024,,Sinonasal Plasmablastic Lymphoma Arising in the Setting of Recurrent Nasal Polyposis in an Immunocompetent Individual.,,hiv,,,primary_research,candidate,relevant viral/host/pathway terms matched: virus,high,recent paper with relevant terms: virus,"Plasmablastic lymphoma (PBL) is an aggressive, rare variant of B-cell lymphoma typically associated with human immunodeficiency virus and other immunocompromised populations. Most commonly found in the oral cavity, PBL can occasionally originate in the sinonasal tract. Diagnos..."
hpmi,pmid-37738983,37738983,2023,HPMI,Impact of SARS-CoV-2 ORF6 and its variant polymorphisms on host responses and viral pathogenesis.,,sars-cov-2;sars-cov;coronavirus,,,primary_research,candidate,"relevant host-pathogen/pathway terms matched: viral, proteome",medium,"older HPMI paper with relevant terms: viral, sars, cov","Severe acute respiratory syndrome coronavirus 2 (SARS-CoV-2) encodes several proteins that inhibit host interferon responses. Among these, ORF6 antagonizes interferon signaling by disrupting nucleocytoplasmic trafficking through interactions with the nuclear pore complex compo..."
hpmi,pmid-37651466,37651466,2023,HPMI,A single inactivating amino acid change in the SARS-CoV-2 NSP3 Mac1 domain attenuates viral replication in vivo.,,sars-cov-2;sars-cov,,,primary_research,candidate,"relevant host-pathogen/pathway terms matched: virus, viral",medium,"older HPMI paper with relevant terms: virus, viral, sars, cov","Despite unprecedented efforts, our therapeutic arsenal against SARS-CoV-2 remains limited. The conserved macrodomain 1 (Mac1) in NSP3 is an enzyme exhibiting ADP-ribosylhydrolase activity and a possible drug target. To determine the role of Mac1 catalytic activity in viral rep..."
pi-backlog,pmid-37554445,37554445,2023,,"Down syndrome is associated with altered frequency and functioning of tracheal multiciliated cells, and response to influenza virus infection.",,influenza,,proteomics;transcriptomics,data_or_analysis,candidate,"relevant viral/host/pathway terms matched: virus, viral, infection",medium,"relevant mechanistic terms: virus, viral","Individuals with Down syndrome (DS) clinically manifest severe respiratory illnesses; however, there is a paucity of data on how DS influences homeostatic physiology of lung airway, and its reactive responses to pulmonary pathogens. We generated well-differentiated ciliated ai..."
pi-backlog,pmid-37425792,37425792,2023,,Breakthrough infections by SARS-CoV-2 variants boost cross-reactive hybrid immune responses in mRNA-vaccinated Golden Syrian Hamsters.,,sars-cov-2;sars-cov,,transcriptomics,data_or_analysis,candidate,"relevant viral/host/pathway terms matched: virus, infection",medium,relevant mechanistic terms: virus,"Hybrid immunity to SARS-CoV-2 provides superior protection to re-infection. We performed immune profiling studies during breakthrough infections in mRNA-vaccinated hamsters to evaluate hybrid immunity induction. mRNA vaccine, BNT162b2, was dosed to induce binding antibody tite..."
pi-backlog,pmid-37400142,37400142,2023,,Acute Undifferentiated Leukemia With a Balanced t(5;10)(q35;p12) Resulting in Fusion of HNRNPH1 With MLLT10.,,influenza,,,data_or_analysis,high,explicit cross-virus/shared-host language: comparative,low,no strong backlog-priority keywords matched,"BACKGROUND/AIM: Acute undifferentiated leukemia (AUL) is leukemia which does not express lineage-specific antigens. Such cases are rare, accounting for 2.7% of all acute leukemia. The reported genetic information of AULs is limited to less than 100 cases with abnormal karyotyp..."
pi-backlog,pmid-37289427,37289427,2023,,"Establishing severe acute respiratory infection (SARI) surveillance in a sentinel hospital, Ireland, 2021 to 2022.",,sars-cov-2;sars-cov;influenza;rsv,,network_modeling,data_or_analysis,candidate,"relevant viral/host/pathway terms matched: virus, viral, infection",medium,"relevant mechanistic terms: virus, viral","BackgroundIn 2020, due to the COVID-19 pandemic, the European Centre for Disease Prevention and Control (ECDC) accelerated development of European-level severe acute respiratory infection (SARI) surveillance.AimWe aimed to establish SARI surveillance in one Irish hospital as p..."
current-program,pmid-37252360,37252360,2023,SCRIPT,Lectin Fingerprinting Distinguishes Antibody Neutralization in SARS-CoV-2.,Alan Hauser,sars-cov-2;sars-cov;influenza,,proteomics,methods,high,explicit cross-virus/shared-host language: comparative,medium,"older paper with relevant terms: viral, host","Enveloped viruses co-opt host glycosylation pathways to decorate their surface proteins. As viruses evolve, emerging strains can modify their glycosylation patterns to influence host interactions and subvert immune recognition. Still, changes in viral glycosylation or their im..."
pi-backlog,pmid-36894709,36894709,2023,,Pharmacological disruption of mSWI/SNF complex activity restricts SARS-CoV-2 infection.,,sars-cov-2;sars-cov;coronavirus,,epigenomics;network_modeling,data_or_analysis,candidate,"relevant viral/host/pathway terms matched: virus, viral, infection",medium,"relevant mechanistic terms: virus, viral, host","Identification of host determinants of coronavirus infection informs mechanisms of viral pathogenesis and can provide new drug targets. Here we demonstrate that mammalian SWItch/Sucrose Non-Fermentable (mSWI/SNF) chromatin remodeling complexes, specifically canonical BRG1/BRM-..."
hpmi,pmid-36782050,36782050,2023,HPMI,Structure and dynamics of the essential endogenous mycobacterial polyketide synthase Pks13.,,,mycobacterium_tuberculosis,proteomics;structural_biology,primary_research,candidate,"relevant host-pathogen/pathway terms matched: pathway, tuberculosis, mycobacterium",medium,"older HPMI paper with relevant terms: tuberculosis, mycobacterium","The mycolic acid layer of the Mycobacterium tuberculosis cell wall is essential for viability and virulence, and the enzymes responsible for its synthesis are targets for antimycobacterial drug development. Polyketide synthase 13 (Pks13) is a module encoding several enzymatic..."
pi-backlog,pmid-36581344,36581344,2023,,Novel MYCBP::EHD2 and RUNX1::ZNF780A Fusion Genes in T-cell Acute Lymphoblastic Leukemia.,,influenza,,,data_or_analysis,high,explicit cross-virus/shared-host language: comparative,low,no strong backlog-priority keywords matched,"BACKGROUND/AIM: T-cell acute lymphoblastic leukemia (T-ALL) is a rare malignancy characterized by proliferation of early T-cell precursors that replace normal hematopoietic cells. T-ALL cells carry non-random chromosome aberrations, fusion genes, and gene mutations, often of p..."
pi-backlog,pmid-36241425,36241425,2023,,Low expression of EXOSC2 protects against clinical COVID-19 and impedes SARS-CoV-2 replication.,,sars-cov-2;sars-cov,,crispr_screen,data_or_analysis,candidate,"relevant viral/host/pathway terms matched: virus, viral, interaction, crispr, infection",medium,"relevant mechanistic terms: virus, viral, host, crispr","New therapeutic targets are a valuable resource for treatment of SARS-CoV-2 viral infection. Genome-wide association studies have identified risk loci associated with COVID-19, but many loci are associated with comorbidities and are not specific to host-virus interactions. Her..."
pi-backlog,pmid-36496417,36496417,2022,,Transcriptome signatures preceding the induction of anti-stalk antibodies elicited after universal influenza vaccination.,,influenza,,transcriptomics,data_or_analysis,candidate,relevant viral/host/pathway terms matched: virus,medium,relevant mechanistic terms: virus,A phase 1 clinical trial to test the immunogenicity of a chimeric group 1 HA (cHA) universal influenza virus vaccine targeting the conserved stalk domain of the hemagglutinin of influenza viruses was carried out. Vaccination with adjuvanted-inactivated vaccines induced high an...
pi-backlog,pmid-36044897,36044897,2022,,Discovery and intranasal administration of a SARS-CoV-2 broadly acting neutralizing antibody with activity against multiple Omicron subvariants.,,sars-cov-2;sars-cov;coronavirus,,,primary_research,high,explicit cross-virus/shared-host language: broad-spectrum,medium,relevant mechanistic terms: virus,"BACKGROUND: The continual emergence of severe acute respiratory syndrome coronavirus 2 (SARS-CoV-2) variants of concern, in particular the newly emerged Omicron (B.1.1.529) variant and its BA.X lineages, has rendered ineffective a number of previously FDA emergency use authori..."
pi-backlog,pmid-35985686,35985686,2022,,A Novel Cryptic t(2;3)(p21;q25) Translocation Fuses the WWTR1 and PRKCE Genes in Uterine Leiomyoma With 3q- as the Sole Visible Chromosome Abnormality.,,influenza,,,data_or_analysis,high,explicit cross-virus/shared-host language: comparative,low,no strong backlog-priority keywords matched,"BACKGROUND/AIM: Deletions in the q arm of chromosome 3 have been reported in uterine leiomyomas, also as sole anomalies. Because some neoplasia-associated deletions may give rise to tumorigenic fusion genes, we chose to investigate thoroughly one such tumor. MATERIALS AND METH..."
pi-backlog,pmid-35967877,35967877,2022,,eIF5A is activated by virus infection or dsRNA and facilitates virus replication through modulation of interferon production.,,influenza;zika,,,primary_research,high,explicit cross-virus/shared-host language: broad-spectrum,medium,"relevant mechanistic terms: virus, viral","Active hypusine-modified initiation elongation factor 5A is critical for cell proliferation and differentiation, embryonic development, and innate immune response of macrophages to bacterial infection. Here, we demonstrate that both virus infection and double-stranded RNA vira..."
pi-backlog,pmid-35766385,35766385,2022,,Sec61 Inhibitor Apratoxin S4 Potently Inhibits SARS-CoV-2 and Exhibits Broad-Spectrum Antiviral Activity.,,sars-cov-2;sars-cov;influenza;dengue;zika,,,primary_research,high,explicit cross-virus/shared-host language: broad-spectrum,medium,"relevant mechanistic terms: virus, viral, host",There is a pressing need for host-directed therapeutics that elicit broad-spectrum antiviral activities to potentially address current and future viral pandemics. Apratoxin S4 (Apra S4) is a potent Sec61 inhibitor that prevents cotranslational translocation of secretory protei...
pi-backlog,pmid-35291294,35291294,2022,,Low expression of EXOSC2 protects against clinical COVID-19 and impedes SARS-CoV-2 replication.,,sars-cov-2;sars-cov,,crispr_screen,data_or_analysis,candidate,"relevant viral/host/pathway terms matched: virus, viral, interaction, crispr, infection",medium,"relevant mechanistic terms: virus, viral, host, crispr","New therapeutic targets are a valuable resource in the struggle to reduce the morbidity and mortality associated with the COVID-19 pandemic, caused by the SARS-CoV-2 virus. Genome-wide association studies (GWAS) have identified risk loci, but some loci are associated with co-m..."
pi-backlog,pmid-35186917,35186917,2022,,Profiling Selective Packaging of Host RNA and Viral RNA Modification in SARS-CoV-2 Viral Preparations.,,sars-cov-2;sars-cov,,transcriptomics,data_or_analysis,candidate,relevant viral/host/pathway terms matched: viral,medium,"relevant mechanistic terms: viral, host",Viruses package host RNAs in their virions which are associated with a range of functions in the viral life cycle. Previous transcriptomic profiling of host RNA packaging mostly focused on retroviruses. Which host RNAs are packaged in other viruses at the transcriptome level h...
hpmi,pmid-35150638,35150638,2022,HPMI,Mutations in SARS-CoV-2 variants of concern link to increased spike cleavage and virus transmission.,,sars-cov-2;sars-cov,,,primary_research,candidate,"relevant host-pathogen/pathway terms matched: virus, viral",medium,"older HPMI paper with relevant terms: virus, viral, sars, cov","SARS-CoV-2 lineages have diverged into highly prevalent variants termed ""variants of concern"" (VOCs). Here, we characterized emerging SARS-CoV-2 spike polymorphisms in vitro and in vivo to understand their impact on transmissibility and virus pathogenicity and fitness. We demo..."
pi-backlog,pmid-35062015,35062015,2022,,SARS-CoV-2 Omicron virus causes attenuated disease in mice and hamsters.,,sars-cov-2;sars-cov,,network_modeling,data_or_analysis,candidate,"relevant viral/host/pathway terms matched: virus, viral, infection",medium,"relevant mechanistic terms: virus, viral","The recent emergence of B.1.1.529, the Omicron variant1,2, has raised concerns of escape from protection by vaccines and therapeutic antibodies. A key test for potential countermeasures against B.1.1.529 is their activity in preclinical rodent models of respiratory tract disea..."
hpmi,pmid-35012962,35012962,2022,HPMI,Preclinical and randomized phase I studies of plitidepsin in adults hospitalized with COVID-19.,,sars-cov-2;sars-cov,,,primary_research,candidate,relevant host-pathogen/pathway terms matched: viral,medium,"older HPMI paper with relevant terms: viral, sars, cov","Plitidepsin, a marine-derived cyclic-peptide, inhibits SARS-CoV-2 replication at nanomolar concentrations by targeting the host protein eukaryotic translation elongation factor 1A. Here, we show that plitidepsin distributes preferentially to lung over plasma, with similar pote..."
pi-backlog,pmid-34842046,34842046,2022,,Infection and transmission of ancestral SARS-CoV-2 and its alpha variant in pregnant white-tailed deer.,,sars-cov-2;sars-cov;coronavirus,,network_modeling,data_or_analysis,candidate,"relevant viral/host/pathway terms matched: virus, viral, infection",medium,"relevant mechanistic terms: virus, viral",ABSTRACTSARS-CoV-2 was first reported circulating in human populations in December 2019 and has since become a global pandemic. Recent history involving SARS-like coronavirus outbreaks have demonstrated the significant role of intermediate hosts in viral maintenance and transm...
pi-backlog,pmid-34981044,34981044,2021,,The SARS-CoV-2 B.1.1.529 Omicron virus causes attenuated infection and disease in mice and hamsters.,,sars-cov-2;sars-cov,,network_modeling,data_or_analysis,candidate,"relevant viral/host/pathway terms matched: virus, viral, infection",medium,"relevant mechanistic terms: virus, viral","Despite the development and deployment of antibody and vaccine countermeasures, rapidly-spreading SARS-CoV-2 variants with mutations at key antigenic sites in the spike protein jeopardize their efficacy. The recent emergence of B.1.1.529, the Omicron variant1,2, which has more..."
pi-backlog,pmid-34697065,34697065,2021,,Fusion of the Paired Box 3 (PAX3) and Myocardin (MYOCD) Genes in Pediatric Rhabdomyosarcoma.,,influenza,,,data_or_analysis,high,explicit cross-virus/shared-host language: comparative,low,no strong backlog-priority keywords matched,BACKGROUND/AIM: Fusions of the paired box 3 gene (PAX3 in 2q36) with different partners have been reported in rhabdomyosarcomas and biphenotypic sinonasal sarcomas. We herein report the myocardin (MYOCD on 17p12) gene as a novel PAX3-fusion partner in a pediatric tumor with ad...
pi-backlog,pmid-34426811,34426811,2021,,Infection and transmission of ancestral SARS-CoV-2 and its alpha variant in pregnant white-tailed deer.,,sars-cov-2;sars-cov;mers-cov;coronavirus,,network_modeling,data_or_analysis,candidate,"relevant viral/host/pathway terms matched: virus, viral, interaction, infection",medium,"relevant mechanistic terms: virus, viral","SARS-CoV-2, a novel Betacoronavirus, was first reported circulating in human populations in December 2019 and has since become a global pandemic. Recent history involving SARS-like coronavirus outbreaks (SARS-CoV and MERS-CoV) have demonstrated the significant role of intermed..."
hpmi,pmid-34225486,34225486,2021,HPMI,Galectin-8 Senses Phagosomal Damage and Recruits Selective Autophagy Adapter TAX1BP1 To Control Mycobacterium tuberculosis Infection in Macrophages.,,,mycobacterium_tuberculosis,genome_editing,primary_research,candidate,"relevant host-pathogen/pathway terms matched: interaction, crispr, pathway, tuberculosis, mycobacterium",medium,"older HPMI paper with relevant terms: tuberculosis, mycobacterium","Mycobacterium tuberculosis (Mtb) causes one of the deadliest infectious diseases worldwide. Upon infection, Mtb is phagocytosed by macrophages and uses its virulence-associated ESX-1 secretion system to modulate the host cell. We showed previously that the ESX-1 secretion syst..."
current-program,pmid-34031078,34031078,2021,SCRIPT,First report of Pseudomonas nitroreducens cultured from the lungs of a patient with pneumonia.,Richard Wunderink;Alan Hauser,influenza,pseudomonas_aeruginosa,proteomics,data_or_analysis,candidate,relevant viral/host/pathway terms matched: viral,medium,older paper with relevant terms: viral,A man in his 50s with neutropenic fever and multifocal lung opacities was diagnosed with a viral pneumonia. A small number of bacteria grown from bronchoalveolar lavage fluid collected during a repeat bronchoscopy were initially identified as Pseudomonas aeruginosa by VITEK-2...
hpmi,pmid-33930332,33930332,2021,HPMI,Functional landscape of SARS-CoV-2 cellular restriction.,,sars-cov-2;sars-cov;coronavirus,,,primary_research,candidate,relevant host-pathogen/pathway terms matched: viral,medium,"older HPMI paper with relevant terms: viral, sars, cov",A deficient interferon (IFN) response to severe acute respiratory syndrome coronavirus 2 (SARS-CoV-2) infection has been implicated as a determinant of severe coronavirus disease 2019 (COVID-19). To identify the molecular effectors that govern IFN control of SARS-CoV-2 infecti...
hpmi,pmid-33791693,33791693,2021,HPMI,Phospholipidosis is a shared mechanism underlying the in vitro antiviral activity of many repurposed drugs against SARS-CoV-2.,,sars-cov-2;sars-cov,,structural_biology,data_or_analysis,unknown,no explicit cross-virus or strong host-mechanism terms matched,medium,"older HPMI paper with relevant terms: sars, cov","Repurposing drugs as treatments for COVID-19 has drawn much attention. A common strategy has been to screen for established drugs, typically developed for other indications, that are antiviral in cells or organisms. Intriguingly, most of the drugs that have emerged from these..."
pi-backlog,pmid-33052331,33052331,2020,,Clofazimine is a broad-spectrum coronavirus inhibitor that antagonizes SARS-CoV-2 replication in primary human cell culture and hamsters.,,sars-cov-2;sars-cov;mers-cov;coronavirus,,,primary_research,high,explicit cross-virus/shared-host language: broad-spectrum,medium,relevant mechanistic terms: viral,"COVID-19 pandemic is the third zoonotic coronavirus (CoV) outbreak of the century after severe acute respiratory syndrome (SARS) in 2003 and Middle East respiratory syndrome (MERS) since 2012. Treatment options for CoVs are largely lacking. Here, we show that clofazimine, an a..."
current-program,pmid-32907984,32907984,2020,CViSB,Broad-Spectrum Antiviral Entry Inhibition by Interfacially Active Peptides.,Robert Garry,influenza;dengue;hiv,,,data_or_analysis,high,explicit cross-virus/shared-host language: broad-spectrum,medium,"older paper with relevant terms: virus, viral, host",Numerous peptides inhibit the entry of enveloped viruses into cells. Some of these peptides have been shown to inhibit multiple unrelated viruses. We have suggested that such broad-spectrum antiviral peptides share a property called interfacial activity; they are somewhat hydr...
pi-backlog,pmid-32839537,32839537,2020,,Influenza virus repurposes the antiviral protein IFIT2 to promote translation of viral mRNAs.,,influenza,,crispr_screen,data_or_analysis,candidate,"relevant viral/host/pathway terms matched: virus, viral, crispr, infection",medium,"relevant mechanistic terms: virus, viral, host, crispr",Cells infected by influenza virus mount a large-scale antiviral response and most cells ultimately initiate cell-death pathways in an attempt to suppress viral replication. We performed a CRISPR-Cas9-knockout selection designed to identify host factors required for replication...
hpmi,pmid-32785687,32785687,2020,HPMI,Crippling life support for SARS-CoV-2 and other viruses through synthetic lethality.,,sars-cov-2;sars-cov,,,primary_research,candidate,"relevant host-pathogen/pathway terms matched: virus, viral",medium,"older HPMI paper with relevant terms: virus, viral, sars, cov","With the rapid global spread of SARS-CoV-2, we have become acutely aware of the inadequacies of our ability to respond to viral epidemics. Although disrupting the viral life cycle is critical for limiting viral spread and disease, it has proven challenging to develop targeted..."
pi-backlog,pmid-32345665,32345665,2020,,NDRG1-PLAG1 and TRPS1-PLAG1 Fusion Genes in Chondroid Syringoma.,,influenza,,,data_or_analysis,high,explicit cross-virus/shared-host language: comparative,low,no strong backlog-priority keywords matched,"BACKGROUND/AIM: Chondroid syringoma is a rare benign tumor emanating from sweat glands. Although rearrangements of the pleomorphic adenoma gene 1 (PLAG1) have been reported in such tumors, information on PLAG1 fusion genes is very limited. MATERIALS AND METHODS: Cytogenetic, f..."
hpmi,pmid-31239378,31239378,2019,HPMI,Two Accessory Proteins Govern MmpL3 Mycolic Acid Transport in Mycobacteria.,,,mycobacterium_tuberculosis,structural_biology,primary_research,candidate,"relevant host-pathogen/pathway terms matched: tuberculosis, mycobacterium",medium,"older HPMI paper with relevant terms: tuberculosis, mycobacterium","Mycolic acids are the signature lipid of mycobacteria and constitute an important physical component of the cell wall, a target of mycobacterium-specific antibiotics and a mediator of Mycobacterium tuberculosis pathogenesis. Mycolic acids are synthesized in the cytoplasm and a..."
hpmi,pmid-31204998,31204998,2019,HPMI,Cas9(+) conditionally-immortalized macrophages as a tool for bacterial pathogenesis and beyond.,,,mycobacterium_tuberculosis,genome_editing,primary_research,candidate,"relevant host-pathogen/pathway terms matched: tuberculosis, mycobacterium",medium,"older HPMI paper with relevant terms: tuberculosis, mycobacterium","Macrophages play critical roles in immunity, development, tissue repair, and cancer, but studies of their function have been hampered by poorly-differentiated tumor cell lines and genetically-intractable primary cells. Here we report a facile system for genome editing in non-t..."
pi-backlog,pmid-31161074,31161074,2019,,Novel GTF2I-PDGFRB and IKZF1-TYW1 fusions in pediatric leukemia with normal karyotype.,,influenza,,,data_or_analysis,high,explicit cross-virus/shared-host language: comparative,low,no strong backlog-priority keywords matched,"BACKGROUND: Many cases of acute lymphoblastic leukemia (ALL) carry visible acquired chromosomal changes of pathogenetic, diagnostic, and prognostic importance. Nevertheless, from one-fourth to half of newly diagnosed ALL patients have no visible chromosomal changes detectable..."
pi-backlog,pmid-30787439,30787439,2019,,MHC class II proteins mediate cross-species entry of bat influenza viruses.,,influenza,,crispr_screen;transcriptomics,data_or_analysis,candidate,"relevant viral/host/pathway terms matched: virus, crispr, infection",medium,"relevant mechanistic terms: virus, crispr","Zoonotic influenza A viruses of avian origin can cause severe disease in individuals, or even global pandemics, and thus pose a threat to human populations. Waterfowl and shorebirds are believed to be the reservoir for all influenza A viruses, but this has recently been challe..."
pi-backlog,pmid-30463968,30463968,2019,,Packaging of the Influenza Virus Genome Is Governed by a Plastic Network of RNA- and Nucleoprotein-Mediated Interactions.,,influenza,,network_modeling,data_or_analysis,candidate,"relevant viral/host/pathway terms matched: virus, viral, interaction",medium,"relevant mechanistic terms: virus, viral","The genome of influenza A virus is organized into eight ribonucleoproteins, each composed of a distinct RNA segment bound by the viral polymerase and oligomeric viral nucleoprotein. Packaging sequences unique to each RNA segment together with specific nucleoprotein amino acids..."
hpmi,pmid-30550789,30550789,2018,HPMI,Protein Interaction Mapping Identifies RBBP6 as a Negative Regulator of Ebola Virus Replication.,,,,protein_interaction_mapping;proteomics;structural_biology,data_or_analysis,candidate,"relevant host-pathogen/pathway terms matched: virus, viral, interaction",medium,"older HPMI paper with relevant terms: virus, viral","Ebola virus (EBOV) infection often results in fatal illness in humans, yet little is known about how EBOV usurps host pathways during infection. To address this, we used affinity tag-purification mass spectrometry (AP-MS) to generate an EBOV-host protein-protein interaction (P..."
pi-backlog,pmid-30258002,30258002,2018,,Influenza Virus NS1 Protein-RNA Interactome Reveals Intron Targeting.,,influenza,,proteomics,data_or_analysis,candidate,"relevant viral/host/pathway terms matched: virus, viral, interaction, interactome, infection",medium,"relevant mechanistic terms: virus, viral, interactome","The NS1 protein of influenza A virus is a multifunctional virulence factor that inhibits cellular processes to facilitate viral gene expression. While NS1 is known to interact with RNA and proteins to execute these functions, the cellular RNAs that physically interact with NS1..."
hpmi,pmid-30174294,30174294,2018,HPMI,Mycobacterial Mutagenesis and Drug Resistance Are Controlled by Phosphorylation- and Cardiolipin-Mediated Inhibition of the RecA Coprotease.,,,mycobacterium_tuberculosis,proteomics,primary_research,candidate,"relevant host-pathogen/pathway terms matched: tuberculosis, mycobacterium",medium,"older HPMI paper with relevant terms: tuberculosis, mycobacterium","Infection with Mycobacterium tuberculosis continues to cause substantial human mortality, in part because of the emergence of antimicrobial resistance. Antimicrobial resistance in tuberculosis is solely the result of chromosomal mutations that modify drug activators or targets..."
pi-backlog,pmid-29391557,29391557,2018,,SMARCA2-regulated host cell factors are required for MxA restriction of influenza A viruses.,,influenza,,proteomics;transcriptomics;epigenomics;network_modeling,data_or_analysis,candidate,relevant viral/host/pathway terms matched: virus,medium,"relevant mechanistic terms: virus, host, screen","The human interferon (IFN)-induced MxA protein is a key antiviral host restriction factor exhibiting broad antiviral activity against many RNA viruses, including highly pathogenic avian influenza A viruses (IAV) of the H5N1 and H7N7 subtype. To date the mechanism for how MxA e..."
pi-backlog,pmid-28869005,28869005,2017,,Human interactome of the influenza B virus NS1 protein.,,influenza,,proteomics,data_or_analysis,candidate,"relevant viral/host/pathway terms matched: virus, interactome",medium,"relevant mechanistic terms: virus, host, interactome","NS1 proteins of influenza A and B viruses share limited sequence homology, yet both are potent manipulators of host cell processes, particularly interferon (IFN) induction. Although many cellular partners are reported for A/NS1, only a few (e.g. PKR and ISG15) have been identi..."
pi-backlog,pmid-28494238,28494238,2017,,SMYD2-Mediated Histone Methylation Contributes to HIV-1 Latency.,,hiv,,epigenomics;network_modeling,data_or_analysis,candidate,relevant viral/host/pathway terms matched: viral,medium,"relevant mechanistic terms: viral, screen","Transcriptional latency of HIV is a last barrier to viral eradication. Chromatin-remodeling complexes and post-translational histone modifications likely play key roles in HIV-1 reactivation, but the underlying mechanisms are incompletely understood. We performed an RNAi-based..."
pi-backlog,pmid-27965017,27965017,2017,,Structure and functionalities of the human c-reactive protein compared to the zebrafish multigene family of c-reactive-like proteins.,,influenza,,,review,high,explicit cross-virus/shared-host language: comparative,medium,relevant mechanistic terms: viral,"Because of the recent discovery of multiple c-reactive protein (crp)-like genes in zebrafish (Danio rerio) with predicted heterogeneous phospholipid-binding amino acid sequences and heterogeneous transcript expression levels in viral survivors and adaptive-deficient mutants, z..."
pi-backlog,pmid-27978436,27978436,2016,,The mTOR Complex Controls HIV Latency.,,hiv,,crispr_screen;network_modeling,data_or_analysis,candidate,"relevant viral/host/pathway terms matched: viral, pathway",medium,"relevant mechanistic terms: viral, pathway, screen","A population of CD4 T lymphocytes harboring latent HIV genomes can persist in patients on antiretroviral therapy, posing a barrier to HIV eradication. To examine cellular complexes controlling HIV latency, we conducted a genome-wide screen with a pooled ultracomplex shRNA libr..."
pi-backlog,pmid-27120583,27120583,2016,,"Synthesis and Anti-Influenza Activity of Pyridine, Pyridazine, and Pyrimidine C-Nucleosides as Favipiravir (T-705) Analogues.",,influenza,,,primary_research,high,explicit cross-virus/shared-host language: broad-spectrum,medium,relevant mechanistic terms: virus,"Influenza viruses are responsible for seasonal epidemics and occasional pandemics which cause significant morbidity and mortality. Despite available vaccines, only partial protection is achieved. Currently, there are two classes of widely approved anti-influenza drugs: M2 ion..."
pi-backlog,pmid-26799564,26799564,2016,,Infection in Health Personnel with High and Low Levels of Exposure in a Hospital Setting during the H1N1 2009 Influenza A Pandemic.,,influenza,,,primary_research,high,explicit cross-virus/shared-host language: comparative,medium,relevant mechanistic terms: virus,"A novel H1N1 influenza A virus caused the first pandemic of the 21st century in 2009. Hospitals had an increased demand of health consultations, that made it difficult to estimate the incidence of infection in hospital personnel due to asymptomatic presentations and the under..."
pi-backlog,pmid-26651948,26651948,2015,,"Meta- and Orthogonal Integration of Influenza ""OMICs"" Data Defines a Role for UBR4 in Virus Budding.",,influenza,,network_modeling,data_or_analysis,candidate,"relevant viral/host/pathway terms matched: virus, viral, host-pathogen, interaction, infection",medium,"relevant mechanistic terms: virus, viral, host","Several systems-level datasets designed to dissect host-pathogen interactions during influenza A infection have been reported. However, apparent discordance among these data has hampered their full utility toward advancing mechanistic and therapeutic knowledge. To collectively..."
pi-backlog,pmid-25616068,25616068,2015,,A combined proteomics/genomics approach links hepatitis C virus infection with nonsense-mediated mRNA decay.,,hcv,,proteomics,data_or_analysis,candidate,"relevant viral/host/pathway terms matched: virus, viral, interaction, pathway, infection",medium,"relevant mechanistic terms: virus, viral, host, pathway, proteomics","Hepatitis C virus (HCV) is a leading cause of liver disease, but insight into virus-host interactions remains limited. We systematically used affinity purification/mass spectrometry to define the host interactions of all ten HCV proteins in hepatoma cells. We combined these st..."
pi-backlog,pmid-25511110,25511110,2015,,A comparative immunological analysis of CoCl2 treated cells with in vitro hypoxic exposure.,,influenza,,,primary_research,high,explicit cross-virus/shared-host language: comparative,medium,relevant mechanistic terms: pathway,"The hypoxic preconditioning of mammalian cells has been shown to have beneficial effects against hypoxic injuries. However, very little information is available on the comparative analysis of immunological responses to hypoxic and hypoxia mimetic exposure. Therefore, in the pr..."
pi-backlog,pmid-25007846,25007846,2015,,The NS1 protein: a multitasking virulence factor.,,influenza,,network_modeling,data_or_analysis,candidate,"relevant viral/host/pathway terms matched: virus, viral, infection",medium,"relevant mechanistic terms: virus, viral, host","The non-structural protein 1 of influenza virus (NS1) is a relatively small polypeptide with an outstanding number of ascribed functions. NS1 is the main viral antagonist of the innate immune response during influenza virus infection, chiefly by inhibiting the type I interfero..."
pi-backlog,pmid-25091190,25091190,2014,,Matrix-metalloproteinases in head and neck carcinoma-cancer genome atlas analysis and fluorescence imaging in mice.,,influenza,,network_modeling,data_or_analysis,candidate,relevant viral/host/pathway terms matched: virus,medium,relevant mechanistic terms: virus,"OBJECTIVE: (1) Obtain matrix-metalloproteinase (MMP) expression profiles for head and neck squamous cell carcinoma (HNSCC) specimens from the Cancer Genomic Atlas (TCGA). (2) Demonstrate HNSCC imaging using MMP-cleavable, fluorescently labeled ratiometric activatable cell-pene..."
pi-backlog,pmid-24817247,24817247,2014,,An integrated map of HIV-human protein complexes that facilitate viral infection.,,hiv,,proteomics;network_modeling,data_or_analysis,candidate,"relevant viral/host/pathway terms matched: viral, interaction, infection",medium,"relevant mechanistic terms: viral, host",Recent proteomic and genetic studies have aimed to identify a complete network of interactions between HIV and human proteins and genes. This HIV-human interaction network provides invaluable information as to how HIV exploits the host machinery and can be used as a starting p...
pi-backlog,pmid-24098102,24098102,2013,,Target prediction for an open access set of compounds active against Mycobacterium tuberculosis.,,hiv,mycobacterium_tuberculosis,,data_or_analysis,candidate,relevant viral/host/pathway terms matched: infection,medium,relevant mechanistic terms: screen,"Mycobacterium tuberculosis, the causative agent of tuberculosis (TB), infects an estimated two billion people worldwide and is the leading cause of mortality due to infectious disease. The development of new anti-TB therapeutics is required, because of the emergence of multi-d..."
pi-backlog,pmid-23825951,23825951,2013,,Cellular RNA binding proteins NS1-BP and hnRNP K regulate influenza A virus RNA splicing.,,influenza,,proteomics,data_or_analysis,candidate,"relevant viral/host/pathway terms matched: virus, viral",medium,"relevant mechanistic terms: virus, viral, host, proteomics","Influenza A virus is a major human pathogen with a genome comprised of eight single-strand, negative-sense, RNA segments. Two viral RNA segments, NS1 and M, undergo alternative splicing and yield several proteins including NS1, NS2, M1 and M2 proteins. However, the mechanisms..."
pi-backlog,pmid-22718633,22718633,2012,,Biochemical characterization and structural modeling of human cathepsin E variant 2 in comparison to the wild-type protein.,,influenza,,network_modeling,primary_research,high,explicit cross-virus/shared-host language: comparative,low,no strong backlog-priority keywords matched,Cathepsin E splice variant 2 appears in a number of gastric carcinomas. Here we report detecting this variant in HeLa cells using polyclonal antibodies and biotinylated inhibitor pepstatin A. An overexpression of GFP fusion proteins of cathepsin E and its splice variant within...
pi-backlog,pmid-21852950,21852950,2011,,Differential contribution of PB1-F2 to the virulence of highly pathogenic H5N1 influenza A virus in mammalian and avian species.,,influenza,,,primary_research,high,explicit cross-virus/shared-host language: comparative,medium,"relevant mechanistic terms: virus, viral, host",Highly pathogenic avian influenza A viruses (HPAIV) of the H5N1 subtype occasionally transmit from birds to humans and can cause severe systemic infections in both hosts. PB1-F2 is an alternative translation product of the viral PB1 segment that was initially characterized as...
pi-backlog,pmid-21846828,21846828,2011,,Host- and strain-specific regulation of influenza virus polymerase activity by interacting cellular proteins.,,influenza,,proteomics;network_modeling,data_or_analysis,candidate,"relevant viral/host/pathway terms matched: virus, viral, interaction, infection",medium,"relevant mechanistic terms: virus, viral, host, proteomics","UNLABELLED: Highly pathogenic avian influenza A (HPAI) viruses of the H5N1 subtype have recently emerged from avian zoonotic reservoirs to cause fatal human disease. Adaptation of HPAI virus RNA-dependent RNA polymerase (PB1, PB2, and PA proteins) and nucleoprotein (NP) to int..."
pi-backlog,pmid-21843352,21843352,2011,,Lassa hemorrhagic fever in a late term pregnancy from northern Sierra Leone with a positive maternal outcome: case report.,,influenza,,network_modeling,data_or_analysis,candidate,"relevant viral/host/pathway terms matched: virus, viral",medium,"relevant mechanistic terms: virus, viral",Lassa fever (LF) is a devastating viral disease prevalent in West Africa. Efforts to take on this public health crisis have been hindered by lack of infrastructure and rapid field deployable diagnosis in areas where the disease is prevalent. Recent capacity building at the Ken...
pi-backlog,pmid-20844032,20844032,2010,,Macaque proteome response to highly pathogenic avian influenza and 1918 reassortant influenza virus infections.,,influenza,,proteomics;network_modeling,data_or_analysis,candidate,"relevant viral/host/pathway terms matched: virus, viral, proteome, infection",medium,"relevant mechanistic terms: virus, viral, host",The host proteome response and molecular mechanisms that drive disease in vivo during infection by a human isolate of the highly pathogenic avian influenza virus (HPAI) and 1918 pandemic influenza virus remain poorly understood. This study presents a comprehensive characteriza...
pi-backlog,pmid-20534531,20534531,2010,,Engineered RNA viral synthesis of microRNAs.,,influenza,,transcriptomics,data_or_analysis,candidate,"relevant viral/host/pathway terms matched: virus, viral",medium,"relevant mechanistic terms: virus, viral","MicroRNAs (miRNAs) are short noncoding RNAs that exert posttranscriptional gene silencing and regulate gene expression. In addition to the hundreds of conserved cellular miRNAs that have been identified, miRNAs of viral origin have been isolated and found to modulate both the..."
pi-backlog,pmid-20140252,20140252,2010,,Complete-proteome mapping of human influenza A adaptive mutations: implications for human transmissibility of zoonotic strains.,,influenza,,,methods,high,explicit cross-virus/shared-host language: comparative,medium,relevant mechanistic terms: host,"BACKGROUND: There is widespread concern that H5N1 avian influenza A viruses will emerge as a pandemic threat, if they become capable of human-to-human (H2H) transmission. Avian strains lack this capability, which suggests that it requires important adaptive mutations. We perfo..."
pi-backlog,pmid-20027183,20027183,2010,,Human host factors required for influenza virus replication.,,influenza,,network_modeling,data_or_analysis,candidate,"relevant viral/host/pathway terms matched: virus, viral, host-pathogen, interaction",medium,"relevant mechanistic terms: virus, viral, host",Influenza A virus is an RNA virus that encodes up to 11 proteins and this small coding capacity demands that the virus use the host cellular machinery for many aspects of its life cycle. Knowledge of these host cell requirements not only informs us of the molecular pathways ex...
pi-backlog,pmid-19812322,19812322,2009,,An integrated systems analysis implicates EGR1 downregulation in simian immunodeficiency virus encephalitis-induced neural dysfunction.,,hiv,,network_modeling,data_or_analysis,candidate,"relevant viral/host/pathway terms matched: virus, interaction, infection",medium,"relevant mechanistic terms: virus, host",Human immunodeficiency virus (HIV)-associated dementia (HAD) is a syndrome occurring in HIV-infected patients with advanced disease that likely develops as a result of macrophage and microglial activation as well as other immune events triggered by virus in the central nervous...
pi-backlog,pmid-19706713,19706713,2009,,The NS1 protein of the 1918 pandemic influenza virus blocks host interferon and lipid metabolism pathways.,,influenza,,network_modeling,data_or_analysis,candidate,"relevant viral/host/pathway terms matched: virus, infection",medium,"relevant mechanistic terms: virus, host","The ""Spanish influenza"" of 1918 claimed an unprecedented number of lives, yet the determinants of virulence for this virus are still not fully understood. Here, we used functional genomics and an in vitro human lung epithelial cell infection model to define the global host tra..."
pi-backlog,pmid-19019947,19019947,2009,,Hantaan virus nucleocapsid protein binds to importin alpha proteins and inhibits tumor necrosis factor alpha-induced activation of nuclear factor kappa B.,,influenza,,,primary_research,high,explicit cross-virus/shared-host language: multiple viruses,medium,"relevant mechanistic terms: virus, host, pathway","Hantaviruses such as Hantaan virus (HTNV) and Andes virus cause two human diseases, hemorrhagic fever with renal syndrome and hantavirus pulmonary syndrome, respectively. For both, disease pathogenesis is thought to be immunologically mediated and there have been numerous repo..."
pi-backlog,pmid-18854154,18854154,2008,,Global analysis of host-pathogen interactions that regulate early-stage HIV-1 replication.,,influenza;hiv,,proteomics;network_modeling,data_or_analysis,candidate,"relevant viral/host/pathway terms matched: virus, viral, host-pathogen, interactome, infection",medium,"relevant mechanistic terms: virus, viral, host, interactome","Human Immunodeficiency Viruses (HIV-1 and HIV-2) rely upon host-encoded proteins to facilitate their replication. Here, we combined genome-wide siRNA analyses with interrogation of human interactome databases to assemble a host-pathogen biochemical network containing 213 confi..."
pi-backlog,pmid-18835315,18835315,2008,,Universal influenza A M2e-HBc vaccine protects against disease even in the presence of pre-existing anti-HBc antibodies.,,influenza,,,primary_research,high,explicit cross-virus/shared-host language: broad-spectrum,medium,relevant mechanistic terms: virus,"The extracellular domain of influenza A virus matrix protein 2 (M2e) is strongly conserved. Therefore, vaccines based on M2e can induce broad-spectrum immunity against influenza. We have mainly used recombinant virus-like particles derived from Hepatitis B virus core (HBc) as..."
pi-backlog,pmid-17965094,17965094,2008,,BioHealthBase: informatics support in the elucidation of influenza virus host pathogen interactions and virulence.,,influenza,mycobacterium_tuberculosis,network_modeling,primary_research,candidate,"relevant viral/host/pathway terms matched: virus, host-pathogen, host pathogen, interaction, pathway",medium,"relevant mechanistic terms: virus, host, pathway","The BioHealthBase Bioinformatics Resource Center (BRC) (http://www.biohealthbase.org) is a public bioinformatics database and analysis resource for the study of specific biodefense and public health pathogens-Influenza virus, Francisella tularensis, Mycobacterium tuberculosis,..."
pi-backlog,pmid-17437410,17437410,2007,,Lack of support for a role for RLIP76 (RALBP1) in response to treatment or predisposition to epilepsy.,,influenza,,network_modeling,primary_research,high,explicit cross-virus/shared-host language: comparative,low,no strong backlog-priority keywords matched,"BACKGROUND: Multidrug transporters are postulated to contribute to antiepileptic drug (AED) resistance. The transporter best studied is P-glycoprotein, an ATP-Binding Cassette (ABC) transporter superfamily member. RLIP76 is suggested to be an energy-dependent non-ABC transport..."
pi-backlog,pmid-17094252,17094252,2006,,Discovering regulated networks during HIV-1 latency and reactivation.,,hiv,,network_modeling,data_or_analysis,candidate,"relevant viral/host/pathway terms matched: virus, viral",medium,"relevant mechanistic terms: virus, viral, host","Human immunodeficiency virus (HIV) affects millions of people across the globe. Despite the introduction of powerful anti-viral therapies, one factor confounding viral elimination is the ability of HIV to remain latent within the host genome. Here, we perform a network analysi..."
pi-backlog,pmid-16928763,16928763,2006,,Integrated molecular signature of disease: analysis of influenza virus-infected macaques through functional genomics and proteomics.,,influenza,,proteomics,data_or_analysis,candidate,"relevant viral/host/pathway terms matched: virus, viral, infection",medium,"relevant mechanistic terms: virus, viral, host, proteomics","Recent outbreaks of avian influenza in humans have stressed the need for an improved nonhuman primate model of influenza pathogenesis. In order to further develop a macaque model, we expanded our previous in vivo genomics experiments with influenza virus-infected macaques by f..."
pi-backlog,pmid-42496972,42496972,2026,,Glucagon-Like Peptide-1 Receptor Agonists and Fragility Fracture Risk in Type 2 Diabetes.,,,,network_modeling,data_or_analysis,high,explicit cross-virus/shared-host language: comparative,low,no strong backlog-priority keywords matched,"IMPORTANCE: Obesity, type 2 diabetes (T2D), and weight loss are associated with increased fragility fracture risk. Glucagon-like peptide-1 receptor agonists (GLP-1 RAs) are widely prescribed, yet their effects on skeletal outcomes remain uncertain. OBJECTIVE: To evaluate the a..."
pi-backlog,pmid-42386782,42386782,2026,,Mapping SARS-CoV-2 immunity after an XBB.1.5 booster by antigenic cartography of merged human and hamster sera.,,sars-cov-2;sars-cov,,network_modeling,data_or_analysis,candidate,relevant viral/host/pathway terms matched: infection,low,no strong backlog-priority keywords matched,"The ongoing evolution of SARS-CoV-2, particularly the emergence and rapid spread of new immune-evasive variants, continues to challenge the durability of vaccine-induced protection. Understanding how repeated variant exposures shape neutralizing antibody breadth is therefore e..."
pi-backlog,pmid-42309287,42309287,2026,,Impaired glycoRNA biogenesis in metabolic-dysfunction associated steatotic liver disease.,,,,,data_or_analysis,candidate,relevant viral/host/pathway terms matched: viral,high,recent paper with relevant terms: viral,"BACKGROUND & AIMS: Glycosylated proteins and lipids regulate multiple cellular processes and play key roles in organ damage and regeneration. Recently, glycosylated non-coding small RNAs (glycoRNA) have been identified, however, their expression in the liver and their involvem..."
current-program,pmid-42179346,42179346,2026,CViSB,"A multiplexed, systems-based approach for prediction of antibody neutralization breadth for soluble human receptors.",Ryan McNamara,sars-cov-2;sars-cov;influenza,,,primary_research,candidate,relevant viral/host/pathway terms matched: viral,high,"recent paper with relevant terms: viral, sars, cov","For endemically circulating viruses, quantifying neutralization capacity of antibodies in a rapid and high-throughput manner is paramount given the ever-evolving targets of neutralization. Moreover, identifying features of an antibody response correlating with neutralization a..."
pi-backlog,pmid-42149940,42149940,2026,,Characterization of the first complete genome sequence of yellow fever virus (YFV) in Sierra Leone: Implications for public health.,,,,,data_or_analysis,candidate,relevant viral/host/pathway terms matched: virus,high,recent paper with relevant terms: virus,"Yellow fever virus (YFV), a mosquito-borne orthoflavivirus that causes severe hemorrhagic disease, is endemic in parts of South America and Africa, yet genomic data from Sierra Leone is lacking despite ongoing case-based surveillance. Using hybrid-capture metagenomic sequencin..."
pi-backlog,pmid-41864210,41864210,2026,,Multiomic analysis of ART-interruption cohorts identifies cell-extrinsic and -intrinsic mechanisms driving lymphocyte-mediated control of HIV rebound.,,hiv,,,data_or_analysis,unknown,no explicit cross-virus or strong viral host-mechanism terms matched,high,recent paper with relevant terms: host,"Immunological mechanisms regulating HIV rebound after antiretroviral therapy (ART) interruption remain unclear. We examined relationships between host factors, HIV reservoir, and HIV time-to-rebound after analytical treatment interruption (ATI) by characterizing pre-ATI periph..."
current-program,pmid-41794027,41794027,2026,CViSB,Dynamics of natural selection preceding human viral epidemics and pandemics.,Kristian Andersen,sars-cov-2;sars-cov;influenza,,,primary_research,candidate,"relevant viral/host/pathway terms matched: virus, viral",high,"recent paper with relevant terms: virus, viral, sars, cov, influenza","Using a phylogenetic framework to characterize natural selection, we investigate the hypothesis that zoonotic viruses require adaptation prior to zoonosis to sustain human-to-human transmission. Examining the zoonotic emergence of Ebola virus, Marburg virus, mpox virus, influe..."
current-program,pmid-41646655,41646655,2026,CViSB,Synonymous substitution rate slowdown preceding the emergence of SARS-CoV-2 variants and during persistent infections.,Kristian Andersen,sars-cov-2;sars-cov,,,primary_research,candidate,"relevant viral/host/pathway terms matched: virus, viral",high,"recent paper with relevant terms: virus, viral, sars, cov","The emergence of variants has shaped the COVID-19 pandemic. The lack of directly observed precursors to these variants has led to proposals that variants emerge from either persistent infections, transmission in non-human animal populations after reverse-zoonosis, or cryptic t..."
hpmi,pmid-41555498,41555498,2026,HPMI,textToKnowledgeGraph: generation of molecular interaction knowledge graphs using large language models for exploration in Cytoscape.,,,,structural_biology,primary_research,candidate,relevant host-pathogen/pathway terms matched: interaction,medium,recent HPMI paper but no strong viral/pathogen keywords matched,"MOTIVATION: Knowledge graphs (KGs) are powerful tools for structuring and analyzing biological information due to their ability to represent data and improve queries across heterogeneous datasets. However, constructing KGs from unstructured literature remains challenging due t..."
current-program,pmid-41384839,41384839,2026,,Maternal proteome profiling reveals dynamic gestational age-specific responses to de novo vaccination.,,sars-cov-2,,proteomics,data_or_analysis,candidate,relevant viral/host/pathway terms matched: proteome,medium,recent paper but no strong viral/pathway keywords matched,Pregnancy is characterized by dynamic immunological adaptations which are essential for maintaining both maternal and fetal health. The first-time use of coronavirus disease 2019 (COVID-19) vaccines in pregnant individuals presented an opportunity to discover pregnancy-specifi...
current-program,pmid-41415465,41415465,2025,CViSB,Influenza A infection accelerates disease-associated microglia formation during physiological aging.,Donald S Grant,influenza,,transcriptomics;metabolomics,data_or_analysis,candidate,relevant viral/host/pathway terms matched: virus,medium,older paper with relevant terms: virus,"Severe pneumonia is associated with an increased risk of cognitive decline and dementia, particularly in the elderly. Changes in microglia, the most abundant immune cell population in the brain, are also associated with cognitive decline and dementia, including the emergence o..."
current-program,pmid-41332588,41332588,2025,CViSB,Unconventional linkers facilitate potent stabilized coronavirus stem antibody responses following nanoparticle vaccination.,Ryan McNamara,sars-cov-2;sars-cov;mers-cov;influenza;hiv,,,primary_research,high,explicit cross-virus/shared-host language: broad-spectrum,medium,"older paper with relevant terms: virus, viral, coronavirus","Vaccine technologies that protect against a range of related pathogens within viral families, such as human immunodeficiency virus (HIV), influenza, and coronaviruses (CoVs) represent the future of viral vaccine development. Towards developing broad-spectrum CoV and influenza..."
hpmi,pmid-41249169,41249169,2025,HPMI,Characterizing and controlling CRISPR repair outcomes in nondividing human cells.,,,,genome_editing,primary_research,candidate,relevant host-pathogen/pathway terms matched: crispr,medium,recent HPMI paper but no strong viral/pathogen keywords matched,"Genome editing is poised to revolutionize treatment of genetic diseases, but poor understanding and control of DNA repair outcomes hinders its therapeutic potential. DNA repair is especially understudied in nondividing cells like neurons, limiting the efficiency and precision..."
pi-backlog,pmid-41193181,41193181,2025,,Infectious bursal disease virus (IBDV) as a novel oncolytic virotherapy in glioblastoma.,,,,network_modeling,primary_research,candidate,relevant viral/host/pathway terms matched: virus,high,recent paper with relevant terms: virus,"BACKGROUND: Glioblastoma (GBM) is the most aggressive form of cancer of the central nervous system. Despite advances in immunotherapies and standard-of-care treatments for GBMs, clinical outcomes remain limited-owing to the immunosuppressive tumor microenvironment and the intr..."
current-program,pmid-40956625,40956625,2025,,Maintenance DNA methylation is required for induced Treg reparative function following viral pneumonia in mice.,,influenza,,epigenomics,data_or_analysis,candidate,"relevant viral/host/pathway terms matched: virus, viral",medium,"older paper with relevant terms: virus, viral","FOXP3+ natural regulatory T cells (nTregs) promote resolution of inflammation and repair of epithelial damage following viral pneumonia-induced lung injury, thus representing a cellular therapy for patients with severe viral pneumonia and the acute respiratory distress syndrom..."
hpmi,pmid-40777357,40777357,2025,HPMI,textToKnowledgeGraph: Generation of Molecular Interaction Knowledge Graphs Using Large Language Models for Exploration in Cytoscape.,,,,structural_biology,primary_research,candidate,relevant host-pathogen/pathway terms matched: interaction,medium,recent HPMI paper but no strong viral/pathogen keywords matched,"MOTIVATION: Knowledge graphs (KGs) are powerful tools for structuring and analyzing biological information due to their ability to represent data and improve queries across heterogeneous datasets. However, constructing KGs from unstructured literature remains challenging due t..."
pi-backlog,pmid-40562366,40562366,2025,,"Controlling bird flu is urgent-for dairy, wildlife, poultry, pets, and people.",,influenza,,network_modeling,primary_research,unknown,no explicit cross-virus or strong viral host-mechanism terms matched,high,recent paper with relevant terms: host,"Highly pathogenic avian influenza viruses of the H5N1 subtype have recently undergone a major geographic expansion. At the same time, these viruses have substantially broadened their host range. Typically, H5N1 circulates in poultry, waterfowl, and shorebirds, but the breadth..."
current-program,pmid-40060513,40060513,2025,,Maintenance DNA methylation is required for induced regulatory T cell reparative function following viral pneumonia.,,influenza,,epigenomics,data_or_analysis,candidate,"relevant viral/host/pathway terms matched: virus, viral",medium,"older paper with relevant terms: virus, viral","FOXP3+ natural regulatory T cells (nTregs) promote resolution of inflammation and repair of epithelial damage following viral pneumonia-induced lung injury, thus representing a cellular therapy for patients with acute respiratory distress syndrome (ARDS). Whether in vitro indu..."
hpmi,pmid-39763950,39763950,2024,HPMI,Tax1bp1 enhances bacterial virulence and promotes inflammatory responses during Mycobacterium tuberculosis infection of alveolar macrophages.,,,mycobacterium_tuberculosis,,primary_research,candidate,"relevant host-pathogen/pathway terms matched: viral, tuberculosis, mycobacterium",medium,"older HPMI paper with relevant terms: viral, tuberculosis, mycobacterium","Crosstalk between autophagy, host cell death, and inflammatory host responses to bacterial pathogens enables effective innate immune responses that limit bacterial growth while minimizing coincidental host damage. Mycobacterium tuberculosis (Mtb) thwarts innate immune defense..."
pi-backlog,pmid-39621658,39621658,2024,,Structural and hemodynamic analysis of Weaire-Phelan scaffolds made of Ti-alloy as bone replacement component: A preclinical investigation.,,influenza,,,primary_research,high,explicit cross-virus/shared-host language: comparative,low,no strong backlog-priority keywords matched,"In recent years, additively manufactured metallic scaffolds have generated significant interest among researchers working in the field of bone tissue engineering and orthopaedic implants. Although such intricate, porous architectures are promising as bone substitutes, they nee..."
pi-backlog,pmid-39580801,39580801,2024,,TRIM65 regulates innate immune signaling by enhancing K6-linked ubiquitination of IRF3 and its chromatin recruitment.,,,,epigenomics,primary_research,candidate,"relevant viral/host/pathway terms matched: viral, interaction, infection",high,recent paper with relevant terms: viral,"Viral infection triggers a rapid and effective cellular response primarily mediated by interferon β (IFNβ), which induces an antiviral state through complex signaling cascades. To maintain a robust antiviral response while preventing excessive activation, the induction of IFNβ..."
hpmi,pmid-39395413,39395413,2024,HPMI,Genome integrity sensing by the broad-spectrum Hachiman antiphage defense complex.,,,,,primary_research,high,explicit cross-virus/shared-host language: broad-spectrum,low,no strong HPMI literature-priority keywords matched,"Hachiman is a broad-spectrum antiphage defense system of unknown function. We show here that Hachiman is a heterodimeric nuclease-helicase complex, HamAB. HamA, previously a protein of unknown function, is the effector nuclease. HamB is the sensor helicase. HamB constrains Ham..."
hpmi,pmid-39198650,39198650,2024,HPMI,Tuberculosis in otherwise healthy adults with inherited TNF deficiency.,,,mycobacterium_tuberculosis,,primary_research,candidate,"relevant host-pathogen/pathway terms matched: tuberculosis, mycobacterium",medium,"older HPMI paper with relevant terms: tuberculosis, mycobacterium","Severe defects in human IFNγ immunity predispose individuals to both Bacillus Calmette-Guérin disease and tuberculosis, whereas milder defects predispose only to tuberculosis1. Here we report two adults with recurrent pulmonary tuberculosis who are homozygous for a private los..."
hpmi,pmid-39198643,39198643,2024,HPMI,Fibrin drives thromboinflammation and neuropathology in COVID-19.,,sars-cov-2;sars-cov,,structural_biology,primary_research,unknown,no explicit cross-virus or strong host-mechanism terms matched,medium,"older HPMI paper with relevant terms: sars, cov","Life-threatening thrombotic events and neurological symptoms are prevalent in COVID-19 and are persistent in patients with long COVID experiencing post-acute sequelae of SARS-CoV-2 infection1-4. Despite the clinical evidence1,5-7, the underlying mechanisms of coagulopathy in C..."
hpmi,pmid-39197447,39197447,2024,HPMI,Animal and bacterial viruses share conserved mechanisms of immune evasion.,,,,structural_biology,primary_research,candidate,"relevant host-pathogen/pathway terms matched: virus, viral",medium,"older HPMI paper with relevant terms: virus, viral","Animal and bacterial cells sense and defend against viral infections using evolutionarily conserved antiviral signaling pathways. Here, we show that viruses overcome host signaling using mechanisms of immune evasion that are directly shared across the eukaryotic and prokaryoti..."
hpmi,pmid-39187718,39187718,2024,HPMI,Birth of protein folds and functions in the virome.,,,,structural_biology,primary_research,candidate,"relevant host-pathogen/pathway terms matched: virus, viral",medium,"older HPMI paper with relevant terms: virus, viral","The rapid evolution of viruses generates proteins that are essential for infectivity and replication but with unknown functions, due to extreme sequence divergence1. Here, using a database of 67,715 newly predicted protein structures from 4,463 eukaryotic viral species, we fou..."
pi-backlog,pmid-39154337,39154337,2024,,Autism-associated CHD8 controls reactive gliosis and neuroinflammation via remodeling chromatin in astrocytes.,,,,epigenomics;network_modeling,primary_research,candidate,relevant viral/host/pathway terms matched: virus,high,recent paper with relevant terms: virus,"Reactive changes of glial cells during neuroinflammation impact brain disorders and disease progression. Elucidating the mechanisms that control reactive gliosis may help us to understand brain pathophysiology and improve outcomes. Here, we report that adult ablation of autism..."
pi-backlog,pmid-38932237,38932237,2024,,Elucidation of the Epitranscriptomic RNA Modification Landscape of Chikungunya Virus.,,,,proteomics;transcriptomics,primary_research,candidate,"relevant viral/host/pathway terms matched: virus, viral, infection",high,"recent paper with relevant terms: virus, viral","The genomes of positive-sense (+) single-stranded RNA (ssRNA) viruses are believed to be subjected to a wide range of RNA modifications. In this study, we focused on the chikungunya virus (CHIKV) as a model (+) ssRNA virus to study the landscape of viral RNA modification in in..."
pi-backlog,pmid-38537997,38537997,2024,,Acute Lymphoblastic Leukemia With Near-haploid Karyotype and Philadelphia Chromosome.,,influenza,,,primary_research,high,explicit cross-virus/shared-host language: comparative,low,no strong backlog-priority keywords matched,"BACKGROUND/AIM: In precursor B-cell lineage acute lymphoblastic leukemia (BCP-ALL), leukemic cells harbor genetic abnormalities that play an important role in the diagnosis, prognosis, and treatment. A subgroup of BCP-ALL is characterized by the presence of a Philadelphia (Ph)..."
hpmi,pmid-38464307,38464307,2024,HPMI,Hachiman is a genome integrity sensor.,,,,,primary_research,high,explicit cross-virus/shared-host language: broad-spectrum,low,no strong HPMI literature-priority keywords matched,"Hachiman is a broad-spectrum antiphage defense system of unknown function. We show here that Hachiman comprises a heterodimeric nuclease-helicase complex, HamAB. HamA, previously a protein of unknown function, is the effector nuclease. HamB is the sensor helicase. HamB constra..."
pi-backlog,pmid-38375062,38375062,2024,,Upper Airway Epithelial Tissue Transcriptome Analysis Reveals Immune Signatures Associated with COVID-19 Severity in Ghanaians.,,sars-cov-2;sars-cov;coronavirus,,transcriptomics,data_or_analysis,candidate,relevant viral/host/pathway terms matched: infection,low,no strong backlog-priority keywords matched,The immunological signatures driving the severity of coronavirus disease 19 (COVID-19) in Ghanaians remain poorly understood. We performed bulk transcriptome sequencing of nasopharyngeal samples from severe acute respiratory syndrome coronavirus-2 (SARS-CoV-2)-infected Ghanaia...
hpmi,pmid-38308100,38308100,2024,HPMI,Author Correction: Autophagy restricts Mycobacterium tuberculosis during acute infection in mice.,,,mycobacterium_tuberculosis,,primary_research,candidate,"relevant host-pathogen/pathway terms matched: tuberculosis, mycobacterium",medium,"older HPMI paper with relevant terms: tuberculosis, mycobacterium",
current-program,pmid-38078770,38078770,2024,,Comparative evolution of influenza A virus H1 and H3 head and stalk domains across host species.,,influenza,,,review,high,explicit cross-virus/shared-host language: comparative,medium,"older paper with relevant terms: virus, host","For decades, researchers have studied the rapid evolution of influenza A viruses for vaccine design and as a useful model system for the study of host/parasite evolution. By performing an exhaustive analysis of hemagglutinin protein (HA) sequences from 49 lineages independentl..."
pi-backlog,pmid-38196658,38196658,2023,,Host-Microbe Multi-omic Profiling Identifies a Unique Program of COVID-19 Inflammatory Dysregulation in Solid Organ Transplant Recipients.,,sars-cov-2;sars-cov;coronavirus,,,data_or_analysis,candidate,"relevant viral/host/pathway terms matched: viral, infection",medium,"relevant mechanistic terms: viral, host","Coronavirus disease 2019 (COVID-19) poses significant risks for solid organ transplant (SOT) recipients, who have atypical but poorly characterized immune responses to SARS-CoV-2 infection. We sought to understand and the host immunologic and microbial features of COVID-19 in..."
pi-backlog,pmid-38077015,38077015,2023,,Host immune responses associated with SARS-CoV-2 Omicron infection result in protection or pathology during reinfection depending on mouse genetic background.,,sars-cov-2;sars-cov,,,data_or_analysis,candidate,"relevant viral/host/pathway terms matched: viral, infection",medium,"relevant mechanistic terms: viral, host",Rapid emergence of antigenic distinct SARS-CoV-2 variants implies a greater risk of reinfection as viruses can escape neutralizing antibodies induced by vaccination or previous viral exposure. Disease severity during COVID-19 depends on many variables such as age-related comor...
pi-backlog,pmid-37983398,37983398,2023,,Set Up to Fail? Barriers Impeding Resident Communication Training in Neonatal Intensive Care Units.,,influenza,,,methods,high,explicit cross-virus/shared-host language: comparative,low,no strong backlog-priority keywords matched,"PURPOSE: Learning to navigate difficult clinical conversations is an essential feature of residency training, yet much of this learning occurs ""on the job,"" often without the formative, multisource feedback trainees need. To generate insight into how on-the-job training influe..."
pi-backlog,pmid-37979180,37979180,2023,,Protocol for an in vitro assay to study HIV-1 Tat methylation.,,hiv,,epigenomics;network_modeling,methods,candidate,relevant viral/host/pathway terms matched: virus,medium,relevant mechanistic terms: virus,"A critical virus-encoded regulator of HIV-1 transcription is the Tat protein, which is required to potently activate transcription. Tat is regulated by a wide variety of post-translational modifications. This protocol describes an in vitro assay to study Tat methylation. We de..."
pi-backlog,pmid-37872315,37872315,2023,,Fungal microbiota sustains lasting immune activation of neutrophils and their progenitors in severe COVID-19.,,sars-cov-2;coronavirus,candida_albicans,,primary_research,candidate,relevant viral/host/pathway terms matched: infection,medium,relevant mechanistic terms: host,Gastrointestinal fungal dysbiosis is a hallmark of several diseases marked by systemic immune activation. Whether persistent pathobiont colonization during immune alterations and impaired gut barrier function has a durable impact on host immunity is unknown. We found that elev...
hpmi,pmid-37857833,37857833,2023,HPMI,A Legionella toxin exhibits tRNA mimicry and glycosyl transferase activity to target the translation machinery and trigger a ribotoxic stress response.,,,legionella_pneumophila,structural_biology,primary_research,candidate,relevant host-pathogen/pathway terms matched: pathway,low,no strong HPMI literature-priority keywords matched,"A widespread strategy employed by pathogens to establish infection is to inhibit host-cell protein synthesis. Legionella pneumophila, an intracellular bacterial pathogen and the causative organism of Legionnaires' disease, secretes a subset of protein effectors into host cells..."
pi-backlog,pmid-37816008,37816008,2023,,"Respiratory virus surveillance in hospitalized children less than two-years of age in Kenema, Sierra Leone during the COVID-19 pandemic (October 2020- October 2021).",,sars-cov-2;sars-cov;influenza;rsv,,network_modeling,primary_research,candidate,"relevant viral/host/pathway terms matched: virus, viral, infection",medium,"relevant mechanistic terms: virus, viral","Globally, viral pathogens are the leading cause of acute respiratory infection in children under-five years. We aim to describe the epidemiology of viral respiratory pathogens in hospitalized children under-two years of age in Eastern Province of Sierra Leone, during the secon..."
pi-backlog,pmid-37768676,37768676,2023,,Mass mortality event in South American sea lions (Otaria flavescens) correlated to highly pathogenic avian influenza (HPAI) H5N1 outbreak in Chile.,,influenza,,network_modeling,primary_research,candidate,relevant viral/host/pathway terms matched: virus,medium,relevant mechanistic terms: virus,"In Chile, since January 2023, a sudden and pronounced increase in strandings and mortality has been observed among South American (SA) sea lions (Otaria flavescens), prompting significant concern. Simultaneously, an outbreak of highly pathogenic avian influenza H5N1 (HPAIV H5N..."
pi-backlog,pmid-37682714,37682714,2023,,"Comprehensive synergy mapping links a BAF- and NSL-containing ""supercomplex"" to the transcriptional silencing of HIV-1.",,hiv,,crispr_screen,primary_research,candidate,relevant viral/host/pathway terms matched: virus,medium,"relevant mechanistic terms: virus, host","Host repressors mediate HIV latency, but how they interactively silence the virus remains unclear. Here, we develop ""reiterative enrichment and authentication of CRISPRi targets for synergies (REACTS)"" to probe the genome for synergies between HIV transcription repressors. Usi..."
pi-backlog,pmid-37676044,37676044,2023,,Unambiguous detection of SARS-CoV-2 subgenomic mRNAs with single-cell RNA sequencing.,,sars-cov-2;sars-cov;coronavirus,,transcriptomics,methods,candidate,"relevant viral/host/pathway terms matched: virus, viral",medium,"relevant mechanistic terms: virus, viral, host","Single-cell RNA sequencing (scRNA-Seq) has emerged as a valuable tool to study host-virus interactions, especially for coronavirus disease 2019 (COVID-19). Here we compare the performance of different scRNA-Seq library preparation methods and sequencing strategies to detect SA..."
pi-backlog,pmid-37581936,37581936,2023,,Rescue of alveolar wall liquid secretion blocks fatal lung injury due to influenza-staphylococcal coinfection.,,influenza,staphylococcus_aureus,,primary_research,candidate,"relevant viral/host/pathway terms matched: virus, infection",medium,"relevant mechanistic terms: virus, host","Secondary lung infection by inhaled Staphylococcus aureus (SA) is a common and lethal event for individuals infected with influenza A virus (IAV). How IAV disrupts host defense to promote SA infection in lung alveoli, where fatal lung injury occurs, is not known. We addressed..."
pi-backlog,pmid-37354015,37354015,2023,,Large library docking for novel SARS-CoV-2 main protease non-covalent and covalent inhibitors.,,sars-cov-2;sars-cov,,network_modeling,primary_research,candidate,relevant viral/host/pathway terms matched: viral,medium,relevant mechanistic terms: viral,"Antiviral therapeutics to treat SARS-CoV-2 are needed to diminish the morbidity of the ongoing COVID-19 pandemic. A well-precedented drug target is the main viral protease (MPro ), which is targeted by an approved drug and by several investigational drugs. Emerging viral resis..."
pi-backlog,pmid-37312993,37312993,2023,,Mercapto-pyrimidines are reversible covalent inhibitors of the papain-like protease (PLpro) and inhibit SARS-CoV-2 (SCoV-2) replication.,,sars-cov-2;sars-cov,,,data_or_analysis,candidate,"relevant viral/host/pathway terms matched: virus, viral",medium,"relevant mechanistic terms: virus, viral, host","The papain-like protease (PLpro) plays a critical role in SARS-CoV-2 (SCoV-2) pathogenesis and is essential for viral replication and for allowing the virus to evade the host immune response. Inhibitors of PLpro have great therapeutic potential, however, developing them has be..."
pi-backlog,pmid-37294090,37294090,2023,,Mild SARS-CoV-2 infection results in long-lasting microbiota instability.,,sars-cov-2;sars-cov;coronavirus,,network_modeling,primary_research,candidate,relevant viral/host/pathway terms matched: infection,medium,relevant mechanistic terms: host,"Viruses targeting mammalian cells can indirectly alter the gut microbiota, potentially compounding their phenotypic effects. Multiple studies have observed a disrupted gut microbiota in severe cases of severe acute respiratory syndrome coronavirus 2 (SARS-CoV-2) infection that..."
hpmi,pmid-37037941,37037941,2023,HPMI,Autophagy restricts Mycobacterium tuberculosis during acute infection in mice.,,,mycobacterium_tuberculosis,,primary_research,candidate,"relevant host-pathogen/pathway terms matched: tuberculosis, mycobacterium",medium,"older HPMI paper with relevant terms: tuberculosis, mycobacterium","Whether or not autophagy has a role in defence against Mycobacterium tuberculosis infection remains unresolved. Previously, conditional knockdown of the core autophagy component ATG5 in myeloid cells was reported to confer extreme susceptibility to M. tuberculosis in mice, whe..."
pi-backlog,pmid-37025664,37025664,2023,,A covalent inhibitor targeting the papain-like protease from SARS-CoV-2 inhibits viral replication.,,sars-cov-2;sars-cov,,,data_or_analysis,candidate,relevant viral/host/pathway terms matched: viral,medium,"relevant mechanistic terms: viral, screen","Covalent inhibitors of the papain-like protease (PLpro) from SARS-CoV-2 have great potential as antivirals, but their non-specific reactivity with thiols has limited their development. In this report, we performed an 8000 molecule electrophile screen against PLpro and identifi..."
current-program,pmid-37000623,37000623,2023,CViSB,Fc-mediated pan-sarbecovirus protection after alphavirus vector vaccination.,Ryan McNamara,sars-cov-2;sars-cov,,,primary_research,high,explicit cross-virus/shared-host language: cross-virus,medium,"older paper with relevant terms: virus, coronavirus","Group 2B β-coronaviruses (sarbecoviruses) have caused regional and global epidemics in modern history. Here, we evaluate the mechanisms of cross-sarbecovirus protective immunity, currently less clear yet important for pan-sarbecovirus vaccine development, using a panel of alph..."
pi-backlog,pmid-36832096,36832096,2023,,Comparative Study of the Impact of Human Leukocyte Antigens on Renal Transplant Survival in Andalusia and the United States.,,influenza,,,primary_research,high,explicit cross-virus/shared-host language: comparative,low,no strong backlog-priority keywords matched,"Renal transplantation is the treatment of choice for patients suffering from chronic renal disease, one of the leading causes of death worldwide. Among the biological barriers that may increase the risk of acute renal graft rejection is the presence of human leukocyte antigen..."
pi-backlog,pmid-36603024,36603024,2023,,Nuclear accumulation of host transcripts during Zika Virus Infection.,,zika,,,data_or_analysis,candidate,"relevant viral/host/pathway terms matched: virus, viral, infection",medium,"relevant mechanistic terms: virus, viral, host",Zika virus (ZIKV) infects fetal neural progenitor cells (NPCs) causing severe neurodevelopmental disorders in utero. Multiple pathways involved in normal brain development are dysfunctional in infected NPCs but how ZIKV centrally reprograms these pathways remains unknown. Here...
hpmi,pmid-35298864,35298864,2023,HPMI,Integrative structure determination of histones H3 and H4 using genetic interactions.,,,,structural_biology;genome_editing,methods,candidate,"relevant host-pathogen/pathway terms matched: host-pathogen, interaction, crispr",medium,older HPMI paper with relevant terms: host-pathogen,"Integrative structure modeling is increasingly used for determining the architectures of biological assemblies, especially those that are structurally heterogeneous. Recently, we reported on how to convert in vivo genetic interaction measurements into spatial restraints for st..."
pi-backlog,pmid-34845443,34845443,2023,,Unambiguous detection of SARS-CoV-2 subgenomic mRNAs with single cell RNA sequencing.,,sars-cov-2;sars-cov;coronavirus,,transcriptomics,methods,candidate,"relevant viral/host/pathway terms matched: viral, infection",medium,"relevant mechanistic terms: viral, host","Single cell RNA sequencing (scRNA-Seq) studies have provided critical insight into the pathogenesis of Severe Acute Respiratory Syndrome CoronaVirus 2 (SARS-CoV-2), the causative agent of COronaVIrus Disease 2019 (COVID-19). scRNA-Seq workflows are generally designed for the d..."
pi-backlog,pmid-36532738,36532738,2022,,Inhibition of coronavirus HCoV-OC43 by targeting the eIF4F complex.,,coronavirus,,,data_or_analysis,candidate,relevant viral/host/pathway terms matched: infection,medium,relevant mechanistic terms: screen,"The translation initiation complex 4F (eIF4F) is a rate-limiting factor in protein synthesis. Alterations in eIF4F activity are linked to several diseases, including cancer and infectious diseases. To this end, coronaviruses require eIF4F complex activity to produce proteins e..."
pi-backlog,pmid-36523400,36523400,2022,,Mild SARS-CoV-2 infection results in long-lasting microbiota instability.,,sars-cov-2;sars-cov,,network_modeling,primary_research,candidate,relevant viral/host/pathway terms matched: infection,medium,relevant mechanistic terms: host,"UNLABELLED: Viruses targeting mammalian cells can indirectly alter the gut microbiota, potentially compounding their phenotypic effects. Multiple studies have observed a disrupted gut microbiota in severe cases of SARS-CoV-2 infection that require hospitalization. Yet, despite..."
pi-backlog,pmid-36108049,36108049,2022,,The evolving SARS-CoV-2 epidemic in Africa: Insights from rapidly expanding genomic surveillance.,,sars-cov-2;sars-cov;coronavirus,,,data_or_analysis,candidate,relevant viral/host/pathway terms matched: virus,medium,relevant mechanistic terms: virus,"Investment in severe acute respiratory syndrome coronavirus 2 (SARS-CoV-2) sequencing in Africa over the past year has led to a major increase in the number of sequences that have been generated and used to track the pandemic on the continent, a number that now exceeds 100,000..."
pi-backlog,pmid-36095012,36095012,2022,,SIRT5 is a proviral factor that interacts with SARS-CoV-2 Nsp14 protein.,,sars-cov-2;sars-cov,,proteomics,primary_research,candidate,"relevant viral/host/pathway terms matched: viral, interaction, interactome, infection",medium,"relevant mechanistic terms: viral, interactome",SARS-CoV-2 non-structural protein Nsp14 is a highly conserved enzyme necessary for viral replication. Nsp14 forms a stable complex with non-structural protein Nsp10 and exhibits exoribonuclease and N7-methyltransferase activities. Protein-interactome studies identified human s...
pi-backlog,pmid-35985635,35985635,2022,,Catching BETs by viruses.,,sars-cov-2;sars-cov,,epigenomics,review,candidate,"relevant viral/host/pathway terms matched: viral, interaction, infection",medium,"relevant mechanistic terms: viral, host","Viruses use diverse tactics to hijack host cellular machineries to evade innate immune responses and maintain their life cycles. Being critical transcriptional regulators, human BET proteins are prominent targets of a growing number of viruses. The BET proteins associate with..."
pi-backlog,pmid-35969644,35969644,2022,,Nonlytic cellular release of hepatitis A virus requires dual capsid recruitment of the ESCRT-associated Bro1 domain proteins HD-PTP and ALIX.,,influenza,,proteomics,primary_research,candidate,"relevant viral/host/pathway terms matched: virus, viral",medium,"relevant mechanistic terms: virus, viral, host, proteomics","Although picornaviruses are conventionally considered 'nonenveloped', members of multiple picornaviral genera are released nonlytically from infected cells in extracellular vesicles. The mechanisms underlying this process are poorly understood. Here, we describe interactions o..."
pi-backlog,pmid-35912856,35912856,2022,,Taking cues from convalescence to improve vaccines against hepatitis C virus.,,hcv,,network_modeling,primary_research,candidate,"relevant viral/host/pathway terms matched: virus, viral, infection",medium,"relevant mechanistic terms: virus, viral",Hepatitis C virus (HCV) infection remains a worldwide public health issue despite direct-acting antivirals. A substantial proportion of infected individuals (15%-45%) spontaneously clear repeated HCV infections with genetically different viruses by generating broadly neutraliz...
hpmi,pmid-35877763,35877763,2022,HPMI,IFN-γ-independent control of M. tuberculosis requires CD4 T cell-derived GM-CSF and activation of HIF-1α.,,,mycobacterium_tuberculosis,,primary_research,candidate,relevant host-pathogen/pathway terms matched: tuberculosis,medium,older HPMI paper with relevant terms: tuberculosis,The prevailing model of protective immunity to tuberculosis is that CD4 T cells produce the cytokine IFN-γ to activate bactericidal mechanisms in infected macrophages. Although IFN-γ-independent CD4 T cell based control of M. tuberculosis infection has been demonstrated in viv...
pi-backlog,pmid-35867415,35867415,2022,,Proteomic Identification of Potential Target Proteins of Cathepsin W for Its Development as a Drug Target for Influenza.,,influenza,,proteomics,primary_research,candidate,"relevant viral/host/pathway terms matched: virus, viral, host factor, infection",medium,"relevant mechanistic terms: virus, viral, host","Influenza A virus (IAV) coopts numerous host factors for efficient replication. The cysteine protease cathepsin W (CTSW) has been identified as one host factor required for IAV entry, specifically for the escape of IAVs from late endosomes. However, the substrate specificity o..."
pi-backlog,pmid-35862388,35862388,2022,,A preclinical model of post-surgery secondary bone healing for subtrochanteric femoral fracture based on fuzzy interpretations.,,influenza,,,primary_research,high,explicit cross-virus/shared-host language: comparative,low,no strong backlog-priority keywords matched,"Mechanobiology plays an essential role in secondary bone fracture healing. While the introduction of newer type of plates, e.g. locking plate (LP), is becoming increasingly popular for complex femoral fractures, the conventional technique involving dynamic compression plate (D..."
pi-backlog,pmid-35719387,35719387,2022,,Longitudinal Study of DNA Methylation and Epigenetic Clocks Prior to and Following Test-Confirmed COVID-19 and mRNA Vaccination.,,sars-cov-2;sars-cov,,epigenomics,primary_research,candidate,relevant viral/host/pathway terms matched: infection,medium,relevant mechanistic terms: host,"The host epigenetic landscape rapidly changes during SARS-CoV-2 infection, and evidence suggest that severe COVID-19 is associated with durable scars to the epigenome. Specifically, aberrant DNA methylation changes in immune cells and alterations to epigenetic clocks in blood..."
pi-backlog,pmid-35036924,35036924,2022,,What Is the Effect of Organ Donation Authorization Rates When Utilizing a Standardized Effective Request Process?,,,,network_modeling,data_or_analysis,high,explicit cross-virus/shared-host language: comparative,low,no strong backlog-priority keywords matched,"UNLABELLED: To determine if implementation of a standardized effective request process (ERP) can increase organ donation authorization rates. DESIGN: A retrospective, observational study was performed using data acquired from the Midwest Transplant Network. chi-square test was..."
pi-backlog,pmid-35018374,35018374,2022,,SIRT5 is a proviral factor that interacts with SARS-CoV-2 Nsp14 protein.,,sars-cov-2;sars-cov,,proteomics,primary_research,candidate,"relevant viral/host/pathway terms matched: viral, interaction, interactome, infection",medium,"relevant mechanistic terms: viral, interactome",SARS-CoV-2 non-structural protein Nsp14 is a highly conserved enzyme necessary for viral replication. Nsp14 forms a stable complex with non-structural protein Nsp10 and exhibits exoribonuclease and N7-methyltransferase activities. Protein-interactome studies identified human s...
pi-backlog,pmid-34774792,34774792,2022,,Lung Cancer and Severe Acute Respiratory Syndrome Coronavirus 2 Infection: Identifying Important Knowledge Gaps for Investigation.,,sars-cov-2;sars-cov;coronavirus,,network_modeling,primary_research,candidate,"relevant viral/host/pathway terms matched: virus, viral, infection",medium,"relevant mechanistic terms: virus, viral","Patients with lung cancer are especially vulnerable to coronavirus disease 2019 (COVID-19) with a greater than sevenfold higher rate of becoming infected with severe acute respiratory syndrome coronavirus 2 (SARS-CoV-2) COVID-19, a greater than threefold higher hospitalization..."
pi-backlog,pmid-34669512,34669512,2022,,Functional Effects of Cardiomyocyte Injury in COVID-19.,,sars-cov-2;sars-cov;coronavirus,,network_modeling,primary_research,candidate,"relevant viral/host/pathway terms matched: virus, viral, infection",medium,"relevant mechanistic terms: virus, viral",COVID-19 affects multiple organs. Clinical data from the Mount Sinai Health System show that substantial numbers of COVID-19 patients without prior heart disease develop cardiac dysfunction. How COVID-19 patients develop cardiac disease is not known. We integrated cell biologi...
pi-backlog,pmid-34762551,34762551,2021,,TIPICO XI: report of the first series and podcast on infectious diseases and vaccines (aTIPICO).,,sars-cov-2;sars-cov;coronavirus;influenza;rsv,mycobacterium_tuberculosis,,primary_research,candidate,"relevant viral/host/pathway terms matched: virus, infection",medium,relevant mechanistic terms: virus,"TIPiCO is an annual expert meeting and workshop on infectious diseases and vaccination. The edition of 2020 changed its name and format to aTIPiCO, the first series and podcasts on infectious diseases and vaccines. A total of 13 prestigious experts from different countries par..."
pi-backlog,pmid-34517409,34517409,2021,,Virus-induced senescence is a driver and therapeutic target in COVID-19.,,sars-cov-2;sars-cov,,network_modeling,primary_research,candidate,"relevant viral/host/pathway terms matched: virus, viral",medium,"relevant mechanistic terms: virus, viral","Derailed cytokine and immune cell networks account for the organ damage and the clinical severity of COVID-19 (refs. 1-4). Here we show that SARS-CoV-2, like other viruses, evokes cellular senescence as a primary stress response in infected cells. Virus-induced senescence (VIS..."
pi-backlog,pmid-34443354,34443354,2021,,Comparative Study of Natural Terpenoid Precursors in Reactive Plasmas for Thin Film Deposition.,,influenza,,,primary_research,high,explicit cross-virus/shared-host language: comparative,low,no strong backlog-priority keywords matched,"If plasma polymer thin films are to be synthesised from sustainable and natural precursors of chemically heterogeneous composition, it is important to understand the extent to which this composition influences the mechanism of polymerisation. To this end, a well-studied monote..."
pi-backlog,pmid-34354262,34354262,2021,,Accelerated RNA detection using tandem CRISPR nucleases.,,sars-cov-2;sars-cov;coronavirus;influenza,,crispr_screen,primary_research,candidate,"relevant viral/host/pathway terms matched: crispr, infection",medium,relevant mechanistic terms: crispr,"Direct, amplification-free detection of RNA has the potential to transform molecular diagnostics by enabling simple on-site analysis of human or environmental samples. CRISPR-Cas nucleases offer programmable RNA-guided RNA recognition that triggers cleavage and release of a fl..."
pi-backlog,pmid-34112877,34112877,2021,,Transcriptomics-based drug repositioning pipeline identifies therapeutic candidates for COVID-19.,,sars-cov-2;sars-cov,,transcriptomics,methods,candidate,relevant viral/host/pathway terms matched: virus,medium,relevant mechanistic terms: virus,The novel SARS-CoV-2 virus emerged in December 2019 and has few effective treatments. We applied a computational drug repositioning pipeline to SARS-CoV-2 differential gene expression signatures derived from publicly available data. We utilized three independent published stud...
pi-backlog,pmid-33991487,33991487,2021,,"Transmission, infectivity, and neutralization of a spike L452R SARS-CoV-2 variant.",,sars-cov-2;sars-cov;coronavirus,,,data_or_analysis,candidate,"relevant viral/host/pathway terms matched: viral, infection",medium,relevant mechanistic terms: viral,"We identified an emerging severe acute respiratory syndrome coronavirus 2 (SARS-CoV-2) variant by viral whole-genome sequencing of 2,172 nasal/nasopharyngeal swab samples from 44 counties in California, a state in the western United States. Named B.1.427/B.1.429 to denote its..."
pi-backlog,pmid-33882122,33882122,2021,,IFITM3 incorporation sensitizes influenza A virus to antibody-mediated neutralization.,,influenza,,network_modeling,primary_research,candidate,"relevant viral/host/pathway terms matched: virus, viral, infection",medium,"relevant mechanistic terms: virus, viral","The disease severity of influenza is highly variable in humans, and one genetic determinant behind these differences is the IFITM3 gene. As an effector of the interferon response, IFITM3 potently blocks cytosolic entry of influenza A virus (IAV). Here, we reveal a novel level..."
hpmi,pmid-33853786,33853786,2021,HPMI,Fragment binding to the Nsp3 macrodomain of SARS-CoV-2 identified through crystallographic screening and computational docking.,,sars-cov-2;sars-cov;coronavirus;influenza,,structural_biology,primary_research,unknown,no explicit cross-virus or strong host-mechanism terms matched,medium,"older HPMI paper with relevant terms: sars, cov",The severe acute respiratory syndrome coronavirus 2 (SARS-CoV-2) macrodomain within the nonstructural protein 3 counteracts host-mediated antiviral adenosine diphosphate-ribosylation signaling. This enzyme is a promising antiviral target because catalytic mutations render viru...
pi-backlog,pmid-33821262,33821262,2021,,Transcriptomics-based drug repositioning pipeline identifies therapeutic candidates for COVID-19.,,sars-cov-2;sars-cov,,transcriptomics,methods,candidate,relevant viral/host/pathway terms matched: virus,medium,relevant mechanistic terms: virus,The novel SARS-CoV-2 virus emerged in December 2019 and has few effective treatments. We applied a computational drug repositioning pipeline to SARS-CoV-2 differential gene expression signatures derived from publicly available data. We utilized three independent published stud...
pi-backlog,pmid-33791736,33791736,2021,,Accelerated RNA detection using tandem CRISPR nucleases.,,sars-cov-2;sars-cov;influenza,,crispr_screen,primary_research,candidate,"relevant viral/host/pathway terms matched: crispr, infection",medium,relevant mechanistic terms: crispr,"Direct, amplification-free detection of RNA has the potential to transform molecular diagnostics by enabling simple on-site analysis of human or environmental samples. CRISPR-Cas nucleases offer programmable RNA-guided recognition of RNA that triggers cleavage and release of a..."
pi-backlog,pmid-33758899,33758899,2021,,"Transmission, infectivity, and antibody neutralization of an emerging SARS-CoV-2 variant in California carrying a L452R spike protein mutation.",,sars-cov-2;sars-cov,,,data_or_analysis,candidate,"relevant viral/host/pathway terms matched: viral, infection",medium,relevant mechanistic terms: viral,"We identified a novel SARS-CoV-2 variant by viral whole-genome sequencing of 2,172 nasal/nasopharyngeal swab samples from 44 counties in California. Named B.1.427/B.1.429 to denote its 2 lineages, the variant emerged around May 2020 and increased from 0% to >50% of sequenced c..."
pi-backlog,pmid-33676971,33676971,2021,,Intestinal Host Response to SARS-CoV-2 Infection and COVID-19 Outcomes in Patients With Gastrointestinal Symptoms.,,sars-cov-2;sars-cov;influenza,,,data_or_analysis,candidate,"relevant viral/host/pathway terms matched: viral, infection",medium,"relevant mechanistic terms: viral, host","BACKGROUND & AIMS: Given that gastrointestinal (GI) symptoms are a prominent extrapulmonary manifestation of COVID-19, we investigated intestinal infection with SARS-CoV-2, its effect on pathogenesis, and clinical significance. METHODS: Human intestinal biopsy tissues were obt..."
current-program,pmid-33654293,33654293,2021,,Single-cell meta-analysis of SARS-CoV-2 entry genes across tissues and demographics.,,sars-cov-2;sars-cov,,transcriptomics,data_or_analysis,candidate,relevant viral/host/pathway terms matched: viral,medium,"older paper with relevant terms: viral, coronavirus","Angiotensin-converting enzyme 2 (ACE2) and accessory proteases (TMPRSS2 and CTSL) are needed for severe acute respiratory syndrome coronavirus 2 (SARS-CoV-2) cellular entry, and their expression may shed light on viral tropism and impact across the body. We assessed the cell-t..."
current-program,pmid-33600379,33600379,2021,,Aging imparts cell-autonomous dysfunction to regulatory T cells during recovery from influenza pneumonia.,,sars-cov-2;sars-cov;influenza,,epigenomics,data_or_analysis,candidate,relevant viral/host/pathway terms matched: viral,medium,"older paper with relevant terms: viral, coronavirus","Regulatory T (Treg) cells orchestrate resolution and repair of acute lung inflammation and injury after viral pneumonia. Compared with younger patients, older individuals experience impaired recovery and worse clinical outcomes after severe viral infections, including influenz..."
pi-backlog,pmid-33513139,33513139,2021,,Assessing the potential impact of transmission during prolonged viral shedding on the effect of lockdown relaxation on COVID-19.,,sars-cov-2,,network_modeling,primary_research,candidate,"relevant viral/host/pathway terms matched: viral, infection",medium,relevant mechanistic terms: viral,"A key parameter in epidemiological modeling which characterizes the spread of an infectious disease is the generation time, or more generally the distribution of infectiousness as a function of time since infection. There is increasing evidence supporting a prolonged viral she..."
pi-backlog,pmid-33469579,33469579,2021,,Novel RT-ddPCR Assays for determining the transcriptional profile of SARS-CoV-2.,,sars-cov-2;sars-cov;coronavirus,,,data_or_analysis,candidate,"relevant viral/host/pathway terms matched: viral, infection",medium,relevant mechanistic terms: viral,"The exact mechanism of coronavirus replication and transcription is not fully understood; however, a hallmark of coronavirus transcription is the generation of negative-sense RNA intermediates that serve as the templates for the synthesis of positive-sense genomic RNA (gRNA) a..."
current-program,pmid-33429418,33429418,2021,CViSB,Circuits between infected macrophages and T cells in SARS-CoV-2 pneumonia.,Donald S Grant;Richard Wunderink,sars-cov-2;sars-cov;influenza,,transcriptomics,data_or_analysis,candidate,relevant viral/host/pathway terms matched: virus,medium,"older paper with relevant terms: virus, coronavirus",Some patients infected with severe acute respiratory syndrome coronavirus 2 (SARS-CoV-2) develop severe pneumonia and acute respiratory distress syndrome1 (ARDS). Distinct clinical features in these patients have led to speculation that the immune response to virus in the SARS...
pi-backlog,pmid-33417126,33417126,2021,,Biomechanical design prognosis of two extramedullary fixation devices for subtrochanteric femur fracture: a finite element study.,,,,network_modeling,primary_research,high,explicit cross-virus/shared-host language: comparative,medium,relevant mechanistic terms: host,The design rationale of extramedullary fixation for femur fracture has remained a matter of debate in the orthopaedic community. The present work provides a comparative preclinical assessment between two standard fracture fixation techniques: dynamic hip screw (DHS) and proxim...
pi-backlog,pmid-33317424,33317424,2021,,A household case evidences shorter shedding of SARS-CoV-2 in naturally infected cats compared to their human owners.,,sars-cov-2;sars-cov;coronavirus,,,data_or_analysis,candidate,"relevant viral/host/pathway terms matched: virus, viral, infection",medium,"relevant mechanistic terms: virus, viral","Severe acute respiratory syndrome coronavirus 2 (SARS-CoV-2) has been detected in domestic and wild cats. However, little is known about natural viral infections of domestic cats, although their importance for modelling disease spread, informing strategies for managing positiv..."
pi-backlog,pmid-33315477,33315477,2021,,Lifelong Reduction in LDL (Low-Density Lipoprotein) Cholesterol due to a Gain-of-Function Mutation in LDLR.,,ebv,,,data_or_analysis,candidate,relevant viral/host/pathway terms matched: virus,medium,relevant mechanistic terms: virus,"BACKGROUND: Loss-of-function mutations in the LDL (low-density lipoprotein) receptor gene (LDLR) cause elevated levels of LDL cholesterol and premature cardiovascular disease. To date, a gain-of-function mutation in LDLR with a large effect on LDL cholesterol levels has not be..."
pi-backlog,pmid-33306959,33306959,2021,,Amplification-free detection of SARS-CoV-2 with CRISPR-Cas13a and mobile phone microscopy.,,sars-cov-2;sars-cov,,crispr_screen,primary_research,candidate,"relevant viral/host/pathway terms matched: virus, viral, crispr",medium,"relevant mechanistic terms: virus, viral, crispr","The December 2019 outbreak of a novel respiratory virus, SARS-CoV-2, has become an ongoing global pandemic due in part to the challenge of identifying symptomatic, asymptomatic, and pre-symptomatic carriers of the virus. CRISPR diagnostics can augment gold-standard PCR-based t..."
current-program,pmid-34013276,34013276,2020,CViSB,Alveolitis in severe SARS-CoV-2 pneumonia is driven by self-sustaining circuits between infected alveolar macrophages and T cells.,Donald S Grant;Richard Wunderink,sars-cov-2;sars-cov;influenza,,transcriptomics,data_or_analysis,candidate,relevant viral/host/pathway terms matched: virus,medium,"older paper with relevant terms: virus, coronavirus",UNLABELLED: Some patients infected with Severe Acute Respiratory Syndrome Coronavirus-2 (SARS-CoV-2) develop severe pneumonia and the acute respiratory distress syndrome (ARDS) [1]. Distinct clinical features in these patients have led to speculation that the immune response t...
pi-backlog,pmid-33310880,33310880,2020,,Mass Cytometry Defines Virus-Specific CD4(+) T Cells in Influenza Vaccination.,,influenza,,proteomics,methods,candidate,relevant viral/host/pathway terms matched: virus,medium,relevant mechanistic terms: virus,"The antiviral response to influenza virus is complex and multifaceted, involving many immune cell subsets. There is an urgent need to understand the role of CD4+ T cells, which orchestrate an effective antiviral response, to improve vaccine design strategies. In this study, we..."
pi-backlog,pmid-33287959,33287959,2020,,Respiratory tissue-associated commensal bacteria offer therapeutic potential against pneumococcal colonization.,,influenza,,,data_or_analysis,candidate,"relevant viral/host/pathway terms matched: virus, infection",medium,"relevant mechanistic terms: virus, host","Under eubiotic conditions commensal microbes are known to provide a competitive barrier against invading bacterial pathogens in the intestinal tract, on the skin or on the vaginal mucosa. Here, we evaluate the role of lung microbiota in Pneumococcus colonization of the lungs...."
pi-backlog,pmid-33275899,33275899,2020,,Modeling Multi-organ Infection by SARS-CoV-2 Using Stem Cell Technology.,,sars-cov-2;sars-cov,,network_modeling,primary_research,candidate,"relevant viral/host/pathway terms matched: virus, infection",medium,relevant mechanistic terms: virus,"SARS-CoV-2, the virus causing the current COVID-19 pandemic, primarily targets the airway epithelium and in lungs can lead to acute respiratory distress syndrome. Clinical studies in recent months have revealed that COVID-19 is a multi-organ disease causing characteristic comp..."
current-program,pmid-33257409,33257409,2020,,Lung transplantation for patients with severe COVID-19.,,sars-cov-2;sars-cov;influenza,,transcriptomics,data_or_analysis,candidate,relevant viral/host/pathway terms matched: viral,medium,older paper with relevant terms: viral,"Lung transplantation can potentially be a life-saving treatment for patients with nonresolving COVID-19-associated respiratory failure. Concerns limiting lung transplantation include recurrence of SARS-CoV-2 infection in the allograft, technical challenges imposed by viral-med..."
pi-backlog,pmid-33200140,33200140,2020,,Physiology of cardiomyocyte injury in COVID-19.,,sars-cov-2;sars-cov,,network_modeling,primary_research,candidate,"relevant viral/host/pathway terms matched: viral, infection",medium,relevant mechanistic terms: viral,COVID-19 affects multiple organs. Clinical data from the Mount Sinai Health System shows that substantial numbers of COVID-19 patients without prior heart disease develop cardiac dysfunction. How COVID-19 patients develop cardiac disease is not known. We integrate cell biologi...
pi-backlog,pmid-32839770,32839770,2020,,SARS-CoV-2 ORF9c Is a Membrane-Associated Protein that Suppresses Antiviral Responses in Cells.,,sars-cov-2;sars-cov;coronavirus,,proteomics;transcriptomics,primary_research,candidate,"relevant viral/host/pathway terms matched: viral, interactome, infection",medium,"relevant mechanistic terms: viral, interactome","UNLABELLED: Disrupted antiviral immune responses are associated with severe COVID-19, the disease caused by SAR-CoV-2. Here, we show that the 73-amino-acid protein encoded by ORF9c of the viral genome contains a putative transmembrane domain, interacts with membrane proteins i..."
pi-backlog,pmid-32807807,32807807,2020,,Deployable CRISPR-Cas13a diagnostic tools to detect and report Ebola and Lassa virus cases in real-time.,,influenza,,crispr_screen,methods,candidate,"relevant viral/host/pathway terms matched: virus, viral, crispr",medium,"relevant mechanistic terms: virus, viral, crispr","Recent outbreaks of viral hemorrhagic fevers (VHFs), including Ebola virus disease (EVD) and Lassa fever (LF), highlight the urgent need for sensitive, deployable tests to diagnose these devastating human diseases. Here we develop CRISPR-Cas13a-based (SHERLOCK) diagnostics tar..."
current-program,pmid-32720752,32720752,2020,,Impaired phagocytic function in CX3CR1(+) tissue-resident skeletal muscle macrophages prevents muscle recovery after influenza A virus-induced pneumonia in old mice.,,influenza,,transcriptomics,data_or_analysis,candidate,relevant viral/host/pathway terms matched: virus,medium,older paper with relevant terms: virus,Skeletal muscle dysfunction in survivors of pneumonia disproportionately affects older individuals in whom it causes substantial morbidity. We found that skeletal muscle recovery was impaired in old compared with young mice after influenza A virus-induced pneumonia. In young m...
current-program,pmid-32550242,32550242,2020,,SARS-CoV-2 Entry Genes Are Most Highly Expressed in Nasal Goblet and Ciliated Cells within Human Airways.,,sars-cov-2;sars-cov,,transcriptomics,data_or_analysis,candidate,relevant viral/host/pathway terms matched: viral,medium,"older paper with relevant terms: viral, coronavirus","The SARS-CoV-2 coronavirus, the etiologic agent responsible for COVID-19 coronavirus disease, is a global threat. To better understand viral tropism, we assessed the RNA expression of the coronavirus receptor, ACE2, as well as the viral S protein priming protease TMPRSS2 thoug..."
pi-backlog,pmid-32541947,32541947,2020,,FOXO1 promotes HIV latency by suppressing ER stress in T cells.,,hiv,,epigenomics,primary_research,candidate,"relevant viral/host/pathway terms matched: virus, viral, infection",medium,"relevant mechanistic terms: virus, viral","Quiescence is a hallmark of CD4+ T cells latently infected with human immunodeficiency virus 1 (HIV-1). While reversing this quiescence is an effective approach to reactivate latent HIV from T cells in culture, it can cause deleterious cytokine dysregulation in patients. As a..."
current-program,pmid-32327758,32327758,2020,,SARS-CoV-2 entry factors are highly expressed in nasal epithelial cells together with innate immune genes.,,sars-cov-2;sars-cov,,transcriptomics,data_or_analysis,candidate,relevant viral/host/pathway terms matched: viral,medium,older paper with relevant terms: viral,"We investigated SARS-CoV-2 potential tropism by surveying expression of viral entry-associated genes in single-cell RNA-sequencing data from multiple tissues from healthy human donors. We co-detected these transcripts in specific respiratory, corneal and intestinal epithelial..."
pi-backlog,pmid-32325117,32325117,2020,,Host immune response-inspired development of the influenza vaccine.,,influenza,,transcriptomics,review,candidate,"relevant viral/host/pathway terms matched: virus, viral, infection",medium,"relevant mechanistic terms: virus, viral, host","OBJECTIVE: To assess the current and future development of influenza vaccines. DATA SOURCES: PubMed searches were performed cross-referencing the keywords influenza, influenza vaccine, host immune response, correlates of protection, vaccine development, vaccine efficacy. Artic..."
pi-backlog,pmid-32240278,32240278,2020,,Chemical intervention of influenza virus mRNA nuclear export.,,influenza,,,data_or_analysis,candidate,"relevant viral/host/pathway terms matched: virus, viral, pathway, infection",medium,"relevant mechanistic terms: virus, viral, pathway, screen","Influenza A viruses are human pathogens with limited therapeutic options. Therefore, it is crucial to devise strategies for the identification of new classes of antiviral medications. The influenza A virus genome is constituted of 8 RNA segments. Two of these viral RNAs are tr..."
current-program,pmid-32156726,32156726,2020,SCRIPT,A comparative genomics approach identifies contact-dependent growth inhibition as a virulence determinant.,Alan Hauser,,pseudomonas_aeruginosa,,data_or_analysis,high,explicit cross-virus/shared-host language: comparative,medium,older paper with relevant terms: host,"Emerging evidence suggests the Pseudomonas aeruginosa accessory genome is enriched with uncharacterized virulence genes. Identification and characterization of such genes may reveal novel pathogenic mechanisms used by particularly virulent isolates. Here, we utilized a mouse b..."
hpmi,pmid-31886769,31886769,2019,HPMI,The structure of the endogenous ESX-3 secretion system.,,,,structural_biology,primary_research,candidate,relevant host-pathogen/pathway terms matched: mycobacterium,medium,older HPMI paper with relevant terms: mycobacterium,"The ESX (or Type VII) secretion systems are protein export systems in mycobacteria and many Gram-positive bacteria that mediate a broad range of functions including virulence, conjugation, and metabolic regulation. These systems translocate folded dimers of WXG100-superfamily..."
pi-backlog,pmid-31547409,31547409,2019,,TIV Vaccination Modulates Host Responses to Influenza Virus Infection that Correlate with Protection against Bacterial Superinfection.,,influenza,staphylococcus_aureus,,primary_research,candidate,"relevant viral/host/pathway terms matched: virus, infection",medium,"relevant mechanistic terms: virus, host",BACKGROUND: Influenza virus infection predisposes to secondary bacterial pneumonia. Currently licensed influenza vaccines aim at the induction of neutralizing antibodies and are less effective if the induction of neutralizing antibodies is low and/or the influenza virus change...
pi-backlog,pmid-31158041,31158041,2019,,TIPICO IX: report of the 9(th) interactive infectious disease workshop on infectious diseases and vaccines.,,influenza,mycobacterium_tuberculosis,,primary_research,candidate,"relevant viral/host/pathway terms matched: virus, infection",medium,relevant mechanistic terms: virus,"The Ninth Interactive Infectious Disease workshop TIPICO was held on November 22-23, 2018, in Santiago de Compostela, Spain. This 2-day academic experience addressed current and topical issues in the field of infectious diseases and vaccination. Summary findings of the meeting..."
pi-backlog,pmid-31043537,31043537,2019,,Human Monoclonal Antibodies Potently Neutralize Zika Virus and Select for Escape Mutations on the Lateral Ridge of the Envelope Protein.,,zika,,,data_or_analysis,candidate,"relevant viral/host/pathway terms matched: virus, infection",medium,relevant mechanistic terms: virus,"The mosquito-borne Zika virus (ZIKV) has been causing epidemic outbreaks on a global scale. Virus infection can result in severe disease in humans, including microcephaly in newborns and Guillain-Barré syndrome in adults. Here, we characterized monoclonal antibodies isolated f..."
pi-backlog,pmid-31043530,31043530,2019,,Host-Specific NS5 Ubiquitination Determines Yellow Fever Virus Tropism.,,dengue;zika,,,data_or_analysis,candidate,"relevant viral/host/pathway terms matched: virus, viral, interaction, pathway",medium,"relevant mechanistic terms: virus, viral, host, pathway","The recent yellow fever virus (YFV) epidemic in Brazil in 2017 and Zika virus (ZIKV) epidemic in 2015 serve to remind us of the importance of flaviviruses as emerging human pathogens. With the current global flavivirus threat, there is an urgent need for antivirals and vaccine..."
current-program,pmid-30992445,30992445,2019,,Microbial and metabolic succession on common building materials under high humidity conditions.,,influenza,,metabolomics,data_or_analysis,candidate,relevant viral/host/pathway terms matched: viral,medium,older paper with relevant terms: viral,"Despite considerable efforts to characterize the microbial ecology of the built environment, the metabolic mechanisms underpinning microbial colonization and successional dynamics remain unclear, particularly at high moisture conditions. Here, we applied bacterial/viral partic..."
pi-backlog,pmid-30832687,30832687,2019,,Characterization of a hepatitis C virus genotype 1 divergent isolate from an HIV-1 coinfected individual in Germany assigned to a new subtype 1o.,,hiv;hcv,,,data_or_analysis,candidate,"relevant viral/host/pathway terms matched: virus, viral, infection",medium,"relevant mechanistic terms: virus, viral","BACKGROUND: HCV exhibits a high genetic diversity and is classified into 7 genotypes which are further divided into 86 confirmed subtypes. However, there are multiple isolates with unassigned subtypes. We aimed to amplify and characterize the full-length genome sequence of an..."
pi-backlog,pmid-30538201,30538201,2018,,Structural-functional interactions of NS1-BP protein with the splicing and mRNA export machineries for viral and host gene expression.,,influenza,,proteomics,primary_research,candidate,"relevant viral/host/pathway terms matched: viral, interaction",medium,"relevant mechanistic terms: viral, host, proteomics","The influenza virulence factor NS1 protein interacts with the cellular NS1-BP protein to promote splicing and nuclear export of the viral M mRNAs. The viral M1 mRNA encodes the M1 matrix protein and is alternatively spliced into the M2 mRNA, which is translated into the M2 ion..."
pi-backlog,pmid-30401782,30401782,2018,,The Cellular NMD Pathway Restricts Zika Virus Infection and Is Targeted by the Viral Capsid Protein.,,zika,,proteomics,primary_research,candidate,"relevant viral/host/pathway terms matched: virus, viral, interaction, pathway, infection",medium,"relevant mechanistic terms: virus, viral, pathway","Zika virus (ZIKV) infection of neural progenitor cells (NPCs) in utero is associated with neurological disorders, such as microcephaly, but a detailed molecular understanding of ZIKV-induced pathogenesis is lacking. Here we show that in vitro ZIKV infection of human cells, inc..."
pi-backlog,pmid-30146161,30146161,2018,,Transcription Elongation Can Affect Genome 3D Structure.,,influenza,,epigenomics,primary_research,candidate,"relevant viral/host/pathway terms matched: viral, infection",medium,"relevant mechanistic terms: viral, host","How transcription affects genome 3D organization is not well understood. We found that during influenza A (IAV) infection, rampant transcription rapidly reorganizes host cell chromatin interactions. These changes occur at the ends of highly transcribed genes, where global inhi..."
pi-backlog,pmid-30118682,30118682,2018,,An Mtb-Human Protein-Protein Interaction Map Identifies a Switch between Host Antiviral and Antibacterial Responses.,,,mycobacterium_tuberculosis,proteomics,data_or_analysis,candidate,"relevant viral/host/pathway terms matched: viral, interaction, infection",medium,"relevant mechanistic terms: viral, host","Although macrophages are armed with potent antibacterial functions, Mycobacterium tuberculosis (Mtb) replicates inside these innate immune cells. Determinants of macrophage intrinsic bacterial control, and the Mtb strategies to overcome them, are poorly understood. To further..."
pi-backlog,pmid-30111569,30111569,2018,,Transcriptome Analysis of Infected and Bystander Type 2 Alveolar Epithelial Cells during Influenza A Virus Infection Reveals In Vivo Wnt Pathway Downregulation.,,influenza,,transcriptomics,primary_research,candidate,"relevant viral/host/pathway terms matched: virus, viral, pathway, infection",medium,"relevant mechanistic terms: virus, viral, host, pathway",Influenza virus outbreaks remain a serious threat to public health. A greater understanding of how cells targeted by the virus respond to the infection can provide insight into the pathogenesis of disease. Here we examined the transcriptional profile of in vivo-infected and un...
pi-backlog,pmid-30070722,30070722,2018,,"Short-Duration AL-335, Odalasvir, With or Without Simeprevir, in Patients With HCV GT1 or 3 Infection Without Cirrhosis.",,hcv,,,data_or_analysis,candidate,"relevant viral/host/pathway terms matched: virus, infection",medium,relevant mechanistic terms: virus,"This open-label, phase IIa study assessed the safety, pharmacokinetics, and efficacy of direct-acting antiviral agent (DAA) regimens in patients with chronic hepatitis C virus (HCV) infection. Multiple 6-12-week oral regimens of 400-800 mg once daily (QD) AL-335 + 50 mg QD/eve..."
pi-backlog,pmid-30054993,30054993,2018,,"Reemergence of H3N8 Equine Influenza A virus in Chile, 2018.",,influenza,,,data_or_analysis,candidate,relevant viral/host/pathway terms matched: virus,medium,relevant mechanistic terms: virus,"A new outbreak of equine Influenza A virus (IAV) was reported in Chile in January 2018, 6 years after its last report in 2012. Equine IAV was detected by rtRT-PCR, followed by virus isolation and full genome sequencing. Genetic characterization of equine IAV classified the vir..."
pi-backlog,pmid-29874595,29874595,2018,,Prediction of Adipose Browning Capacity by Systematic Integration of Transcriptional Profiles.,,,,transcriptomics,data_or_analysis,high,explicit cross-virus/shared-host language: comparative,low,no strong backlog-priority keywords matched,"Activation and recruitment of thermogenic cells in human white adipose tissues (""browning"") can counteract obesity and associated metabolic disorders. However, quantifying the effects of therapeutic interventions on browning remains enigmatic. Here, we devise a computational t..."
pi-backlog,pmid-29871917,29871917,2018,,Emergence and Evolution of Novel Reassortant Influenza A Viruses in Canines in Southern China.,,influenza,,,data_or_analysis,candidate,"relevant viral/host/pathway terms matched: virus, viral, infection",medium,"relevant mechanistic terms: virus, viral, host","The capacity of influenza A viruses (IAVs) to host jump from animal reservoir species to humans presents an ongoing pandemic threat. Birds and swine are considered major reservoirs of viral genetic diversity, whereas equines and canines have historically been restricted to one..."
pi-backlog,pmid-29435496,29435496,2018,,Zika Virus Alters DNA Methylation of Neural Genes in an Organoid Model of the Developing Human Brain.,,zika,,epigenomics,primary_research,candidate,"relevant viral/host/pathway terms matched: virus, infection",medium,relevant mechanistic terms: virus,"Zika virus (ZIKV) infection during early pregnancy can cause microcephaly and associated defects at birth, but whether it can induce neurologic sequelae that appear later in life remains unclear. Using a model of the developing brain based on embryonic stem cell-derived brain..."
pi-backlog,pmid-29321315,29321315,2018,,Paramyxovirus V Proteins Interact with the RIG-I/TRIM25 Regulatory Complex and Inhibit RIG-I Signaling.,,influenza,,,data_or_analysis,candidate,"relevant viral/host/pathway terms matched: virus, interaction, pathway, infection",medium,"relevant mechanistic terms: virus, host, pathway","Paramyxovirus V proteins are known antagonists of the RIG-I-like receptor (RLR)-mediated interferon induction pathway, interacting with and inhibiting the RLR MDA5. We report interactions between the Nipah virus V protein and both RIG-I regulatory protein TRIM25 and RIG-I. We..."
pi-backlog,pmid-29268608,29268608,2018,,Broad Spectrum Inhibitor of Influenza A and B Viruses Targeting the Viral Nucleoprotein.,,influenza,,,data_or_analysis,candidate,"relevant viral/host/pathway terms matched: virus, viral",medium,"relevant mechanistic terms: virus, viral, screen","S119 was a top hit from an ultrahigh throughput screen performed to identify novel inhibitors of influenza virus replication. It showed a potent antiviral effect (50% inhibitory concentration, IC50 = 20 nM) and no detectable cytotoxicity (50% cytotoxic concentration, CC50 > 50..."
pi-backlog,pmid-29140109,29140109,2017,,Host Methyltransferases and Demethylases: Potential New Epigenetic Targets for HIV Cure Strategies and Beyond.,,influenza;hiv,,epigenomics,review,candidate,"relevant viral/host/pathway terms matched: viral, infection",medium,"relevant mechanistic terms: viral, host","A successful HIV cure strategy may require reversing HIV latency to purge hidden viral reservoirs or enhancing HIV latency to permanently silence HIV transcription. Epigenetic modifying agents show promise as antilatency therapeutics in vitro and ex vivo, but also affect other..."
pi-backlog,pmid-28953980,28953980,2017,,Influenza virus differentially activates mTORC1 and mTORC2 signaling to maximize late stage replication.,,influenza,,proteomics,primary_research,candidate,"relevant viral/host/pathway terms matched: virus, viral, infection",medium,"relevant mechanistic terms: virus, viral, host","Influenza A virus usurps host signaling factors to regulate its replication. One example is mTOR, a cellular regulator of protein synthesis, growth and motility. While the role of mTORC1 in viral infection has been studied, the mechanisms that induce mTORC1 activation and the..."
pi-backlog,pmid-28562612,28562612,2017,,Decreased emergence of HIV-1 drug resistance mutations in a cohort of Ugandan women initiating option B+ for PMTCT.,,hiv,,,data_or_analysis,candidate,relevant viral/host/pathway terms matched: viral,medium,relevant mechanistic terms: viral,"BACKGROUND: Since 2012, WHO guidelines for the prevention of mother-to-child transmission (PMTCT) of HIV-1 in resource-limited settings recommend the initiation of lifelong antiretroviral combination therapy (cART) for all pregnant HIV-1 positive women independent of CD4 count..."
pi-backlog,pmid-28562037,28562037,2017,,Computational Discovery and Experimental Validation of Inhibitors of the Human Intestinal Transporter OATP2B1.,,influenza,,,methods,high,explicit cross-virus/shared-host language: comparative,low,no strong backlog-priority keywords matched,Human organic anion transporters (OATPs) are vital for the uptake and efflux of drugs and endogenous compounds. Current identification of inhibitors of these transporters is based on experimental screening. Virtual screening remains a challenge due to a lack of experimental th...
pi-backlog,pmid-28475896,28475896,2017,,The RNA Exosome Syncs IAV-RNAPII Transcription to Promote Viral Ribogenesis and Infectivity.,,influenza,,epigenomics,primary_research,candidate,"relevant viral/host/pathway terms matched: virus, viral",medium,"relevant mechanistic terms: virus, viral, host","The nuclear RNA exosome is an essential multi-subunit complex that controls RNA homeostasis. Congenital mutations in RNA exosome genes are associated with neurodegenerative diseases. Little is known about the role of the RNA exosome in the cellular response to pathogens. Here,..."
pi-backlog,pmid-28390691,28390691,2017,,Zika virus detected in amniotic fluid and umbilical cord blood in an in vitro fertilization-conceived pregnancy in Venezuela.,,influenza;zika,,network_modeling,primary_research,candidate,"relevant viral/host/pathway terms matched: virus, infection",medium,relevant mechanistic terms: virus,OBJECTIVE: To describe the consequences of Zika virus infection at 10 weeks of gestation in an IVF-conceived pregnancy in Venezuela. DESIGN: A case report. SETTING: Private assisted reproduction unit. PATIENT(S): A 36-year-old patient who conceived her first pregnancy through...
pi-backlog,pmid-28230985,28230985,2017,,Discovery of Competitive and Noncompetitive Ligands of the Organic Cation Transporter 1 (OCT1; SLC22A1).,,influenza,,,primary_research,high,explicit cross-virus/shared-host language: comparative,low,no strong backlog-priority keywords matched,Organic cation transporter 1 (OCT1) plays a critical role in the hepatocellular uptake of structurally diverse endogenous compounds and xenobiotics. Here we identified competitive and noncompetitive OCT1-interacting ligands in a library of 1780 prescription drugs by combining...
pi-backlog,pmid-28077656,28077656,2017,,Hierarchical and Redundant Roles of Activating FcγRs in Protection against Influenza Disease by M2e-Specific IgG1 and IgG2a Antibodies.,,influenza,,,data_or_analysis,candidate,"relevant viral/host/pathway terms matched: virus, viral",medium,"relevant mechanistic terms: virus, viral",The ectodomain of matrix protein 2 is a universal influenza A virus vaccine candidate that provides protection through antibody-dependent effector mechanisms. Here we compared the functional engagement of Fcγ receptor (FcγR) family members by two M2e-specific monoclonal antibo...
pi-backlog,pmid-28059146,28059146,2017,,Influenza virus exploits tunneling nanotubes for cell-to-cell spread.,,influenza,,network_modeling,primary_research,candidate,"relevant viral/host/pathway terms matched: virus, viral",medium,"relevant mechanistic terms: virus, viral","Tunneling nanotubes (TNTs) represent a novel route of intercellular communication. While previous work has shown that TNTs facilitate the exchange of viral or prion proteins from infected to naïve cells, it is not clear whether the viral genome is also transferred via this mec..."
pi-backlog,pmid-27807226,27807226,2017,,"Subcellular Localizations of RIG-I, TRIM25, and MAVS Complexes.",,influenza;hcv,,,data_or_analysis,candidate,"relevant viral/host/pathway terms matched: virus, viral, pathway",medium,"relevant mechanistic terms: virus, viral, host, pathway","UNLABELLED: The retinoic acid-inducible gene 1 (RIG-I) signaling pathway is essential for the recognition of viruses and the initiation of host interferon (IFN)-mediated antiviral responses. Once activated, RIG-I interacts with polyubiquitin chains generated by TRIM25 and bind..."
pi-backlog,pmid-27783955,27783955,2016,,A Cas9 Ribonucleoprotein Platform for Functional Genetic Studies of HIV-Host Interactions in Primary Human T Cells.,,hiv,,crispr_screen,methods,candidate,"relevant viral/host/pathway terms matched: viral, dependency, crispr, infection",medium,"relevant mechanistic terms: viral, host, screen, crispr","New genetic tools are needed to understand the functional interactions between HIV and human host factors in primary cells. We recently developed a method to edit the genome of primary CD4+ T cells by electroporation of CRISPR/Cas9 ribonucleoproteins (RNPs). Here, we adapted t..."
pi-backlog,pmid-27575636,27575636,2016,,The Dengue Virus NS5 Protein Intrudes in the Cellular Spliceosome and Modulates Splicing.,,dengue,,proteomics;transcriptomics,primary_research,candidate,"relevant viral/host/pathway terms matched: virus, viral, infection",medium,"relevant mechanistic terms: virus, viral, host","Dengue virus NS5 protein plays multiple functions in the cytoplasm of infected cells, enabling viral RNA replication and counteracting host antiviral responses. Here, we demonstrate a novel function of NS5 in the nucleus where it interferes with cellular splicing. Using global..."
pi-backlog,pmid-27356897,27356897,2016,,Flow Cytometric and Cytokine ELISpot Approaches To Characterize the Cell-Mediated Immune Response in Ferrets following Influenza Virus Infection.,,influenza,,network_modeling,primary_research,candidate,"relevant viral/host/pathway terms matched: virus, viral, infection",medium,"relevant mechanistic terms: virus, viral","UNLABELLED: Influenza virus infections represent a significant socioeconomic and public health burden worldwide. Although ferrets are considered by many to be ideal for modeling human responses to influenza infection and vaccination, efforts to understand the cellular immune r..."
pi-backlog,pmid-27235396,27235396,2016,,The HIV-1 Tat Protein Is Monomethylated at Lysine 71 by the Lysine Methyltransferase KMT7.,,hiv,,proteomics;epigenomics,primary_research,candidate,relevant viral/host/pathway terms matched: viral,medium,"relevant mechanistic terms: viral, host","The HIV-1 transactivator protein Tat is a critical regulator of HIV transcription primarily enabling efficient elongation of viral transcripts. Its interactions with RNA and various host factors are regulated by ordered, transient post-translational modifications. Here, we rep..."
pi-backlog,pmid-26950424,26950424,2016,,H7N9 influenza virus neutralizing antibodies that possess few somatic mutations.,,influenza,,proteomics;network_modeling,primary_research,candidate,"relevant viral/host/pathway terms matched: virus, viral",medium,"relevant mechanistic terms: virus, viral","Avian H7N9 influenza viruses are group 2 influenza A viruses that have been identified as the etiologic agent for a current major outbreak that began in China in 2013 and may pose a pandemic threat. Here, we examined the human H7-reactive antibody response in 75 recipients of..."
pi-backlog,pmid-26609934,26609934,2016,,Interferon but not MxB inhibits foamy retroviruses.,,hiv,,crispr_screen,primary_research,candidate,"relevant viral/host/pathway terms matched: virus, crispr, infection",medium,"relevant mechanistic terms: virus, crispr",Foamy viruses (FV) are retroviruses that are widely distributed in primate and non-primate animal species. We tested here FV with capsids of simian and non-simian origin for sensitivity to interferon-β (IFN-β). Our data show significant inhibition of FV by IFN-β early in infec...
pi-backlog,pmid-26469189,26469189,2015,,Comparison of 454 Ultra-Deep Sequencing and Allele-Specific Real-Time PCR with Regard to the Detection of Emerging Drug-Resistant Minor HIV-1 Variants after Antiretroviral Prophylaxis for Vertical Transmission.,,hiv,,,data_or_analysis,candidate,relevant viral/host/pathway terms matched: viral,medium,relevant mechanistic terms: viral,BACKGROUND: Pregnant HIV-infected women were screened for the development of HIV-1 drug resistance after implementation of a triple-antiretroviral transmission prophylaxis as recommended by the WHO in 2006. The study offered the opportunity to compare amplicon-based 454 ultra-...
pi-backlog,pmid-26329395,26329395,2015,,Manipulation of the host protein acetylation network by human immunodeficiency virus type 1.,,hiv,,network_modeling,review,candidate,"relevant viral/host/pathway terms matched: virus, viral, infection",medium,"relevant mechanistic terms: virus, viral, host","Over the past 15 years, protein acetylation has emerged as a globally important post-translational modification that fine-tunes major cellular processes in many life forms. This dynamic regulatory system is critical both for complex eukaryotic cells and for the viruses that in..."
pi-backlog,pmid-26312481,26312481,2015,,Prediction of Functionally Important Phospho-Regulatory Events in Xenopus laevis Oocytes.,,,,proteomics,data_or_analysis,high,explicit cross-virus/shared-host language: comparative,low,no strong backlog-priority keywords matched,"The African clawed frog Xenopus laevis is an important model organism for studies in developmental and cell biology, including cell-signaling. However, our knowledge of X. laevis protein post-translational modifications remains scarce. Here, we used a mass spectrometry-based a..."
pi-backlog,pmid-26046437,26046437,2015,,PQBP1 Is a Proximal Sensor of the cGAS-Dependent Innate Response to HIV-1.,,hiv,,,data_or_analysis,candidate,"relevant viral/host/pathway terms matched: viral, infection",medium,"relevant mechanistic terms: viral, screen","Dendritic cells (DCs) play a critical role in the immune response to viral infection through the facilitation of cell-intrinsic antiviral activity and the activation of adaptive immunity. HIV-1 infection of DCs triggers an IRF3-dependent innate immune response, which requires..."
pi-backlog,pmid-25984567,25984567,2015,,A Potent Anti-influenza Compound Blocks Fusion through Stabilization of the Prefusion Conformation of the Hemagglutinin Protein.,,influenza,,,data_or_analysis,candidate,"relevant viral/host/pathway terms matched: virus, viral, interaction, infection",medium,"relevant mechanistic terms: virus, viral, screen","An ultrahigh-throughput screen was performed to identify novel small molecule inhibitors of influenza virus replication. The screen employed a recombinant influenza A/WSN/33 virus expressing Renilla luciferase and yielded a hit rate of 0.5%, of which the vast majority showed l..."
pi-backlog,pmid-25926639,25926639,2015,,Newcastle Disease Virus-Vectored H7 and H5 Live Vaccines Protect Chickens from Challenge with H7N9 or H5N1 Avian Influenza Viruses.,,influenza,,network_modeling,primary_research,candidate,"relevant viral/host/pathway terms matched: virus, infection",medium,relevant mechanistic terms: virus,"Sporadic human infections by a novel H7N9 virus occurred over a large geographic region in China. In this study, we show that Newcastle disease virus (NDV)-vectored H7 (NDV-H7) and NDV-H5 vaccines are able to induce antibodies with high hemagglutination inhibition (HI) titers..."
pi-backlog,pmid-25816132,25816132,2015,,A GFP expressing influenza A virus to report in vivo tropism and protection by a matrix protein 2 ectodomain-specific monoclonal antibody.,,influenza,,,data_or_analysis,candidate,"relevant viral/host/pathway terms matched: virus, infection",medium,relevant mechanistic terms: virus,"The severity of influenza-related illness is mediated by many factors, including in vivo cell tropism, timing and magnitude of the immune response, and presence of pre-existing immunity. A direct way to study cell tropism and virus spread in vivo is with an influenza virus exp..."
pi-backlog,pmid-25540362,25540362,2015,,RNase L targets distinct sites in influenza A virus RNAs.,,influenza,,,data_or_analysis,candidate,"relevant viral/host/pathway terms matched: virus, viral, infection",medium,"relevant mechanistic terms: virus, viral, host","UNLABELLED: Influenza A virus (IAV) infections are influenced by type 1 interferon-mediated antiviral defenses and by viral countermeasures to these defenses. When IAV NS1 protein is disabled, RNase L restricts virus replication; however, the RNAs targeted for cleavage by RNas..."
pi-backlog,pmid-25403732,25403732,2015,,Comparative assessments of CRISPR-Cas nucleases' cleavage efficiency in planta.,,,,crispr_screen,primary_research,high,explicit cross-virus/shared-host language: comparative,medium,relevant mechanistic terms: crispr,"Custom-designed nucleases can enable precise plant genome editing by catalyzing DNA-breakage at specific targets to stimulate targeted mutagenesis or gene replacement. The CRISPR-Cas system, with its target-specifying RNA molecule to direct the Cas9 nuclease, is a recent addit..."
pi-backlog,pmid-25210184,25210184,2014,,Mutations to PB2 and NP proteins of an avian influenza virus combine to confer efficient growth in primary human respiratory cells.,,influenza,,,data_or_analysis,candidate,"relevant viral/host/pathway terms matched: virus, infection",medium,"relevant mechanistic terms: virus, host","UNLABELLED: Influenza pandemics occur when influenza A viruses (IAV) adapted to other host species enter humans and spread through the population. Pandemics are relatively rare due to host restriction of IAV: strains adapted to nonhuman species do not readily infect, replicate..."
pi-backlog,pmid-24692634,24692634,2014,,RIG-I detects mRNA of intracellular Salmonella enterica serovar Typhimurium during bacterial infection.,,,,,data_or_analysis,high,explicit cross-virus/shared-host language: broad-spectrum,medium,"relevant mechanistic terms: viral, host","The cytoplasmic helicase RIG-I is an established sensor for viral 5'-triphosphorylated RNA species. Recently, RIG-I was also implicated in the detection of intracellular bacteria. However, little is known about the host cell specificity of this process and the bacterial pathog..."
pi-backlog,pmid-24606695,24606695,2014,,"mTOR/p70S6K signaling distinguishes routine, maintenance-level autophagy from autophagic cell death during influenza A infection.",,influenza,,,data_or_analysis,candidate,"relevant viral/host/pathway terms matched: virus, infection",medium,relevant mechanistic terms: virus,"Autophagy, a stress response activated in influenza A virus infection helps the cell avoid apoptosis. However, in the absence of apoptosis infected cells undergo vastly expanded autophagy and nevertheless die in the presence of necrostatin but not of autophagy inhibitors. Comb..."
pi-backlog,pmid-24586175,24586175,2014,,Human genome-wide RNAi screen identifies an essential role for inositol pyrophosphates in Type-I interferon response.,,influenza,,,data_or_analysis,candidate,"relevant viral/host/pathway terms matched: viral, pathway, infection",medium,"relevant mechanistic terms: viral, pathway, screen","The pattern recognition receptor RIG-I is critical for Type-I interferon production. However, the global regulation of RIG-I signaling is only partially understood. Using a human genome-wide RNAi-screen, we identified 226 novel regulatory proteins of RIG-I mediated interferon-..."
pi-backlog,pmid-24284630,24284630,2014,,Pan-viral specificity of IFN-induced genes reveals new roles for cGAS in innate immunity.,,,,,data_or_analysis,high,"explicit cross-virus/shared-host language: comparative, pan-viral",medium,"relevant mechanistic terms: virus, viral, screen","The type I interferon (IFN) response protects cells from viral infection by inducing hundreds of interferon-stimulated genes (ISGs), some of which encode direct antiviral effectors. Recent screening studies have begun to catalogue ISGs with antiviral activity against several R..."
pi-backlog,pmid-24237697,24237697,2013,,Type I interferon imposes a TSG101/ISG15 checkpoint at the Golgi for glycoprotein trafficking during influenza virus infection.,,influenza,,crispr_screen,primary_research,candidate,"relevant viral/host/pathway terms matched: virus, crispr, pathway, infection",medium,"relevant mechanistic terms: virus, host, pathway, crispr","Several enveloped viruses exploit host pathways, such as the cellular endosomal sorting complex required for transport (ESCRT) machinery, for their assembly and release. The influenza A virus (IAV) matrix protein binds to the ESCRT-I complex, although the involvement of early..."
pi-backlog,pmid-23950563,23950563,2013,,"H7N9 influenza viruses interact preferentially with α2,3-linked sialic acids and bind weakly to α2,6-linked sialic acids.",,influenza,,,data_or_analysis,candidate,"relevant viral/host/pathway terms matched: virus, viral",medium,"relevant mechanistic terms: virus, viral","The recent human outbreak of H7N9 avian influenza A virus has caused worldwide concerns. Receptor binding specificity is critical for viral pathogenicity, and still not thoroughly studied for this emerging virus. Here, we evaluated the receptor specificity of the haemagglutini..."
pi-backlog,pmid-23793227,23793227,2013,,Bromodomain proteins in HIV infection.,,hiv,,epigenomics,review,candidate,"relevant viral/host/pathway terms matched: viral, infection",medium,relevant mechanistic terms: viral,Bromodomains are conserved protein modules of ~110 amino acids that bind acetylated lysine residues in histone and non-histone proteins. Bromodomains are present in many chromatin-associated transcriptional regulators and have been linked to diverse aspects of the HIV life cyc...
pi-backlog,pmid-23768485,23768485,2013,,"Three rules for HIV latency: location, location, and location.",,hiv,,epigenomics,primary_research,candidate,relevant viral/host/pathway terms matched: viral,medium,relevant mechanistic terms: viral,"HIV latency is a major barrier to viral eradication from infected individuals. Lusic et al. (2013) show that HIV latency is established by spatially positioning the proviral chromatin in close proximity to promyelocytic leukemia (PML) nuclear bodies, a reversible process that..."
pi-backlog,pmid-23749869,23749869,2013,,Landscape of protein-protein interactions in Drosophila immune deficiency signaling during bacterial challenge.,,,,proteomics;epigenomics;network_modeling,primary_research,high,explicit cross-virus/shared-host language: comparative,medium,"relevant mechanistic terms: pathway, proteomics","The Drosophila defense against pathogens largely relies on the activation of two signaling pathways: immune deficiency (IMD) and Toll. The IMD pathway is triggered mainly by Gram-negative bacteria, whereas the Toll pathway responds predominantly to Gram-positive bacteria and f..."
pi-backlog,pmid-23749635,23749635,2013,,SARM is required for neuronal injury and cytokine production in response to central nervous system viral infection.,,influenza,mycobacterium_tuberculosis,,primary_research,candidate,"relevant viral/host/pathway terms matched: virus, viral, infection",medium,"relevant mechanistic terms: virus, viral","Four of the five members of the Toll/IL-1R domain-containing adaptor family are required for signaling downstream of TLRs, promoting innate immune responses against different pathogens. However, the role of the fifth member of this family, sterile α and Toll/IL-1R domain-conta..."
pi-backlog,pmid-23690933,23690933,2013,,Pandemic H1N1 influenza isolated from free-ranging Northern Elephant Seals in 2010 off the central California coast.,,influenza,,,data_or_analysis,candidate,"relevant viral/host/pathway terms matched: virus, viral",medium,"relevant mechanistic terms: virus, viral","Interspecies transmission of influenza A is an important factor in the evolution and ecology of influenza viruses. Marine mammals are in contact with a number of influenza reservoirs, including aquatic birds and humans, and this may facilitate transmission among avian and mamm..."
pi-backlog,pmid-23593007,23593007,2013,,Lipid droplet-binding protein TIP47 regulates hepatitis C Virus RNA replication through interaction with the viral NS5A protein.,,hcv,,,data_or_analysis,candidate,"relevant viral/host/pathway terms matched: virus, viral, interaction, infection",medium,"relevant mechanistic terms: virus, viral, host, screen",The nonstructural protein NS5A has emerged as a new drug target in antiviral therapies for Hepatitis C Virus (HCV) infection. NS5A is critically involved in viral RNA replication that takes place at newly formed membranes within the endoplasmic reticulum (membranous web) and a...
pi-backlog,pmid-23209422,23209422,2012,,Species-specific inhibition of RIG-I ubiquitination and IFN induction by the influenza A virus NS1 protein.,,influenza,,,data_or_analysis,candidate,"relevant viral/host/pathway terms matched: virus, viral",medium,"relevant mechanistic terms: virus, viral, host","Influenza A viruses can adapt to new host species, leading to the emergence of novel pathogenic strains. There is evidence that highly pathogenic viruses encode for non-structural 1 (NS1) proteins that are more efficient in suppressing the host immune response. The NS1 protein..."
pi-backlog,pmid-22876275,22876275,2012,,Host modulators of H1N1 cytopathogenicity.,,influenza,,network_modeling,primary_research,candidate,"relevant viral/host/pathway terms matched: virus, viral, infection",medium,"relevant mechanistic terms: virus, viral, host","Influenza A virus infects 5-20% of the population annually, resulting in ~35,000 deaths and significant morbidity. Current treatments include vaccines and drugs that target viral proteins. However, both of these approaches have limitations, as vaccines require yearly developme..."
pi-backlog,pmid-22419161,22419161,2012,,Suppression of the antiviral response by an influenza histone mimic.,,influenza,,epigenomics,primary_research,candidate,"relevant viral/host/pathway terms matched: virus, viral, interaction, infection",medium,"relevant mechanistic terms: virus, viral, host",Viral infection is commonly associated with virus-driven hijacking of host proteins. Here we describe a novel mechanism by which influenza virus affects host cells through the interaction of influenza non-structural protein 1 (NS1) with the infected cell epigenome. We show tha...
pi-backlog,pmid-22323229,22323229,2012,,Macromolecular assembly structures by comparative modeling and electron microscopy.,,,,network_modeling,data_or_analysis,high,explicit cross-virus/shared-host language: comparative,low,no strong backlog-priority keywords matched,Advances in electron microscopy allow for structure determination of large biological machines at increasingly higher resolutions. A key step in this process is fitting component structures into the electron microscopy-derived density map of their assembly. Comparative modelin...
pi-backlog,pmid-22190037,22190037,2011,,Vif hijacks CBF-β to degrade APOBEC3G and promote HIV-1 infection.,,hiv,,proteomics,primary_research,candidate,"relevant viral/host/pathway terms matched: virus, viral, interaction, infection",medium,"relevant mechanistic terms: virus, viral, host","Restriction factors, such as the retroviral complementary DNA deaminase APOBEC3G, are cellular proteins that dominantly block virus replication. The AIDS virus, human immunodeficiency virus type 1 (HIV-1), produces the accessory factor Vif, which counteracts the host's antivir..."
pi-backlog,pmid-22190034,22190034,2011,,Global landscape of HIV-human protein complexes.,,hiv,,proteomics,primary_research,candidate,"relevant viral/host/pathway terms matched: virus, viral, infection",medium,"relevant mechanistic terms: virus, viral, host",Human immunodeficiency virus (HIV) has a small genome and therefore relies heavily on the host cellular machinery to replicate. Identifying which host proteins and complexes come into physical contact with the viral proteins is crucial for a comprehensive understanding of how...
pi-backlog,pmid-22023877,22023877,2011,,Predicting the pathogenesis of influenza from genomic response: a step toward early diagnosis.,,influenza,,,data_or_analysis,candidate,"relevant viral/host/pathway terms matched: virus, infection",medium,relevant mechanistic terms: virus,"Infection with influenza virus does not always lead to symptomatic illness, but it is not currently possible to predict who will be severely affected and who will have mild or no symptoms. Gene expression profiling of biofluids might unlock the complex dynamics of response to..."
pi-backlog,pmid-21917963,21917963,2011,,"The DBA.2 mouse is susceptible to disease following infection with a broad, but limited, range of influenza A and B viruses.",,influenza,,,data_or_analysis,candidate,"relevant viral/host/pathway terms matched: virus, infection",medium,relevant mechanistic terms: virus,"We assessed the relative susceptibilities to disease of the DBA.2 and C57BL/6 mouse models upon infection with a range of influenza A and B viruses. DBA.2 mice were more susceptible to disease upon inoculation with human H1N1 influenza A virus strains, several swine influenza..."
pi-backlog,pmid-21909097,21909097,2011,,Chemical inhibition of RNA viruses reveals REDD1 as a host defense factor.,,influenza,,,data_or_analysis,candidate,"relevant viral/host/pathway terms matched: virus, viral, pathway",medium,"relevant mechanistic terms: virus, viral, host, pathway, screen","A chemical genetics approach was taken to identify inhibitors of NS1, a major influenza A virus virulence factor that inhibits host gene expression. A high-throughput screen of 200,000 synthetic compounds identified small molecules that reversed NS1-mediated inhibition of host..."
pi-backlog,pmid-21876670,21876670,2011,,Activation of HIV transcription by the viral Tat protein requires a demethylation step mediated by lysine-specific demethylase 1 (LSD1/KDM1).,,hiv,,proteomics;epigenomics,primary_research,candidate,"relevant viral/host/pathway terms matched: viral, interaction",medium,relevant mechanistic terms: viral,"The essential transactivator function of the HIV Tat protein is regulated by multiple posttranslational modifications. Although individual modifications are well characterized, their crosstalk and dynamics of occurrence during the HIV transcription cycle remain unclear.We exam..."
pi-backlog,pmid-21350488,21350488,2011,,Programming the magnitude and persistence of antibody responses with innate immunity.,,influenza,,,data_or_analysis,candidate,relevant viral/host/pathway terms matched: virus,medium,relevant mechanistic terms: virus,"Many successful vaccines induce persistent antibody responses that can last a lifetime. The mechanisms by which they do so remain unclear, but emerging evidence indicates that they activate dendritic cells via Toll-like receptors (TLRs). For example, the yellow fever vaccine Y..."
pi-backlog,pmid-21311114,21311114,2011,,Minor drug-resistant HIV type-1 variants in breast milk and plasma of HIV type-1-infected Ugandan women after nevirapine single-dose prophylaxis.,,hiv,,,data_or_analysis,candidate,"relevant viral/host/pathway terms matched: virus, viral",medium,"relevant mechanistic terms: virus, viral","BACKGROUND: Nevirapine single-dose (NVP-SD) reduces mother-to-child transmission of HIV type-1 (HIV-1), but frequently induces resistance mutations in the HIV-1 genome. Little is known about drug-resistant HIV-1 variants in the breast milk of women who have taken NVP-SD. METHO..."
pi-backlog,pmid-21275375,21275375,2011,,Enzymatic deamination of the epigenetic base N-6-methyladenine.,,,,epigenomics,primary_research,high,explicit cross-virus/shared-host language: comparative,medium,relevant mechanistic terms: host,Two enzymes of unknown function from the amidohydrolase superfamily were discovered to catalyze the deamination of N-6-methyladenine to hypoxanthine and methyl amine. The methylation of adenine in bacterial DNA is a common modification for the protection of host DNA against re...
pi-backlog,pmid-21062477,21062477,2010,,Regulation of PURA gene transcription by three promoters generating distinctly spliced 5-prime leaders: a novel means of fine control over tissue specificity and viral signals.,,cmv,,epigenomics,primary_research,candidate,"relevant viral/host/pathway terms matched: viral, infection",medium,relevant mechanistic terms: viral,"BACKGROUND: Purα is an evolutionarily conserved cellular protein participating in processes of DNA replication, transcription, and RNA transport; all involving binding to nucleic acids and altering conformation and physical positioning. The distinct but related roles of Purα s..."
pi-backlog,pmid-20956293,20956293,2010,,Vaccination with a synthetic peptide from the influenza virus hemagglutinin provides protection against distinct viral subtypes.,,influenza,,network_modeling,primary_research,candidate,"relevant viral/host/pathway terms matched: virus, viral",medium,"relevant mechanistic terms: virus, viral","Current influenza virus vaccines protect mostly against homologous virus strains; thus, regular immunization with updated vaccine formulations is necessary to guard against the virus' hallmark remodeling of regions that mediate neutralization. Development of a broadly protecti..."
pi-backlog,pmid-20844044,20844044,2010,,Virulence-associated substitution D222G in the hemagglutinin of 2009 pandemic influenza A(H1N1) virus affects receptor binding.,,influenza,,network_modeling,primary_research,candidate,"relevant viral/host/pathway terms matched: virus, interaction",medium,relevant mechanistic terms: virus,"The clinical impact of the 2009 pandemic influenza A(H1N1) virus (pdmH1N1) has been relatively low. However, amino acid substitution D222G in the hemagglutinin of pdmH1N1 has been associated with cases of severe disease and fatalities. D222G was introduced in a prototype pdmH1..."
pi-backlog,pmid-20805493,20805493,2010,,Preference of RIG-I for short viral RNA molecules in infected cells revealed by next-generation sequencing.,,influenza,,,data_or_analysis,candidate,"relevant viral/host/pathway terms matched: virus, viral, infection",medium,"relevant mechanistic terms: virus, viral, host",Intracellular detection of virus infections is a critical component of innate immunity carried out by molecules known as pathogen recognition receptors (PRRs). Activation of PRRs by their respective pathogen-associated molecular patterns (PAMPs) leads to production of proinfla...
pi-backlog,pmid-20227666,20227666,2010,,"The Cellular lysine methyltransferase Set7/9-KMT7 binds HIV-1 TAR RNA, monomethylates the viral transactivator Tat, and enhances HIV transcription.",,hiv,,epigenomics,primary_research,candidate,relevant viral/host/pathway terms matched: viral,medium,relevant mechanistic terms: viral,"The Tat protein of HIV-1 plays an essential role in HIV gene expression by promoting efficient elongation of viral transcripts. Posttranslational modifications of Tat fine-tune interactions of Tat with cellular cofactors and TAR RNA, a stem-loop structure at the 5' ends of vir..."
pi-backlog,pmid-20011113,20011113,2009,,"Comprehensive functional analysis of Mycobacterium tuberculosis toxin-antitoxin systems: implications for pathogenesis, stress responses, and evolution.",,,mycobacterium_tuberculosis,,data_or_analysis,high,explicit cross-virus/shared-host language: comparative,low,no strong backlog-priority keywords matched,"Toxin-antitoxin (TA) systems, stress-responsive genetic elements ubiquitous in microbial genomes, are unusually abundant in the major human pathogen Mycobacterium tuberculosis. Why M. tuberculosis has so many TA systems and what role they play in the unique biology of the path..."
pi-backlog,pmid-19616761,19616761,2009,,"Humanized mice for modeling human infectious disease: challenges, progress, and outlook.",,hiv,,network_modeling,primary_research,candidate,relevant viral/host/pathway terms matched: virus,medium,relevant mechanistic terms: virus,"Over 800 million people worldwide are infected with hepatitis viruses, human immunodeficiency virus (HIV), and malaria, resulting in more than 5 million deaths annually. Here we discuss the potential and challenges of humanized mouse models for developing effective and afforda..."
pi-backlog,pmid-19433556,19433556,2009,,Detection and quantification of minor human immunodeficiency virus type 1 variants harboring K103N and Y181C resistance mutations in subtype A and D isolates by allele-specific real-time PCR.,,hiv,,,data_or_analysis,candidate,"relevant viral/host/pathway terms matched: virus, viral",medium,"relevant mechanistic terms: virus, viral","Nevirapine (single dose), commonly used to prevent the mother-to-child transmission of human immunodeficiency virus (HIV) in developing countries, frequently induces viral resistance. Even mutations which occur only in a minor population of the HIV quasispecies (<20%) are asso..."
pi-backlog,pmid-18621707,18621707,2008,,Subnanometer-resolution electron cryomicroscopy-based domain models for the cytoplasmic region of skeletal muscle RyR channel.,,,,network_modeling,data_or_analysis,high,explicit cross-virus/shared-host language: comparative,low,no strong backlog-priority keywords matched,"The skeletal muscle Ca(2+) release channel (RyR1), a homotetramer, regulates the release of Ca(2+) from the sarcoplasmic reticulum to initiate muscle contraction. In this work, we have delineated the RyR1 monomer boundaries in a subnanometer-resolution electron cryomicroscopy..."
pi-backlog,pmid-18542861,18542861,2008,,Protein structure modeling with MODELLER.,,,,network_modeling,data_or_analysis,high,explicit cross-virus/shared-host language: comparative,low,no strong backlog-priority keywords matched,"Genome sequencing projects have resulted in a rapid increase in the number of known protein sequences. In contrast, only about one-hundredth of these sequences have been characterized using experimental structure determination methods. Computational protein structure modeling..."
pi-backlog,pmid-18379232,18379232,2008,,"Efficacy and safety of intravenous infusion of doripenem versus imipenem in ventilator-associated pneumonia: a multicenter, randomized study.",,,pseudomonas_aeruginosa,network_modeling,primary_research,high,explicit cross-virus/shared-host language: broad-spectrum,low,no strong backlog-priority keywords matched,"OBJECTIVE: Doripenem is an investigational carbapenem with broad-spectrum activity against gram-negative and gram-positive pathogens, including multidrug-resistant strains, commonly responsible for ventilator-associated pneumonia (VAP). This large, phase III study compared dor..."
pi-backlog,pmid-18174180,18174180,2008,,NetworkBLAST: comparative analysis of protein networks.,,,,network_modeling,data_or_analysis,high,explicit cross-virus/shared-host language: comparative,low,no strong backlog-priority keywords matched,UNLABELLED: The identification of protein complexes is a fundamental challenge in interpreting protein-protein interaction data. Cross-species analysis allows coping with the high levels of noise that are typical to these data. The NetworkBLAST web-server provides a platform f...
pi-backlog,pmid-17965183,17965183,2007,,Host pathogen protein interactions predicted by comparative modeling.,,,,network_modeling,methods,high,explicit cross-virus/shared-host language: comparative,medium,relevant mechanistic terms: host,"Pathogens have evolved numerous strategies to infect their hosts, while hosts have evolved immune responses and other defenses to these foreign challenges. The vast majority of host-pathogen interactions involve protein-protein recognition, yet our current understanding of the..."
pi-backlog,pmid-17961113,17961113,2007,,Platelet count is associated with plasma HIV type 1 RNA and disease progression.,,influenza;hiv,,,data_or_analysis,candidate,relevant viral/host/pathway terms matched: infection,medium,relevant mechanistic terms: host,"Thrombocytopenia is a common finding among HIV-1-infected individuals. In addition to their function in hemostasis, platelets have been found to play a role in host immune defenses and to directly interact with HIV-1. To explore the role of platelets in HIV-1 infection, we exa..."
pi-backlog,pmid-17451464,17451464,2007,,Live-attenuated influenza viruses as delivery vectors for Chlamydia vaccines.,,influenza,chlamydia_trachomatis,,primary_research,candidate,"relevant viral/host/pathway terms matched: virus, viral, infection",medium,"relevant mechanistic terms: virus, viral","Effective delivery systems are needed to design efficacious vaccines against the obligate intracellular bacterial pathogen, Chlamydia trachomatis. Potentially effective delivery vehicles should promote the induction of adequate levels of mucosal T-cell and antibody responses t..."
pi-backlog,pmid-17269724,17269724,2007,,Identification of cellular interaction partners of the influenza virus ribonucleoprotein complex and polymerase complex using proteomic-based approaches.,,influenza,,proteomics,methods,candidate,"relevant viral/host/pathway terms matched: virus, viral, interaction",medium,"relevant mechanistic terms: virus, viral, proteomics","Cellular factors that associate with the influenza A viral ribonucleoprotein (vRNP) are presumed to play important roles in the viral life cycle. To date, interaction screens using individual vRNP components, such as the nucleoprotein or viral polymerase subunits, have reveale..."
pi-backlog,pmid-17225856,17225856,2007,,Recruitment and activation of RSK2 by HIV-1 Tat.,,hiv,,epigenomics,primary_research,candidate,"relevant viral/host/pathway terms matched: viral, interaction",medium,relevant mechanistic terms: viral,"The transcriptional activity of the integrated HIV provirus is dependent on the chromatin organization of the viral promoter and the transactivator Tat. Tat recruits the cellular pTEFb complex and interacts with several chromatin-modifying enzymes, including the histone acetyl..."
pi-backlog,pmid-17087949,17087949,2006,,Hepatitis C and risk of lymphoma: results of the European multicenter case-control study EPILYMPH.,,hiv;hcv,,network_modeling,primary_research,candidate,"relevant viral/host/pathway terms matched: virus, viral, infection",medium,"relevant mechanistic terms: virus, viral","BACKGROUND & AIMS: Increasing evidence points toward a role of hepatitis C virus (HCV) infection in the etiology of malignant lymphomas. However, previous epidemiologic studies were limited in size to establish an association between HCV infection and specific lymphoma subtype..."
pi-backlog,pmid-16954324,16954324,2006,,A synthetic congener modeled on a microbicidal domain of thrombin- induced platelet microbicidal protein 1 recapitulates staphylocidal mechanisms of the native molecule.,,,staphylococcus_aureus,,primary_research,high,explicit cross-virus/shared-host language: comparative,medium,relevant mechanistic terms: host,"Thrombin-induced platelet microbicidal protein 1 (tPMP-1) is a staphylocidal peptide released by activated platelets. This peptide initiates its microbicidal activity by membrane permeabilization, with ensuing inhibition of intracellular macromolecular synthesis. RP-1 is a syn..."
pi-backlog,pmid-16872496,16872496,2006,,A direct comparison of protein interaction confidence assignment schemes.,,,,network_modeling,data_or_analysis,high,explicit cross-virus/shared-host language: comparative,low,no strong backlog-priority keywords matched,"BACKGROUND: Recent technological advances have enabled high-throughput measurements of protein-protein interactions in the cell, producing large protein interaction networks for various species at an ever-growing pace. However, common technologies like yeast two-hybrid may exp..."
pi-backlog,pmid-16687403,16687403,2006,,The SWI/SNF chromatin-remodeling complex is a cofactor for Tat transactivation of the HIV promoter.,,hiv,,epigenomics;network_modeling,primary_research,candidate,"relevant viral/host/pathway terms matched: virus, viral",medium,"relevant mechanistic terms: virus, viral",Tat is a critical viral transactivator essential for human immunodeficiency virus (HIV) gene expression. Activation involves binding to an RNA stem-loop structure and recruitment of the positive transcription elongation factor b. Tat also induces the remodeling of a single nuc...
pi-backlog,pmid-16490207,16490207,2006,,Refinement of protein structures by iterative comparative modeling and CryoEM density fitting.,,,,network_modeling,methods,high,explicit cross-virus/shared-host language: comparative,medium,relevant mechanistic terms: virus,"We developed a method for structure characterization of assembly components by iterative comparative protein structure modeling and fitting into cryo-electron microscopy (cryoEM) density maps. Specifically, we calculate a comparative model of a given component by considering m..."
hpmi,pmid-41700894,41700894,2026,HPMI,Harnessing evolution: leveraging bacterial isoprenoid pathway diversity toward improved bioengineering strategies.,,,,,primary_research,candidate,relevant host-pathogen/pathway terms matched: pathway,medium,recent HPMI paper but no strong viral/pathogen keywords matched,"Isoprenoids play vital roles in all domains of life, from beta-carotene in bacteria to heme in humans. Two distinct metabolic pathways have evolved to synthesize the critical precursor of all mature isoprenoids: the mevalonate (MEV) and the methylerythritol phosphate (MEP) pat..."
pi-backlog,pmid-41554267,41554267,2026,,"ALG-000184 (pevifoscorvir sodium) monotherapy in participants with chronic HBV infection: a phase 1, multicentre, randomised, dose escalation trial.",,,,,primary_research,candidate,"relevant viral/host/pathway terms matched: virus, pathway, infection",high,"recent paper with relevant terms: virus, pathway","BACKGROUND: ALG-000184 (pevifoscorvir sodium) is a prodrug of the class-E (empty) capsid assembly modulator (CAM), ALG-001075. CAM-Es prevent hepatitis B virus (HBV) replication by inhibiting capsid assembly and pregenomic RNA encapsidation and preventing covalently closed cir..."
pi-backlog,pmid-41542679,41542679,2026,,Metabolic Basis of Post-Infectious Sequelae After Ebola Virus Disease.,,,,,primary_research,candidate,relevant viral/host/pathway terms matched: virus,high,recent paper with relevant terms: virus,"Ebola virus disease (EVD) survivors often present with clinical sequelae after acute disease resolution, called post-Ebola syndrome (PES). Why some survivors develop these sequelae and others do not is poorly defined. Altered metabolism has been noted in acute EVD but not stud..."
pi-backlog,pmid-41490206,41490206,2026,,Discovery of Coronavirus Main Protease Inhibitors with Enhanced Brain Exposure and Potent Oral Efficacy in SARS-CoV-2 and MERS Infection Models.,,sars-cov-2;sars-cov;coronavirus;influenza,,,data_or_analysis,candidate,relevant viral/host/pathway terms matched: infection,low,no strong backlog-priority keywords matched,"The main proteases (MPro) of coronaviruses are clinically validated targets for antiviral discovery. Herein, we detail the in vivo optimization of uracil-core MPro inhibitors derived from AVI-4516, an in vivo active lead bearing an unactivated propargyl warhead. To expand the..."
pi-backlog,pmid-41194027,41194027,2025,,"Active and resolved HCV infections among people with new HIV-1 diagnoses in Germany, 2009-2019.",,hiv;hcv,,network_modeling,primary_research,candidate,relevant viral/host/pathway terms matched: infection,low,no strong backlog-priority keywords matched,BACKGROUND: HIV and HCV share similar routes of infection. Individuals carrying both viruses experience a faster progression of the liver disease. We have analyzed people with new HIV-1 diagnoses in Germany for active or resolved HCV infection for over ten years. The time peri...
current-program,pmid-41157585,41157585,2025,,Intra-Host Evolution of SARS-CoV-2 During Persistent Infection of Pediatric COVID-19 Patients.,,sars-cov-2;sars-cov,,,data_or_analysis,candidate,"relevant viral/host/pathway terms matched: virus, viral",medium,"older paper with relevant terms: virus, viral, host, coronavirus","The Coronavirus disease 2019 (COVID-19) pandemic had a profound global impact, yet children exhibited distinct clinical and epidemiological patterns compared to adults. Pediatric cases of severe acute respiratory syndrome coronavirus 2 (SARS-CoV-2) were generally characterized..."
pi-backlog,pmid-41100670,41100670,2025,,Integrative mapping reveals molecular features underlying the mechanism of nucleocytoplasmic transport.,,,,,primary_research,candidate,relevant viral/host/pathway terms matched: viral,high,recent paper with relevant terms: viral,"Nuclear pore complexes (NPCs) enable rapid, selective, and robust nucleocytoplasmic transport. To explain how transport emerges from the system components and their interactions, we used experimental data and theoretical information to construct an integrative Brownian dynamic..."
pi-backlog,pmid-40950045,40950045,2025,,Lymphangiogenesis driven by VEGF-C reshapes tumor immune landscape and enables tumor eradication by viral immunotherapy.,,,,,primary_research,candidate,"relevant viral/host/pathway terms matched: virus, viral",high,"recent paper with relevant terms: virus, viral","Vascular Endothelial Growth Factor C (VEGF-C) is a key lymphangiogenic growth factor expressed by many types of cancer. Here, we investigated the effects of tumor-derived VEGF-C on the therapeutic efficacy of oncolytic virotherapy with avian paramyxoviruses APMV-1 (NDV) and AM..."
pi-backlog,pmid-40846711,40846711,2025,,Anti-restriction functions of injected phage proteins revealed by peeling back layers of bacterial immunity.,,,,,primary_research,candidate,relevant viral/host/pathway terms matched: virus,high,"recent paper with relevant terms: virus, host","Virus-host competition drives evolution of diverse antivirus defenses, but how they co-operate in wild bacteria and how bacteriophages circumvent host immunity remains poorly understood. Here, using a functional screening platform to systematically explore the functions of pha..."
pi-backlog,pmid-40796112,40796112,2025,,Helminth infections affect host immune responses to viral infections and vaccines.,,,,,review,candidate,"relevant viral/host/pathway terms matched: virus, viral, infection",high,"recent paper with relevant terms: virus, viral, host","Helminths are highly prevalent in many regions of the world. Due to the chronic nature of most helminth infections, these parasites are proficient immunomodulators of their hosts. This modulation often leads to skewed or even impaired immune responses against unrelated antigen..."
pi-backlog,pmid-40756165,40756165,2025,,"Prospective cohort study to evaluate Lassa fever incidence, symptoms and coinfection with malaria in West Africa: the Enable Lassa Research Programme ('ENABLE 1.5') - study protocol.",,,,,methods,candidate,"relevant viral/host/pathway terms matched: virus, viral, infection",high,"recent paper with relevant terms: virus, viral","INTRODUCTION: Lassa fever (LF), a viral haemorrhagic disease, poses a significant public health challenge in West Africa. Lassa virus infection frequently causes mild malaria-like symptoms, potentially leading to misdiagnosis and an underestimated burden. Severe LF can lead to..."
pi-backlog,pmid-40667012,40667012,2025,,A combination TLR7/8 and RIG-I agonist adjuvant reverts asthmatic allergic sensitization and prevents aggravated influenza infection in OVA-sensitized mice.,,sars-cov-2;sars-cov;influenza,,,data_or_analysis,candidate,relevant viral/host/pathway terms matched: infection,low,no strong backlog-priority keywords matched,"Allergen-specific immunotherapy (AIT) is the only disease-modifying treatment currently available to treat allergy. However, it has limitations, as most allergens are poorly immunogenic, resulting in an AIT process that can take years. Therefore, adjuvant selection becomes cri..."
pi-backlog,pmid-40512168,40512168,2025,,Annual (2024) taxonomic update of RNA-directed RNA polymerase-encoding negative-sense RNA viruses (realm Riboviria: kingdom Orthornavirae: phylum Negarnaviricota).,,,,,primary_research,candidate,relevant viral/host/pathway terms matched: virus,high,recent paper with relevant terms: virus,"In April 2024, following the annual International Committee on Taxonomy of Viruses (ICTV) ratification vote on newly proposed taxa, the phylum Negarnaviricota was expanded by 1 new order, 1 new family, 6 new subfamilies, 34 new genera and 270 new species. One class, two orders..."
pi-backlog,pmid-40204989,40204989,2025,,A decisive technical leap forward for personalized medicine to treat mitochondrial diseases.,,,,,methods,candidate,relevant viral/host/pathway terms matched: virus,high,recent paper with relevant terms: virus,"Mitochondrial diseases, arising from mutations in mitochondrial DNA (mtDNA), are a diverse group of disorders that lead to severe conditions. Expression of mtDNA is a prerequisite for ATP production by oxidative phosphorylation. Individual cells contain many hundred copies of..."
current-program,pmid-40133528,40133528,2025,UCLA-Persistent-BSI,Transmission dynamics of the 2022 mpox epidemic in New York City.,Melissa Johnson,hiv,,,primary_research,high,explicit cross-virus/shared-host language: comparative,low,no strong literature-priority keywords matched,"The 2022 global mpox epidemic was caused by transmission of MPXV clade IIb, lineage B.1 through sexual contact networks, with New York City (NYC) experiencing the first and largest outbreak in the United States. By performing phylogeographic analysis of MPXV genomes sampled fr..."
current-program,pmid-40100289,40100289,2025,,AMPK is necessary for Treg functional adaptation to microenvironmental stress during malignancy and viral pneumonia.,,influenza,,epigenomics,primary_research,candidate,"relevant viral/host/pathway terms matched: virus, viral",medium,"older paper with relevant terms: virus, viral","CD4+FOXP3+ Treg cells maintain self tolerance, suppress the immune response to cancer, and protect against tissue injury during acute inflammation. Treg cells require mitochondrial metabolism to function, but how Treg cells adapt their metabolic programs to optimize their func..."
current-program,pmid-39836474,39836474,2025,,The impact of remdesivir on SARS-CoV-2 evolution in vivo.,,sars-cov-2;sars-cov,,,data_or_analysis,candidate,relevant viral/host/pathway terms matched: viral,medium,older paper with relevant terms: viral,"The impact of remdesivir on SARS-CoV-2 diversity and evolution in vivo has remained unclear. In this single-center, retrospective cohort study, we assessed SARS-CoV-2 diversification and diversity over time in a cohort of hospitalized patients who did or did not receive remdes..."
pi-backlog,pmid-39808605,39808605,2025,,"Correction: A prospective, multi-site, cohort study to estimate incidence of infection and disease due to Lassa fever virus in West African countries (the Enable Lassa research programme)-Study protocol.",,,,,methods,candidate,"relevant viral/host/pathway terms matched: virus, infection",high,recent paper with relevant terms: virus,[This corrects the article DOI: 10.1371/journal.pone.0283643.].
pi-backlog,pmid-38260487,38260487,2025,,Integrative mapping reveals molecular features underlying the mechanism of nucleocytoplasmic transport.,,,,,primary_research,candidate,relevant viral/host/pathway terms matched: viral,high,recent paper with relevant terms: viral,"Nuclear Pore Complexes (NPCs) enable rapid, selective, and robust nucleocytoplasmic transport. To explain how transport emerges from the system components and their interactions, we used experimental data and theoretical information to construct an integrative Brownian dynamic..."
pi-backlog,pmid-39575679,39575679,2024,,"The Discovery and Preclinical Profile of ALG-000184, a Prodrug of the Potent Hepatitis B Virus Capsid Assembly Modulator ALG-001075.",,,,,primary_research,candidate,"relevant viral/host/pathway terms matched: virus, viral",high,"recent paper with relevant terms: virus, viral","Chronic hepatitis B (CHB) represents a significant unmet medical need with few options beyond lifelong treatment with nucleoside analogues, which rarely leads to a functional cure. Novel agents that reduce levels of HBV DNA, RNA and other viral antigens could lead to better tr..."
pi-backlog,pmid-39567630,39567630,2024,,Cell surface marker heterogeneity in human myeloma cell lines for modeling of disease and therapy.,,,,transcriptomics;network_modeling,primary_research,high,explicit cross-virus/shared-host language: comparative,low,no strong backlog-priority keywords matched,"Multiple myeloma (MM) is a hematological malignancy originating from plasma cells. Genetically, MM is categorized into two subtypes: hyperdiploid and non-hyperdiploid tumors, with distinct chromosomal characteristics. Human myeloma cell lines (HMCLs) are instrumental in unders..."
pi-backlog,pmid-39495749,39495749,2024,,"Long-term physical and mental health outcomes of Ebola Virus Disease survivors in Kenema District, Sierra Leone: A cross-sectional survey.",,,,,primary_research,candidate,"relevant viral/host/pathway terms matched: virus, infection",high,recent paper with relevant terms: virus,"The 2013-2016 Ebola Virus Disease (EVD) epidemic in West Africa was the deadliest in history, with over 28,000 cases. Numerous physical and mental health symptoms have been reported in EVD survivors, although there is limited prior research on how the health of survivors compa..."
hpmi,pmid-39488835,39488835,2024,HPMI,Protocol for mapping differential protein-protein interaction networks using affinity purification-mass spectrometry.,,,,protein_interaction_mapping;proteomics,methods,candidate,relevant host-pathogen/pathway terms matched: interaction,low,no strong HPMI literature-priority keywords matched,"Proteins congregate into complexes to perform diverse cellular functions. Protein complexes are remodeled by protein-coding mutations or cellular signaling changes, driving phenotypic outcomes in health and disease. We present an affinity purification-mass spectrometry (AP-MS)..."
pi-backlog,pmid-39391249,39391249,2024,,Molecular genetic characterization of myeloid neoplasms with idic(X)(q13) and i(X)(q10).,,,,,data_or_analysis,high,explicit cross-virus/shared-host language: comparative,low,no strong backlog-priority keywords matched,"BACKGROUND/AIM: Isodicentric [idic(X)(q13)] and isochromosome [i(X)(q10)] are infrequent aberrations in neoplastic diseases. The former is mainly reported in elderly women with myelodysplastic syndrome (MDS) and acute myeloid leukemia (AML), whereas the latter is mostly found..."
current-program,pmid-39303692,39303692,2024,CViSB,Genetic tracing of market wildlife and viruses at the epicenter of the COVID-19 pandemic.,Robert Garry;Kristian Andersen,sars-cov-2;sars-cov,,,data_or_analysis,candidate,relevant viral/host/pathway terms matched: viral,medium,"older paper with relevant terms: viral, coronavirus","Zoonotic spillovers of viruses have occurred through the animal trade worldwide. The start of the COVID-19 pandemic was traced epidemiologically to the Huanan Seafood Wholesale Market. Here, we analyze environmental qPCR and sequencing data collected in the Huanan market in ea..."
pi-backlog,pmid-39292070,39292070,2024,,Intracellular lipid droplets are exploited by Junín virus in a nucleoprotein-dependent process.,,,,,primary_research,candidate,"relevant viral/host/pathway terms matched: virus, viral",high,"recent paper with relevant terms: virus, viral","Lipid droplets (LDs) are organelles involved in lipid storage, maintenance of energy homeostasis, protein sequestration, signaling events and inter-organelle interactions. Recently, LDs have been shown to favor the replication of members from different viral families, such as..."
current-program,pmid-39255040,39255040,2024,SCRIPT,Antibiotic use during influenza infection augments lung eosinophils that impair immunity against secondary bacterial pneumonia.,Richard Wunderink,influenza,staphylococcus_aureus,,primary_research,candidate,relevant viral/host/pathway terms matched: viral,medium,older paper with relevant terms: viral,"A leading cause of mortality after influenza infection is the development of a secondary bacterial pneumonia. In the absence of a bacterial superinfection, prescribing antibacterial therapies is not indicated but has become a common clinical practice for those presenting with..."
hpmi,pmid-39024454,39024454,2024,HPMI,Multiscale photocatalytic proximity labeling reveals cell surface neighbors on and between cells.,,,,protein_interaction_mapping;proteomics,methods,candidate,relevant host-pathogen/pathway terms matched: interactome,low,no strong HPMI literature-priority keywords matched,"Proximity labeling proteomics (PLP) strategies are powerful approaches to yield snapshots of protein neighborhoods. Here, we describe a multiscale PLP method with adjustable resolution that uses a commercially available photocatalyst, Eosin Y, which upon visible light illumina..."
pi-backlog,pmid-39009691,39009691,2024,,MHC class II proteins mediate sialic acid independent entry of human and avian H2N2 influenza A viruses.,,influenza,,,primary_research,unknown,no explicit cross-virus or strong viral host-mechanism terms matched,high,recent paper with relevant terms: host,"Influenza A viruses (IAV) pose substantial burden on human and animal health. Avian, swine and human IAV bind sialic acid on host glycans as receptor, whereas some bat IAV require MHC class II complexes for cell entry. It is unknown how this difference evolved and whether dual..."
pi-backlog,pmid-38937450,38937450,2024,,MicroRNA miR-20a-5p targets CYCS to inhibit apoptosis in hepatocellular carcinoma.,,,,,primary_research,candidate,relevant viral/host/pathway terms matched: virus,high,recent paper with relevant terms: virus,"Hepatocellular carcinoma is a primary liver cancer, characterised by diverse etiology, late diagnoses, and poor prognosis. Hepatocellular carcinoma is mostly resistant to current treatment options, therefore, identification of more effective druggable therapeutic targets is ne..."
hpmi,pmid-38800652,38800652,2024,HPMI,Mapping Differential Protein-Protein Interaction Networks using Affinity Purification Mass Spectrometry.,,,,protein_interaction_mapping;proteomics,methods,candidate,relevant host-pathogen/pathway terms matched: interaction,low,no strong HPMI literature-priority keywords matched,"Proteins congregate into complexes to perform fundamental cellular functions. Phenotypic outcomes, in health and disease, are often mechanistically driven by the remodeling of protein complexes by protein-coding mutations or cellular signaling changes in response to molecular..."
hpmi,pmid-38781968,38781968,2024,HPMI,Rapid DNA unwinding accelerates genome editing by engineered CRISPR-Cas9.,,,,structural_biology;genome_editing,primary_research,candidate,relevant host-pathogen/pathway terms matched: crispr,low,no strong HPMI literature-priority keywords matched,"Thermostable clustered regularly interspaced short palindromic repeats (CRISPR) and CRISPR-associated (Cas9) enzymes could improve genome-editing efficiency and delivery due to extended protein lifetimes. However, initial experimentation demonstrated Geobacillus stearothermoph..."
pi-backlog,pmid-38401714,38401714,2024,,An in vivo duck hepatitis B virus model recapitulates key aspects of nucleic acid polymer treatment outcomes in chronic hepatitis B patients.,,,,,primary_research,candidate,relevant viral/host/pathway terms matched: virus,high,recent paper with relevant terms: virus,"Nucleic acid polymers (NAPs) are an attractive treatment modality for chronic hepatitis B (CHB), with REP2139 and REP2165 having shown efficacy in CHB patients. A subset of patients achieve functional cure, whereas the others exhibit a moderate response or are non-responders...."
pi-backlog,pmid-38387978,38387978,2024,,PRECISION-TBI: a study protocol for a vanguard prospective cohort study to enhance understanding and management of moderate to severe traumatic brain injury in Australia.,,,,network_modeling,review,high,explicit cross-virus/shared-host language: comparative,low,no strong backlog-priority keywords matched,INTRODUCTION: Traumatic brain injury (TBI) is a heterogeneous condition in terms of pathophysiology and clinical course. Outcomes from moderate to severe TBI (msTBI) remain poor despite concerted research efforts. The heterogeneity of clinical management represents a barrier t...
current-program,pmid-38301954,38301954,2024,,Activity and inhibition of the SARS-CoV-2 Omicron nsp13 R392C variant using RNA duplex unwinding assays.,,sars-cov-2;sars-cov;influenza,,,data_or_analysis,candidate,relevant viral/host/pathway terms matched: viral,medium,"older paper with relevant terms: viral, screen","SARS-CoV-2 nsp13 helicase is an essential enzyme for viral replication and a promising target for antiviral drug development. This study compares the double-stranded RNA (dsRNA) unwinding activity of nsp13 and the Omicron nsp13R392C variant, which is predominant in currently c..."
current-program,pmid-38243701,38243701,2024,,Many-core algorithms for high-dimensional gradients on phylogenetic trees.,,dengue,,,data_or_analysis,candidate,"relevant viral/host/pathway terms matched: virus, viral",medium,"older paper with relevant terms: virus, viral, pathogen","MOTIVATION: Advancements in high-throughput genomic sequencing are delivering genomic pathogen data at an unprecedented rate, positioning statistical phylogenetics as a critical tool to monitor infectious diseases globally. This rapid growth spurs the need for efficient infere..."
current-program,pmid-38232695,38232695,2024,,Integration of individualized and population-level molecular epidemiology data to model COVID-19 outcomes.,,sars-cov-2;sars-cov,,,data_or_analysis,candidate,relevant viral/host/pathway terms matched: viral,medium,"older paper with relevant terms: viral, coronavirus","Severe acute respiratory syndrome coronavirus 2 (SARS-CoV-2) variants with enhanced transmissibility and immune escape have emerged periodically throughout the coronavirus disease 2019 (COVID-19) pandemic, but the impact of these variants on disease severity has remained uncle..."
hpmi,pmid-38117589,38117589,2024,HPMI,Cross-family small GTPase ubiquitination by the intracellular pathogen Legionella pneumophila.,,,legionella_pneumophila,,primary_research,candidate,relevant host-pathogen/pathway terms matched: proteome,low,no strong HPMI literature-priority keywords matched,"The intracellular bacterial pathogen Legionella pneumophila (L.p.) manipulates eukaryotic host ubiquitination machinery to form its replicative vacuole. While nearly 10% of L.p.'s ∼330 secreted effector proteins are ubiquitin ligases or deubiquitinases, a comprehensive measure..."
pi-backlog,pmid-38064025,38064025,2024,,Rescue of Recombinant Newcastle Disease Virus Expressing Heterologous Genes.,,,,,primary_research,candidate,"relevant viral/host/pathway terms matched: virus, viral",high,"recent paper with relevant terms: virus, viral","Reverse genetics allows for the generation of recombinant infectious viruses from viral sequences or complete viral genomes cloned into plasmids. Using reverse genetics, it is then possible to introduce changes in the genome of infectious viruses for multiple applications.Newc..."
pi-backlog,pmid-40303794,40303794,2023,,SARS-CoV-2 Neutralizing Antibodies in Free-Ranging Fallow Deer (Dama dama) and Red Deer (Cervus elaphus) in Suburban and Rural Areas in Spain.,,sars-cov-2;sars-cov;coronavirus,,,primary_research,candidate,"relevant viral/host/pathway terms matched: virus, infection",medium,relevant mechanistic terms: virus,"Effective control of zoonotic infectious diseases requires identifying the animal species involved in the infectious cycle as transmitters or reservoirs where the pathogen could persist and evolve, increasing the risk of reintroduction of new variants in humans and animals. Mu..."
pi-backlog,pmid-38133292,38133292,2023,,The Therapeutic Monoclonal Antibody Bamlanivimab Does Not Enhance SARS-CoV-2 Infection by FcR-Mediated Mechanisms.,,sars-cov-2;sars-cov;influenza,,,primary_research,candidate,"relevant viral/host/pathway terms matched: viral, infection",medium,relevant mechanistic terms: viral,"As part of the non-clinical safety package characterizing bamlanivimab (SARS-CoV-2 neutralizing monoclonal antibody), the risk profile for antibody-dependent enhancement of infection (ADE) was evaluated in vitro and in an African green monkey (AGM) model of COVID-19. In vitro..."
current-program,pmid-38076988,38076988,2023,,AMP-activated protein kinase is necessary for Treg cell functional adaptation to microenvironmental stress.,,influenza,,epigenomics,primary_research,candidate,"relevant viral/host/pathway terms matched: virus, viral",medium,"older paper with relevant terms: virus, viral","CD4+FOXP3+ regulatory T (Treg) cells maintain self-tolerance, suppress the immune response to cancer, and protect against tissue injury in the lung and other organs. Treg cells require mitochondrial metabolism to exert their function, but how Treg cells adapt their metabolic p..."
pi-backlog,pmid-38076343,38076343,2023,,SARS-CoV-2 infection triggers pro-atherogenic inflammatory responses in human coronary vessels.,,sars-cov-2;sars-cov;coronavirus,,,primary_research,candidate,"relevant viral/host/pathway terms matched: viral, infection",medium,relevant mechanistic terms: viral,Patients with coronavirus disease 2019 (COVID-19) present increased risk for ischemic cardiovascular complications up to 1 year after infection. Although the systemic inflammatory response to severe acute respiratory syndrome coronavirus 2 (SARS-CoV-2) infection likely contrib...
pi-backlog,pmid-38005849,38005849,2023,,HIV-1 Remission: Accelerating the Path to Permanent HIV-1 Silencing.,,hiv,,,primary_research,candidate,"relevant viral/host/pathway terms matched: virus, viral, infection",medium,"relevant mechanistic terms: virus, viral","Despite remarkable progress, a cure for HIV-1 infection remains elusive. Rebound competent latent and transcriptionally active reservoir cells persevere despite antiretroviral therapy and rekindle infection due to inefficient proviral silencing. We propose a novel ""block-lock-..."
current-program,pmid-37995357,37995357,2023,,SARS-CoV-2 genomics and impact on clinical care for COVID-19.,,sars-cov-2;sars-cov;influenza;hiv,,,data_or_analysis,candidate,"relevant viral/host/pathway terms matched: virus, viral",medium,"older paper with relevant terms: virus, viral","The emergence and worldwide spread of SARS-CoV-2 during the COVID-19 pandemic necessitated the adaptation and rapid deployment of viral WGS and analysis techniques that had been previously applied on a more limited basis to other viral pathogens, such as HIV and influenza viru..."
pi-backlog,pmid-37991921,37991921,2023,,Protocol for establishing primary human lung organoid-derived air-liquid interface cultures from cryopreserved human lung tissue.,,coronavirus,,,methods,candidate,"relevant viral/host/pathway terms matched: virus, infection",medium,relevant mechanistic terms: virus,"Primary human lung organoid-derived air-liquid interface (ALI) cultures serve as a physiologically relevant model to study human airway epithelium in vitro. Here, we present a protocol for establishing these cultures from cryopreserved human lung tissue. We describe steps for..."
pi-backlog,pmid-37974615,37974615,2023,,Immune responses elicited by ssRNA(-) oncolytic viruses in the host and in the tumor microenvironment.,,influenza,,,review,candidate,"relevant viral/host/pathway terms matched: virus, viral",medium,"relevant mechanistic terms: virus, viral, host","Oncolytic viruses (OVs) are at the forefront of biologicals for cancer treatment. They represent a diverse landscape of naturally occurring viral strains and genetically modified viruses that, either as single agents or as part of combination therapies, are being evaluated in..."
pi-backlog,pmid-37961552,37961552,2023,,Colloidal aggregation confounds cell-based Covid-19 antiviral screens.,,sars-cov-2;sars-cov;influenza,,,primary_research,candidate,relevant viral/host/pathway terms matched: viral,medium,relevant mechanistic terms: viral,Colloidal aggregation is one of the largest contributors to false-positives in early drug discovery and chemical biology. Much work has focused on its impact on pure-protein screens; here we consider aggregations role in cell-based infectivity assays in Covid-19 drug repurposi...
pi-backlog,pmid-37938000,37938000,2023,,Hepatitis C virus infects and perturbs liver stem cells.,,hcv,,,primary_research,candidate,"relevant viral/host/pathway terms matched: virus, infection",medium,relevant mechanistic terms: virus,"The hepatitis C virus (HCV) causes liver disease, affecting millions. Even though we have effective antivirals that cure HCV, they cannot stop terminal liver disease. We used an adult stem cell-derived liver organoid system to understand how HCV infection leads to the progress..."
pi-backlog,pmid-37925635,37925635,2023,,A flow cytometry-based assay to investigate HIV-1 expression in SMYD5 shRNA containing primary CD4(+) T cells.,,hiv,,,methods,candidate,relevant viral/host/pathway terms matched: virus,medium,"relevant mechanistic terms: virus, host","Delivering small hairpin RNAs (shRNAs) and the HIV-1 virus to primary CD4+ T cells with high transduction efficiency and high cell viability can be challenging. Here, we present a flow cytometry-based assay to knock down the host protein SMYD5 by shRNA and study the HIV-1 viru..."
current-program,pmid-37891657,37891657,2023,,Resurgence of SARS-CoV-2 Delta after Omicron variant superinfection in an immunocompromised pediatric patient.,,sars-cov-2;sars-cov,,,data_or_analysis,candidate,relevant viral/host/pathway terms matched: viral,medium,"older paper with relevant terms: viral, host","BACKGROUND: Persistent SARS-CoV-2 infection in immunocompromised hosts is thought to contribute to viral evolution by facilitating long-term natural selection and viral recombination in cases of viral co-infection or superinfection. However, there are limited data on the longi..."
pi-backlog,pmid-37889065,37889065,2023,,Pathogenetic Dichotomy in Angioleiomyoma.,,,,,data_or_analysis,high,explicit cross-virus/shared-host language: comparative,low,no strong backlog-priority keywords matched,"BACKGROUND/AIM: Angioleiomyoma is a benign tumor, occurs at any age, and arises most frequently in the lower extremities. Genetic information on angioleiomyomas is restricted to six reported abnormal karyotypes, losses in chromosome 22 and gains in Xq found by comparative geno..."
pi-backlog,pmid-37886564,37886564,2023,,Transcriptomic Analysis Pipeline (TAP) for quality control and functional assessment of transcriptomes.,,,,transcriptomics,methods,high,explicit cross-virus/shared-host language: comparative,low,no strong backlog-priority keywords matched,"BACKGROUND: RNA-sequencing (RNA-seq) has revolutionized the exploration of biological mechanisms, shedding light on the roles of non-coding RNAs, including long non-coding RNAs (lncRNAs), across various biological processes, including stress responses. Despite these advancemen..."
hpmi,pmid-37869789,37869789,2023,HPMI,Previous exposure to Spike-providing parental strains confers neutralizing immunity to XBB lineage and other SARS-CoV-2 recombinants in the context of vaccination.,,sars-cov-2;sars-cov,,,primary_research,unknown,no explicit cross-virus or strong host-mechanism terms matched,medium,"older HPMI paper with relevant terms: sars, cov","The emergence of SARS-CoV-2 recombinants is of particular concern as they can result in a sudden increase in immune evasion due to antigenic shift. Recent recombinants XBB and XBB.1.5 have higher transmissibility than previous recombinants such as ""Deltacron."" We hypothesized..."
current-program,pmid-37745602,37745602,2023,CViSB,Genetic tracing of market wildlife and viruses at the epicenter of the COVID-19 pandemic.,Robert Garry;Kristian Andersen,sars-cov-2;sars-cov,,,data_or_analysis,candidate,relevant viral/host/pathway terms matched: viral,medium,older paper with relevant terms: viral,"Zoonotic spillovers of viruses have occurred through the animal trade worldwide. The start of the COVID-19 pandemic was traced epidemiologically to the Huanan Wholesale Seafood Market, the site with the most reported wildlife vendors in the city of Wuhan, China. Here, we analy..."
pi-backlog,pmid-37693425,37693425,2023,,Generation of antigen-specific memory CD4 T cells by heterologous immunization enhances the magnitude of the germinal center response upon influenza infection.,,influenza;cmv,,,primary_research,candidate,"relevant viral/host/pathway terms matched: virus, infection",medium,relevant mechanistic terms: virus,"Current influenza vaccine strategies have yet to overcome significant obstacles, including rapid antigenic drift of seasonal influenza viruses, in generating efficacious long-term humoral immunity. Due to the necessity of germinal center formation in generating long-lived high..."
current-program,pmid-37672567,37672567,2023,,Humoral immunity to an endemic coronavirus is associated with postacute sequelae of COVID-19 in individuals with rheumatic diseases.,,sars-cov-2;sars-cov,,,data_or_analysis,candidate,relevant viral/host/pathway terms matched: virus,medium,"older paper with relevant terms: virus, pathogen, coronavirus","Beyond the acute illness caused by severe acute respiratory coronavirus 2 (SARS-CoV-2) infection, about one-fifth of infections result in long-term persistence of symptoms despite the apparent clearance of infection. Insights into the mechanisms that underlie postacute sequela..."
pi-backlog,pmid-37645908,37645908,2023,,SARS-CoV-2 infection triggers pro-atherogenic inflammatory responses in human coronary vessels.,,sars-cov-2;sars-cov,,,primary_research,candidate,"relevant viral/host/pathway terms matched: viral, infection",medium,relevant mechanistic terms: viral,"COVID-19 patients present higher risk for myocardial infarction (MI), acute coronary syndrome, and stroke for up to 1 year after SARS-CoV-2 infection. While the systemic inflammatory response to SARS-CoV-2 infection likely contributes to this increased cardiovascular risk, whe..."
pi-backlog,pmid-37600776,37600776,2023,,Influenza breakthrough infection in vaccinated mice is characterized by non-pathological lung eosinophilia.,,influenza;rsv,,,primary_research,candidate,"relevant viral/host/pathway terms matched: virus, viral, infection",medium,"relevant mechanistic terms: virus, viral","Eosinophils are important mediators of mucosal tissue homeostasis, anti-helminth responses, and allergy. Lung eosinophilia has previously been linked to aberrant Type 2-skewed T cell responses to respiratory viral infection and may also be a consequence of vaccine-associated e..."
hpmi,pmid-37577546,37577546,2023,HPMI,Cross-family small GTPase ubiquitination by the intracellular pathogen Legionella pneumophila.,,,legionella_pneumophila,,primary_research,candidate,relevant host-pathogen/pathway terms matched: proteome,low,no strong HPMI literature-priority keywords matched,The intracellular bacterial pathogen Legionella pneumophila (L.p.) manipulates eukaryotic host ubiquitination machinery to form its replicative vacuole. While nearly 10% of L.p.'s arsenal of ~330 secreted effector proteins have been biochemically characterized as ubiquitin lig...
current-program,pmid-37535402,37535402,2023,CViSB,Anamnestic humoral correlates of immunity across SARS-CoV-2 variants of concern.,Ryan McNamara,sars-cov-2;sars-cov,,,data_or_analysis,candidate,relevant viral/host/pathway terms matched: virus,medium,older paper with relevant terms: virus,"While immune correlates against SARS-CoV-2 are typically defined at peak immunogenicity following vaccination, immunologic responses that expand selectively during the anamnestic response following infection can provide mechanistic and detailed insights into the immune mechani..."
pi-backlog,pmid-37523415,37523415,2023,,Structures of SARS-CoV-2 N7-methyltransferase with DOT1L and PRMT7 inhibitors provide a platform for new antivirals.,,sars-cov-2;sars-cov,,,primary_research,candidate,relevant viral/host/pathway terms matched: viral,medium,relevant mechanistic terms: viral,The RNA N7-methyltransferase (MTase) activity of SARS-CoV-2's nsp14 protein is essential for viral replication and is a target for the development of new antivirals. Nsp14 uses S-adenosyl methionine (SAM) as the methyl donor to cap the 5' end of the SARS-CoV-2 mRNA and generat...
pi-backlog,pmid-37520727,37520727,2023,,Spatiotemporally organized immunomodulatory response to SARS-CoV-2 virus in primary human broncho-alveolar epithelia.,,sars-cov-2;sars-cov,,,primary_research,candidate,"relevant viral/host/pathway terms matched: virus, infection",medium,relevant mechanistic terms: virus,"The COVID-19 pandemic continues to be a health crisis with major unmet medical needs. The early responses from airway epithelial cells, the first target of the virus regulating the progression toward severe disease, are not fully understood. Primary human air-liquid interface..."
pi-backlog,pmid-37467213,37467213,2023,,"Lumicitabine, an orally administered nucleoside analog, in infants hospitalized with respiratory syncytial virus (RSV) infection: Safety, efficacy, and pharmacokinetic results.",,rsv,,,primary_research,candidate,"relevant viral/host/pathway terms matched: virus, viral, infection",medium,"relevant mechanistic terms: virus, viral","Respiratory syncytial virus (RSV) infection is the leading cause of infant hospitalizations and mortality. Lumicitabine, an oral nucleoside analog was studied for the treatment of RSV. The phase 1b and phase 2b studies reported here assessed the safety, pharmacokinetics, and p..."
pi-backlog,pmid-37386041,37386041,2023,,Multicomponent intranasal adjuvant for mucosal and durable systemic SARS-CoV-2 immunity in young and aged mice.,,sars-cov-2;sars-cov,,,primary_research,candidate,"relevant viral/host/pathway terms matched: viral, infection",medium,relevant mechanistic terms: viral,"Multiple FDA-approved SARS-CoV-2 vaccines currently provide excellent protection against severe disease. Despite this, immunity can wane relatively fast, particularly in the elderly and novel viral variants capable of evading infection- and vaccination-induced immunity continu..."
pi-backlog,pmid-37354973,37354973,2023,,SARS-CoV-2 protein ORF8 limits expression levels of Spike antigen and facilitates immune evasion of infected host cells.,,sars-cov-2;sars-cov;coronavirus,,,primary_research,candidate,relevant viral/host/pathway terms matched: viral,medium,"relevant mechanistic terms: viral, host","Recovery from COVID-19 depends on the ability of the host to effectively neutralize virions and infected cells, a process largely driven by antibody-mediated immunity. However, with the newly emerging variants that evade Spike-targeting antibodies, re-infections and breakthrou..."
pi-backlog,pmid-37294077,37294077,2023,,Structure-Based Discovery of Inhibitors of the SARS-CoV-2 Nsp14 N7-Methyltransferase.,,sars-cov-2;sars-cov,,,primary_research,candidate,"relevant viral/host/pathway terms matched: virus, viral",medium,"relevant mechanistic terms: virus, viral, host","An under-explored target for SARS-CoV-2 is the S-adenosyl methionine (SAM)-dependent methyltransferase Nsp14, which methylates the N7-guanosine of viral RNA at the 5'-end, allowing the virus to evade host immune response. We sought new Nsp14 inhibitors with three large library..."
pi-backlog,pmid-37261930,37261930,2023,,Seroprofiling of Antibodies Against Endemic Human Coronaviruses and Severe Acute Respiratory Syndrome Coronavirus 2 in a Human Immunodeficiency Virus Cohort in Lesotho: Correlates of Antibody Response and Seropositivity.,,sars-cov-2;sars-cov;coronavirus;hiv,,,primary_research,candidate,relevant viral/host/pathway terms matched: virus,medium,relevant mechanistic terms: virus,"BACKGROUND: Serological data on endemic human coronaviruses (HCoVs) and severe acute respiratory syndrome coronavirus 2 (SARS-CoV-2) in southern Africa are scarce. Here, we report on (1) endemic HCoV seasonality, (2) SARS-CoV-2 seroprevalence, and (3) correlates of SARS-CoV-2..."
current-program,pmid-37249415,37249415,2023,,Humoral profiling of pediatric patients with cancer reveals robust immunity following anti-SARS-CoV-2 vaccination superior to natural infection.,,sars-cov-2;sars-cov,,,data_or_analysis,candidate,relevant viral/host/pathway terms matched: virus,medium,older paper with relevant terms: virus,BACKGROUND: Pediatric patients with cancer infected with COVID-19 may be at higher risk of severe disease and may be unable to mount an adequate response to the virus due to compromised immunity secondary to their cancer therapy. PROCEDURE: This study presents immunologic anal...
pi-backlog,pmid-37207002,37207002,2023,,Tracking the emergence of antigenic variants in influenza A virus epidemics in Brazil.,,influenza,,,primary_research,candidate,relevant viral/host/pathway terms matched: virus,medium,relevant mechanistic terms: virus,"Influenza A virus (IAV) circulation patterns differ in North America and South America, with influenza seasons often characterized by different subtypes and strains. However, South America is relatively undersampled considering the size of its population. To address this gap,..."
current-program,pmid-37191546,37191546,2023,,Serodominant SARS-CoV-2 Nucleocapsid Peptides Map to Unstructured Protein Regions.,,sars-cov-2;sars-cov,,,data_or_analysis,candidate,relevant viral/host/pathway terms matched: viral,medium,older paper with relevant terms: viral,"The SARS-CoV-2 nucleocapsid (N) protein is highly immunogenic, and anti-N antibodies are commonly used as markers for prior infection. While several studies have examined or predicted the antigenic regions of N, these have lacked consensus and structural context. Using COVID-1..."
pi-backlog,pmid-37164959,37164959,2023,,Interim safety and immunogenicity results from an NDV-based COVID-19 vaccine phase I trial in Mexico.,,sars-cov-2;sars-cov;coronavirus;influenza,,,primary_research,candidate,"relevant viral/host/pathway terms matched: virus, viral",medium,"relevant mechanistic terms: virus, viral","There is still a need for safe, efficient, and low-cost coronavirus disease 2019 (COVID-19) vaccines that can stop transmission of severe acute respiratory syndrome coronavirus 2 (SARS-CoV-2). Here we evaluated a vaccine candidate based on a live recombinant Newcastle disease..."
pi-backlog,pmid-37131711,37131711,2023,,A single inactivating amino acid change in the SARS-CoV-2 NSP3 Mac1 domain attenuates viral replication and pathogenesis in vivo.,,sars-cov-2;sars-cov,,,primary_research,candidate,"relevant viral/host/pathway terms matched: virus, viral, infection",medium,"relevant mechanistic terms: virus, viral","Despite unprecedented efforts, our therapeutic arsenal against SARS-CoV-2 remains limited. The conserved macrodomain 1 (Mac1) in NSP3 is an enzyme exhibiting ADP-ribosylhydrolase activity and a possible drug target. To determine the therapeutic potential of Mac1 inhibition, we..."
pi-backlog,pmid-37085489,37085489,2023,,Rapid assembly of SARS-CoV-2 genomes reveals attenuation of the Omicron BA.1 variant through NSP6.,,sars-cov-2;sars-cov,,,primary_research,candidate,relevant viral/host/pathway terms matched: viral,medium,relevant mechanistic terms: viral,"Although the SARS-CoV-2 Omicron variant (BA.1) spread rapidly across the world and effectively evaded immune responses, its viral fitness in cell and animal models was reduced. The precise nature of this attenuation remains unknown as generating replication-competent viral gen..."
pi-backlog,pmid-37085480,37085480,2023,,Influenza virus mRNAs encode determinants for nuclear export via the cellular TREX-2 complex.,,influenza,,,primary_research,candidate,relevant viral/host/pathway terms matched: virus,medium,relevant mechanistic terms: virus,"Nuclear export of influenza A virus (IAV) mRNAs occurs through the nuclear pore complex (NPC). Using the Auxin-Induced Degron (AID) system to rapidly degrade proteins, we show that among the nucleoporins localized at the nucleoplasmic side of the NPC, TPR is the key nucleopori..."
pi-backlog,pmid-37034597,37034597,2023,,Spatiotemporally organized immunomodulatory response to SARS-CoV-2 virus in primary human broncho-alveolar epithelia.,,sars-cov-2;sars-cov,,,primary_research,candidate,"relevant viral/host/pathway terms matched: virus, infection",medium,relevant mechanistic terms: virus,"The COVID-19 pandemic continues to be a health crisis with major unmet medical needs. The early responses from airway epithelial cells, the first target of the virus regulating the progression towards severe disease, are not fully understood. Primary human air-liquid interface..."
pi-backlog,pmid-36939421,36939421,2023,,A Small Molecule RIG-I Agonist Serves as an Adjuvant to Induce Broad Multifaceted Influenza Virus Vaccine Immunity.,,influenza,,,primary_research,candidate,"relevant viral/host/pathway terms matched: virus, infection",medium,"relevant mechanistic terms: virus, host","Retinoic acid-inducible gene I (RIG-I) is essential for activating host cell innate immunity to regulate the immune response against many RNA viruses. We previously identified that a small molecule compound, KIN1148, led to the activation of IFN regulatory factor 3 (IRF3) and..."
pi-backlog,pmid-36897778,36897778,2023,,The lysine methyltransferase SMYD5 amplifies HIV-1 transcription and is post-transcriptionally upregulated by Tat and USP11.,,hiv,,,primary_research,candidate,"relevant viral/host/pathway terms matched: viral, host factor",medium,"relevant mechanistic terms: viral, host","A successful HIV-1 cure strategy may require enhancing HIV-1 latency to silence HIV-1 transcription. Modulators of gene expression show promise as latency-promoting agents in vitro and in vivo. Here, we identify Su(var)3-9, enhancer-of-zeste, and trithorax (SET) and myeloid, N..."
pi-backlog,pmid-36827975,36827975,2023,,"SARS-CoV-2 infection of airway organoids reveals conserved use of Tetraspanin-8 by Ancestral, Delta, and Omicron variants.",,sars-cov-2;sars-cov;coronavirus,,,primary_research,candidate,"relevant viral/host/pathway terms matched: viral, interaction, infection",medium,relevant mechanistic terms: viral,"Ancestral SARS coronavirus-2 (SARS-CoV-2) and variants of concern (VOC) caused a global pandemic with a spectrum of disease severity. The mechanistic explaining variations related to airway epithelium are relatively understudied. Here, we biobanked airway organoids (AO) by pre..."
pi-backlog,pmid-36798416,36798416,2023,,Rapid assembly of SARS-CoV-2 genomes reveals attenuation of the Omicron BA.1 variant through NSP6.,,sars-cov-2;sars-cov,,,primary_research,candidate,relevant viral/host/pathway terms matched: viral,medium,relevant mechanistic terms: viral,"Although the SARS-CoV-2 Omicron variant (BA.1) spread rapidly across the world and effectively evaded immune responses, its viral fitness in cell and animal models was reduced. The precise nature of this attenuation remains unknown as generating replication-competent viral gen..."
pi-backlog,pmid-36791207,36791207,2023,,An inactivated NDV-HXP-S COVID-19 vaccine elicits a higher proportion of neutralizing antibodies in humans than mRNA vaccination.,,sars-cov-2;sars-cov;influenza,,,primary_research,candidate,relevant viral/host/pathway terms matched: virus,medium,relevant mechanistic terms: virus,"NDV-HXP-S is a recombinant Newcastle disease virus-based vaccine against SARS-CoV-2, which expresses an optimized (HexaPro) spike protein on its surface. The vaccine can be produced in embryonated chicken eggs using the same process as that used for the production of the vast..."
pi-backlog,pmid-36765053,36765053,2023,,Generation of a high yield vaccine backbone for influenza B virus in embryonated chicken eggs.,,influenza,,,primary_research,candidate,"relevant viral/host/pathway terms matched: virus, infection",medium,relevant mechanistic terms: virus,Influenza B virus (IBV) strains are one of the components of seasonal influenza vaccines in both trivalent and quadrivalent formulations. The vast majority of these vaccines are produced in embryonated chickens' eggs. While optimized backbones for vaccine production in eggs ex...
pi-backlog,pmid-36711479,36711479,2023,,"A multicomponent intranasal adjuvant drives durable humoral, cellular, and mucosal immune responses to SARS-CoV-2 in young and aged mice.",,sars-cov-2;sars-cov,,,primary_research,candidate,"relevant viral/host/pathway terms matched: viral, infection",medium,relevant mechanistic terms: viral,"Multiple FDA-approved SARS-CoV-2 vaccines provide excellent protection against severe disease. Despite this, immunity can wane relatively fast, particularly in the elderly and novel viral variants capable of evading infection- and vaccination-induced immunity continue to emerg..."
pi-backlog,pmid-36700653,36700653,2023,,Virology under the Microscope-a Call for Rational Discourse.,,sars-cov-2;sars-cov,,,primary_research,candidate,"relevant viral/host/pathway terms matched: virus, infection",medium,relevant mechanistic terms: virus,"Viruses have brought humanity many challenges: respiratory infection, cancer, neurological impairment and immunosuppression to name a few. Virology research over the last 60+ years has responded to reduce this disease burden with vaccines and antivirals. Despite this long hist..."
pi-backlog,pmid-36700642,36700642,2023,,Virology under the Microscope-a Call for Rational Discourse.,,sars-cov-2;sars-cov,,,primary_research,candidate,"relevant viral/host/pathway terms matched: virus, infection",medium,relevant mechanistic terms: virus,"Viruses have brought humanity many challenges: respiratory infection, cancer, neurological impairment and immunosuppression to name a few. Virology research over the last 60+ years has responded to reduce this disease burden with vaccines and antivirals. Despite this long hist..."
pi-backlog,pmid-36700640,36700640,2023,,Virology under the Microscope-a Call for Rational Discourse.,,sars-cov-2;sars-cov,,,primary_research,candidate,"relevant viral/host/pathway terms matched: virus, infection",medium,relevant mechanistic terms: virus,"Viruses have brought humanity many challenges: respiratory infection, cancer, neurological impairment and immunosuppression to name a few. Virology research over the last 60+ years has responded to reduce this disease burden with vaccines and antivirals. Despite this long hist..."
pi-backlog,pmid-36533948,36533948,2023,,Antigenic Landscape Analysis of Individuals Vaccinated with a Universal Influenza Virus Vaccine Candidate Reveals Induction of Cross-Subtype Immunity.,,influenza,,,primary_research,candidate,relevant viral/host/pathway terms matched: virus,medium,relevant mechanistic terms: virus,"Current influenza virus vaccines have to be closely matched to circulating strains to provide good protection, and antigenic drift and emerging pandemic influenza virus strains present a difficult challenge for them. Universal influenza virus vaccines, including chimeric hemag..."
pi-backlog,pmid-36523164,36523164,2023,,SARS-CoV-2 viral protein ORF3A injures renal tubules by interacting with TRIM59 to induce STAT3 activation.,,sars-cov-2;sars-cov;coronavirus,,,primary_research,candidate,"relevant viral/host/pathway terms matched: virus, viral, infection",medium,"relevant mechanistic terms: virus, viral","Acute kidney injury occurs frequently in COVID-19 patients infected by the coronavirus SARS-CoV-2, and infection of kidney cells by this virus has been reported. However, little is known about the direct impact of the SARS-CoV-2 infection upon the renal tubular cells. We repor..."
current-program,pmid-36472425,36472425,2023,SCRIPT,Machine Learning To Stratify Methicillin-Resistant Staphylococcus aureus Risk among Hospitalized Patients with Community-Acquired Pneumonia.,Richard Wunderink,,staphylococcus_aureus,clinical_modeling,primary_research,high,explicit cross-virus/shared-host language: broad-spectrum,low,no strong literature-priority keywords matched,Methicillin-resistant Staphylococcus aureus (MRSA) is an uncommon but serious cause of community-acquired pneumonia (CAP). A lack of validated MRSA CAP risk factors can result in overuse of empirical broad-spectrum antibiotics. We sought to develop robust models predicting the...
pi-backlog,pmid-36271493,36271493,2023,,Evaluation and validation of an RT-PCR assay for specific detection of monkeypox virus (MPXV).,,poxvirus,,,methods,candidate,"relevant viral/host/pathway terms matched: virus, viral, infection",medium,"relevant mechanistic terms: virus, viral","Monkeypox virus (MPXV) is a zoonotic orthopoxvirus within the Poxviridae family. MPXV is endemic to Central and West Africa. However, the world is currently witnessing an international outbreak with no clear epidemiological links to travel or animal exposure and with ever-incr..."
pi-backlog,pmid-36581658,36581658,2022,,An intranasal recombinant NDV-BRSV F(opt) vaccine is safe and reduces lesion severity in a colostrum-deprived calf model of RSV infection.,,rsv,,,primary_research,candidate,"relevant viral/host/pathway terms matched: virus, viral, infection",medium,"relevant mechanistic terms: virus, viral","Human respiratory syncytial virus (HRSV) is a major cause of severe lower respiratory tract disease in infants and the elderly, yet no safe, effective vaccine is commercially available. Closely related bovine RSV (BRSV) causes respiratory disease in young calves, with many sim..."
pi-backlog,pmid-36561187,36561187,2022,,"Surface-modified measles vaccines encoding oligomeric, fusion-stabilized SARS-CoV-2 spike glycoproteins bypass measles seropositivity, boosting neutralizing antibody responses to omicron and historical variants.",,sars-cov-2;sars-cov,,,primary_research,candidate,"relevant viral/host/pathway terms matched: virus, infection",medium,relevant mechanistic terms: virus,"Serum titers of SARS-CoV-2 neutralizing antibodies (nAb) correlate well with protection from symptomatic COVID-19, but decay rapidly in the months following vaccination or infection. In contrast, measles-protective nAb titers are life-long after measles vaccination, possibly d..."
pi-backlog,pmid-36561180,36561180,2022,,Visualization of early RNA replication kinetics of SARS-CoV-2 by using single molecule RNA-FISH.,,sars-cov-2;sars-cov;influenza,,,methods,candidate,"relevant viral/host/pathway terms matched: virus, viral, infection",medium,"relevant mechanistic terms: virus, viral","UNLABELLED: SARS-CoV-2 infection has caused a major global burden. Despite intensive research, the mechanism and dynamics of early viral replication are not completely understood including the kinetics of formation of plus stranded genomic and subgenomic RNAs (gRNA and sgRNA)..."
pi-backlog,pmid-36558898,36558898,2022,,SARS-CoV-2 Inhibitors Identified by Phenotypic Analysis of a Collection of Viral RNA-Binding Molecules.,,sars-cov-2;sars-cov;coronavirus;hiv;hcv,,,primary_research,candidate,"relevant viral/host/pathway terms matched: virus, viral",medium,"relevant mechanistic terms: virus, viral",Antiviral agents are needed for the treatment of SARS-CoV-2 infections and to control other coronavirus outbreaks that may occur in the future. Here we report the identification and characterization of RNA-binding compounds that inhibit SARS-CoV-2 replication. The compounds we...
pi-backlog,pmid-36426358,36426358,2022,,RIG-I and TLR-7/8 agonists as combination adjuvant shapes unique antibody and cellular vaccine responses to seasonal influenza vaccine.,,influenza,,,primary_research,candidate,"relevant viral/host/pathway terms matched: virus, infection",medium,"relevant mechanistic terms: virus, host",Influenza vaccine effectiveness could be improved by combination with an adjuvant with the potential to enhance the host-vaccine response both quantitatively and qualitatively. The goal of this study was to explore a RIG-I agonist (SDI-nanogel) and a TLR7/8 agonist (Imidazoqui...
pi-backlog,pmid-36327129,36327129,2022,,First report and genetic characterization of Seneca Valley virus (SVV) in Chile.,,influenza,,,primary_research,candidate,"relevant viral/host/pathway terms matched: virus, infection",medium,relevant mechanistic terms: virus,"Seneca Valley virus (SVV) is a non-enveloped RNA virus and the only member of the Senecavirus A (SVA) species, in the Senecavirus genus, Picornaviridae family. SVV infection causes vesicular lesions in the oral cavity, snout and hooves of pigs. This infection is clinically ind..."
pi-backlog,pmid-36314791,36314791,2022,,"Neuropilin-1 Mediates SARS-CoV-2 Infection of Astrocytes in Brain Organoids, Inducing Inflammation Leading to Dysfunction and Death of Neurons.",,sars-cov-2;sars-cov;coronavirus,,,primary_research,candidate,"relevant viral/host/pathway terms matched: viral, infection",medium,relevant mechanistic terms: viral,"Coronavirus disease 2019 (COVID-19) is frequently associated with neurological deficits, but how severe acute respiratory syndrome coronavirus 2 (SARS-CoV-2) induces these effects remains unclear. Here, we show that astrocytes are readily infected by SARS-CoV-2, but surprising..."
pi-backlog,pmid-36299428,36299428,2022,,Impact of SARS-CoV-2 ORF6 and its variant polymorphisms on host responses and viral pathogenesis.,,sars-cov-2;sars-cov,,,primary_research,candidate,"relevant viral/host/pathway terms matched: viral, interaction, proteome, pathway, infection",medium,"relevant mechanistic terms: viral, host, pathway",UNLABELLED: We and others have previously shown that the SARS-CoV-2 accessory protein ORF6 is a powerful antagonist of the interferon (IFN) signaling pathway by directly interacting with Nup98-Rae1 at the nuclear pore complex (NPC) and disrupting bidirectional nucleo-cytoplasm...
pi-backlog,pmid-36298829,36298829,2022,,Viral Hijacking of BET Proteins.,,,,network_modeling,data_or_analysis,candidate,"relevant viral/host/pathway terms matched: virus, viral",medium,"relevant mechanistic terms: virus, viral, host","Proteins of the bromodomain and exterminal domain (BET) family mediate critical host functions such as cell proliferation, transcriptional regulation, and the innate immune response, which makes them preferred targets for viruses. These multidomain proteins are best known as t..."
pi-backlog,pmid-36272098,36272098,2022,,Viral Shedding 1 Year Following First-Episode Genital HSV-1 Infection.,,hiv,,,primary_research,candidate,"relevant viral/host/pathway terms matched: virus, viral, infection",medium,"relevant mechanistic terms: virus, viral","IMPORTANCE: Herpes simplex virus type 1 (HSV-1) is the leading cause of first-episode genital herpes in many countries. OBJECTIVE: To inform counseling messages regarding genital HSV-1 transmission, oral and genital viral shedding patterns among persons with first-episode geni..."
pi-backlog,pmid-36245642,36245642,2022,,Mucosal delivery of RNA vaccines by Newcastle disease virus vectors.,,sars-cov-2;sars-cov,,,primary_research,candidate,relevant viral/host/pathway terms matched: virus,medium,relevant mechanistic terms: virus,"The rapid evolution of SARS-CoV-2 since its pandemic outbreak has underscored the need for improved SARS-CoV-2 vaccines that efficiently reduce not only hospitalizations and deaths, but also infections and transmission. This might be achieved by a new generation of intranasall..."
current-program,pmid-36203557,36203557,2022,,Impact of cross-coronavirus immunity in post-acute sequelae of COVID-19.,,sars-cov-2;sars-cov,,,data_or_analysis,candidate,relevant viral/host/pathway terms matched: virus,medium,"older paper with relevant terms: virus, pathogen, coronavirus","Beyond the unpredictable acute illness caused by SARS-CoV-2, one-fifth of infections unpredictably result in long-term persistence of symptoms despite the apparent clearance of infection. Insights into the mechanisms that underlie post-acute sequelae of COVID-19 (PASC) will be..."
pi-backlog,pmid-36112363,36112363,2022,,Autoantibodies against type I IFNs in patients with critical influenza pneumonia.,,sars-cov-2;influenza,,,primary_research,candidate,relevant viral/host/pathway terms matched: virus,medium,relevant mechanistic terms: virus,Autoantibodies neutralizing type I interferons (IFNs) can underlie critical COVID-19 pneumonia and yellow fever vaccine disease. We report here on 13 patients harboring autoantibodies neutralizing IFN-α2 alone (five patients) or with IFN-ω (eight patients) from a cohort of 279...
current-program,pmid-36060555,36060555,2022,,Inferring Phenotypic Trait Evolution on Large Trees With Many Incomplete Measurements.,,hiv,,,primary_research,high,explicit cross-virus/shared-host language: comparative,low,no strong literature-priority keywords matched,"Comparative biologists are often interested in inferring covariation between multiple biological traits sampled across numerous related taxa. To properly study these relationships, we must control for the shared evolutionary history of the taxa to avoid spurious inference. An..."
pi-backlog,pmid-35945353,35945353,2022,,SARS-CoV-2 hybrid immunity: silver bullet or silver lining?,,sars-cov-2;sars-cov,,,primary_research,candidate,relevant viral/host/pathway terms matched: virus,medium,relevant mechanistic terms: virus,Hybrid immunity occurs in those who have been both infected with and vaccinated against SARS-CoV-2. But how well does such hybrid immunity protect against the virus and its emerging variants?
current-program,pmid-35899968,35899968,2022,,De novo emergence of SARS-CoV-2 spike mutations in immunosuppressed patients.,,sars-cov-2;sars-cov,,,data_or_analysis,candidate,"relevant viral/host/pathway terms matched: virus, viral",medium,"older paper with relevant terms: virus, viral, coronavirus",BACKGROUND: The continuing evolution of severe acute respiratory syndrome coronavirus 2 (SARS-CoV-2) variants with decreased susceptibility to neutralizing antibodies is of clinical importance. Several spike mutations associated with immune escape have evolved independently in...
pi-backlog,pmid-35876794,35876794,2022,,A Single-Component Luminescent Biosensor for the SARS-CoV-2 Spike Protein.,,sars-cov-2;sars-cov,,,primary_research,candidate,relevant viral/host/pathway terms matched: virus,medium,relevant mechanistic terms: virus,"Many existing protein detection strategies depend on highly functionalized antibody reagents. A simpler and easier to produce class of detection reagent is highly desirable. We designed a single-component, recombinant, luminescent biosensor that can be expressed in laboratory..."
pi-backlog,pmid-35874165,35874165,2022,,Accelerating PERx reaction enables covalent nanobodies for potent neutralization of SARS-CoV-2 and variants.,,sars-cov-2;sars-cov,,,primary_research,candidate,relevant viral/host/pathway terms matched: viral,medium,relevant mechanistic terms: viral,"The long-lasting COVID-19 pandemic and increasing SARS-CoV-2 variants demand effective drugs for prophylactics and treatment. Protein-based biologics offer high specificity, yet their noncovalent interactions often lead to drug dissociation and incomplete inhibition. Here, we..."
pi-backlog,pmid-35858386,35858386,2022,,Omicron mutations enhance infectivity and reduce antibody neutralization of SARS-CoV-2 virus-like particles.,,sars-cov-2;sars-cov;coronavirus,,,primary_research,candidate,"relevant viral/host/pathway terms matched: virus, viral",medium,"relevant mechanistic terms: virus, viral","The severe acute respiratory syndrome coronavirus 2 (SARS-CoV-2) Omicron variant contains extensive sequence changes relative to the earlier-arising B.1, B.1.1, and Delta SARS-CoV-2 variants that have unknown effects on viral infectivity and response to existing vaccines. Usin..."
pi-backlog,pmid-35839775,35839775,2022,,Viral E protein neutralizes BET protein-mediated post-entry antagonism of SARS-CoV-2.,,sars-cov-2;sars-cov;coronavirus,,,primary_research,candidate,"relevant viral/host/pathway terms matched: viral, infection",medium,relevant mechanistic terms: viral,Inhibitors of bromodomain and extraterminal domain (BET) proteins are possible anti-severe acute respiratory syndrome coronavirus 2 (SARS-CoV-2) prophylactics as they downregulate angiotensin-converting enzyme 2 (ACE2). Here we show that BET proteins should not be inactivated...
pi-backlog,pmid-35809572,35809572,2022,,Recognition of HIV-1 capsid by PQBP1 licenses an innate immune sensing of nascent HIV-1 DNA.,,hiv,,,primary_research,candidate,"relevant viral/host/pathway terms matched: virus, viral, infection",medium,"relevant mechanistic terms: virus, viral",We have previously described polyglutamine-binding protein 1 (PQBP1) as an adapter required for the cyclic GMP-AMP synthase (cGAS)-mediated innate response to the human immunodeficiency virus 1 (HIV-1) and other lentiviruses. Cytoplasmic HIV-1 DNA is a transient and low-abunda...
current-program,pmid-35798029,35798029,2022,CViSB,Wastewater sequencing reveals early cryptic SARS-CoV-2 variant transmission.,Melissa Johnson;Elaine Reed;Kristian Andersen,sars-cov-2;sars-cov,,,data_or_analysis,candidate,relevant viral/host/pathway terms matched: virus,medium,older paper with relevant terms: virus,"As SARS-CoV-2 continues to spread and evolve, detecting emerging variants early is critical for public health interventions. Inferring lineage prevalence by clinical testing is infeasible at scale, especially in areas with limited resources, participation, or testing and/or se..."
pi-backlog,pmid-35784650,35784650,2022,,Development of an HIV reporter virus that identifies latently infected CD4(+) T cells.,,hiv,,,primary_research,candidate,"relevant viral/host/pathway terms matched: virus, viral, infection",medium,"relevant mechanistic terms: virus, viral","There is no cure for HIV infection, as the virus establishes a latent reservoir, which escapes highly active antiretroviral treatments. One major obstacle is the difficulty identifying cells that harbor latent proviruses. We devised a single-round viral vector that carries a s..."
pi-backlog,pmid-35776647,35776647,2022,,Protocol to isolate and assess spike protein cleavage in SARS-CoV-2 variants obtained from clinical COVID-19 samples.,,sars-cov-2;sars-cov,,,methods,candidate,relevant viral/host/pathway terms matched: viral,medium,relevant mechanistic terms: viral,"For efficient cell entry, SARS-CoV-2 spike protein needs to be cleaved by cellular proteases. Here, we present a comprehensive protocol to assess SARS-CoV-2 spike protein cleavage in viral supernatants from SARS-CoV-2-infected cells. We also include a previous step of SARS-CoV..."
pi-backlog,pmid-35734091,35734091,2022,,A single-component luminescent biosensor for the SARS-CoV-2 spike protein.,,sars-cov-2;sars-cov,,,primary_research,candidate,relevant viral/host/pathway terms matched: virus,medium,relevant mechanistic terms: virus,"Many existing protein detection strategies depend on highly functionalized antibody reagents. A simpler and easier to produce class of detection reagent is highly desirable. We designed a single-component, recombinant, luminescent biosensor that can be expressed in laboratory..."
pi-backlog,pmid-35704758,35704758,2022,,Nuclear speckle integrity and function require TAO2 kinase.,,influenza,,,primary_research,candidate,"relevant viral/host/pathway terms matched: virus, viral, infection",medium,"relevant mechanistic terms: virus, viral, host","Nuclear speckles are non-membrane-bound organelles known as storage sites for messenger RNA (mRNA) processing and splicing factors. More recently, nuclear speckles have also been implicated in splicing and export of a subset of mRNAs, including the influenza virus M mRNA that..."
pi-backlog,pmid-35658571,35658571,2022,,Trivalent NDV-HXP-S Vaccine Protects against Phylogenetically Distant SARS-CoV-2 Variants of Concern in Mice.,,sars-cov-2;sars-cov;coronavirus,,,primary_research,candidate,relevant viral/host/pathway terms matched: virus,medium,relevant mechanistic terms: virus,"Equitable access to vaccines is necessary to limit the global impact of the coronavirus disease 2019 (COVID-19) pandemic and the emergence of new severe acute respiratory syndrome coronavirus 2 (SARS-CoV-2) variants. In previous studies, we described the development of a low-c..."
pi-backlog,pmid-35611333,35611333,2022,,Immediate myeloid depot for SARS-CoV-2 in the human lung.,,sars-cov-2;sars-cov;coronavirus;influenza,,,primary_research,candidate,"relevant viral/host/pathway terms matched: virus, viral, infection",medium,"relevant mechanistic terms: virus, viral, host","In the severe acute respiratory syndrome coronavirus 2 (SARS-CoV-2) pandemic1, considerable focus has been placed on a model of viral entry into host epithelial populations, with a separate focus upon the responding immune system dysfunction that exacerbates or causes disease...."
pi-backlog,pmid-35592107,35592107,2022,,Immediate myeloid depot for SARS-CoV-2 in the human lung.,,sars-cov-2;sars-cov;coronavirus;influenza,,,primary_research,candidate,"relevant viral/host/pathway terms matched: virus, viral, infection",medium,"relevant mechanistic terms: virus, viral, host","In the severe acute respiratory syndrome coronavirus 2 (SARS-CoV-2) pandemic, considerable focus has been placed on a model of viral entry into host epithelial populations, with a separate focus upon the responding immune system dysfunction that exacerbates or causes disease...."
pi-backlog,pmid-35584816,35584816,2022,,Trajectory of long covid symptoms after covid-19 vaccination: community based cohort study.,,sars-cov-2;sars-cov,,network_modeling,primary_research,candidate,relevant viral/host/pathway terms matched: infection,low,no strong backlog-priority keywords matched,"OBJECTIVE: To estimate associations between covid-19 vaccination and long covid symptoms in adults with SARS-CoV-2 infection before vaccination. DESIGN: Observational cohort study. SETTING: Community dwelling population, UK. PARTICIPANTS: 28 356 participants in the Office for..."
pi-backlog,pmid-35583364,35583364,2022,,Mutation L319Q in the PB1 Polymerase Subunit Improves Attenuation of a Candidate Live-Attenuated Influenza A Virus Vaccine.,,influenza,,,primary_research,candidate,"relevant viral/host/pathway terms matched: virus, infection",medium,relevant mechanistic terms: virus,"Influenza A viruses (IAV) remain emerging threats to human public health. Live-attenuated influenza vaccines (LAIV) are one of the most effective prophylactic options to prevent disease caused by influenza infections. However, licensed LAIV remain restricted for use in 2- to 4..."
pi-backlog,pmid-35577631,35577631,2022,,"Safety and immunogenicity of an egg-based inactivated Newcastle disease virus vaccine expressing SARS-CoV-2 spike: Interim results of a randomized, placebo-controlled, phase 1/2 trial in Vietnam.",,sars-cov-2;sars-cov;coronavirus,,,methods,candidate,"relevant viral/host/pathway terms matched: virus, infection",medium,relevant mechanistic terms: virus,Production of affordable coronavirus disease 2019 (COVID-19) vaccines in low- and middle-income countries is needed. NDV-HXP-S is an inactivated egg-based Newcastle disease virus (NDV) vaccine expressing the spike protein of severe acute respiratory syndrome coronavirus 2 (SAR...
pi-backlog,pmid-35482408,35482408,2022,,Antibodies from convalescent plasma promote SARS-CoV-2 clearance in individuals with and without endogenous antibody response.,,sars-cov-2;sars-cov,,,primary_research,candidate,"relevant viral/host/pathway terms matched: virus, viral",medium,"relevant mechanistic terms: virus, viral","BACKGROUNDNeutralizing antibodies are considered a key correlate of protection by current SARS-CoV-2 vaccines. The manner in which human infections respond to therapeutic SARS-CoV-2 antibodies, including convalescent plasma therapy, remains to be fully elucidated.METHODSWe con..."
pi-backlog,pmid-35461522,35461522,2022,,"Reactogenicity, safety, and immunogenicity of chimeric haemagglutinin influenza split-virion vaccines, adjuvanted with AS01 or AS03 or non-adjuvanted: a phase 1-2 randomised controlled trial.",,influenza,,,methods,candidate,relevant viral/host/pathway terms matched: virus,medium,relevant mechanistic terms: virus,BACKGROUND: One strategy to develop a universal influenza virus vaccine is to redirect the immune system to the highly conserved haemagglutinin stalk domain by sequentially administering vaccines expressing chimeric (c) haemagglutinins with a conserved stalk domain and diverge...
pi-backlog,pmid-35429436,35429436,2022,,Neutralizing immunity in vaccine breakthrough infections from the SARS-CoV-2 Omicron and Delta variants.,,sars-cov-2;sars-cov,,,primary_research,candidate,"relevant viral/host/pathway terms matched: virus, infection",medium,relevant mechanistic terms: virus,"Virus-like particle (VLP) and live virus assays were used to investigate neutralizing immunity against Delta and Omicron SARS-CoV-2 variants in 259 samples from 128 vaccinated individuals. Following Delta breakthrough infection, titers against WT rose 57-fold and 3.1-fold comp..."
current-program,pmid-35411350,35411350,2022,CViSB,"Wastewater sequencing uncovers early, cryptic SARS-CoV-2 variant transmission.",Melissa Johnson;Elaine Reed;Kristian Andersen,sars-cov-2;sars-cov,,,data_or_analysis,candidate,relevant viral/host/pathway terms matched: virus,medium,older paper with relevant terms: virus,"As SARS-CoV-2 continues to spread and evolve, detecting emerging variants early is critical for public health interventions. Inferring lineage prevalence by clinical testing is infeasible at scale, especially in areas with limited resources, participation, or testing/sequencin..."
current-program,pmid-35396471,35396471,2022,,Unlocking capacities of genomics for the COVID-19 response and future pandemics.,,sars-cov-2;sars-cov,,,data_or_analysis,candidate,relevant viral/host/pathway terms matched: viral,medium,older paper with relevant terms: viral,"During the COVID-19 pandemic, genomics and bioinformatics have emerged as essential public health tools. The genomic data acquired using these methods have supported the global health response, facilitated development of testing methods, and allowed timely tracking of novel SA..."
pi-backlog,pmid-35351865,35351865,2022,,Reduced protection of RIPK3-deficient mice against influenza by matrix protein 2 ectodomain targeted active and passive vaccination strategies.,,influenza,,,primary_research,candidate,"relevant viral/host/pathway terms matched: virus, viral, infection",medium,"relevant mechanistic terms: virus, viral","RIPK3 partially protects against disease caused by influenza A virus (IAV) infection in the mouse model. Here, we compared the immune protection of active vaccination with a universal influenza A vaccine candidate based on the matrix protein 2 ectodomain (M2e) and of passive i..."
pi-backlog,pmid-35350201,35350201,2022,,Trivalent NDV-HXP-S vaccine protects against phylogenetically distant SARS-CoV-2 variants of concern in mice.,,sars-cov-2;sars-cov;coronavirus,,,primary_research,candidate,relevant viral/host/pathway terms matched: virus,medium,relevant mechanistic terms: virus,"Equitable access to vaccines is necessary to limit the global impact of the coronavirus disease 2019 (COVID-19) pandemic and the emergence of new severe acute respiratory syndrome coronavirus 2 (SARS-CoV-2) variants. In previous studies, we described the development of a low-c..."
current-program,pmid-35325204,35325204,2022,,Selection Analysis Identifies Clusters of Unusual Mutational Changes in Omicron Lineage BA.1 That Likely Impact Spike Function.,,sars-cov-2;sars-cov,,,data_or_analysis,candidate,relevant viral/host/pathway terms matched: virus,medium,older paper with relevant terms: virus,Among the 30 nonsynonymous nucleotide substitutions in the Omicron S-gene are 13 that have only rarely been seen in other SARS-CoV-2 sequences. These mutations cluster within three functionally important regions of the S-gene at sites that will likely impact (1) interactions b...
pi-backlog,pmid-35284808,35284808,2022,,"Safety and immunogenicity of an inactivated recombinant Newcastle disease virus vaccine expressing SARS-CoV-2 spike: Interim results of a randomised, placebo-controlled, phase 1 trial.",,sars-cov-2;sars-cov;coronavirus,,,methods,candidate,relevant viral/host/pathway terms matched: virus,medium,relevant mechanistic terms: virus,BACKGROUND: Production of affordable coronavirus disease 2019 (COVID-19) vaccines in low- and middle-income countries is needed. NDV-HXP-S is an inactivated egg-based recombinant Newcastle disease virus vaccine expressing the spike (S) protein of severe acute respiratory syndr...
pi-backlog,pmid-35263596,35263596,2022,,The RNA helicase DHX16 recognizes specific viral RNA to trigger RIG-I-dependent innate antiviral immunity.,,sars-cov-2;sars-cov;influenza;zika,,,primary_research,candidate,"relevant viral/host/pathway terms matched: virus, viral",medium,"relevant mechanistic terms: virus, viral","Type I interferons (IFN-I) are essential to establish antiviral innate immunity. Unanchored (or free) polyubiquitin (poly-Ub) has been shown to regulate IFN-I responses. However, few unanchored poly-Ub interactors are known. To identify factors regulated by unanchored poly-Ub..."
pi-backlog,pmid-35247306,35247306,2022,,Limited extent and consequences of pancreatic SARS-CoV-2 infection.,,sars-cov-2;sars-cov;coronavirus,,,primary_research,candidate,"relevant viral/host/pathway terms matched: virus, viral, infection",medium,"relevant mechanistic terms: virus, viral","Concerns that infection with severe acute respiratory syndrome coronavirus 2 (SARS-CoV-2), the etiological agent of coronavirus disease 2019 (COVID-19), may cause new-onset diabetes persist in an evolving research landscape, and precise risk assessment is hampered by, at times..."
pi-backlog,pmid-35232252,35232252,2022,,Modelling T-cell immunity against hepatitis C virus with liver organoids in a microfluidic coculture system.,,influenza;hcv,,,primary_research,candidate,relevant viral/host/pathway terms matched: virus,medium,relevant mechanistic terms: virus,"Hepatitis C virus (HCV) remains a global public health challenge with an estimated 71 million people chronically infected, with surges in new cases and no effective vaccine. New methods are needed to study the human immune response to HCV since in vivo animal models are limite..."
pi-backlog,pmid-35215907,35215907,2022,,Human SUMOylation Pathway Is Critical for Influenza B Virus.,,influenza,,,primary_research,candidate,"relevant viral/host/pathway terms matched: virus, viral, host factor, pathway, infection",medium,"relevant mechanistic terms: virus, viral, host, pathway","The identification and elucidation of host pathways for viral infection are critical for understanding the viral infection processes and novel therapeutics development. Here, for the first time, we discover that the human SUMOylation pathway is essential for the IBV viral life..."
pi-backlog,pmid-35169806,35169806,2022,,Safety and immunogenicity of a live recombinant Newcastle disease virus-based COVID-19 vaccine (Patria) administered via the intramuscular or intranasal route: Interim results of a non-randomized open label phase I trial in Mexico.,,sars-cov-2;sars-cov;coronavirus;influenza,,,primary_research,candidate,"relevant viral/host/pathway terms matched: virus, viral",medium,"relevant mechanistic terms: virus, viral","There is still a need for safe, efficient and low-cost coronavirus disease 2019 (COVID-19) vaccines that can stop transmission of severe acute respiratory syndrome coronavirus 2 (SARS-CoV-2). Here we evaluated a vaccine candidate based on a live recombinant Newcastle disease v..."
pi-backlog,pmid-35169796,35169796,2022,,The oral drug nitazoxanide restricts SARS-CoV-2 infection and attenuates disease pathogenesis in Syrian hamsters.,,sars-cov-2;sars-cov,,,primary_research,candidate,"relevant viral/host/pathway terms matched: viral, infection",medium,"relevant mechanistic terms: viral, host","A well-tolerated and cost-effective oral drug that blocks SARS-CoV-2 growth and dissemination would be a major advance in the global effort to reduce COVID-19 morbidity and mortality. Here, we show that the oral FDA-approved drug nitazoxanide (NTZ) significantly inhibits SARS-..."
pi-backlog,pmid-35105272,35105272,2022,,Susceptibility of sheep to experimental co-infection with the ancestral lineage of SARS-CoV-2 and its alpha variant.,,sars-cov-2;sars-cov;coronavirus,,,primary_research,candidate,"relevant viral/host/pathway terms matched: virus, viral, infection",medium,"relevant mechanistic terms: virus, viral",Severe acute respiratory syndrome coronavirus 2 (SARS-CoV-2) is responsible for a global pandemic that has had significant impacts on human health and economies worldwide. SARS-CoV-2 is highly transmissible and the cause of coronavirus disease 2019 in humans. A wide range of a...
pi-backlog,pmid-35075459,35075459,2022,,Limited Cross-Variant Immunity after Infection with the SARS-CoV-2 Omicron Variant Without Vaccination.,,sars-cov-2;sars-cov,,,primary_research,candidate,"relevant viral/host/pathway terms matched: viral, infection",medium,relevant mechanistic terms: viral,"SARS-CoV-2 Delta and Omicron strains are the most globally relevant variants of concern (VOCs). While individuals infected with Delta are at risk to develop severe lung disease 1 , Omicron infection causes less severe disease, mostly upper respiratory symptoms 2,3 . The questi..."
current-program,pmid-35073738,35073738,2022,,Serological Markers of SARS-CoV-2 Reinfection.,,sars-cov-2;sars-cov,,,data_or_analysis,candidate,"relevant viral/host/pathway terms matched: virus, viral",medium,"older paper with relevant terms: virus, viral, pathogen","As public health guidelines throughout the world have relaxed in response to vaccination campaigns against SARS-CoV-2, it is likely that SARS-CoV-2 will remain endemic, fueled by the rise of more infectious SARS-CoV-2 variants. Moreover, in the setting of waning natural and va..."
pi-backlog,pmid-35039784,35039784,2022,,Evolution of influenza A virus in intensive and free-range swine farms in Spain.,,influenza,,,primary_research,candidate,"relevant viral/host/pathway terms matched: virus, viral",medium,"relevant mechanistic terms: virus, viral, host","Swine harbor genetically diverse influenza A viruses (IAVs) with the capacity to host-switch to humans, causing global pandemics. Spain is the largest swine producer in Europe and has a mixed production system that includes 'white coat' pigs raised intensively in modern buildi..."
pi-backlog,pmid-35032865,35032865,2022,,Rift Valley fever virus Gn V5-epitope tagged virus enables identification of UBR4 as a Gn interacting protein that facilitates Rift Valley fever virus production.,,,,proteomics,data_or_analysis,candidate,"relevant viral/host/pathway terms matched: virus, viral",medium,"relevant mechanistic terms: virus, viral, host, proteomics","Rift Valley fever virus (RVFV) is an arbovirus that was first reported in the Rift Valley of Kenya which causes significant disease in humans and livestock. RVFV is a tri-segmented, negative-sense RNA virus consisting of a L, M, and S segments with the M segment encoding the g..."
pi-backlog,pmid-35025969,35025969,2022,,Advances and gaps in SARS-CoV-2 infection models.,,sars-cov-2;sars-cov;coronavirus,,network_modeling,primary_research,candidate,relevant viral/host/pathway terms matched: infection,low,no strong backlog-priority keywords matched,"The global response to Coronavirus Disease 2019 (COVID-19) is now facing new challenges such as vaccine inequity and the emergence of SARS-CoV-2 variants of concern (VOCs). Preclinical models of disease, in particular animal models, are essential to investigate VOC pathogenesi..."
current-program,pmid-35018376,35018376,2022,UCLA-Persistent-BSI,Comprehensive antibody profiling of mRNA vaccination in children.,Melissa Johnson,sars-cov-2;influenza,,,data_or_analysis,candidate,relevant viral/host/pathway terms matched: viral,medium,older paper with relevant terms: viral,"While children have been largely spared from COVID-19 disease, the emergence of viral variants of concern (VOC) with increased transmissibility, combined with fluctuating mask mandates and school re-openings have led to increased infections and disease among children. Thus, th..."
hpmi,pmid-35013567,35013567,2022,HPMI,From systems to structure - using genetic data to model protein structures.,,,,structural_biology,review,candidate,relevant host-pathogen/pathway terms matched: interaction,low,no strong HPMI literature-priority keywords matched,"Understanding the effects of genetic variation is a fundamental problem in biology that requires methods to analyse both physical and functional consequences of sequence changes at systems-wide and mechanistic scales. To achieve a systems view, protein interaction networks map..."
pi-backlog,pmid-35002410,35002410,2022,,Epidemiological screening and serotyping analysis of dengue fever in the Southwestern region of Saudi Arabia.,,dengue,,,primary_research,candidate,"relevant viral/host/pathway terms matched: virus, viral",medium,"relevant mechanistic terms: virus, viral","Dengue is an acute systemic viral disease that has been developed globally in both chronic and epidemic transmission periods. Dengue virus (DENV) is a member of the Flavivirus genus of the Flaviviridae family, which endangers public health. Limited studies have been performed..."
current-program,pmid-34986351,34986351,2022,CViSB,Ebola virus delta peptide is an enterotoxin.,Robert Garry,influenza,,transcriptomics,primary_research,candidate,relevant viral/host/pathway terms matched: virus,medium,older paper with relevant terms: virus,"During the 2013-2016 West African (WA) Ebola virus (EBOV) outbreak, severe gastrointestinal symptoms were common in patients and associated with poor outcome. Delta peptide is a conserved product of post-translational processing of the abundant EBOV soluble glycoprotein (sGP)...."
pi-backlog,pmid-34981067,34981067,2022,,Omicron mutations enhance infectivity and reduce antibody neutralization of SARS-CoV-2 virus-like particles.,,sars-cov-2;sars-cov,,,primary_research,candidate,"relevant viral/host/pathway terms matched: virus, viral, infection",medium,"relevant mechanistic terms: virus, viral","The Omicron SARS-CoV-2 virus contains extensive sequence changes relative to the earlier arising B.1, B.1.1 and Delta SARS-CoV-2 variants that have unknown effects on viral infectivity and response to existing vaccines. Using SARS-CoV-2 virus-like particles (SC2-VLPs), we exam..."
pi-backlog,pmid-34957381,34957381,2022,,ACE2-IgG1 fusions with improved in vitro and in vivo activity against SARS-CoV-2.,,sars-cov-2;sars-cov;influenza,,,primary_research,candidate,"relevant viral/host/pathway terms matched: viral, infection",medium,relevant mechanistic terms: viral,"SARS-CoV-2, the etiologic agent of COVID-19, uses ACE2 as a cell entry receptor. Soluble ACE2 has been shown to have neutralizing antiviral activity but has a short half-life and no active transport mechanism from the circulation into the alveolar spaces of the lung. To overco..."
pi-backlog,pmid-34942633,34942633,2022,,Broadly neutralizing antibodies target a haemagglutinin anchor epitope.,,influenza,,,primary_research,candidate,"relevant viral/host/pathway terms matched: virus, viral",medium,"relevant mechanistic terms: virus, viral","Broadly neutralizing antibodies that target epitopes of haemagglutinin on the influenza virus have the potential to provide near universal protection against influenza virus infection1. However, viral mutants that escape broadly neutralizing antibodies have been reported2,3. T..."
current-program,pmid-34937051,34937051,2022,SCRIPT,Local and systemic responses to SARS-CoV-2 infection in children and adults.,Richard Wunderink,sars-cov-2;sars-cov,,,data_or_analysis,candidate,relevant viral/host/pathway terms matched: viral,medium,older paper with relevant terms: viral,"It is not fully understood why COVID-19 is typically milder in children1-3. Here, to examine the differences between children and adults in their response to SARS-CoV-2 infection, we analysed paediatric and adult patients with COVID-19 as well as healthy control individuals (t..."
pi-backlog,pmid-34668780,34668780,2022,,SARS-CoV-2 Causes Lung Infection without Severe Disease in Human ACE2 Knock-In Mice.,,sars-cov-2;sars-cov;coronavirus,,,primary_research,candidate,"relevant viral/host/pathway terms matched: viral, infection",medium,relevant mechanistic terms: viral,The development of mouse models for coronavirus disease 2019 (COVID-19) has enabled testing of vaccines and therapeutics and defining aspects of severe acute respiratory syndrome coronavirus 2 (SARS-CoV-2) pathogenesis. SARS-CoV-2 disease is severe in K18 transgenic mice (K18-...
pi-backlog,pmid-33882362,33882362,2022,,Novel RT-ddPCR assays for measuring the levels of subgenomic and genomic SARS-CoV-2 transcripts.,,sars-cov-2;sars-cov;coronavirus,,,primary_research,candidate,relevant viral/host/pathway terms matched: viral,medium,relevant mechanistic terms: viral,The replication of SARS-CoV-2 and other coronaviruses depends on transcription of negative-sense RNA intermediates that serve as the templates for the synthesis of positive-sense genomic RNA (gRNA) and multiple different subgenomic mRNAs (sgRNAs) encompassing fragments arising...
pi-backlog,pmid-34935004,34935004,2021,,Immunosuppression in Glomerular Diseases: Implications for SARS-CoV-2 Vaccines and COVID-19.,,sars-cov-2;sars-cov;coronavirus,,,primary_research,candidate,relevant viral/host/pathway terms matched: viral,medium,relevant mechanistic terms: viral,"BACKGROUND: Glomerular diseases (GD) are chronic conditions that often involve immune dysfunction and require immunosuppressive therapy (IST) to control underlying pathogenesis. Unfortunately, such diseases appear to heighten risks of severe outcomes in COVID-19 and predispose..."
pi-backlog,pmid-34874007,34874007,2021,,Highly synergistic combinations of nanobodies that target SARS-CoV-2 and are resistant to escape.,,sars-cov-2;sars-cov,,,primary_research,candidate,"relevant viral/host/pathway terms matched: viral, infection",medium,relevant mechanistic terms: viral,The emergence of SARS-CoV-2 variants threatens current vaccines and therapeutic antibodies and urgently demands powerful new therapeutics that can resist viral escape. We therefore generated a large nanobody repertoire to saturate the distinct and highly conserved available ep...
pi-backlog,pmid-34868082,34868082,2021,,Safety and Immunogenicity Analysis of a Newcastle Disease Virus (NDV-HXP-S) Expressing the Spike Protein of SARS-CoV-2 in Sprague Dawley Rats.,,sars-cov-2;sars-cov;coronavirus,,,primary_research,candidate,relevant viral/host/pathway terms matched: virus,medium,relevant mechanistic terms: virus,"Despite global vaccination efforts, severe acute respiratory syndrome coronavirus 2 (SARS-CoV-2) continues to evolve and spread globally. Relatively high vaccination rates have been achieved in most regions of the United States and several countries worldwide. However, access..."
pi-backlog,pmid-34838159,34838159,2021,,Identification of a therapeutic interfering particle-A single-dose SARS-CoV-2 antiviral intervention with a high barrier to resistance.,,sars-cov-2;sars-cov,,,primary_research,candidate,"relevant viral/host/pathway terms matched: virus, viral",medium,"relevant mechanistic terms: virus, viral","Viral-deletion mutants that conditionally replicate and inhibit the wild-type virus (i.e., defective interfering particles, DIPs) have long been proposed as single-administration interventions with high genetic barriers to resistance. However, theories predict that robust, the..."
pi-backlog,pmid-34821217,34821217,2021,,Reversible phosphorylation of cyclin T1 promotes assembly and stability of P-TEFb.,,hiv,,,primary_research,candidate,relevant viral/host/pathway terms matched: viral,medium,relevant mechanistic terms: viral,"The positive transcription elongation factor b (P-TEFb) is a critical coactivator for transcription of most cellular and viral genes, including those of HIV. While P-TEFb is regulated by 7SK snRNA in proliferating cells, P-TEFb is absent due to diminished levels of CycT1 in qu..."
pi-backlog,pmid-34816261,34816261,2021,,Viral E Protein Neutralizes BET Protein-Mediated Post-Entry Antagonism of SARS-CoV-2.,,sars-cov-2;sars-cov,,,primary_research,candidate,"relevant viral/host/pathway terms matched: viral, infection",medium,relevant mechanistic terms: viral,"Inhibitors of Bromodomain and Extra-terminal domain (BET) proteins are possible anti-SARS-CoV-2 prophylactics as they downregulate angiotensin-converting enzyme 2 (ACE2). Here, we show that BET proteins should not be inactivated therapeutically as they are critical antiviral f..."
pi-backlog,pmid-34816258,34816258,2021,,Susceptibility of sheep to experimental co-infection with the ancestral lineage of SARS-CoV-2 and its alpha variant.,,sars-cov-2;sars-cov;coronavirus,,,primary_research,candidate,"relevant viral/host/pathway terms matched: virus, viral, infection",medium,"relevant mechanistic terms: virus, viral",Severe acute respiratory syndrome coronavirus 2 (SARS-CoV-2) is responsible for a global pandemic that has had significant impacts on human health and economies worldwide. SARS-CoV-2 is highly transmissible and the cause of coronavirus disease 2019 (COVID-19) in humans. A wide...
pi-backlog,pmid-34773048,34773048,2021,,Interferon mediated prophylactic protection against respiratory viruses conferred by a prototype live attenuated influenza virus vaccine lacking non-structural protein 1.,,sars-cov-2;sars-cov;influenza,,,primary_research,candidate,"relevant viral/host/pathway terms matched: virus, viral, infection",medium,"relevant mechanistic terms: virus, viral",The influenza A non-structural protein 1 (NS1) is known for its ability to hinder the synthesis of type I interferon (IFN) during viral infection. Influenza viruses lacking NS1 (ΔNS1) are under clinical development as live attenuated human influenza virus vaccines and induce p...
pi-backlog,pmid-34735219,34735219,2021,,Rapid assessment of SARS-CoV-2-evolved variants using virus-like particles.,,sars-cov-2;sars-cov;coronavirus,,,primary_research,candidate,"relevant viral/host/pathway terms matched: virus, viral",medium,"relevant mechanistic terms: virus, viral","Efforts to determine why new severe acute respiratory syndrome coronavirus 2 (SARS-CoV-2) variants demonstrate improved fitness have been limited to analyzing mutations in the spike (S) protein with the use of S-pseudotyped particles. In this study, we show that SARS-CoV-2 vir..."
current-program,pmid-34729568,34729568,2021,,Severity of Illness Caused by Severe Acute Respiratory Syndrome Coronavirus 2 Variants of Concern in Children: A Single-Center Retrospective Cohort Study.,,sars-cov-2;sars-cov,,,data_or_analysis,candidate,relevant viral/host/pathway terms matched: viral,medium,"older paper with relevant terms: viral, coronavirus","BACKGROUND: Recent surges in coronavirus 2019 disease (COVID-19) is attributed to the emergence of more transmissible severe acute respiratory syndrome coronavirus 2 (SARS-CoV-2) variants of concern (VOCs). However, the relative severity of SARS-CoV-2 VOCs in children is unkno..."
pi-backlog,pmid-34707161,34707161,2021,,A Newcastle disease virus expressing a stabilized spike protein of SARS-CoV-2 induces protective immune responses.,,sars-cov-2;sars-cov,,,primary_research,candidate,"relevant viral/host/pathway terms matched: virus, infection",medium,relevant mechanistic terms: virus,"Rapid development of COVID-19 vaccines has helped mitigating SARS-CoV-2 spread, but more equitable allocation of vaccines is necessary to limit the global impact of the COVID-19 pandemic and the emergence of additional variants of concern. We have developed a COVID-19 vaccine..."
pi-backlog,pmid-34671037,34671037,2021,,COVA1-18 neutralizing antibody protects against SARS-CoV-2 in three preclinical models.,,sars-cov-2;sars-cov;coronavirus,,,primary_research,candidate,relevant viral/host/pathway terms matched: viral,medium,relevant mechanistic terms: viral,"Effective treatments against Severe Acute Respiratory Syndrome coronavirus 2 (SARS-CoV-2) are urgently needed. Monoclonal antibodies have shown promising results in patients. Here, we evaluate the in vivo prophylactic and therapeutic effect of COVA1-18, a neutralizing antibody..."
pi-backlog,pmid-34663813,34663813,2021,,Preclinical characterization of an intravenous coronavirus 3CL protease inhibitor for the potential treatment of COVID19.,,sars-cov-2;sars-cov;coronavirus,,,primary_research,candidate,relevant viral/host/pathway terms matched: virus,medium,"relevant mechanistic terms: virus, host","COVID-19 caused by the SARS-CoV-2 virus has become a global pandemic. 3CL protease is a virally encoded protein that is essential across a broad spectrum of coronaviruses with no close human analogs. PF-00835231, a 3CL protease inhibitor, has exhibited potent in vitro antivira..."
pi-backlog,pmid-34623911,34623911,2021,,Tox2 is required for the maintenance of GC T(FH) cells and the generation of memory T(FH) cells.,,influenza,,,primary_research,candidate,"relevant viral/host/pathway terms matched: virus, infection",medium,relevant mechanistic terms: virus,"Memory T follicular helper (TFH) cells play an essential role to induce secondary antibody response by providing help to memory and naïve B cells. Here, we show that the transcription factor Tox2 is vital for the maintenance of TFH cells in germinal centers (GCs) and the gener..."
pi-backlog,pmid-34620951,34620951,2021,,"Scalable, effective, and rapid decontamination of SARS-CoV-2 contaminated N95 respirators using germicidal ultraviolet C (UVC) irradiation device.",,sars-cov-2;sars-cov,,,methods,candidate,relevant viral/host/pathway terms matched: virus,medium,relevant mechanistic terms: virus,Particulate respirators such as N95s are an essential component of personal protective equipment (PPE) for front-line workers. This study describes a rapid and effective UVC irradiation system that would facilitate the safe re-use of N95 respirators and provides supporting inf...
pi-backlog,pmid-34603333,34603333,2021,,Mosaic Hemagglutinin-Based Whole Inactivated Virus Vaccines Induce Broad Protection Against Influenza B Virus Challenge in Mice.,,influenza,,,primary_research,candidate,relevant viral/host/pathway terms matched: virus,medium,relevant mechanistic terms: virus,"Influenza viruses undergo antigenic changes in the immuno-dominant hemagglutinin (HA) head domain, necessitating annual re-formulation of and re-vaccination with seasonal influenza virus vaccines for continuing protection. We previously synthesized mosaic HA (mHA) proteins of..."
pi-backlog,pmid-34603303,34603303,2021,,A Combination Adjuvant for the Induction of Potent Antiviral Immune Responses for a Recombinant SARS-CoV-2 Protein Vaccine.,,sars-cov-2;sars-cov,,,primary_research,candidate,"relevant viral/host/pathway terms matched: virus, viral",medium,"relevant mechanistic terms: virus, viral","Several SARS-CoV-2 vaccines have received EUAs, but many issues remain unresolved, including duration of conferred immunity and breadth of cross-protection. Adjuvants that enhance and shape adaptive immune responses that confer broad protection against SARS-CoV-2 variants will..."
pi-backlog,pmid-34593848,34593848,2021,,The virucidal effects of 405 nm visible light on SARS-CoV-2 and influenza A virus.,,sars-cov-2;sars-cov;influenza,,,primary_research,candidate,"relevant viral/host/pathway terms matched: virus, viral",medium,"relevant mechanistic terms: virus, viral","The germicidal potential of specific wavelengths within the electromagnetic spectrum is an area of growing interest. While ultra-violet (UV) based technologies have shown satisfactory virucidal potential, the photo-toxicity in humans coupled with UV associated polymer degradat..."
pi-backlog,pmid-34580673,34580673,2021,,"Safety and Immunogenicity of an Inactivated Recombinant Newcastle Disease Virus Vaccine Expressing SARS-CoV-2 Spike: Interim Results of a Randomised, Placebo-Controlled, Phase 1/2 Trial.",,sars-cov-2;sars-cov;coronavirus,,,methods,candidate,relevant viral/host/pathway terms matched: virus,medium,relevant mechanistic terms: virus,BACKGROUND: Production of affordable coronavirus disease 2019 (COVID-19) vaccines in low- and middle-income countries is needed. NDV-HXP-S is an inactivated egg-based Newcastle disease virus vaccine expressing the spike protein of severe acute respiratory syndrome coronavirus...
pi-backlog,pmid-34544278,34544278,2021,,"Safety and Immunogenicity of a Newcastle Disease Virus Vector-Based SARS-CoV-2 Vaccine Candidate, AVX/COVID-12-HEXAPRO (Patria), in Pigs.",,sars-cov-2;sars-cov;coronavirus,,,primary_research,candidate,relevant viral/host/pathway terms matched: virus,medium,relevant mechanistic terms: virus,"Vaccines against severe acute respiratory syndrome coronavirus 2 (SARS-CoV-2) were developed in record time and show excellent efficacy and effectiveness against coronavirus disease 2019 (COVID-19). However, currently approved vaccines cannot meet the global demand. In additio..."
pi-backlog,pmid-34401874,34401874,2021,,Prophylactic Protection Against Respiratory Viruses Conferred by a Prototype Live Attenuated Influenza Virus Vaccine.,,sars-cov-2;sars-cov;influenza,,,primary_research,candidate,"relevant viral/host/pathway terms matched: virus, viral, infection",medium,"relevant mechanistic terms: virus, viral",The influenza A non-structural protein 1 (NS1) is known for its ability to hinder the synthesis of type I interferon (IFN) during viral infection. Influenza viruses lacking NS1 (ΔNS1) are under clinical development as live attenuated human influenza virus vaccines and induce p...
hpmi,pmid-34326236,34326236,2021,HPMI,Drug-induced phospholipidosis confounds drug repurposing for SARS-CoV-2.,,sars-cov-2;sars-cov;coronavirus,,,primary_research,unknown,no explicit cross-virus or strong host-mechanism terms matched,medium,"older HPMI paper with relevant terms: sars, cov","Repurposing drugs as treatments for COVID-19, the disease caused by severe acute respiratory syndrome coronavirus 2 (SARS-CoV-2), has drawn much attention. Beginning with sigma receptor ligands and expanding to other drugs from screening in the field, we became concerned that..."
pi-backlog,pmid-34260245,34260245,2021,,Aryl Sulfonamide Inhibits Entry and Replication of Diverse Influenza Viruses via the Hemagglutinin Protein.,,influenza,,,primary_research,candidate,relevant viral/host/pathway terms matched: virus,medium,"relevant mechanistic terms: virus, host","Influenza viruses cause approximately half a million deaths every year worldwide. Vaccines are available but partially effective, and the number of antiviral medications is limited. Thus, it is crucial to develop therapeutic strategies to counteract this major pathogen. Influe..."
pi-backlog,pmid-34237771,34237771,2021,,After the pandemic: perspectives on the future trajectory of COVID-19.,,sars-cov-2;sars-cov;coronavirus;influenza,,,review,candidate,"relevant viral/host/pathway terms matched: virus, infection",medium,relevant mechanistic terms: virus,"There is a realistic expectation that the global effort in vaccination will bring the pandemic caused by severe acute respiratory syndrome coronavirus 2 (SARS-CoV-2) under control. Nonetheless, uncertainties remain about the type of long-term association that the virus will es..."
pi-backlog,pmid-34189857,34189857,2021,,Influenza Virus Infects and Depletes Activated Adaptive Immune Responders.,,influenza,,,primary_research,candidate,"relevant viral/host/pathway terms matched: virus, viral, infection",medium,"relevant mechanistic terms: virus, viral","Influenza infections cause several million cases of severe respiratory illness, hospitalizations, and hundreds of thousands of deaths globally. Secondary infections are a leading cause of influenza's high morbidity and mortality, and significantly factored into the severity of..."
pi-backlog,pmid-34183386,34183386,2021,,Several Fusion Genes Identified in a Spermatic Cord Leiomyoma With Rearrangements of Chromosome Arms 3p and 21q.,,,,,data_or_analysis,high,explicit cross-virus/shared-host language: comparative,low,no strong backlog-priority keywords matched,"BACKGROUND/AIM: Benign smooth-muscle tumors, leiomyomas, occur in nearly every organ but are most common in the uterus. Whereas much is known about the genetics of uterine leiomyomas, little genetic information exists about leiomyomas of other organs. Here, we report and discu..."
pi-backlog,pmid-34177946,34177946,2021,,Mucosal and Systemic Immune Responses to Salmon Gill Poxvirus Infection in Atlantic Salmon Are Modulated Upon Hydrocortisone Injection.,,poxvirus,,,primary_research,candidate,"relevant viral/host/pathway terms matched: viral, infection",medium,relevant mechanistic terms: viral,Salmon Gill Poxvirus Disease (SGPVD) has emerged as a cause of acute mortality in Atlantic salmon (Salmo salar L.) presmolts in Norwegian aquaculture. The clinical phase of the disease is associated with apoptotic cell death in the gill epithelium causing acute respiratory dis...
pi-backlog,pmid-34161170,34161170,2021,,Control of Innate Immune Activation by Severe Acute Respiratory Syndrome Coronavirus 2 and Other Coronaviruses.,,sars-cov-2;sars-cov;mers-cov;coronavirus,,,review,candidate,"relevant viral/host/pathway terms matched: viral, infection",medium,"relevant mechanistic terms: viral, host","The ongoing coronavirus disease 2019 (COVID-19) pandemic, caused by severe acute respiratory syndrome coronavirus 2 (SARS-CoV-2), represents a public health crisis of unprecedented proportions. After the emergence of SARS-CoV-1 in 2002, and Middle East respiratory syndrome cor..."
pi-backlog,pmid-34133899,34133899,2021,,Contribution of SARS-CoV-2 Accessory Proteins to Viral Pathogenicity in K18 Human ACE2 Transgenic Mice.,,sars-cov-2;sars-cov;coronavirus,,,primary_research,candidate,"relevant viral/host/pathway terms matched: virus, viral, infection",medium,"relevant mechanistic terms: virus, viral","Severe acute respiratory syndrome coronavirus 2 (SARS-CoV-2) is the viral pathogen responsible for the current coronavirus disease 2019 (COVID-19) pandemic. As of 19 May 2021, John Hopkins University's COVID-19 tracking platform reported 3.3 million deaths associated with SARS..."
pi-backlog,pmid-34131512,34131512,2021,,Identification of H3N2 NA and PB1-F2 genetic variants and their association with disease symptoms during the 2014-15 influenza season.,,influenza,,,primary_research,candidate,"relevant viral/host/pathway terms matched: virus, viral, infection",medium,"relevant mechanistic terms: virus, viral",The 2014-15 influenza season saw the emergence of an H3N2 antigenic drift variant that formed the 3C.2a HA clade. Whole viral genomes were sequenced from nasopharyngeal swabs of ninety-four patients with confirmed influenza A virus infection and primary human nasal epithelial...
pi-backlog,pmid-34102313,34102313,2021,,Ct Values Do Not Predict Severe Acute Respiratory Syndrome Coronavirus 2 (SARS-CoV-2) Transmissibility in College Students.,,sars-cov-2;sars-cov;coronavirus,,,methods,candidate,"relevant viral/host/pathway terms matched: virus, viral, infection",medium,"relevant mechanistic terms: virus, viral","Severe acute respiratory syndrome coronavirus 2 (SARS-CoV-2) is highly contagious and has caused significant medical/socioeconomic impacts. Other than vaccination, effective public health measures, including contact tracing, isolation, and quarantine, is critical for deterring..."
pi-backlog,pmid-34100012,34100012,2021,,SARS-CoV-2 infection studies in lung organoids identify TSPAN8 as novel mediator.,,sars-cov-2;sars-cov;coronavirus,,,primary_research,candidate,"relevant viral/host/pathway terms matched: virus, infection",medium,"relevant mechanistic terms: virus, host","SARS coronavirus-2 (SARS-CoV-2) is causing a global pandemic with large variation in COVID-19 disease spectrum. SARS-CoV-2 infection requires host receptor ACE2 on lung epithelium, but epithelial underpinnings of variation are largely unknown. We capitalized on comprehensive o..."
pi-backlog,pmid-34075384,34075384,2021,,Plitidepsin has a positive therapeutic index in adult patients with COVID-19 requiring hospitalization.,,sars-cov-2;sars-cov;influenza,,,primary_research,candidate,relevant viral/host/pathway terms matched: viral,medium,"relevant mechanistic terms: viral, host",UNLABELLED: Plitidepsin is a marine-derived cyclic-peptide that inhibits SARS-CoV-2 replication at low nanomolar concentrations by the targeting of host protein eEF1A (eukaryotic translation-elongation-factor-1A). We evaluated a model of intervention with plitidepsin in hospit...
pi-backlog,pmid-33984267,33984267,2021,,Hepatitis C virus drugs that inhibit SARS-CoV-2 papain-like protease synergize with remdesivir to suppress viral replication in cell culture.,,sars-cov-2;sars-cov;hcv,,,primary_research,candidate,"relevant viral/host/pathway terms matched: virus, viral",medium,"relevant mechanistic terms: virus, viral",Effective control of COVID-19 requires antivirals directed against SARS-CoV-2. We assessed 10 hepatitis C virus (HCV) protease-inhibitor drugs as potential SARS-CoV-2 antivirals. There is a striking structural similarity of the substrate binding clefts of SARS-CoV-2 main prote...
pi-backlog,pmid-33975931,33975931,2021,,Analysis of the Evolution of Pandemic Influenza A(H1N1) Virus Neuraminidase Reveals Entanglement of Different Phenotypic Characteristics.,,influenza,,,primary_research,candidate,relevant viral/host/pathway terms matched: virus,medium,"relevant mechanistic terms: virus, host",The influenza A virus (IAV) neuraminidase (NA) is essential for virion release from cells and decoy receptors and an important target of antiviral drugs and antibodies. Adaptation to a new host sialome and escape from the host immune system are forces driving the selection of...
pi-backlog,pmid-33961839,33961839,2021,,Tissue-based SARS-CoV-2 detection in fatal COVID-19 infections: Sustained direct viral-induced damage is not necessary to drive disease progression.,,sars-cov-2;sars-cov;coronavirus,,,primary_research,candidate,"relevant viral/host/pathway terms matched: viral, infection",medium,relevant mechanistic terms: viral,"Coronavirus disease 2019 (COVID-19) is an ongoing pandemic caused by the severe acute respiratory syndrome coronavirus 2 (SARS-CoV-2). Although viral infection is known to trigger inflammatory processes contributing to tissue injury and organ failure, it is unclear whether dir..."
pi-backlog,pmid-33948589,33948589,2021,,Prophylactic protection against respiratory viruses conferred by a prototype live attenuated influenza virus vaccine.,,sars-cov-2;sars-cov;influenza,,,primary_research,candidate,"relevant viral/host/pathway terms matched: virus, viral, infection",medium,"relevant mechanistic terms: virus, viral",The influenza A non-structural protein 1 (NS1) is known for its ability to hinder the synthesis of type I interferon (IFN) during viral infection. Influenza viruses lacking NS1 (ΔNS1) are under clinical development as live attenuated human influenza virus vaccines and induce p...
pi-backlog,pmid-33920517,33920517,2021,,Replication-Competent ΔNS1 Influenza A Viruses Expressing Reporter Genes.,,influenza,,,primary_research,candidate,"relevant viral/host/pathway terms matched: virus, viral",medium,"relevant mechanistic terms: virus, viral","The influenza A virus (IAV) is able to infect multiple mammalian and avian species, and in humans IAV is responsible for annual seasonal epidemics and occasional pandemics of respiratory disease with significant health and economic impacts. Studying IAV involves laborious seco..."
pi-backlog,pmid-33918000,33918000,2021,,Mechanistic Fingerprinting Reveals Kinetic Signatures of Resistance to Daptomycin and Host Defense Peptides in Streptococcus mitis-oralis.,,,,,primary_research,high,explicit cross-virus/shared-host language: comparative,medium,relevant mechanistic terms: host,"Streptococcus mitis-oralis (S. mitis-oralis) infections are increasingly prevalent in specific populations, including neutropenic cancer and endocarditis patients. S. mitis-oralis strains have a propensity to evolve rapid, high-level and durable resistance to daptomycin (DAP-R..."
pi-backlog,pmid-33907743,33907743,2021,,Sentinel cells enable genetic detection of SARS-CoV-2 Spike protein.,,sars-cov-2;sars-cov,,,primary_research,candidate,relevant viral/host/pathway terms matched: viral,medium,relevant mechanistic terms: viral,"The COVID-19 pandemic has demonstrated the need for exploring different diagnostic and therapeutic modalities to tackle future viral threats. In this vein, we propose the idea of sentinel cells, cellular biosensors capable of detecting viral antigens and responding to them wit..."
current-program,pmid-33875439,33875439,2021,SCRIPT,Characterizing Risk Factors for Clostridioides difficile Infection among Hospitalized Patients with Community-Acquired Pneumonia.,Richard Wunderink,,clostridioides_difficile,,primary_research,high,explicit cross-virus/shared-host language: broad-spectrum,medium,older paper with relevant terms: pathogen,"Hospitalized patients with community-acquired pneumonia (CAP) are at risk of developing Clostridioides difficile infection (CDI). We developed and tested clinical decision rules for identifying CDI risk in this patient population. The study was a single-center retrospective, c..."
pi-backlog,pmid-33851164,33851164,2021,,Nanobody Repertoires for Exposing Vulnerabilities of SARS-CoV-2.,,sars-cov-2;sars-cov,,,primary_research,candidate,relevant viral/host/pathway terms matched: viral,medium,relevant mechanistic terms: viral,"Despite the great promise of vaccines, the COVID-19 pandemic is ongoing and future serious outbreaks are highly likely, so that multi-pronged containment strategies will be required for many years. Nanobodies are the smallest naturally occurring single domain antigen binding p..."
pi-backlog,pmid-33836156,33836156,2021,,TOP1 inhibition therapy protects against SARS-CoV-2-induced lethal inflammation.,,sars-cov-2;sars-cov;coronavirus,,,primary_research,candidate,relevant viral/host/pathway terms matched: infection,medium,relevant mechanistic terms: host,The ongoing pandemic caused by severe acute respiratory syndrome coronavirus 2 (SARS-CoV-2) is currently affecting millions of lives worldwide. Large retrospective studies indicate that an elevated level of inflammatory cytokines and pro-inflammatory factors are associated wit...
pi-backlog,pmid-33833683,33833683,2021,,"COVID-19: Famotidine, Histamine, Mast Cells, and Mechanisms.",,sars-cov-2;sars-cov,,,primary_research,candidate,"relevant viral/host/pathway terms matched: viral, infection",medium,"relevant mechanistic terms: viral, host","SARS-CoV-2 infection is required for COVID-19, but many signs and symptoms of COVID-19 differ from common acute viral diseases. SARS-CoV-2 infection is necessary but not sufficient for development of clinical COVID-19 disease. Currently, there are no approved pre- or post-expo..."
pi-backlog,pmid-33826068,33826068,2021,,RNAi Technology and Investigation on Possible Vaccines to Combat SARS-CoV-2 Infection.,,sars-cov-2;sars-cov;coronavirus,,,review,candidate,"relevant viral/host/pathway terms matched: virus, viral, infection",medium,"relevant mechanistic terms: virus, viral","Coronavirus disease of 2019 (COVID-19) pandemic, taking place globally, occurs as a result of the SARS-CoV-2 viral infection which has caused death of innumerable numbers of people and is responsible for a massive drop in the global economy. Millions of people are infected, an..."
pi-backlog,pmid-33822880,33822880,2021,,Reductions in Gray Matter Linked to Epigenetic HIV-Associated Accelerated Aging.,,hiv,,,primary_research,candidate,"relevant viral/host/pathway terms matched: viral, infection",medium,relevant mechanistic terms: viral,"A growing literature suggests a relationship between HIV-infection and a molecular profile of age acceleration. However, despite the widely known high prevalence of HIV-related brain atrophy and HIV-associated neurocognitive disorder (HAND), epigenetic age acceleration has not..."
pi-backlog,pmid-33813272,33813272,2021,,"ALG-097111, a potent and selective SARS-CoV-2 3-chymotrypsin-like cysteine protease inhibitor exhibits in vivo efficacy in a Syrian Hamster model.",,sars-cov-2;sars-cov,,,primary_research,candidate,"relevant viral/host/pathway terms matched: virus, viral",medium,"relevant mechanistic terms: virus, viral","There is an urgent need for antivirals targeting the SARS-CoV-2 virus to fight the current COVID-19 pandemic. The SARS-CoV-2 main protease (3CLpro) represents a promising target for antiviral therapy. The lack of selectivity for some of the reported 3CLpro inhibitors, specific..."
pi-backlog,pmid-33795830,33795830,2021,,Pathophysiology of SARS-CoV-2: the Mount Sinai COVID-19 autopsy experience.,,sars-cov-2;sars-cov;coronavirus,,,primary_research,candidate,"relevant viral/host/pathway terms matched: virus, viral, infection",medium,"relevant mechanistic terms: virus, viral","Severe acute respiratory syndrome coronavirus 2 (SARS-CoV-2) and its associated clinical syndrome COVID-19 are causing overwhelming morbidity and mortality around the globe and disproportionately affected New York City between March and May 2020. Here, we report on the first 1..."
pi-backlog,pmid-33788861,33788861,2021,,Boosting understanding of Lassa Fever virus epidemiology: Field testing a novel assay to identify past Lassa Fever virus infection in blood and oral fluids of survivors and unexposed controls in Sierra Leone.,,influenza,,,primary_research,candidate,"relevant viral/host/pathway terms matched: virus, infection",medium,relevant mechanistic terms: virus,"BACKGROUND: Despite identification 50 years ago, the true burden of Lassa Fever (LF) across Africa remains undefined for reasons including research focus on hospitalised patients, lack of validated field-feasible tools which reliably identify past infection, and the fact that..."
current-program,pmid-33780443,33780443,2021,,Pandemic velocity: Forecasting COVID-19 in the US with a machine learning & Bayesian time series compartmental model.,,sars-cov-2,,clinical_modeling,primary_research,candidate,relevant viral/host/pathway terms matched: virus,medium,older paper with relevant terms: virus,"Predictions of COVID-19 case growth and mortality are critical to the decisions of political leaders, businesses, and individuals grappling with the pandemic. This predictive task is challenging due to the novelty of the virus, limited data, and dynamic political and societal..."
hpmi,pmid-33765441,33765441,2021,HPMI,Creating collaboration by breaking down scientific barriers.,,sars-cov-2;sars-cov,,,primary_research,unknown,no explicit cross-virus or strong host-mechanism terms matched,medium,"older HPMI paper with relevant terms: sars, cov","The scientific world rewards the individual while often discouraging collaboration. However, times of crisis show us how much more we can accomplish when we work together. Here, we describe our approach to breaking down silos and fostering global collaborations and share the l..."
pi-backlog,pmid-33730579,33730579,2021,,A genome-wide CRISPR screen identifies UFMylation and TRAMP-like complexes as host factors required for hepatitis A virus infection.,,,,crispr_screen,data_or_analysis,candidate,"relevant viral/host/pathway terms matched: virus, viral, crispr, infection",medium,"relevant mechanistic terms: virus, viral, host, screen, crispr","Hepatitis A virus (HAV) is a positive-sense RNA virus causing acute inflammation of the liver. Here, using a genome-scale CRISPR screen, we provide a comprehensive picture of the cellular factors that are exploited by HAV. We identify genes involved in sialic acid/ganglioside..."
pi-backlog,pmid-33723017,33723017,2021,,SARS-CoV-2 infection of human iPSC-derived cardiac cells reflects cytopathic features in hearts of patients with COVID-19.,,sars-cov-2;sars-cov;coronavirus,,transcriptomics,primary_research,candidate,relevant viral/host/pathway terms matched: infection,low,no strong backlog-priority keywords matched,"Although coronavirus disease 2019 (COVID-19) causes cardiac dysfunction in up to 25% of patients, its pathogenesis remains unclear. Exposure of human induced pluripotent stem cell (iPSC)-derived heart cells to severe acute respiratory syndrome coronavirus 2 (SARS-CoV-2) reveal..."
pi-backlog,pmid-33704016,33704016,2021,,Experimental re-infected cats do not transmit SARS-CoV-2.,,sars-cov-2;sars-cov,,,primary_research,candidate,"relevant viral/host/pathway terms matched: virus, viral, infection",medium,"relevant mechanistic terms: virus, viral","SARS-CoV-2 is the causative agent of COVID-19 and responsible for the current global pandemic. We and others have previously demonstrated that cats are susceptible to SARS-CoV-2 infection and can efficiently transmit the virus to naïve cats. Here, we address whether cats previ..."
pi-backlog,pmid-33653892,33653892,2021,,Introduction of Two Prolines and Removal of the Polybasic Cleavage Site Lead to Higher Efficacy of a Recombinant Spike-Based SARS-CoV-2 Vaccine in the Mouse Model.,,sars-cov-2;sars-cov;coronavirus,,,primary_research,candidate,relevant viral/host/pathway terms matched: viral,medium,"relevant mechanistic terms: viral, host",The spike protein of severe acute respiratory syndrome coronavirus 2 (SARS-CoV-2) has been identified as the prime target for vaccine development. The spike protein mediates both binding to host cells and membrane fusion and is also so far the only known viral target of neutra...
pi-backlog,pmid-33619480,33619480,2021,,A Combination Adjuvant for the Induction of Potent Antiviral Immune Responses for a Recombinant SARS-CoV-2 Protein Vaccine.,,sars-cov-2;sars-cov,,,primary_research,candidate,"relevant viral/host/pathway terms matched: virus, viral",medium,"relevant mechanistic terms: virus, viral","Several SARS-CoV-2 vaccines have received EUAs, but many issues remain unresolved, including duration of conferred immunity and breadth of cross-protection. Adjuvants that enhance and shape adaptive immune responses that confer broad protection against SARS-CoV-2 variants will..."
pi-backlog,pmid-33619476,33619476,2021,,COVA1-18 neutralizing antibody protects against SARS-CoV-2 in three preclinical models.,,sars-cov-2;sars-cov;coronavirus,,,primary_research,candidate,relevant viral/host/pathway terms matched: viral,medium,relevant mechanistic terms: viral,"One year into the Coronavirus Disease 2019 (COVID-19) pandemic caused by Severe Acute Respiratory Syndrome coronavirus 2 (SARS-CoV-2), effective treatments are still needed 1-3 . Monoclonal antibodies, given alone or as part of a therapeutic cocktail, have shown promising resu..."
current-program,pmid-33586677,33586677,2021,,The lung microenvironment shapes a dysfunctional response of alveolar macrophages in aging.,,influenza,,transcriptomics,primary_research,candidate,relevant viral/host/pathway terms matched: viral,medium,older paper with relevant terms: viral,Alveolar macrophages orchestrate the response to viral infections. Age-related changes in these cells may underlie the differential severity of pneumonia in older patients. We performed an integrated analysis of single-cell RNA-Seq data that revealed homogenous age-related cha...
pi-backlog,pmid-33547084,33547084,2021,,Nsp1 protein of SARS-CoV-2 disrupts the mRNA export machinery to inhibit host gene expression.,,sars-cov-2;sars-cov,,,primary_research,candidate,"relevant viral/host/pathway terms matched: viral, infection",medium,"relevant mechanistic terms: viral, host","The ongoing unprecedented severe acute respiratory syndrome caused by the SARS-CoV-2 outbreak worldwide has highlighted the need for understanding viral-host interactions involved in mechanisms of virulence. Here, we show that the virulence factor Nsp1 protein of SARS-CoV-2 in..."
pi-backlog,pmid-33536176,33536176,2021,,Evaluating a New Class of AKT/mTOR Activators for HIV Latency Reversing Activity Ex Vivo and In Vivo.,,hiv,,,primary_research,candidate,relevant viral/host/pathway terms matched: virus,medium,relevant mechanistic terms: virus,"An ability to activate latent HIV-1 expression could benefit many HIV cure strategies, but the first generation of latency reversing agents (LRAs) has proven disappointing. We evaluated AKT/mTOR activators as a potential new class of LRAs. Two glycogen synthase kinase-3 inhibi..."
pi-backlog,pmid-33532796,33532796,2021,,The E484K mutation in the SARS-CoV-2 spike protein reduces but does not abolish neutralizing activity of human convalescent and post-vaccination sera.,,sars-cov-2;sars-cov;coronavirus,,,primary_research,candidate,"relevant viral/host/pathway terms matched: virus, infection",medium,relevant mechanistic terms: virus,"One year in the coronavirus disease 2019 (COVID-19) pandemic, the first vaccines are being rolled out under emergency use authorizations. It is of great concern that newly emerging variants of severe acute respiratory syndrome coronavirus 2 (SARS-CoV-2) can escape antibody-med..."
pi-backlog,pmid-33510473,33510473,2021,,Zika virus NS3 protease induces bone morphogenetic protein-dependent brain calcification in human fetuses.,,zika,,,primary_research,candidate,"relevant viral/host/pathway terms matched: virus, pathway, infection",medium,"relevant mechanistic terms: virus, pathway","The most frequent fetal birth defect associated with prenatal Zika virus (ZIKV) infection is brain calcification, which in turn may potentially affect neurological development in infants. Understanding the mechanism could inform the development of potential therapies against p..."
pi-backlog,pmid-33501468,33501468,2021,,The N501Y mutation in SARS-CoV-2 spike leads to morbidity in obese and aged mice and is neutralized by convalescent and post-vaccination human sera.,,sars-cov-2;sars-cov;coronavirus,,,primary_research,candidate,"relevant viral/host/pathway terms matched: virus, viral, infection",medium,"relevant mechanistic terms: virus, viral","The current COVID-19 (coronavirus disease 19) pandemic, caused by SARS-CoV-2, disproportionally affects the elderly and people with comorbidities like obesity and associated type 2 diabetes mellitus. Small animal models are crucial for the successful development and validation..."
pi-backlog,pmid-33464672,33464672,2021,,Sterilizing Immunity against SARS-CoV-2 Infection in Mice by a Single-Shot and Lipid Amphiphile Imidazoquinoline TLR7/8 Agonist-Adjuvanted Recombinant Spike Protein Vaccine*.,,sars-cov-2;sars-cov;coronavirus;influenza,,,primary_research,candidate,"relevant viral/host/pathway terms matched: virus, viral, infection",medium,"relevant mechanistic terms: virus, viral","The search for vaccines that protect from severe morbidity and mortality because of infection with severe acute respiratory syndrome coronavirus 2 (SARS-CoV-2), the virus that causes coronavirus disease 2019 (COVID-19) is a race against the clock and the virus. Here we describ..."
pi-backlog,pmid-33440898,33440898,2021,,Chimeric Hemagglutinin-Based Live-Attenuated Vaccines Confer Durable Protective Immunity against Influenza A Viruses in a Preclinical Ferret Model.,,influenza,,,primary_research,candidate,"relevant viral/host/pathway terms matched: virus, infection",medium,relevant mechanistic terms: virus,"Epidemic or pandemic influenza can annually cause significant morbidity and mortality in humans. We developed novel chimeric hemagglutinin (cHA)-based universal influenza virus vaccines, which contain a conserved HA stalk domain from a 2009 pandemic H1N1 (pH1N1) strain combine..."
pi-backlog,pmid-33440148,33440148,2021,,MDA5 Governs the Innate Immune Response to SARS-CoV-2 in Lung Epithelial Cells.,,sars-cov-2;sars-cov;coronavirus,,,primary_research,candidate,"relevant viral/host/pathway terms matched: virus, viral, infection",medium,"relevant mechanistic terms: virus, viral",Recent studies have profiled the innate immune signatures in patients infected with severe acute respiratory syndrome coronavirus 2 (SARS-CoV-2) and suggest that cellular responses to viral challenge may affect disease severity. Yet the molecular events that underlie cellular...
hpmi,pmid-33434350,33434350,2021,HPMI,Mass spectrometry-based protein-protein interaction networks for the study of human diseases.,,,,protein_interaction_mapping;proteomics,review,candidate,relevant host-pathogen/pathway terms matched: interaction,low,no strong HPMI literature-priority keywords matched,A better understanding of the molecular mechanisms underlying disease is key for expediting the development of novel therapeutic interventions. Disease mechanisms are often mediated by interactions between proteins. Insights into the physical rewiring of protein-protein intera...
pi-backlog,pmid-33411780,33411780,2021,,A multi-mechanism approach reduces length of stay in the ICU for severe COVID-19 patients.,,sars-cov-2,,,methods,candidate,relevant viral/host/pathway terms matched: viral,medium,relevant mechanistic terms: viral,PURPOSE: COVID-19 pandemic has multifaceted presentations with rising evidence of immune-mediated mechanisms underplay. We sought to explore the outcomes of severe COVID-19 patients treated with a multi-mechanism approach (MMA) in addition to standard-of-care (SC) versus patie...
pi-backlog,pmid-33349855,33349855,2021,,Ethnic-minority groups in England and Wales-factors associated with the size and timing of elevated COVID-19 mortality: a retrospective cohort study linking census and death records.,,sars-cov-2;coronavirus,,network_modeling,primary_research,candidate,relevant viral/host/pathway terms matched: infection,low,no strong backlog-priority keywords matched,BACKGROUND: We estimated population-level associations between ethnicity and coronavirus disease 2019 (COVID-19) mortality using a newly linked census-based data set and investigated how ethnicity-specific mortality risk evolved during the pandemic. METHODS: We conducted a ret...
hpmi,pmid-33328654,33328654,2021,HPMI,Controlling and enhancing CRISPR systems.,,,,genome_editing,review,candidate,relevant host-pathogen/pathway terms matched: crispr,low,no strong HPMI literature-priority keywords matched,Many bacterial and archaeal organisms use clustered regularly interspaced short palindromic repeats-CRISPR associated (CRISPR-Cas) systems to defend themselves from mobile genetic elements. These CRISPR-Cas systems are classified into six types based on their composition and m...
pi-backlog,pmid-33288923,33288923,2021,,"A chimeric hemagglutinin-based universal influenza virus vaccine approach induces broad and long-lasting immunity in a randomized, placebo-controlled phase I trial.",,influenza,,,primary_research,candidate,"relevant viral/host/pathway terms matched: virus, viral",medium,"relevant mechanistic terms: virus, viral",Seasonal influenza viruses constantly change through antigenic drift and the emergence of pandemic influenza viruses through antigenic shift is unpredictable. Conventional influenza virus vaccines induce strain-specific neutralizing antibodies against the variable immunodomina...
pi-backlog,pmid-33125654,33125654,2021,,Protein Structure Modeling with MODELLER.,,,,network_modeling,methods,high,explicit cross-virus/shared-host language: comparative,low,no strong backlog-priority keywords matched,"Genome sequencing projects have resulted in a rapid increase in the number of known protein sequences. In contrast, only about one-hundredth of these sequences have been characterized at atomic resolution using experimental structure determination methods. Computational protei..."
pi-backlog,pmid-32755474,32755474,2021,,TIPICO X: report of the 10th interactive infectious disease workshop on infectious diseases and vaccines.,,influenza;rsv,,,primary_research,candidate,relevant viral/host/pathway terms matched: virus,medium,relevant mechanistic terms: virus,"TIPICO is an expert meeting and workshop that aims to provide the most recent evidence in the field of infectious diseases and vaccination. The 10th Interactive Infectious Disease TIPICO workshop took place in Santiago de Compostela, Spain, on November 21-22, 2019. Cutting-edg..."
pi-backlog,pmid-32661015,32661015,2021,,Induction and Evasion of Type-I Interferon Responses during Influenza A Virus Infection.,,influenza,,,review,candidate,"relevant viral/host/pathway terms matched: virus, viral, pathway, infection",medium,"relevant mechanistic terms: virus, viral, host, pathway","Influenza A viruses (IAVs) are contagious pathogens and one of the leading causes of respiratory tract infections in both humans and animals worldwide. Upon infection, the innate immune system provides the first line of defense to neutralize or limit the replication of invadin..."
pi-backlog,pmid-33348607,33348607,2020,,A Newcastle Disease Virus (NDV) Expressing a Membrane-Anchored Spike as a Cost-Effective Inactivated SARS-CoV-2 Vaccine.,,sars-cov-2;sars-cov;coronavirus;influenza,,,primary_research,candidate,relevant viral/host/pathway terms matched: virus,medium,relevant mechanistic terms: virus,"A successful severe acute respiratory syndrome coronavirus 2 (SARS-CoV-2) vaccine must not only be safe and protective, but must also meet the demand on a global scale at a low cost. Using the current influenza virus vaccine production capacity to manufacture an egg-based inac..."
hpmi,pmid-33303586,33303586,2020,HPMI,Genetic interaction mapping informs integrative structure determination of protein complexes.,,,,structural_biology,methods,candidate,relevant host-pathogen/pathway terms matched: interaction,low,no strong HPMI literature-priority keywords matched,"Determining structures of protein complexes is crucial for understanding cellular functions. Here, we describe an integrative structure determination approach that relies on in vivo measurements of genetic interactions. We construct phenotypic profiles for point mutations cros..."
pi-backlog,pmid-33299999,33299999,2020,,Topoisomerase 1 inhibition therapy protects against SARS-CoV-2-induced inflammation and death in animal models.,,sars-cov-2;sars-cov;coronavirus,,,primary_research,candidate,relevant viral/host/pathway terms matched: infection,medium,relevant mechanistic terms: host,The ongoing pandemic caused by Severe Acute Respiratory Syndrome Coronavirus 2 (SARS-CoV-2) is currently affecting millions of lives worldwide. Large retrospective studies indicate that an elevated level of inflammatory cytokines and pro-inflammatory factors are associated wit...
pi-backlog,pmid-33294855,33294855,2020,,Pre-existing Hemagglutinin Stalk Antibodies Correlate with Protection of Lower Respiratory Symptoms in Flu-Infected Transplant Patients.,,influenza,,,primary_research,candidate,"relevant viral/host/pathway terms matched: virus, infection",medium,relevant mechanistic terms: virus,"Hemagglutination-inhibitory antibodies are usually highly strain specific with little effect on infection with drifted or shifted strains. The significance of broadly cross-reactive non-HAI anti-influenza antibodies against conserved domains of virus glycoproteins, such as the..."
pi-backlog,pmid-33232870,33232870,2020,,Newcastle disease virus (NDV) expressing the spike protein of SARS-CoV-2 as a live virus vaccine candidate.,,sars-cov-2;sars-cov;influenza,,,primary_research,candidate,"relevant viral/host/pathway terms matched: virus, viral",medium,"relevant mechanistic terms: virus, viral","BACKGROUND: Due to the lack of protective immunity of humans towards the newly emerged SARS-CoV-2, this virus has caused a massive pandemic across the world resulting in hundreds of thousands of deaths. Thus, a vaccine is urgently needed to contain the spread of the virus. MET..."
pi-backlog,pmid-33232663,33232663,2020,,Androgen Signaling Regulates SARS-CoV-2 Receptor Levels and Is Associated with Severe COVID-19 Symptoms in Men.,,sars-cov-2;sars-cov,,,primary_research,candidate,"relevant viral/host/pathway terms matched: virus, infection",medium,relevant mechanistic terms: virus,"SARS-CoV-2 infection has led to a global health crisis, and yet our understanding of the disease and potential treatment options remains limited. The infection occurs through binding of the virus with angiotensin converting enzyme 2 (ACE2) on the cell membrane. Here, we establ..."
pi-backlog,pmid-33182279,33182279,2020,,Development and Assessment of a Pooled Serum as Candidate Standard to Measure Influenza A Virus Group 1 Hemagglutinin Stalk-Reactive Antibodies.,,influenza,,,primary_research,candidate,relevant viral/host/pathway terms matched: virus,medium,relevant mechanistic terms: virus,"The stalk domain of the hemagglutinin has been identified as a target for induction of protective antibody responses due to its high degree of conservation among numerous influenza subtypes and strains. However, current assays to measure stalk-based immunity are not standardiz..."
pi-backlog,pmid-33148654,33148654,2020,,Liver-expressed Cd302 and Cr1l limit hepatitis C virus cross-species transmission to mice.,,hcv,,,primary_research,candidate,"relevant viral/host/pathway terms matched: virus, infection",medium,"relevant mechanistic terms: virus, host","Hepatitis C virus (HCV) has no animal reservoir, infecting only humans. To investigate species barrier determinants limiting infection of rodents, murine liver complementary DNA library screening was performed, identifying transmembrane proteins Cd302 and Cr1l as potent restri..."
pi-backlog,pmid-33106810,33106810,2020,,Sterilizing Immunity against SARS-CoV-2 Infection in Mice by a Single-Shot and Modified Imidazoquinoline TLR7/8 Agonist-Adjuvanted Recombinant Spike Protein Vaccine.,,sars-cov-2;sars-cov;coronavirus;influenza,,,primary_research,candidate,"relevant viral/host/pathway terms matched: virus, viral, infection",medium,"relevant mechanistic terms: virus, viral","The search for vaccines that protect from severe morbidity and mortality as a result of infection with severe acute respiratory syndrome coronavirus 2 (SARS-CoV-2), the virus that causes coronavirus disease 2019 (COVID-19) is a race against the clock and the virus. Several vac..."
pi-backlog,pmid-33096040,33096040,2020,,Polyreactive Broadly Neutralizing B cells Are Selected to Provide Defense against Pandemic Threat Influenza Viruses.,,influenza,,,primary_research,candidate,"relevant viral/host/pathway terms matched: virus, viral",medium,"relevant mechanistic terms: virus, viral","Polyreactivity is the ability of a single antibody to bind to multiple molecularly distinct antigens and is a common feature of antibodies induced upon pathogen exposure. However, little is known about the role of polyreactivity during anti-influenza virus antibody responses...."
pi-backlog,pmid-33073694,33073694,2020,,Comparison of transgenic and adenovirus hACE2 mouse models for SARS-CoV-2 infection.,,sars-cov-2;sars-cov;coronavirus,,,primary_research,candidate,"relevant viral/host/pathway terms matched: virus, viral, infection",medium,"relevant mechanistic terms: virus, viral",Severe acute respiratory syndrome CoV-2 (SARS-CoV-2) is currently causing a worldwide pandemic with high morbidity and mortality. Development of animal models that recapitulate important aspects of coronavirus disease 2019 (COVID-19) is critical for the evaluation of vaccines...
pi-backlog,pmid-33052360,33052360,2020,,"Scalable, effective, and rapid decontamination of SARS-CoV-2 contaminated N95 respirators using germicidal ultra-violet C (UVC) irradiation device.",,sars-cov-2;sars-cov,,,methods,candidate,relevant viral/host/pathway terms matched: virus,medium,relevant mechanistic terms: virus,IMPORTANCE: Particulate respirators such as N95 masks are an essential component of personal protective equipment (PPE) for front-line workers. This study describes a rapid and effective UVC irradiation system that would facilitate the safe re-use of N95 respirators and provid...
current-program,pmid-33037213,33037213,2020,CViSB,Accommodating individual travel history and unsampled diversity in Bayesian phylogeographic inference of SARS-CoV-2.,Kristian Andersen,sars-cov-2;sars-cov,,clinical_modeling,primary_research,candidate,relevant viral/host/pathway terms matched: virus,medium,older paper with relevant terms: virus,"Spatiotemporal bias in genome sampling can severely confound discrete trait phylogeographic inference. This has impeded our ability to accurately track the spread of SARS-CoV-2, the virus responsible for the COVID-19 pandemic, despite the availability of unprecedented numbers..."
pi-backlog,pmid-33028154,33028154,2020,,"SARS-CoV-2 infection, disease and transmission in domestic cats.",,sars-cov-2;sars-cov;coronavirus;influenza,,,primary_research,candidate,"relevant viral/host/pathway terms matched: virus, viral, infection",medium,"relevant mechanistic terms: virus, viral, host",Severe Acute Respiratory Syndrome Coronavirus 2 (SARS-CoV-2) is the cause of Coronavirus Disease 2019 (COVID-19) and responsible for the current pandemic. Recent SARS-CoV-2 susceptibility studies in cats show that the virus can replicate in these companion animals and transmit...
pi-backlog,pmid-33024967,33024967,2020,,Functional Landscape of SARS-CoV-2 Cellular Restriction.,,sars-cov-2;sars-cov,,,primary_research,candidate,"relevant viral/host/pathway terms matched: viral, infection",medium,"relevant mechanistic terms: viral, host","A deficient interferon response to SARS-CoV-2 infection has been implicated as a determinant of severe COVID-19. To identify the molecular effectors that govern interferon control of SARS-CoV-2 infection, we conducted a large-scale gain-of-function analysis that evaluated the..."
pi-backlog,pmid-32995785,32995785,2020,,Introduction of two prolines and removal of the polybasic cleavage site leads to optimal efficacy of a recombinant spike based SARS-CoV-2 vaccine in the mouse model.,,sars-cov-2;sars-cov;coronavirus,,,primary_research,candidate,relevant viral/host/pathway terms matched: viral,medium,"relevant mechanistic terms: viral, host",UNLABELLED: The spike protein of severe acute respiratory syndrome coronavirus 2 (SARS-CoV-2) has been identified as the prime target for vaccine development. The spike protein mediates both binding to host cells and membrane fusion and is also so far the only known viral targ...
pi-backlog,pmid-32972995,32972995,2020,,Inborn errors of type I IFN immunity in patients with life-threatening COVID-19.,,sars-cov-2;sars-cov;coronavirus;influenza,,,primary_research,candidate,"relevant viral/host/pathway terms matched: virus, infection",medium,relevant mechanistic terms: virus,Clinical outcome upon infection with severe acute respiratory syndrome coronavirus 2 (SARS-CoV-2) ranges from silent infection to lethal coronavirus disease 2019 (COVID-19). We have found an enrichment in rare variants predicted to be loss-of-function (LOF) at the 13 human loc...
pi-backlog,pmid-32935117,32935117,2020,,Gastrointestinal involvement attenuates COVID-19 severity and mortality.,,sars-cov-2;sars-cov;coronavirus;influenza,,,primary_research,candidate,"relevant viral/host/pathway terms matched: viral, infection",medium,relevant mechanistic terms: viral,"UNLABELLED: Given that gastrointestinal (GI) symptoms are a prominent extrapulmonary manifestation of coronavirus disease 2019 (COVID-19), we investigated intestinal infection with severe acute respiratory syndrome coronavirus-2 (SARS-CoV-2) and its effect on disease pathogene..."
pi-backlog,pmid-32935097,32935097,2020,,SARS-CoV-2 infection of human iPSC-derived cardiac cells predicts novel cytopathic features in hearts of COVID-19 patients.,,sars-cov-2;sars-cov,,transcriptomics,primary_research,candidate,relevant viral/host/pathway terms matched: infection,low,no strong backlog-priority keywords matched,"Although COVID-19 causes cardiac dysfunction in up to 25% of patients, its pathogenesis remains unclear. Exposure of human iPSC-derived heart cells to SARS-CoV-2 revealed productive infection and robust transcriptomic and morphological signatures of damage, particularly in car..."
hpmi,pmid-32855547,32855547,2020,HPMI,Evaluation of SARS-CoV-2 serology assays reveals a range of test performance.,,sars-cov-2;sars-cov;coronavirus,,,primary_research,unknown,no explicit cross-virus or strong host-mechanism terms matched,medium,"older HPMI paper with relevant terms: sars, cov","Appropriate use and interpretation of serological tests for assessments of severe acute respiratory syndrome coronavirus 2 (SARS-CoV-2) exposure, infection and potential immunity require accurate data on assay performance. We conducted a head-to-head evaluation of ten point-of..."
pi-backlog,pmid-32822681,32822681,2020,,A novel SUMOylation site in the influenza a virus NS1 protein identified with a highly sensitive FRET assay.,,influenza,,,primary_research,candidate,"relevant viral/host/pathway terms matched: virus, viral, interaction",medium,"relevant mechanistic terms: virus, viral, host","Nonstructural protein 1 (NS1) of the influenza A virus is a major contributor to the virulence of the seasonal influenza A viruses, in part because it interferes with host viral defense mechanisms. SUMOylation regulates NS1 activity, and several residues of NS1 have been ident..."
pi-backlog,pmid-32817938,32817938,2020,,An ultra-potent synthetic nanobody neutralizes SARS-CoV-2 by locking Spike into an inactive conformation.,,sars-cov-2;sars-cov,,,primary_research,candidate,"relevant viral/host/pathway terms matched: viral, interaction, infection",medium,"relevant mechanistic terms: viral, host","Without an effective prophylactic solution, infections from SARS-CoV-2 continue to rise worldwide with devastating health and economic costs. SARS-CoV-2 gains entry into host cells via an interaction between its Spike protein and the host cell receptor angiotensin converting e..."
pi-backlog,pmid-32778820,32778820,2020,,Structural basis for STAT2 suppression by flavivirus NS5.,,dengue;zika,,,primary_research,candidate,"relevant viral/host/pathway terms matched: virus, viral, infection",medium,"relevant mechanistic terms: virus, viral","Suppressing cellular signal transducers of transcription 2 (STAT2) is a common strategy that viruses use to establish infections, yet the detailed mechanism remains elusive, owing to a lack of structural information about the viral-cellular complex involved. Here, we report th..."
pi-backlog,pmid-32766572,32766572,2020,,A Newcastle disease virus (NDV) expressing membrane-anchored spike as a cost-effective inactivated SARS-CoV-2 vaccine.,,sars-cov-2;sars-cov;influenza,,,primary_research,candidate,relevant viral/host/pathway terms matched: virus,medium,relevant mechanistic terms: virus,A successful SARS-CoV-2 vaccine must be not only safe and protective but must also meet the demand on a global scale at low cost. Using the current influenza virus vaccine production capacity to manufacture an egg-based inactivated Newcastle disease virus (NDV)/SARS-CoV-2 vacc...
pi-backlog,pmid-32759917,32759917,2020,,"Increase in Antiretroviral Therapy Enrollment Among Persons with HIV Infection During the Lusaka HIV Treatment Surge - Lusaka Province, Zambia, January 2018-June 2019.",,hiv,,,primary_research,candidate,"relevant viral/host/pathway terms matched: virus, viral, infection",medium,"relevant mechanistic terms: virus, viral","Within Zambia, a landlocked country in southern-central Africa, the highest prevalence of human immunodeficiency virus (HIV) infection is in Lusaka Province (population 3.2 million), where approximately 340,000 persons are estimated to be infected (1). The 2016 Zambia Populati..."
pi-backlog,pmid-32743571,32743571,2020,,Newcastle disease virus (NDV) expressing the spike protein of SARS-CoV-2 as vaccine candidate.,,sars-cov-2;sars-cov;influenza;poxvirus,,,primary_research,candidate,"relevant viral/host/pathway terms matched: virus, viral",medium,"relevant mechanistic terms: virus, viral","UNLABELLED: Due to the lack of protective immunity of humans towards the newly emerged SARS-CoV-2, this virus has caused a massive pandemic across the world resulting in hundreds of thousands of deaths. Thus, a vaccine is urgently needed to contain the spread of the virus. Her..."
pi-backlog,pmid-32722715,32722715,2020,,"Estimation of SARS-CoV-2 mortality during the early stages of an epidemic: A modeling study in Hubei, China, and six regions in Europe.",,sars-cov-2;sars-cov;coronavirus,,network_modeling,methods,candidate,relevant viral/host/pathway terms matched: infection,low,no strong backlog-priority keywords matched,"BACKGROUND: As of 16 May 2020, more than 4.5 million cases and more than 300,000 deaths from disease caused by severe acute respiratory syndrome coronavirus 2 (SARS-CoV-2) have been reported. Reliable estimates of mortality from SARS-CoV-2 infection are essential for understan..."
pi-backlog,pmid-32707573,32707573,2020,,Discovery of SARS-CoV-2 antiviral drugs through large-scale compound repurposing.,,sars-cov-2;sars-cov;coronavirus,,,primary_research,candidate,relevant viral/host/pathway terms matched: viral,medium,relevant mechanistic terms: viral,"The emergence of severe acute respiratory syndrome coronavirus 2 (SARS-CoV-2) in 2019 has triggered an ongoing global pandemic of the severe pneumonia-like disease coronavirus disease 2019 (COVID-19)1. The development of a vaccine is likely to take at least 12-18 months, and t..."
pi-backlog,pmid-32702719,32702719,2020,,"COVID-19: Famotidine, Histamine, Mast Cells, and Mechanisms.",,sars-cov-2;sars-cov,,,primary_research,candidate,"relevant viral/host/pathway terms matched: viral, infection",medium,"relevant mechanistic terms: viral, host","SARS-CoV-2 infection is required for COVID-19, but many signs and symptoms of COVID-19 differ from common acute viral diseases. Currently, there are no pre- or post-exposure prophylactic COVID-19 medical countermeasures. Clinical data suggest that famotidine may mitigate COVID..."
pi-backlog,pmid-32676603,32676603,2020,,Comparison of Transgenic and Adenovirus hACE2 Mouse Models for SARS-CoV-2 Infection.,,sars-cov-2;sars-cov;coronavirus,,,primary_research,candidate,"relevant viral/host/pathway terms matched: virus, viral, infection",medium,"relevant mechanistic terms: virus, viral",Severe acute respiratory syndrome CoV-2 (SARS-CoV-2) is currently causing a worldwide pandemic with high morbidity and mortality. Development of animal models that recapitulate important aspects of coronavirus disease 2019 (COVID-19) is critical for the evaluation of vaccines...
pi-backlog,pmid-32617370,32617370,2020,,"A Recent Human Immunodeficiency Virus Outbreak Among People Who Inject Drugs in Munich, Germany, Is Associated With Consumption of Synthetic Cathinones.",,hiv;hcv,,,primary_research,candidate,"relevant viral/host/pathway terms matched: virus, viral",medium,"relevant mechanistic terms: virus, viral",BACKGROUND: Needle and syringe sharing among people who inject drugs (PWID) can result in a rapid regional spread of a human immunodeficiency virus (HIV) variant. Such outbreaks have been identified recently in several countries and have raised public health attention because...
pi-backlog,pmid-32604762,32604762,2020,,Live Visualization of Hemagglutinin Dynamics During Infection by Using a Novel Reporter Influenza A Virus.,,influenza,,,primary_research,candidate,"relevant viral/host/pathway terms matched: virus, viral, infection",medium,"relevant mechanistic terms: virus, viral, host","Live visualization of influenza A virus (IAV) structural proteins during viral infection in cells is highly sought objective to study different aspects of the viral replication cycle. To achieve this, we engineered an IAV to express a Tetra Cysteine tag (TC tag) from hemagglut..."
pi-backlog,pmid-32585083,32585083,2020,,An In Vitro Microneutralization Assay for SARS-CoV-2 Serology and Drug Screening.,,sars-cov-2;sars-cov;coronavirus,,,methods,candidate,relevant viral/host/pathway terms matched: virus,medium,relevant mechanistic terms: virus,"The severe acute respiratory syndrome coronavirus 2 (SARS-CoV-2) emerged in the city of Wuhan, Hubei Province, China, in late 2019. Since then, the virus has spread globally and caused a pandemic. Assays that can measure the antiviral activity of antibodies or antiviral compou..."
pi-backlog,pmid-32582220,32582220,2020,,"Non-sterilizing, Infection-Permissive Vaccination With Inactivated Influenza Virus Vaccine Reshapes Subsequent Virus Infection-Induced Protective Heterosubtypic Immunity From Cellular to Humoral Cross-Reactive Immune Responses.",,influenza,,,primary_research,candidate,"relevant viral/host/pathway terms matched: virus, viral, infection",medium,"relevant mechanistic terms: virus, viral, host","Conventional influenza vaccines aim at the induction of virus-neutralizing antibodies that provide with sterilizing immunity. However, influenza vaccination often confers protection from disease but not from infection. The impact of infection-permissive vaccination on the immu..."
pi-backlog,pmid-32559462,32559462,2020,,Hybrid Gene Origination Creates Human-Virus Chimeric Proteins during Infection.,,influenza,,,primary_research,candidate,"relevant viral/host/pathway terms matched: virus, viral, infection",medium,"relevant mechanistic terms: virus, viral, host","RNA viruses are a major human health threat. The life cycles of many highly pathogenic RNA viruses like influenza A virus (IAV) and Lassa virus depends on host mRNA, because viral polymerases cleave 5'-m7G-capped host transcripts to prime viral mRNA synthesis (""cap-snatching"")..."
pi-backlog,pmid-32546784,32546784,2020,,Author Correction: Microbiome disturbance and resilience dynamics of the upper respiratory tract during influenza A virus infection.,,influenza,,,primary_research,candidate,"relevant viral/host/pathway terms matched: virus, infection",medium,relevant mechanistic terms: virus,An amendment to this paper has been published and can be accessed via a link at the top of the paper.
pi-backlog,pmid-32522852,32522852,2020,,A Genome-Wide CRISPR-Cas9 Screen Reveals the Requirement of Host Cell Sulfation for Schmallenberg Virus Infection.,,,,crispr_screen,data_or_analysis,candidate,"relevant viral/host/pathway terms matched: virus, viral, dependency, crispr, infection",medium,"relevant mechanistic terms: virus, viral, host, screen, crispr","Schmallenberg virus (SBV) is an insect-transmitted orthobunyavirus that can cause abortions and congenital malformations in the offspring of ruminants. Even though the two viral surface glycoproteins Gn and Gc are involved in host cell entry, the specific cellular receptors of..."
pi-backlog,pmid-32516884,32516884,2020,,Newcastle Disease Virus (NDV) Oncolytic Activity in Human Glioma Tumors Is Dependent on CDKN2A-Type I IFN Gene Cluster Codeletion.,,influenza,,,primary_research,candidate,"relevant viral/host/pathway terms matched: virus, infection",medium,relevant mechanistic terms: virus,"Glioblastoma (GBM) is the most aggressive and frequent primary brain tumor in adults with a median overall survival of 15 months. Tumor recurrence and poor prognosis are related to cancer stem cells (CSCs), which drive resistance to therapies. A common characteristic in GBM is..."
current-program,pmid-32511558,32511558,2020,SCRIPT,A Unique Clade of SARS-CoV-2 Viruses is Associated with Lower Viral Loads in Patient Upper Airways.,Alan Hauser,sars-cov-2;sars-cov;influenza,,,data_or_analysis,candidate,"relevant viral/host/pathway terms matched: virus, viral",medium,"older paper with relevant terms: virus, viral, coronavirus","BACKGROUND: The rapid spread of SARS-CoV-2, the causative agent of Coronavirus disease 2019 (COVID-19), has been accompanied by the emergence of distinct viral clades, though their clinical significance remains unclear. Here, we aimed to investigate the phylogenetic characteri..."
pi-backlog,pmid-32511441,32511441,2020,,A serological assay to detect SARS-CoV-2 seroconversion in humans.,,sars-cov-2;sars-cov;coronavirus,,,primary_research,candidate,"relevant viral/host/pathway terms matched: virus, viral, infection",medium,"relevant mechanistic terms: virus, viral","SARS-Cov-2 (severe acute respiratory disease coronavirus 2), which causes Coronavirus Disease 2019 (COVID19) was first detected in China in late 2019 and has since then caused a global pandemic. While molecular assays to directly detect the viral genetic material are available..."
current-program,pmid-32511433,32511433,2020,CViSB,Comparative dynamic aerosol efficiencies of three emergent coronaviruses and the unusual persistence of SARS-CoV-2 in aerosol suspensions.,Melissa Johnson;Robert Garry;Elaine Reed,sars-cov-2;sars-cov,,,primary_research,high,explicit cross-virus/shared-host language: comparative,low,no strong literature-priority keywords matched,
pi-backlog,pmid-32511357,32511357,2020,,A Large-scale Drug Repositioning Survey for SARS-CoV-2 Antivirals.,,sars-cov-2;sars-cov;coronavirus,,,primary_research,candidate,relevant viral/host/pathway terms matched: viral,medium,relevant mechanistic terms: viral,"The emergence of novel SARS coronavirus 2 (SARS-CoV-2) in 2019 has triggered an ongoing global pandemic of severe pneumonia-like disease designated as coronavirus disease 2019 (COVID-19). To date, more than 2.1 million confirmed cases and 139,500 deaths have been reported worl..."
pi-backlog,pmid-32471856,32471856,2020,,Introductions and early spread of SARS-CoV-2 in the New York City area.,,sars-cov-2;sars-cov;coronavirus,,,primary_research,candidate,relevant viral/host/pathway terms matched: virus,medium,relevant mechanistic terms: virus,"New York City (NYC) has emerged as one of the epicenters of the current severe acute respiratory syndrome coronavirus 2 (SARS-CoV-2) pandemic. To identify the early transmission events underlying the rapid spread of the virus in the NYC metropolitan area, we sequenced the viru..."
current-program,pmid-32458974,32458974,2020,,Gradients Do Grow on Trees: A Linear-Time O(N)-Dimensional Gradient for Statistical Phylogenetics.,,dengue,,,data_or_analysis,candidate,relevant viral/host/pathway terms matched: virus,medium,older paper with relevant terms: virus,"Calculation of the log-likelihood stands as the computational bottleneck for many statistical phylogenetic algorithms. Even worse is its gradient evaluation, often used to target regions of high probability. Order O(N)-dimensional gradient calculations based on the standard pr..."
pi-backlog,pmid-32439901,32439901,2020,,Microbiome disturbance and resilience dynamics of the upper respiratory tract during influenza A virus infection.,,influenza,,,primary_research,candidate,"relevant viral/host/pathway terms matched: virus, viral, infection",medium,"relevant mechanistic terms: virus, viral","Infection with influenza can be aggravated by bacterial co-infections, which often results in disease exacerbation. The effects of influenza infection on the upper respiratory tract (URT) microbiome are largely unknown. Here, we report a longitudinal study to assess the tempor..."
pi-backlog,pmid-32415096,32415096,2020,,mRNA display with library of even-distribution reveals cellular interactors of influenza virus NS1.,,influenza,,,methods,candidate,"relevant viral/host/pathway terms matched: virus, interaction",medium,relevant mechanistic terms: virus,"A comprehensive examination of protein-protein interactions (PPIs) is fundamental for the understanding of cellular machineries. However, limitations in current methodologies often prevent the detection of PPIs with low abundance proteins. To overcome this challenge, we develo..."
pi-backlog,pmid-32398876,32398876,2020,,A serological assay to detect SARS-CoV-2 seroconversion in humans.,,sars-cov-2;sars-cov,,,primary_research,candidate,relevant viral/host/pathway terms matched: virus,medium,relevant mechanistic terms: virus,"Here, we describe a serological enzyme-linked immunosorbent assay for the screening and identification of human SARS-CoV-2 seroconverters. This assay does not require the handling of infectious virus, can be adjusted to detect different antibody types in serum and plasma and i..."
pi-backlog,pmid-32170216,32170216,2020,,Gut microbiota manipulation during the prepubertal period shapes behavioral abnormalities in a mouse neurodevelopmental disorder model.,,influenza,,,primary_research,candidate,"relevant viral/host/pathway terms matched: virus, infection",medium,relevant mechanistic terms: virus,"Previous studies demonstrate an association between activation of the maternal immune system during pregnancy and increased risk of neurodevelopmental psychiatric conditions, such as schizophrenia and autism, in the offspring. Relatively recent findings also suggest that the g..."
pi-backlog,pmid-32125535,32125535,2020,,Varying Inoculum Dose to Assess the Roles of the Immune Response and Target Cell Depletion by the Pathogen in Control of Acute Viral Infections.,,influenza,,,primary_research,candidate,"relevant viral/host/pathway terms matched: viral, infection",medium,relevant mechanistic terms: viral,It is difficult to determine whether an immune response or target cell depletion by the infectious agent is most responsible for the control of acute primary infection. Both mechanisms can explain the basic dynamics of an acute infection-exponential growth of the pathogen foll...
pi-backlog,pmid-32092305,32092305,2020,,Influenza virus NS1- C/EBPβ gene regulatory complex inhibits RIG-I transcription.,,influenza,,,primary_research,candidate,"relevant viral/host/pathway terms matched: virus, interaction",medium,"relevant mechanistic terms: virus, host","Influenza virus non-structural protein 1 (NS1) counteracts host antiviral innate immune responses by inhibiting Retinoic acid inducible gene-I (RIG-I) activation. However, whether NS1 also specifically regulates RIG-I transcription is unknown. Here, we identify a CCAAT/Enhance..."
pi-backlog,pmid-32087189,32087189,2020,,Comparison of two immunoassays for concurrent detection of HCV antigen and antibodies among HIV/HCV co-infected patients in dried serum/plasma spots.,,hiv;hcv,,,primary_research,candidate,"relevant viral/host/pathway terms matched: virus, infection",medium,relevant mechanistic terms: virus,"Hepatitis C virus (HCV) antigen/antibody (Ag/Ab) assays offer the benefit of reducing the window period compared to assays that detect only HCV-Ab. In this study the performance of the Murex Ag/Ab (Murex, Abbott) and Monolisa Ag/Ab Ultra (Monolisa, Bio-Rad) ELISAs was compared..."
hpmi,pmid-32060427,32060427,2020,HPMI,A systems approach to infectious disease.,,,,,primary_research,candidate,relevant host-pathogen/pathway terms matched: host-pathogen,medium,older HPMI paper with relevant terms: host-pathogen,"Ongoing social, political and ecological changes in the 21st century have placed more people at risk of life-threatening acute and chronic infections than ever before. The development of new diagnostic, prophylactic, therapeutic and curative strategies is critical to address t..."
pi-backlog,pmid-32023470,32023470,2020,,OTUB1 Is a Key Regulator of RIG-I-Dependent Immune Signaling and Is Targeted for Proteasomal Degradation by Influenza A NS1.,,influenza,,,primary_research,candidate,"relevant viral/host/pathway terms matched: virus, viral, pathway, infection",medium,"relevant mechanistic terms: virus, viral, host, pathway","Deubiquitylases (DUBs) regulate critical signaling pathways at the intersection of host immunity and viral pathogenesis. Although RIG-I activation is heavily dependent on ubiquitylation, systematic analyses of DUBs that regulate this pathway have not been performed. Using a ub..."
pi-backlog,pmid-31959425,31959425,2020,,Activity of human serum antibodies in an influenza virus hemagglutinin stalk-based ADCC reporter assay correlates with activity in a CD107a degranulation assay.,,influenza,,,primary_research,candidate,"relevant viral/host/pathway terms matched: virus, interaction",medium,relevant mechanistic terms: virus,"The stalk of the influenza virus hemagglutinin (HA) is an attractive target for antibody-based universal influenza virus vaccine development. While antibodies that target this part of the virus can be neutralizing, it has been shown in recent years that Fc receptor-mediated ef..."
pi-backlog,pmid-31958450,31958450,2020,,Establishment of an anti-hepatitis C virus IgG avidity test for dried serum/plasma spots.,,hcv,,,primary_research,candidate,"relevant viral/host/pathway terms matched: virus, infection",medium,relevant mechanistic terms: virus,Monitoring recency of infection helps to identify current transmission in vulnerable populations for effective disease control. We have established an in-house avidity based hepatitis C virus (HCV) recency assay based on the Monolisa Anti-HCV PLUS Version 3 ELISA kit for use o...
pi-backlog,pmid-31857134,31857134,2020,,Deep-sequencing reveals broad subtype-specific HCV resistance mutations associated with treatment failure.,,influenza;hcv,,,methods,candidate,"relevant viral/host/pathway terms matched: virus, viral",medium,"relevant mechanistic terms: virus, viral","A percentage of hepatitis C virus (HCV)-infected patients fail direct acting antiviral (DAA)-based treatment regimens, often because of drug resistance-associated substitutions (RAS). The aim of this study was to characterize the resistance profile of a large cohort of patient..."
pi-backlog,pmid-31776276,31776276,2020,,Viral Determinants in H5N1 Influenza A Virus Enable Productive Infection of HeLa Cells.,,influenza,,,primary_research,candidate,"relevant viral/host/pathway terms matched: virus, viral, host factor, infection",medium,"relevant mechanistic terms: virus, viral, host","Influenza A virus (IAV) is a human respiratory pathogen that causes yearly global epidemics, as well as sporadic pandemics due to human adaptation of pathogenic strains. Efficient replication of IAV in different species is, in part, dictated by its ability to exploit the genet..."
pi-backlog,pmid-31630990,31630990,2020,,"Immunogenicity of chimeric haemagglutinin-based, universal influenza virus vaccine candidates: interim results of a randomised, placebo-controlled, phase 1 clinical trial.",,influenza,,,primary_research,candidate,relevant viral/host/pathway terms matched: virus,medium,relevant mechanistic terms: virus,"BACKGROUND: Influenza viruses cause substantial annual morbidity and mortality globally. Current vaccines protect against influenza only when well matched to the circulating strains. However, antigenic drift can cause considerable mismatches between vaccine and circulating str..."
pi-backlog,pmid-31921042,31921042,2019,,"Functional Characterization and Direct Comparison of Influenza A, B, C, and D NS1 Proteins in vitro and in vivo.",,influenza,,,primary_research,candidate,"relevant viral/host/pathway terms matched: viral, interaction",medium,"relevant mechanistic terms: viral, host","Influenza viruses are important pathogens that affect multiple animal species, including humans. There are four types of influenza viruses: A, B, C, and D (IAV, IBV, ICV, and IDV, respectively). IAV and IBV are currently circulating in humans and are responsible of seasonal ep..."
pi-backlog,pmid-31859745,31859745,2019,,[Clinical and epidemiological characterization of healthcare acquired influenza in critical ill patients].,,influenza,,,primary_research,candidate,"relevant viral/host/pathway terms matched: virus, viral, infection",medium,"relevant mechanistic terms: virus, viral","BACKGROUND: Healthcare-associated infections (HAIs) increase morbidity and mortality. During 2014, at the Hospital Clinico Red de Salud UC Christus (RS-UCCH) it was estimated that 15% of respiratory viral infections were acquired during hospitalization and influenza A was more..."
pi-backlog,pmid-31851929,31851929,2019,,Viral Fitness Landscapes in Diverse Host Species Reveal Multiple Evolutionary Lines for the NS1 Gene of Influenza A Viruses.,,influenza,,,primary_research,candidate,relevant viral/host/pathway terms matched: viral,medium,"relevant mechanistic terms: viral, host",Influenza A viruses (IAVs) have a remarkable tropism in their ability to circulate in both mammalian and avian species. The IAV NS1 protein is a multifunctional virulence factor that inhibits the type I interferon host response through a myriad of mechanisms. How NS1 has evolv...
pi-backlog,pmid-31839997,31839997,2019,,Pandemic influenza virus vaccines boost hemagglutinin stalk-specific antibody responses in primed adult and pediatric cohorts.,,influenza,,,primary_research,candidate,relevant viral/host/pathway terms matched: virus,medium,relevant mechanistic terms: virus,Licensed influenza virus vaccines target the head domain of the hemagglutinin (HA) glycoprotein which undergoes constant antigenic drift. The highly conserved HA stalk domain is an attractive target to increase immunologic breadth required for universal influenza virus vaccine...
pi-backlog,pmid-31697957,31697957,2019,,2019 meeting of the global virus network.,,,,network_modeling,data_or_analysis,candidate,"relevant viral/host/pathway terms matched: virus, viral, host-pathogen",medium,"relevant mechanistic terms: virus, viral, host",The Global Virus Network (GVN) was established in 2011 to strengthen research and responses to emerging viral causes of human disease and to prepare against new viral pandemics. There are now 52 GVN Centers of Excellence and 9 Affiliate laboratories in 32 countries. The 11th I...
pi-backlog,pmid-31597767,31597767,2019,,Differential Modulation of Innate Immune Responses in Human Primary Cells by Influenza A Viruses Carrying Human or Avian Nonstructural Protein 1.,,influenza,,,primary_research,candidate,"relevant viral/host/pathway terms matched: virus, viral, infection",medium,"relevant mechanistic terms: virus, viral, host",The influenza A virus (IAV) nonstructural protein 1 (NS1) contributes to disease pathogenesis through the inhibition of host innate immune responses. Dendritic cells (DCs) release interferons (IFNs) and proinflammatory cytokines and promote adaptive immunity upon viral infecti...
pi-backlog,pmid-31554802,31554802,2019,,Low expression of RNA sensors impacts Zika virus infection in the lower female reproductive tract.,,zika,,,primary_research,candidate,"relevant viral/host/pathway terms matched: virus, viral, infection",medium,"relevant mechanistic terms: virus, viral","Innate immune responses to Zika virus (ZIKV) are dampened in the lower female reproductive tract (LFRT) compared to other tissues, but the mechanism that underlies this vulnerability is poorly understood. Using tissues from uninfected and vaginally ZIKV-infected macaques and m..."
pi-backlog,pmid-31527796,31527796,2019,,Bat influenza viruses transmit among bats but are poorly adapted to non-bat species.,,influenza,,,primary_research,candidate,"relevant viral/host/pathway terms matched: virus, viral, infection",medium,"relevant mechanistic terms: virus, viral","Major histocompatibility complex class II (MHC-II) molecules of multiple species function as cell-entry receptors for the haemagglutinin-like H18 protein of the bat H18N11 influenza A virus, enabling tropism of the viruses in a potentially broad range of vertebrates. However,..."
current-program,pmid-31442400,31442400,2019,CViSB,Travel Surveillance and Genomics Uncover a Hidden Zika Outbreak during the Waning Epidemic.,Kristian Andersen,zika,,,data_or_analysis,candidate,relevant viral/host/pathway terms matched: virus,medium,older paper with relevant terms: virus,"The Zika epidemic in the Americas has challenged surveillance and control. As the epidemic appears to be waning, it is unclear whether transmission is still ongoing, which is exacerbated by discrepancies in reporting. To uncover locations with lingering outbreaks, we investiga..."
pi-backlog,pmid-31375585,31375585,2019,,Innate Immune Response to Influenza Virus at Single-Cell Resolution in Human Epithelial Cells Revealed Paracrine Induction of Interferon Lambda 1.,,influenza,,,primary_research,candidate,"relevant viral/host/pathway terms matched: virus, viral, interaction, infection",medium,"relevant mechanistic terms: virus, viral, host",Early interactions of influenza A virus (IAV) with respiratory epithelium might determine the outcome of infection. The study of global cellular innate immune responses often masks multiple aspects of the mechanisms by which populations of cells work as organized and heterogen...
hpmi,pmid-31359007,31359007,2019,HPMI,Large dataset enables prediction of repair after CRISPR-Cas9 editing in primary T cells.,,,,genome_editing,primary_research,candidate,relevant host-pathogen/pathway terms matched: crispr,low,no strong HPMI literature-priority keywords matched,"Understanding of repair outcomes after Cas9-induced DNA cleavage is still limited, especially in primary human cells. We sequence repair outcomes at 1,656 on-target genomic sites in primary human T cells and use these data to train a machine learning model, which we have calle..."
pi-backlog,pmid-31358982,31358982,2019,,Protection against influenza infection requires early recognition by inflammatory dendritic cells through C-type lectin receptor SIGN-R1.,,influenza,,,primary_research,candidate,"relevant viral/host/pathway terms matched: virus, viral, infection",medium,"relevant mechanistic terms: virus, viral","The early phase of influenza infection occurs in the upper respiratory tract and the trachea, but little is known about the initial events of virus recognition and control of viral dissemination by the immune system. Here, we report that inflammatory dendritic cells (IDCs) are..."
pi-backlog,pmid-31263181,31263181,2019,,Structural basis for influenza virus NS1 protein block of mRNA nuclear export.,,influenza,,,primary_research,candidate,relevant viral/host/pathway terms matched: virus,medium,"relevant mechanistic terms: virus, host","Influenza viruses antagonize key immune defence mechanisms via the virulence factor non-structural protein 1 (NS1). A key mechanism of virulence by NS1 is blocking nuclear export of host messenger RNAs, including those encoding immune factors1-3; however, the direct cellular t..."
pi-backlog,pmid-31217193,31217193,2019,,Severe influenza pneumonitis in children with inherited TLR3 deficiency.,,influenza,,,primary_research,candidate,"relevant viral/host/pathway terms matched: virus, viral, infection",medium,"relevant mechanistic terms: virus, viral","Autosomal recessive IRF7 and IRF9 deficiencies impair type I and III IFN immunity and underlie severe influenza pneumonitis. We report three unrelated children with influenza A virus (IAV) infection manifesting as acute respiratory distress syndrome (IAV-ARDS), heterozygous fo..."
pi-backlog,pmid-31189111,31189111,2019,,N-Glycolylneuraminic Acid as a Receptor for Influenza A Viruses.,,influenza,,,primary_research,candidate,relevant viral/host/pathway terms matched: virus,medium,relevant mechanistic terms: virus,"A species barrier for the influenza A virus is the differential expression of sialic acid, which can either be α2,3-linked for avians or α2,6-linked for human viruses. The influenza A virus hosts also express other species-specific sialic acid derivatives. One major modificati..."
pi-backlog,pmid-31150614,31150614,2019,,Snatch-and-Grab Inhibitors to Fight the Flu.,,influenza,,,primary_research,candidate,relevant viral/host/pathway terms matched: viral,medium,"relevant mechanistic terms: viral, host",Transcription of viral mRNA in cells infected with influenza viruses involves capturing and cleaving the first 10-20 nucleotides of 5' capped host mRNAs to be used as primers in viral RNA synthesis. A newly developed inhibitor of the viral endonuclease responsible for this cap...
pi-backlog,pmid-31105689,31105689,2019,,Sequential Immunization With Live-Attenuated Chimeric Hemagglutinin-Based Vaccines Confers Heterosubtypic Immunity Against Influenza A Viruses in a Preclinical Ferret Model.,,influenza,,,primary_research,candidate,"relevant viral/host/pathway terms matched: virus, viral, infection",medium,"relevant mechanistic terms: virus, viral","Due to continuous antigenic drift and occasional antigenic shift, influenza viruses escape from human adaptive immunity resulting in significant morbidity and mortality in humans. Therefore, to avoid the need for annual reformulation and readministration of seasonal influenza..."
pi-backlog,pmid-31100268,31100268,2019,,A Site of Vulnerability on the Influenza Virus Hemagglutinin Head Domain Trimer Interface.,,influenza,,,primary_research,candidate,relevant viral/host/pathway terms matched: virus,medium,relevant mechanistic terms: virus,"Here, we describe the discovery of a naturally occurring human antibody (Ab), FluA-20, that recognizes a new site of vulnerability on the hemagglutinin (HA) head domain and reacts with most influenza A viruses. Structural characterization of FluA-20 with H1 and H3 head domains..."
pi-backlog,pmid-31032479,31032479,2019,,Chimeric Hemagglutinin-Based Influenza Virus Vaccines Induce Protective Stalk-Specific Humoral Immunity and Cellular Responses in Mice.,,influenza,,,primary_research,candidate,"relevant viral/host/pathway terms matched: virus, viral, infection",medium,"relevant mechanistic terms: virus, viral","The high variation of the influenza virus hemagglutinin (HA), particularly of its immunodominant head epitopes, makes it necessary to reformulate seasonal influenza virus vaccines every year. Novel influenza virus vaccines that redirect the immune response toward conserved epi..."
pi-backlog,pmid-31015836,31015836,2019,,Poly-ADP Ribosyl Polymerase 1 (PARP1) Regulates Influenza A Virus Polymerase.,,influenza,,,primary_research,candidate,"relevant viral/host/pathway terms matched: virus, viral, interaction, host factor, infection",medium,"relevant mechanistic terms: virus, viral, host","Influenza A viruses (IAV) are evolutionarily successful pathogens, capable of infecting a number of avian and mammalian species and responsible for pandemic and seasonal epidemic disease in humans. To infect new species, IAV typically must overcome a number of species barriers..."
pi-backlog,pmid-30944175,30944175,2019,,Reconstruction of the Genetic History and the Current Spread of HIV-1 Subtype A in Germany.,,influenza;hiv,,,primary_research,candidate,relevant viral/host/pathway terms matched: virus,medium,relevant mechanistic terms: virus,"HIV-1 non-B infections have been increasing in Europe for several years. In Germany, subtype A belongs to the most abundant non-B subtypes showing an increasing prevalence of 8.3% among new infections in 2016. Here we trace the origin and examine the current spread of the Germ..."
pi-backlog,pmid-30790105,30790105,2019,,Evaluation of anti-dengue activity of Carica papaya aqueous leaf extract and its role in platelet augmentation.,,dengue,,,primary_research,candidate,"relevant viral/host/pathway terms matched: virus, viral",medium,"relevant mechanistic terms: virus, viral","Dengue disease is characterized by a marked decrease in platelet count, which is life threatening. In the present study, we investigated the antiviral activity of an aqueous extract of Carica papaya leaves (PLE) against dengue virus (DENV) and its effect on platelet augmentati..."
pi-backlog,pmid-30737148,30737148,2019,,Dengue Virus Immunity Increases Zika Virus-Induced Damage during Pregnancy.,,dengue;zika,,,primary_research,candidate,"relevant viral/host/pathway terms matched: virus, viral, infection",medium,"relevant mechanistic terms: virus, viral","Zika virus (ZIKV) has recently been associated with birth defects and pregnancy loss after maternal infection. Because dengue virus (DENV) and ZIKV co-circulate, understanding the role of antibody-dependent enhancement in the context of pregnancy is critical. Here, we showed t..."
pi-backlog,pmid-30718795,30718795,2019,,Synchronized Orchestration of miR-99b and let-7g Positively Regulates Rotavirus Infection by Modulating Autophagy.,,influenza,,,primary_research,candidate,"relevant viral/host/pathway terms matched: virus, viral, infection",medium,"relevant mechanistic terms: virus, viral, host","Rotavirus (RV), the major etiological agent of viral gastroenteritis in young children, kills over 200 thousand infants each year. In spite of available vaccines, rotaviral diarrhoea is still a major problem in developing countries of Asia and Africa. Therefore, the studies on..."
pi-backlog,pmid-30716099,30716099,2019,,The inhibitor apoptosis protein antagonist Debio 1143 Is an attractive HIV-1 latency reversal candidate.,,hiv,,,primary_research,candidate,"relevant viral/host/pathway terms matched: virus, viral, pathway, infection",medium,"relevant mechanistic terms: virus, viral, pathway","Antiretroviral therapy (ART) suppresses HIV replication, but does not cure the infection because replication-competent virus persists within latently infected CD4+ T cells throughout years of therapy. These reservoirs contain integrated HIV-1 genomes and can resupply active vi..."
pi-backlog,pmid-30626682,30626682,2019,,"Broadly Cross-Reactive, Nonneutralizing Antibodies against Influenza B Virus Hemagglutinin Demonstrate Effector Function-Dependent Protection against Lethal Viral Challenge in Mice.",,influenza,,,primary_research,candidate,"relevant viral/host/pathway terms matched: virus, viral, interaction, infection",medium,"relevant mechanistic terms: virus, viral, host","Protection from influenza virus infection is canonically associated with antibodies that neutralize the virus by blocking the interaction between the viral hemagglutinin and host cell receptors. However, protection can also be conferred by other mechanisms, including antibody-..."
pi-backlog,pmid-30376079,30376079,2019,,"Respiratory syncytial virus-A dynamics and the effects of lumicitabine, a nucleoside viral replication inhibitor, in experimentally infected humans.",,influenza;rsv,,,primary_research,candidate,"relevant viral/host/pathway terms matched: virus, viral, infection",medium,"relevant mechanistic terms: virus, viral, host","BACKGROUND: Respiratory syncytial virus (RSV) causes high morbidity, with mortality rates approaching or exceeding that of influenza in adult and infant patient populations, respectively. Lumicitabine (ALS-008176 or JNJ-64041575) is an oral nucleoside analogue prodrug in clini..."
pi-backlog,pmid-30358129,30358129,2019,,FACS-Mediated Isolation of Neuronal Cell Populations From Virus-Infected Human Embryonic Stem Cell-Derived Cerebral Organoid Cultures.,,influenza;zika,,,methods,candidate,"relevant viral/host/pathway terms matched: virus, viral, infection",medium,"relevant mechanistic terms: virus, viral","Organoids-or pluripotent stem cell-derived in vitro-grown simplified mini organs-have become a tremendously important model to study human organ development and disease. To restrict the noise inherent to the heterogeneous cell mixtures derived from organoid cultures, we develo..."
pi-backlog,pmid-30053042,30053042,2019,,"Antiviral Activity, Safety, and Pharmacokinetics of AL-794, a Novel Oral Influenza Endonuclease Inhibitor: Results of an Influenza Human Challenge Study.",,influenza,,,primary_research,candidate,"relevant viral/host/pathway terms matched: virus, viral, infection",medium,"relevant mechanistic terms: virus, viral","BACKGROUND: AL-794 is an orally active prodrug of ALS-033719, which selectively inhibits the endonuclease domain of influenza virus A and B polymerase. METHODS: In a phase 1, double-blinded, randomized, placebo-controlled study, healthy subjects were inoculated intranasally wi..."
pi-backlog,pmid-30517866,30517866,2018,,ISRE-Reporter Mouse Reveals High Basal and Induced Type I IFN Responses in Inflammatory Monocytes.,,influenza,,,primary_research,candidate,"relevant viral/host/pathway terms matched: virus, viral, infection",medium,"relevant mechanistic terms: virus, viral","Type I and type III interferons (IFNs) are critical for controlling viral infections. However, the precise dynamics of the IFN response have been difficult to define in vivo. Signaling through type I IFN receptors leads to interferon-stimulated response element (ISRE)-dependen..."
pi-backlog,pmid-30515315,30515315,2018,,HIV drug resistance in sub-Saharan Africa: public health questions and the potential role of real-world data and mathematical modelling.,,hiv,,,primary_research,candidate,relevant viral/host/pathway terms matched: viral,medium,relevant mechanistic terms: viral,"The prevalence of pretreatment resistance to non-nucleoside reverse transcriptase inhibitors (NNRTIs) is >10% in many low-income countries. As a consequence, several sub-Saharan African countries have implemented, or are considering the introduction of, non-NNRTI-based first-l..."
pi-backlog,pmid-30486441,30486441,2018,,"Erratum: Sunwoo, S.-Y. et al. A Universal Influenza Virus Vaccine Candidate Tested in a Pig Vaccination-Infection Model in the Presence of Maternal Antibodies. Vaccines 2018, 6(3), 64.",,influenza,,,primary_research,candidate,"relevant viral/host/pathway terms matched: virus, infection",medium,relevant mechanistic terms: virus,"In the published article, ""A Universal Influenza Virus Vaccine Candidate Tested in a Pig Vaccination-Infection Model in the Presence of Maternal Antibodies. [...]."
pi-backlog,pmid-30325939,30325939,2018,,"Safety, tolerability, and pharmacokinetics of AL-335 in healthy volunteers and hepatitis C virus-infected subjects.",,hcv,,,primary_research,candidate,"relevant viral/host/pathway terms matched: virus, infection",medium,relevant mechanistic terms: virus,"BACKGROUND: The nucleotide analog AL-335 is a pangenotypic hepatitis C virus (HCV) nonstructural protein (NS)5B inhibitor being evaluated as treatment for chronic HCV infection. METHODS: This three-part randomized, double-blind study evaluated the safety and pharmacokinetics o..."
pi-backlog,pmid-30223475,30223475,2018,,A Universal Influenza Virus Vaccine Candidate Tested in a Pig Vaccination-Infection Model in the Presence of Maternal Antibodies.,,influenza,,,primary_research,candidate,"relevant viral/host/pathway terms matched: virus, infection",medium,relevant mechanistic terms: virus,The antigenically conserved hemagglutinin stalk region is a target for universal influenza virus vaccines since antibodies against it can provide broad protection against influenza viruses of different subtypes. We tested a universal influenza virus vaccination regimen based o...
pi-backlog,pmid-30209081,30209081,2018,,Multiple Routes to Oncogenesis Are Promoted by the Human Papillomavirus-Host Protein Network.,,,,proteomics;network_modeling,data_or_analysis,candidate,"relevant viral/host/pathway terms matched: virus, viral, interaction, pathway, infection",medium,"relevant mechanistic terms: virus, viral, host, pathway",We have mapped a global network of virus-host protein interactions by purification of the complete set of human papillomavirus (HPV) proteins in multiple cell lines followed by mass spectrometry analysis. Integration of this map with tumor genome atlases shows that the virus t...
pi-backlog,pmid-30177761,30177761,2018,,Influenza virus infection causes global RNAPII termination defects.,,influenza,,,primary_research,candidate,"relevant viral/host/pathway terms matched: virus, viral, infection",medium,"relevant mechanistic terms: virus, viral, host","Viral infection perturbs host cells and can be used to uncover regulatory mechanisms controlling cellular responses and susceptibility to infections. Using cell biological, biochemical, and genetic tools, we reveal that influenza A virus (IAV) infection induces global transcri..."
pi-backlog,pmid-29955068,29955068,2018,,Influenza.,,influenza,,,primary_research,candidate,relevant viral/host/pathway terms matched: virus,medium,relevant mechanistic terms: virus,"Influenza is an infectious respiratory disease that, in humans, is caused by influenza A and influenza B viruses. Typically characterized by annual seasonal epidemics, sporadic pandemic outbreaks involve influenza A virus strains of zoonotic origin. The WHO estimates that annu..."
pi-backlog,pmid-29921878,29921878,2018,,Co-regulatory activity of hnRNP K and NS1-BP in influenza and human mRNA splicing.,,influenza,,,primary_research,candidate,"relevant viral/host/pathway terms matched: virus, viral, infection",medium,"relevant mechanistic terms: virus, viral, host","Three of the eight RNA segments encoded by the influenza A virus (IAV) undergo alternative splicing to generate distinct proteins. Previously, we found that host proteins hnRNP K and NS1-BP regulate IAV M segment splicing, but the mechanistic details were unknown. Here we show..."
pi-backlog,pmid-29920588,29920588,2018,,Genome-Wide Surveillance of Genital Herpes Simplex Virus Type 1 From Multiple Anatomic Sites Over Time.,,hiv,,,primary_research,candidate,"relevant viral/host/pathway terms matched: virus, viral, infection",medium,"relevant mechanistic terms: virus, viral",Here we present genomic and in vitro analyses of temporally separated episodes of herpes simplex virus type 1 (HSV-1) shedding by an HSV-1-seropositive and human immunodeficiency virus (HIV)/HSV-2-seronegative individual who has frequent recurrences of genital HSV-1. Using oli...
pi-backlog,pmid-29872540,29872540,2018,,Emetine inhibits Zika and Ebola virus infections through two molecular mechanisms: inhibiting viral replication and decreasing viral entry.,,zika,,,primary_research,candidate,"relevant viral/host/pathway terms matched: virus, viral, infection",medium,"relevant mechanistic terms: virus, viral","The re-emergence of Zika virus (ZIKV) and Ebola virus (EBOV) poses serious and continued threats to the global public health. Effective therapeutics for these maladies is an unmet need. Here, we show that emetine, an anti-protozoal agent, potently inhibits ZIKV and EBOV infect..."
pi-backlog,pmid-29859195,29859195,2018,,Robust and sensitive subtype-generic HIV-1 pol genotyping for use with dried serum spots in epidemiological studies.,,hiv,,,primary_research,candidate,relevant viral/host/pathway terms matched: viral,medium,relevant mechanistic terms: viral,HIV-1 genotyping of larger pol-fragments from dried serum/plasma spots (DSS/DPS) is often hindered by RNA-degradation during transportation at ambient temperature. We evaluated an in-house HIV-1 DSS/DPS-genotyping assay designed in two shorter overlapping fragments covering al...
pi-backlog,pmid-29800114,29800114,2018,,Association of the Quick Sequential (Sepsis-Related) Organ Failure Assessment (qSOFA) Score With Excess Hospital Mortality in Adults With Suspected Infection in Low- and Middle-Income Countries.,,hiv,,network_modeling,primary_research,candidate,relevant viral/host/pathway terms matched: infection,low,no strong backlog-priority keywords matched,IMPORTANCE: The quick Sequential (Sepsis-Related) Organ Failure Assessment (qSOFA) score has not been well-evaluated in low- and middle-income countries (LMICs). OBJECTIVE: To assess the association of qSOFA with excess hospital death among patients with suspected infection in...
pi-backlog,pmid-29799537,29799537,2018,,Erratum: Author Correction: Newcastle disease virus-based H5 influenza vaccine protects chickens from lethal challenge with a highly pathogenic H5N2 avian influenza virus.,,influenza,,,primary_research,candidate,relevant viral/host/pathway terms matched: virus,medium,relevant mechanistic terms: virus,[This corrects the article DOI: 10.1038/s41541-017-0034-4.].
pi-backlog,pmid-29779923,29779923,2018,,A viral-vectored RSV vaccine induces long-lived humoral immunity in cotton rats.,,rsv,,,primary_research,candidate,"relevant viral/host/pathway terms matched: virus, viral, infection",medium,"relevant mechanistic terms: virus, viral","Human respiratory syncytial virus (RSV) is the leading cause of lower airway disease in infants worldwide and repeatedly infects immunocompetent individuals throughout life. Severe lower airway RSV infection during infancy can be life-threatening, but is also associated with i..."
pi-backlog,pmid-29765037,29765037,2018,,"Novel triple-reassortant influenza viruses in pigs, Guangxi, China.",,influenza,,,primary_research,candidate,relevant viral/host/pathway terms matched: virus,medium,relevant mechanistic terms: virus,"Considered a ""mixing vessel"" for influenza viruses, pigs can give rise to new influenza virus reassortants that can threaten humans. During our surveillance of pigs in Guangxi, China from 2013 to 2015, we isolated 11 H1N1 and three H3N2 influenza A viruses of swine origin (IAV..."
pi-backlog,pmid-29746837,29746837,2018,,An Immunocompetent Mouse Model of Zika Virus Infection.,,zika,,,primary_research,candidate,"relevant viral/host/pathway terms matched: virus, infection",medium,relevant mechanistic terms: virus,"Progress toward understanding Zika virus (ZIKV) pathogenesis is hindered by lack of immunocompetent small animal models, in part because ZIKV fails to effectively antagonize Stat2-dependent interferon (IFN) responses in mice. To address this limitation, we first passaged an Af..."
pi-backlog,pmid-29622497,29622497,2018,,Ebola Virus Persistence in Ocular Tissues and Fluids (EVICT) Study: Reverse Transcription-Polymerase Chain Reaction and Cataract Surgery Outcomes of Ebola Survivors in Sierra Leone.,,influenza,,,primary_research,candidate,relevant viral/host/pathway terms matched: virus,medium,relevant mechanistic terms: virus,"BACKGROUND: Ebola virus disease (EVD) survivors are at risk for uveitis during convalescence. Vision loss has been observed following uveitis due to cataracts. Since Ebola virus (EBOV) may persist in the ocular fluid of EVD survivors for an unknown duration, there are question..."
pi-backlog,pmid-29395518,29395518,2018,,Influenza B virus reverse genetic backbones with improved growth properties in the EB66® cell line as basis for vaccine seed virus generation.,,influenza,,,primary_research,candidate,"relevant viral/host/pathway terms matched: virus, viral",medium,"relevant mechanistic terms: virus, viral","Vaccination remains the best available prophylaxis to prevent influenza virus infections, yet current inadequacies in influenza virus vaccine manufacturing often lead to vaccine shortages at times when the vaccine is most needed, as it was the case during the last influenza vi..."
pi-backlog,pmid-29370303,29370303,2018,,MERS-CoV 4b protein interferes with the NF-κB-dependent innate immune response during infection.,,mers-cov;coronavirus,,,primary_research,candidate,"relevant viral/host/pathway terms matched: virus, interaction, infection",medium,relevant mechanistic terms: virus,"Middle East respiratory syndrome coronavirus (MERS-CoV) is a novel human coronavirus that emerged in 2012, causing severe pneumonia and acute respiratory distress syndrome (ARDS), with a case fatality rate of ~36%. When expressed in isolation, CoV accessory proteins have been..."
pi-backlog,pmid-29321309,29321309,2018,,Specific Mutations in the PB2 Protein of Influenza A Virus Compensate for the Lack of Efficient Interferon Antagonism of the NS1 Protein of Bat Influenza A-Like Viruses.,,influenza,,,primary_research,candidate,"relevant viral/host/pathway terms matched: virus, viral",medium,"relevant mechanistic terms: virus, viral","Recently, two new influenza A-like viruses have been discovered in bats, A/little yellow-shouldered bat/Guatemala/060/2010 (HL17NL10) and A/flat-faced bat/Peru/033/2010 (HL18NL11). The hemagglutinin (HA)-like (HL) and neuraminidase (NA)-like (NL) proteins of these viruses lack..."
pi-backlog,pmid-29167342,29167342,2018,,Antibodies Directed toward Neuraminidase N1 Control Disease in a Mouse Model of Influenza.,,influenza,,,primary_research,candidate,"relevant viral/host/pathway terms matched: virus, viral",medium,"relevant mechanistic terms: virus, viral","There is increasing evidence to suggest that antibodies directed toward influenza A virus (IAV) neuraminidase (NA) are an important correlate of protection against influenza in humans. Moreover, the potential of NA-specific antibodies to provide broader protection than convent..."
pi-backlog,pmid-28663209,28663209,2018,,"Is It Possible to Develop a ""Universal"" Influenza Virus Vaccine? Potential Target Antigens and Critical Aspects for a Universal Influenza Vaccine.",,influenza,,,primary_research,candidate,relevant viral/host/pathway terms matched: virus,medium,relevant mechanistic terms: virus,Influenza viruses cause seasonal epidemics as well as pandemics and are a significant concern for human health. Current influenza virus vaccines show efficacy when they are antigenically well matched to circulating strains. Seasonal influenza viruses undergo antigenic drift at...
pi-backlog,pmid-29263888,29263888,2017,,Newcastle disease virus-based H5 influenza vaccine protects chickens from lethal challenge with a highly pathogenic H5N2 avian influenza virus.,,influenza,,,primary_research,candidate,relevant viral/host/pathway terms matched: virus,medium,relevant mechanistic terms: virus,"Since December 2014, Eurasian-origin, highly pathogenic avian influenza H5 viruses including H5N1, H5N2, and H5N8 subtypes (called H5Nx viruses), which belong to the H5 clade 2.3.4.4, have been detected in U.S. wild birds. Subsequently, highly pathogenic H5N2 and H5N8 viruses..."
pi-backlog,pmid-29263881,29263881,2017,,A universal influenza virus vaccine candidate confers protection against pandemic H1N1 infection in preclinical ferret studies.,,influenza,,,primary_research,candidate,"relevant viral/host/pathway terms matched: virus, infection",medium,relevant mechanistic terms: virus,Influenza viruses evade human adaptive immune responses due to continuing antigenic changes. This makes it necessary to re-formulate and re-administer current seasonal influenza vaccines on an annual basis. Our pan-influenza vaccination approach attempts to redirect antibody r...
pi-backlog,pmid-29203926,29203926,2017,,Pandemic H1N1 influenza A viruses suppress immunogenic RIPK3-driven dendritic cell death.,,influenza,,,primary_research,candidate,"relevant viral/host/pathway terms matched: host-pathogen, infection",medium,relevant mechanistic terms: host,"The risk of emerging pandemic influenza A viruses (IAVs) that approach the devastating 1918 strain motivates finding strain-specific host-pathogen mechanisms. During infection, dendritic cells (DC) mature into antigen-presenting cells that activate T cells, linking innate to a..."
pi-backlog,pmid-29082287,29082287,2017,,Flow Cytometric Analysis of HIV-1 Transcriptional Activity in Response to shRNA Knockdown in A2 and A72 J-Lat Cell Lines.,,hiv,,,methods,candidate,"relevant viral/host/pathway terms matched: virus, viral",medium,"relevant mechanistic terms: virus, viral","The main obstacle to eradicating HIV-1 from patients is post-integration latency (Finzi et al., 1999). Antiretroviral treatments target only actively replicating virus, while latent infections that have low or no transcriptional activity remain untreated (Sedaghat et al., 2007..."
pi-backlog,pmid-28986782,28986782,2017,,Protein Structure Modeling with MODELLER.,,,,network_modeling,methods,high,explicit cross-virus/shared-host language: comparative,low,no strong backlog-priority keywords matched,"Genome sequencing projects have resulted in a rapid increase in the number of known protein sequences. In contrast, only about one-hundredth of these sequences have been characterized at atomic resolution using experimental structure determination methods. Computational protei..."
pi-backlog,pmid-28835903,28835903,2017,,Flow Cytometric Analysis of Drug-induced HIV-1 Transcriptional Activity in A2 and A72 J-Lat Cell Lines.,,hiv,,,methods,candidate,relevant viral/host/pathway terms matched: virus,medium,relevant mechanistic terms: virus,"The main obstacle to eradicating HIV-1 from patients is post-integration latency (Finzi et al., 1999). Antiretroviral treatments target only actively replicating virus, while latent infections that have low or no transcriptional activity remain untreated (Sedaghat et al., 2007..."
pi-backlog,pmid-28783704,28783704,2017,,Constitutive resistance to viral infection in human CD141(+) dendritic cells.,,influenza;hiv,,,primary_research,candidate,"relevant viral/host/pathway terms matched: virus, viral, infection",medium,"relevant mechanistic terms: virus, viral","Dendritic cells (DCs) are critical for the launching of protective T cell immunity in response to viral infection. Viruses can directly infect DCs, thereby compromising their viability and suppressing their ability to activate immune responses. How DC function is maintained in..."
pi-backlog,pmid-28742879,28742879,2017,,"Epidemiological investigations of the introduction of porcine reproductive and respiratory syndrome virus in Chile, 2013-2015.",,rsv,,,primary_research,candidate,relevant viral/host/pathway terms matched: virus,medium,relevant mechanistic terms: virus,"Porcine reproductive and respiratory syndrome (PRRS) is endemic in most pork producing countries. In Chile, eradication of PRRS virus (PRRSV) was successfully achieved in 2009 as a result of the combined efforts of producers and the animal health authorities. In October 2013,..."
pi-backlog,pmid-28661652,28661652,2017,,"Human Concentrative Nucleoside Transporter 3 (hCNT3, SLC28A3) Forms a Cyclic Homotrimer.",,,,network_modeling,primary_research,high,explicit cross-virus/shared-host language: comparative,low,no strong backlog-priority keywords matched,"Many anticancer and antiviral drugs are purine or pyrimidine analogues, which use membrane transporters to cross cellular membranes. Concentrative nucleoside transporters (CNTs) mediate the salvage of nucleosides and the transport of therapeutic nucleoside analogues across pla..."
pi-backlog,pmid-28607166,28607166,2017,,Unique versus Redundant Functions of Neuroligin Genes in Shaping Excitatory and Inhibitory Synapse Properties.,,,,,data_or_analysis,high,explicit cross-virus/shared-host language: comparative,low,no strong backlog-priority keywords matched,"Neuroligins are evolutionarily conserved postsynaptic cell adhesion molecules that interact with presynaptic neurexins. Neurons express multiple neuroligin isoforms that are targeted to specific synapses, but their synaptic functions and mechanistic redundancy are not complete..."
pi-backlog,pmid-28592526,28592526,2017,,Novel Cross-Reactive Monoclonal Antibodies against Ebolavirus Glycoproteins Show Protection in a Murine Challenge Model.,,influenza,,,primary_research,candidate,"relevant viral/host/pathway terms matched: virus, viral, infection",medium,"relevant mechanistic terms: virus, viral","Out of an estimated 31,100 cases since their discovery in 1976, ebolaviruses have caused approximately 13,000 deaths. The vast majority (∼11,000) of these occurred during the 2013-2016 West African epidemic. Three out of five species in the genus are known to cause Ebola Virus..."
pi-backlog,pmid-28505524,28505524,2017,,Inactivated influenza virus vaccines: the future of TIV and QIV.,,influenza,,,review,candidate,"relevant viral/host/pathway terms matched: virus, infection",medium,"relevant mechanistic terms: virus, host","Influenza viruses continue to be a major public health concern, despite the availability of vaccines. Currently licensed influenza vaccines aim at the induction of antibodies that target hemagglutinin, the major antigenic determinant on the surface of influenza virions that is..."
pi-backlog,pmid-28377530,28377530,2017,,Topoisomerase II Inhibitors Induce DNA Damage-Dependent Interferon Responses Circumventing Ebola Virus Immune Evasion.,,,,,primary_research,high,explicit cross-virus/shared-host language: broad-spectrum,medium,"relevant mechanistic terms: virus, viral, pathway","Ebola virus (EBOV) protein VP35 inhibits production of interferon alpha/beta (IFN) by blocking RIG-I-like receptor signaling pathways, thereby promoting virus replication and pathogenesis. A high-throughput screening assay, developed to identify compounds that either inhibit o..."
pi-backlog,pmid-28362044,28362044,2017,,Comparison of post-creation procedures and costs between surgical and an endovascular approach to arteriovenous fistula creation.,,,,network_modeling,primary_research,high,explicit cross-virus/shared-host language: comparative,low,no strong backlog-priority keywords matched,"INTRODUCTION: Due to early and late failures that may occur with surgically created hemodialysis arteriovenous fistulas (SAVF), post-creation procedures are commonly required to facilitate AVF maturation and maintain patency. This study compared AVF post-creation procedures an..."
pi-backlog,pmid-28360135,28360135,2017,,Enhancement of Zika virus pathogenesis by preexisting antiflavivirus immunity.,,dengue;zika,,,primary_research,candidate,"relevant viral/host/pathway terms matched: virus, viral, infection",medium,"relevant mechanistic terms: virus, viral","Zika virus (ZIKV) is spreading rapidly into regions around the world where other flaviviruses, such as dengue virus (DENV) and West Nile virus (WNV), are endemic. Antibody-dependent enhancement has been implicated in more severe forms of flavivirus disease, but whether this al..."
pi-backlog,pmid-28351919,28351919,2017,,Contribution of the Purinergic Receptor P2X7 to Development of Lung Immunopathology during Influenza Virus Infection.,,influenza,,,primary_research,candidate,"relevant viral/host/pathway terms matched: virus, viral, infection",medium,"relevant mechanistic terms: virus, viral, host","An exacerbated immune response is one of the main causes of influenza-induced lung damage during infection. The molecular mechanisms regulating the fate of the initial immune response to infection, either as a protective response or as detrimental immunopathology, are not well..."
pi-backlog,pmid-28346446,28346446,2017,,Dengue virus NS2B protein targets cGAS for degradation and prevents mitochondrial DNA sensing during infection.,,dengue,,,primary_research,candidate,"relevant viral/host/pathway terms matched: virus, infection",medium,"relevant mechanistic terms: virus, host","During the last few decades, the global incidence of dengue virus (DENV) has increased dramatically, and it is now endemic in more than 100 countries. To establish a productive infection in humans, DENV uses different strategies to inhibit or avoid the host innate immune syste..."
pi-backlog,pmid-28278235,28278235,2017,,A novel Zika virus mouse model reveals strain specific differences in virus pathogenesis and host inflammatory immune responses.,,zika,,,primary_research,candidate,"relevant viral/host/pathway terms matched: virus, viral, infection",medium,"relevant mechanistic terms: virus, viral, host","Zika virus (ZIKV) is a mosquito borne flavivirus, which was a neglected tropical pathogen until it emerged and spread across the Pacific Area and the Americas, causing large human outbreaks associated with fetal abnormalities and neurological disease in adults. The factors tha..."
pi-backlog,pmid-28248290,28248290,2017,,Systems-based analysis of RIG-I-dependent signalling identifies KHSRP as an inhibitor of RIG-I receptor activation.,,,,proteomics;network_modeling,data_or_analysis,candidate,"relevant viral/host/pathway terms matched: virus, viral, interaction, interactome, pathway",medium,"relevant mechanistic terms: virus, viral, pathway, interactome",Retinoic acid-inducible gene I (RIG-I) receptor recognizes 5'-triphosphorylated RNA and triggers a signalling cascade that results in the induction of type-I interferon (IFN)-dependent responses. Its precise regulation represents a pivotal balance between antiviral defences an...
pi-backlog,pmid-28220929,28220929,2017,,Increasing the Efficiency on Producing Radiology Reports for Breast Cancer Diagnosis by Means of Structured Reports. A Comparative Study.,,,,network_modeling,methods,high,explicit cross-virus/shared-host language: comparative,low,no strong backlog-priority keywords matched,"BACKGROUND: Radiology reports are commonly written on free-text using voice recognition devices. Structured reports (SR) have a high potential but they are usually considered more difficult to fill-in so their adoption in clinical practice leads to a lower efficiency. However,..."
pi-backlog,pmid-28192418,28192418,2017,,Defining the antibody cross-reactome directed against the influenza virus surface glycoproteins.,,influenza,,,primary_research,candidate,"relevant viral/host/pathway terms matched: virus, viral, infection",medium,"relevant mechanistic terms: virus, viral","Infection with influenza virus induces antibodies to the viral surface glycoproteins hemagglutinin and neuraminidase, and these responses can be broadly protective. To assess the breadth and magnitude of antibody responses, we sequentially infected mice, guinea pigs and ferret..."
pi-backlog,pmid-28105988,28105988,2017,,"National molecular surveillance of recently acquired HIV infections in Germany, 2013 to 2014.",,hiv,,,primary_research,candidate,"relevant viral/host/pathway terms matched: virus, infection",medium,relevant mechanistic terms: virus,To enable an up-to-date molecular analysis of human immunodeficiency virus (HIV) genotypes circulating in Germany we have established a surveillance system based on recently acquired HIV infections. New HIV infections are reported to the Robert Koch Institute as a statutory du...
pi-backlog,pmid-28067239,28067239,2017,,Corrigendum: Influenza virus mRNA trafficking through host nuclear speckles.,,influenza,,,primary_research,candidate,relevant viral/host/pathway terms matched: virus,medium,"relevant mechanistic terms: virus, host",
pi-backlog,pmid-27895186,27895186,2016,,"Correction for Eduardo-Correia et al., ISG15 Is Counteracted by Vaccinia Virus E3 Protein and Controls the Proinflammatory Response against Viral Infection.",,poxvirus,,,primary_research,candidate,"relevant viral/host/pathway terms matched: virus, viral, infection",medium,"relevant mechanistic terms: virus, viral",
pi-backlog,pmid-27852793,27852793,2016,,Dampened antiviral immunity to intravaginal exposure to RNA viral pathogens allows enhanced viral replication.,,zika;cmv,,,primary_research,candidate,"relevant viral/host/pathway terms matched: virus, viral, infection",medium,"relevant mechanistic terms: virus, viral, host","Understanding the host immune response to vaginal exposure to RNA viruses is required to combat sexual transmission of this class of pathogens. In this study, using lymphocytic choriomeningitis virus (LCMV) and Zika virus (ZIKV) in wild-type mice, we show that these viruses re..."
pi-backlog,pmid-27801516,27801516,2016,,Comparative Protein Structure Modeling Using MODELLER.,,,,network_modeling,primary_research,high,explicit cross-virus/shared-host language: comparative,low,no strong backlog-priority keywords matched,"Comparative protein structure modeling predicts the three-dimensional structure of a given protein sequence (target) based primarily on its alignment to one or more proteins of known structure (templates). The prediction process consists of fold assignment, target-template ali..."
pi-backlog,pmid-27791106,27791106,2016,,Synthetically derived bat influenza A-like viruses reveal a cell type- but not species-specific tropism.,,influenza,,,primary_research,candidate,"relevant viral/host/pathway terms matched: virus, viral, infection",medium,"relevant mechanistic terms: virus, viral","Two novel influenza A-like viral genome sequences have recently been identified in Central and South American fruit bats and provisionally designated ""HL17NL10"" and ""HL18NL11."" All efforts to isolate infectious virus from bats or to generate these viruses by reverse genetics h..."
pi-backlog,pmid-27765046,27765046,2016,,Asna1/TRC40 that mediates membrane insertion of tail-anchored proteins is required for efficient release of Herpes simplex virus 1 virions.,,influenza,,,primary_research,candidate,"relevant viral/host/pathway terms matched: virus, viral, infection",medium,"relevant mechanistic terms: virus, viral","BACKGROUND: Herpes simplex virus type 1 (HSV1), a member of the alphaherpesvirinae, can cause recurrent facial lesions and encephalitis. Two membrane envelopment processes, one at the inner nuclear membrane and a second at cytoplasmic membranes are crucial for a productive vir..."
pi-backlog,pmid-27650413,27650413,2016,,A conserved influenza A virus nucleoprotein code controls specific viral genome packaging.,,influenza,,,primary_research,candidate,"relevant viral/host/pathway terms matched: virus, viral",medium,"relevant mechanistic terms: virus, viral, host",Packaging of the eight genomic RNA segments of influenza A viruses (IAV) into viral particles is coordinated by segment-specific packaging sequences. How the packaging signals regulate the specific incorporation of each RNA segment into virions and whether other viral or host...
pi-backlog,pmid-27633330,27633330,2016,,Structures of NS5 Methyltransferase from Zika Virus.,,zika,,,primary_research,candidate,relevant viral/host/pathway terms matched: virus,medium,relevant mechanistic terms: virus,"The Zika virus (ZIKV) poses a major public health emergency. To aid in the development of antivirals, we present two high-resolution crystal structures of the ZIKV NS5 methyltransferase: one bound to S-adenosylmethionine (SAM) and the other bound to SAM and 7-methyl guanosine..."
pi-backlog,pmid-27588425,27588425,2016,,A Unified Framework for the Infection Dynamics of Zoonotic Spillover and Spread.,,influenza,,,primary_research,candidate,"relevant viral/host/pathway terms matched: viral, infection",medium,"relevant mechanistic terms: viral, host","A considerable amount of disease is transmitted from animals to humans and many of these zoonoses are neglected tropical diseases. As outbreaks of SARS, avian influenza and Ebola have demonstrated, however, zoonotic diseases are serious threats to global public health and are..."
pi-backlog,pmid-27572970,27572970,2016,,Influenza virus mRNA trafficking through host nuclear speckles.,,influenza,,,primary_research,candidate,"relevant viral/host/pathway terms matched: virus, viral, pathway",medium,"relevant mechanistic terms: virus, viral, host, pathway","Influenza A virus is a human pathogen with a genome composed of eight viral RNA segments that replicate in the nucleus. Two viral mRNAs are alternatively spliced. The unspliced M1 mRNA is translated into the matrix M1 protein, while the ion channel M2 protein is generated afte..."
pi-backlog,pmid-27399257,27399257,2016,,Structure of the NS3 helicase from Zika virus.,,dengue;zika,,,primary_research,candidate,relevant viral/host/pathway terms matched: virus,medium,relevant mechanistic terms: virus,"Zika virus has emerged as a pathogen of major health concern. Here, we present a high-resolution (1.62-Å) crystal structure of the RNA helicase from the French Polynesia strain. The structure is similar to that of the RNA helicase from Dengue virus, with variability in the con..."
pi-backlog,pmid-27350259,27350259,2016,,Origins of the 2009 H1N1 influenza pandemic in swine in Mexico.,,influenza,,,primary_research,candidate,"relevant viral/host/pathway terms matched: virus, viral",medium,"relevant mechanistic terms: virus, viral","Asia is considered an important source of influenza A virus (IAV) pandemics, owing to large, diverse viral reservoirs in poultry and swine. However, the zoonotic origins of the 2009 A/H1N1 influenza pandemic virus (pdmH1N1) remain unclear, due to conflicting evidence from swin..."
pi-backlog,pmid-27322406,27322406,2016,,Comparative Protein Structure Modeling Using MODELLER.,,,,network_modeling,primary_research,high,explicit cross-virus/shared-host language: comparative,low,no strong backlog-priority keywords matched,"Comparative protein structure modeling predicts the three-dimensional structure of a given protein sequence (target) based primarily on its alignment to one or more proteins of known structure (templates). The prediction process consists of fold assignment, target-template ali..."
pi-backlog,pmid-27240021,27240021,2016,,Entangled in a membranous web: ER and lipid droplet reorganization during hepatitis C virus infection.,,hcv,,,review,candidate,"relevant viral/host/pathway terms matched: virus, viral, infection",medium,"relevant mechanistic terms: virus, viral","Hepatitis C virus (HCV) is a major cause of liver disease worldwide. To establish and maintain chronic infection, HCV extensively rearranges cellular organelles to generate distinct compartments for viral RNA replication and virion assembly. Here, we review our current knowled..."
pi-backlog,pmid-27231124,27231124,2016,,ICOS(+)PD-1(+)CXCR3(+) T follicular helper cells contribute to the generation of high-avidity antibodies following influenza vaccination.,,influenza,,,primary_research,candidate,relevant viral/host/pathway terms matched: virus,medium,relevant mechanistic terms: virus,The immune mechanism leading to the generation of protective antibody responses following influenza trivalent inactivated vaccine (TIV) vaccinations remains largely uncharacterized. We recently reported that TIV vaccination induced a transient increase of circulating ICOS(+)PD...
pi-backlog,pmid-27212660,27212660,2016,,Zika Virus Targets Human STAT2 to Inhibit Type I Interferon Signaling.,,dengue;zika,,,primary_research,candidate,relevant viral/host/pathway terms matched: virus,medium,relevant mechanistic terms: virus,The ongoing epidemic of Zika virus (ZIKV) illustrates the importance of flaviviruses as emerging human pathogens. All vector-borne flaviviruses studied thus far have to overcome type I interferon (IFN) to replicate and cause disease in vertebrates. The mechanism(s) by which ZI...
pi-backlog,pmid-27190189,27190189,2016,,A High-Resolution Look at Influenza Virus Antigenic Drift.,,influenza,,,primary_research,candidate,relevant viral/host/pathway terms matched: virus,medium,relevant mechanistic terms: virus,
pi-backlog,pmid-27138041,27138041,2016,,Generation of Genetically Engineered Precursor T-Cells From Human Umbilical Cord Blood Using an Optimized Alpharetroviral Vector Platform.,,influenza,,,primary_research,candidate,relevant viral/host/pathway terms matched: virus,medium,relevant mechanistic terms: virus,Retroviral engineering of hematopoietic stem cell-derived precursor T-cells (preTs) opens the possibility of targeted T-cell transfer across human leukocyte antigen (HLA)-barriers. Alpharetroviral vectors exhibit a more neutral integration pattern thereby reducing the risk of...
pi-backlog,pmid-27136621,27136621,2016,,Antifungal agents for onychomycosis: new treatment strategies to improve safety.,,hiv,,,primary_research,candidate,"relevant viral/host/pathway terms matched: virus, infection",medium,relevant mechanistic terms: virus,"Onychomycosis is a common and difficult-to-treat fungal infection of the nail unit that gradually leads to dystrophic changes of the nail plate and nail bed. If untreated, infection progresses and may lead to discomfort, reduced quality of life, and risk of complications in pa..."
pi-backlog,pmid-27117419,27117419,2016,,Macroautophagy Proteins Control MHC Class I Levels on Dendritic Cells and Shape Anti-viral CD8(+) T Cell Responses.,,influenza;cmv,,,primary_research,candidate,"relevant viral/host/pathway terms matched: viral, infection",medium,relevant mechanistic terms: viral,"The macroautophagy machinery has been implicated in MHC class II restricted antigen presentation. Here, we report that this machinery assists in the internalization of MHC class I molecules. In the absence of the autophagy factors Atg5 and Atg7, MHC class I surface levels are..."
pi-backlog,pmid-27116236,27116236,2016,,Antiviral Role of IFITM Proteins in African Swine Fever Virus Infection.,,influenza,,,primary_research,candidate,"relevant viral/host/pathway terms matched: virus, viral, pathway, infection",medium,"relevant mechanistic terms: virus, viral, pathway","The interferon-induced transmembrane (IFITM) protein family is a group of antiviral restriction factors that impair flexibility and inhibit membrane fusion at the plasma or the endosomal membrane, restricting viral progression at entry. While IFITMs are widely known to inhibit..."
pi-backlog,pmid-27105112,27105112,2016,,Methylome-wide Analysis of Chronic HIV Infection Reveals Five-Year Increase in Biological Age and Epigenetic Targeting of HLA.,,hiv,,epigenomics,primary_research,candidate,relevant viral/host/pathway terms matched: infection,low,no strong backlog-priority keywords matched,"HIV-infected individuals are living longer on antiretroviral therapy, but many patients display signs that in some ways resemble premature aging. To investigate and quantify the impact of chronic HIV infection on aging, we report a global analysis of the whole-blood DNA methyl..."
pi-backlog,pmid-27102817,27102817,2016,,Recombinant Newcastle disease virus expressing H9 HA protects chickens against heterologous avian influenza H9N2 virus challenge.,,influenza,,,primary_research,candidate,relevant viral/host/pathway terms matched: virus,medium,relevant mechanistic terms: virus,"In order to produce an efficient poultry H9 avian influenza vaccine that provides cross-protection against multiple H9 lineages, two Newcastle disease virus (NDV) LaSota vaccine strain recombinant viruses were generated using reverse genetics. The recombinant NDV-H9Con virus e..."
pi-backlog,pmid-27072615,27072615,2016,,Long-Lasting Cross-Protection Against Influenza A by Neuraminidase and M2e-based immunization strategies.,,influenza,,,primary_research,candidate,relevant viral/host/pathway terms matched: virus,medium,relevant mechanistic terms: virus,"There is mounting evidence that in the absence of neutralizing antibodies cross-reactive T cells provide protection against pandemic influenza viruses. Here, we compared protection and CD8+ T cell responses following challenge with H1N1 2009 pandemic and H3N2 viruses of mice t..."
pi-backlog,pmid-26845514,26845514,2016,,Therapeutics Targeting Protein Acetylation Perturb Latency of Human Viruses.,,hiv,,,review,candidate,"relevant viral/host/pathway terms matched: viral, pathway",medium,"relevant mechanistic terms: viral, host, pathway",Persistent viral infections are widespread and represent significant public health burdens. Some viruses endure in a latent state by co-opting the host epigenetic machinery to manipulate viral gene expression. Small molecules targeting epigenetic pathways are now in the clinic...
pi-backlog,pmid-26823186,26823186,2016,,Influenza-binding sialylated polymer coated gold nanoparticles prepared via RAFT polymerization and reductive amination.,,influenza,,,primary_research,candidate,relevant viral/host/pathway terms matched: virus,medium,relevant mechanistic terms: virus,"We report on a straightforward strategy to fabricate bioactive glycosylated gold nanoparticles via a combination of RAFT polymerization, carbohydrate ligation through reductive amination and thiol-gold self-assembly. This approach is used for the design of gold nanoparticles d..."
pi-backlog,pmid-26572508,26572508,2016,,Rotavirus-induced miR-142-5p elicits proviral milieu by targeting non-canonical transforming growth factor beta signalling and apoptosis in cells.,,influenza,,,primary_research,candidate,"relevant viral/host/pathway terms matched: viral, infection",medium,"relevant mechanistic terms: viral, host","MicroRNA (miRNA) expression is significantly influenced by viral infection, because of either host antiviral defences or proviral factors resulting in the modulation of viral propagation. This study was undertaken to identify and analyse the significance of cellular miRNAs dur..."
pi-backlog,pmid-27540564,27540564,2015,,Membrane Flotation Assay.,,hcv,,,primary_research,candidate,"relevant viral/host/pathway terms matched: virus, viral",medium,"relevant mechanistic terms: virus, viral","Many postitive-stranded RNA viruses, such as Hepatitis C virus (HCV), highjack cellular membranes, including the Golgi, ER, mitchondria, lipid droplets, and utilize them for replication of their RNA genome or assembly of new virions. By investigating how viral proteins associa..."
pi-backlog,pmid-26719251,26719251,2015,,Hemagglutinin Stalk Immunity Reduces Influenza Virus Replication and Transmission in Ferrets.,,influenza,,,primary_research,candidate,"relevant viral/host/pathway terms matched: virus, viral, infection",medium,"relevant mechanistic terms: virus, viral",We assessed whether influenza virus hemagglutinin stalk-based immunity protects ferrets against aerosol-transmitted H1N1 influenza virus infection. Immunization of ferrets by a universal influenza virus vaccine strategy based on viral vectors expressing chimeric hemagglutinin...
pi-backlog,pmid-26580997,26580997,2015,,Activity of Oral ALS-008176 in a Respiratory Syncytial Virus Challenge Study.,,rsv,,,primary_research,candidate,"relevant viral/host/pathway terms matched: virus, viral, infection",medium,"relevant mechanistic terms: virus, viral","BACKGROUND Respiratory syncytial virus (RSV) infection is a cause of substantial morbidity and mortality. There is no known effective therapy. METHODS We conducted a randomized, double-blind, clinical trial in healthy adults inoculated with RSV. Participants received the oral..."
pi-backlog,pmid-26265177,26265177,2015,,Subcellular trafficking and functional importance of herpes simplex virus type 1 glycoprotein M domains.,,,,network_modeling,data_or_analysis,candidate,"relevant viral/host/pathway terms matched: virus, viral",medium,"relevant mechanistic terms: virus, viral","Herpes simplex virus type 1 (HSV-1) glycoprotein M (gM/UL10) is a 473 aa type III transmembrane protein that resides in various membrane compartments. HSV-1 gM contains several putative trafficking motifs, but their functional relevance remains to be elucidated. We show here t..."
pi-backlog,pmid-26246567,26246567,2015,,Novel Bat Influenza Virus NS1 Proteins Bind Double-Stranded RNA and Antagonize Host Innate Immunity.,,influenza,,,primary_research,candidate,relevant viral/host/pathway terms matched: virus,medium,"relevant mechanistic terms: virus, host","We demonstrate that novel bat HL17NL10 and HL18NL11 influenza virus NS1 proteins are effective interferon antagonists but do not block general host gene expression. Solving the RNA-binding domain structures revealed the canonical NS1 symmetrical homodimer, and RNA binding requ..."
pi-backlog,pmid-26178989,26178989,2015,,HIV Vpu Interferes with NF-κB Activity but Not with Interferon Regulatory Factor 3.,,hiv,,,primary_research,candidate,"relevant viral/host/pathway terms matched: viral, pathway, infection",medium,"relevant mechanistic terms: viral, host, pathway",UNLABELLED: The accessory HIV protein Vpu inhibits a number of cellular pathways that trigger host innate restriction mechanisms. HIV Vpu-mediated degradation of tetherin allows efficient particle release and hampers the activation of the NF-κB pathway thereby limiting the exp...
pi-backlog,pmid-26153856,26153856,2015,,Corrigendum: Pan-viral specificity of IFN-induced genes reveals new roles for cGAS in innate immunity.,,,,,primary_research,high,explicit cross-virus/shared-host language: pan-viral,medium,relevant mechanistic terms: viral,
pi-backlog,pmid-26118995,26118995,2015,,Global Mapping of the Inc-Human Interactome Reveals that Retromer Restricts Chlamydia Infection.,,,chlamydia_trachomatis,proteomics,primary_research,candidate,"relevant viral/host/pathway terms matched: viral, host-pathogen, interactome, infection",medium,"relevant mechanistic terms: viral, host, interactome, proteomics","Chlamydia trachomatis is a leading cause of genital and ocular infections for which no vaccine exists. Upon entry into host cells, C. trachomatis resides within a membrane-bound compartment—the inclusion—and secretes inclusion membrane proteins (Incs) that are thought to modul..."
pi-backlog,pmid-26068782,26068782,2015,,A Newly Emerged Swine-Origin Influenza A(H3N2) Variant Dampens Host Antiviral Immunity but Induces Potent Inflammasome Activation.,,influenza,,,primary_research,candidate,relevant viral/host/pathway terms matched: infection,medium,relevant mechanistic terms: host,"We compared the innate immune response to a newly emerged swine-origin influenza A(H3N2) variant containing the M gene from 2009 pandemic influenza A(H1N1), termed ""A(H3N2)vpM,"" to the immune responses to the 2010 swine-origin influenza A(H3N2) variant and seasonal influenza A..."
pi-backlog,pmid-25966783,25966783,2015,,A RIG-I 2CARD-MAVS200 Chimeric Protein Reconstitutes IFN-β Induction and Antiviral Response in Models Deficient in Type I IFN Response.,,influenza,,,primary_research,candidate,"relevant viral/host/pathway terms matched: virus, viral, pathway, infection",medium,"relevant mechanistic terms: virus, viral, pathway",RIG-I-like receptors (RLRs) are cellular sensor proteins that detect certain RNA species produced during viral infections. RLRs activate a signaling cascade that results in the production of IFN-β as well as several other cytokines with antiviral and proinflammatory activities...
pi-backlog,pmid-25888743,25888743,2015,,Characterization of HIV-1 entry inhibitors with broad activity against R5 and X4 viral strains.,,influenza;hiv;poxvirus,,,primary_research,candidate,"relevant viral/host/pathway terms matched: virus, viral, infection",medium,"relevant mechanistic terms: virus, viral","BACKGROUND: Combined antiretroviral therapy has drastically reduced mortality and morbidity of HIV-infected individuals. Nevertheless long-term toxicity and appearance of viral resistance hampers the prolonged effectiveness of combination therapy, requiring a continuous input..."
pi-backlog,pmid-25866898,25866898,2015,,Development of a Hyperglycosylated IFN Alfacon-1 (CIFN): Toward Bimonthly or Monthly Dosing for Antiviral Therapies.,,hcv,,,primary_research,candidate,relevant viral/host/pathway terms matched: virus,medium,relevant mechanistic terms: virus,"Type 1 interferons (IFNs) have been shown to be efficacious against hepatitis C virus (HCV), hepatitis B virus (HBV), and some cancers with a significant drawback of short drug exposure. We have significantly improved the pharmacokinetic (PK) of consensus interferon (CIFN) by..."
pi-backlog,pmid-25814066,25814066,2015,,Infectious disease. Life-threatening influenza and impaired interferon amplification in human IRF7 deficiency.,,influenza,,,primary_research,candidate,"relevant viral/host/pathway terms matched: virus, infection",medium,relevant mechanistic terms: virus,"Severe influenza disease strikes otherwise healthy children and remains unexplained. We report compound heterozygous null mutations in IRF7, which encodes the transcription factor interferon regulatory factor 7, in an otherwise healthy child who suffered life-threatening influ..."
pi-backlog,pmid-25804473,25804473,2015,,Small hydrophobic protein of respiratory syncytial virus as a novel vaccine antigen.,,rsv,,,primary_research,candidate,relevant viral/host/pathway terms matched: virus,medium,relevant mechanistic terms: virus,
pi-backlog,pmid-25704008,25704008,2015,,Influenza virus adaptation PB2-627K modulates nucleocapsid inhibition by the pathogen sensor RIG-I.,,influenza,,,primary_research,candidate,"relevant viral/host/pathway terms matched: virus, viral, infection",medium,"relevant mechanistic terms: virus, viral","The cytoplasmic RNA helicase RIG-I mediates innate sensing of RNA viruses. The genomes of influenza A virus (FLUAV) are encapsidated by the nucleoprotein and associated with RNA polymerase, posing potential barriers to RIG-I sensing. We show that RIG-I recognizes the 5'-tripho..."
pi-backlog,pmid-25689254,25689254,2015,,Preexisting human antibodies neutralize recently emerged H7N9 influenza strains.,,influenza,,,primary_research,candidate,"relevant viral/host/pathway terms matched: virus, viral",medium,"relevant mechanistic terms: virus, viral","The emergence and seasonal persistence of pathogenic H7N9 influenza viruses in China have raised concerns about the pandemic potential of this strain, which, if realized, would have a substantial effect on global health and economies. H7N9 viruses are able to bind to human sia..."
pi-backlog,pmid-25609814,25609814,2015,,Control of hepatitis C virus replication in mouse liver-derived cells by MAVS-dependent production of type I and type III interferons.,,hcv,,,primary_research,candidate,relevant viral/host/pathway terms matched: virus,medium,relevant mechanistic terms: virus,"UNLABELLED: Hepatitis C virus (HCV) efficiently infects only humans and chimpanzees. Although the detailed mechanisms responsible for this narrow species tropism remain elusive, recent evidence has shown that murine innate immune responses efficiently suppress HCV replication...."
pi-backlog,pmid-25531344,25531344,2015,,Multiple circulating infections can mimic the early stages of viral hemorrhagic fevers and possible human exposure to filoviruses in Sierra Leone prior to the 2014 outbreak.,,dengue,,,primary_research,candidate,"relevant viral/host/pathway terms matched: virus, viral, infection",medium,"relevant mechanistic terms: virus, viral",Lassa fever (LF) is a severe viral hemorrhagic fever caused by Lassa virus (LASV). The LF program at the Kenema Government Hospital (KGH) in Eastern Sierra Leone currently provides diagnostic services and clinical care for more than 500 suspected LF cases per year. Nearly two-...
pi-backlog,pmid-25505067,25505067,2015,,The nucleoprotein of newly emerged H7N9 influenza A virus harbors a unique motif conferring resistance to antiviral human MxA.,,influenza,,,primary_research,candidate,"relevant viral/host/pathway terms matched: virus, viral",medium,"relevant mechanistic terms: virus, viral, host","UNLABELLED: Interferon-induced Mx proteins show strong antiviral activity against influenza A viruses (IAVs). We recently demonstrated that the viral nucleoprotein (NP) determines resistance of seasonal and pandemic human influenza viruses to Mx, while avian isolates retain Mx..."
pi-backlog,pmid-25404520,25404520,2015,,Prothymosin α variants isolated from CD8+ T cells and cervicovaginal fluid suppress HIV-1 replication through type I interferon induction.,,influenza;hiv,,,primary_research,candidate,"relevant viral/host/pathway terms matched: virus, infection",medium,relevant mechanistic terms: virus,"Soluble factors from CD8(+) T cells and cervicovaginal mucosa of women are recognized as important in controlling human immunodeficiency virus type 1 (HIV-1) infection and transmission. Previously, we have shown the strong anti-HIV-1 activity of prothymosin α (ProTα) derived f..."
pi-backlog,pmid-25389186,25389186,2015,,Mapping of the interaction domains of the Crimean-Congo hemorrhagic fever virus nucleocapsid protein.,,influenza,,,primary_research,candidate,"relevant viral/host/pathway terms matched: virus, viral, interaction",medium,"relevant mechanistic terms: virus, viral","Crimean-Congo hemorrhagic fever virus (CCHFV) is a member of the genus Nairovirus of the family Bunyaviridae, that can cause severe haemorrhagic fever in humans, with mortality rates above 30 %. CCHFV is the most widespread of the tick-borne human viruses and it is endemic in..."
pi-backlog,pmid-25336731,25336731,2015,,Distinct patterns of B-cell activation and priming by natural influenza virus infection versus inactivated influenza vaccination.,,influenza,,,primary_research,candidate,"relevant viral/host/pathway terms matched: virus, infection",medium,relevant mechanistic terms: virus,BACKGROUND: The human B-cell response to natural influenza virus infection has not been extensively investigated at the polyclonal level. METHODS: The overall B-cell response of patients acutely infected with the 2009 pandemic influenza A(H1N1)pdm09 virus (A[H1N1]pdm09) was an...
pi-backlog,pmid-25456074,25456074,2014,,Influenza A virus transmission bottlenecks are defined by infection route and recipient host.,,influenza,,,review,candidate,"relevant viral/host/pathway terms matched: virus, infection",medium,"relevant mechanistic terms: virus, host","Despite its global relevance, our understanding of how influenza A virus transmission impacts the overall population dynamics of this RNA virus remains incomplete. To define this dynamic, we inserted neutral barcodes into the influenza A virus genome to generate a population o..."
pi-backlog,pmid-25455094,25455094,2014,,A dual vaccine against influenza & Alzheimer's disease failed to enhance anti-β-amyloid antibody responses in mice with pre-existing virus specific memory.,,influenza,,,primary_research,candidate,"relevant viral/host/pathway terms matched: virus, viral",medium,"relevant mechanistic terms: virus, viral","Novel dual vaccine, WSN-Aβ(1-10), based on the recombinant influenza virus, expressing immunodominant B-cell epitope of β-amyloid, simultaneously induced therapeutically potent anti-Aβ and anti-influenza antibodies. In this study we showed that boosting of WSN-WT primed mice w..."
pi-backlog,pmid-25302957,25302957,2014,,Influenza vaccines: a moving interdisciplinary field.,,influenza,,,primary_research,candidate,"relevant viral/host/pathway terms matched: virus, infection",medium,relevant mechanistic terms: virus,Vaccination is by far the most effective way of preventing morbidity and mortality due to infection of the upper respiratory tract by influenza virus. Current vaccines require yearly vaccine updates as the influenza virus can escape vaccine-induced humoral immunity due to the...
pi-backlog,pmid-25298406,25298406,2014,,Protection and mechanism of action of a novel human respiratory syncytial virus vaccine candidate based on the extracellular domain of small hydrophobic protein.,,rsv,,,methods,candidate,"relevant viral/host/pathway terms matched: virus, viral, infection",medium,"relevant mechanistic terms: virus, viral","Infections with human respiratory syncytial virus (HRSV) occur globally in all age groups and can have devastating consequences in young infants. We demonstrate that a vaccine based on the extracellular domain (SHe) of the small hydrophobic (SH) protein of HRSV, reduced viral..."
pi-backlog,pmid-25298110,25298110,2014,,Immunologic characterization of a rhesus macaque H1N1 challenge model for candidate influenza virus vaccine assessment.,,influenza,,,primary_research,candidate,"relevant viral/host/pathway terms matched: virus, infection",medium,relevant mechanistic terms: virus,"Despite the availability of annually formulated vaccines, influenza virus infection remains a worldwide public health burden. Therefore, it is important to develop preclinical challenge models that enable the evaluation of vaccine candidates while elucidating mechanisms of pro..."
pi-backlog,pmid-25199792,25199792,2014,,Comparative Protein Structure Modeling Using MODELLER.,,,,network_modeling,primary_research,high,explicit cross-virus/shared-host language: comparative,low,no strong backlog-priority keywords matched,"Functional characterization of a protein sequence is one of the most frequent problems in biology. This task is usually facilitated by accurate three-dimensional (3-D) structure of the studied protein. In the absence of an experimentally determined structure, comparative or ho..."
pi-backlog,pmid-25161197,25161197,2014,,Structural characterization by cross-linking reveals the detailed architecture of a coatomer-related heptameric module from the nuclear pore complex.,,,,network_modeling,methods,high,explicit cross-virus/shared-host language: comparative,low,no strong backlog-priority keywords matched,"Most cellular processes are orchestrated by macromolecular complexes. However, structural elucidation of these endogenous complexes can be challenging because they frequently contain large numbers of proteins, are compositionally and morphologically heterogeneous, can be dynam..."
pi-backlog,pmid-25157133,25157133,2014,,Induction of broadly cross-reactive antibody responses to the influenza HA stem region following H5N1 vaccination in humans.,,influenza,,,primary_research,candidate,relevant viral/host/pathway terms matched: virus,medium,relevant mechanistic terms: virus,"The emergence of pandemic influenza viruses poses a major public health threat. Therefore, there is a need for a vaccine that can induce broadly cross-reactive antibodies that protect against seasonal as well as pandemic influenza strains. Human broadly neutralizing antibodies..."
pi-backlog,pmid-25078692,25078692,2014,,A single amino acid substitution in the novel H7N9 influenza A virus NS1 protein increases CPSF30 binding and virulence.,,influenza,,,primary_research,candidate,relevant viral/host/pathway terms matched: virus,medium,"relevant mechanistic terms: virus, host","Although an effective interferon antagonist in human and avian cells, the novel H7N9 influenza virus NS1 protein is defective at inhibiting CPSF30. An I106M substitution in H7N9 NS1 can restore CPSF30 binding together with the ability to block host gene expression. Furthermore..."
pi-backlog,pmid-25055345,25055345,2014,,An infectious bat-derived chimeric influenza virus harbouring the entry machinery of an influenza A virus.,,influenza,,,primary_research,candidate,relevant viral/host/pathway terms matched: virus,medium,relevant mechanistic terms: virus,"In 2012, the complete genomic sequence of a new and potentially harmful influenza A-like virus from bats (H17N10) was identified. However, infectious influenza virus was neither isolated from infected bats nor reconstituted, impeding further characterization of this virus. Her..."
pi-backlog,pmid-24958904,24958904,2014,,Mucosal polyinosinic-polycytidylic acid improves protection elicited by replicating influenza vaccines via enhanced dendritic cell function and T cell immunity.,,influenza,,,primary_research,candidate,relevant viral/host/pathway terms matched: virus,medium,relevant mechanistic terms: virus,"Live-attenuated influenza vaccines (LAIVs) have the potential to generate CD8 T cell immunity that may limit the virulence of an antigenically shifted influenza strain in a population lacking protective Abs. However, current LAIVs exert limited T cell immunity restricted to th..."
pi-backlog,pmid-24920768,24920768,2014,,Assessment of ambiguous base calls in HIV-1 pol population sequences as a biomarker for identification of recent infections in HIV-1 incidence studies.,,hiv,,,methods,candidate,"relevant viral/host/pathway terms matched: viral, infection",medium,relevant mechanistic terms: viral,"An increase in the proportion of ambiguous base calls in HIV-1 pol population sequences during the course of infection has been demonstrated in different study populations, and sequence ambiguity thresholds to classify infections as recent or nonrecent have been suggested. The..."
pi-backlog,pmid-24801776,24801776,2014,,17β-estradiol protects primary macrophages against HIV infection through induction of interferon-alpha.,,hiv,,,primary_research,candidate,"relevant viral/host/pathway terms matched: virus, infection",medium,"relevant mechanistic terms: virus, host",Estrogen has been shown to increase resistance to HIV/SIV transmission by increasing the thickness of the genital epithelium. The immunological role of estrogen in HIV infection of primary target cells is less well characterized. We have found that primary macrophages are a ta...
pi-backlog,pmid-24787023,24787023,2014,,Turkey versus guinea pig red blood cells: hemagglutination differences alter hemagglutination inhibition responses against influenza A/H1N1.,,influenza,,,primary_research,candidate,relevant viral/host/pathway terms matched: virus,medium,relevant mechanistic terms: virus,"For influenza hemagglutination inhibition (HAI) assays, species selection of red blood cells (RBCs) is critical to determine antibody titers to influenza viruses reliably. We compared pandemic influenza virus A/H1N1 (pdH1N1) HAI titers using turkey or guinea pig RBCs. Turkey R..."
pi-backlog,pmid-24778924,24778924,2014,,STAT2 signaling and dengue virus infection.,,dengue,,,review,candidate,"relevant viral/host/pathway terms matched: virus, infection",medium,relevant mechanistic terms: virus,"Dengue virus (DENV) is an important human pathogen whose byzantine relationship with the immune response is poorly understood. DENV causes dengue fever and dengue hemorrhagic fever/dengue shock syndrome, diseases for which palliative care is the only treatment. DENV immunopath..."
pi-backlog,pmid-24760882,24760882,2014,,Tumor suppressor cylindromatosis (CYLD) controls HIV transcription in an NF-κB-dependent manner.,,hiv,,,primary_research,candidate,"relevant viral/host/pathway terms matched: viral, pathway, infection",medium,"relevant mechanistic terms: viral, host, pathway",UNLABELLED: Characterizing the cellular factors that play a role in the HIV replication cycle is fundamental to fully understanding mechanisms of viral replication and pathogenesis. Whole-genome small interfering RNA (siRNA) screens have identified positive and negative regula...
pi-backlog,pmid-24726997,24726997,2014,,The origin of the PB1 segment of swine influenza A virus subtype H1N2 determines viral pathogenicity in mice.,,influenza,,,primary_research,candidate,"relevant viral/host/pathway terms matched: virus, viral",medium,"relevant mechanistic terms: virus, viral","Swine appear to be a key species in the generation of novel human influenza pandemics. Previous pandemic viruses are postulated to have evolved in swine by reassortment of avian, human, and swine influenza viruses. The human pandemic influenza viruses that emerged in 1957 and..."
pi-backlog,pmid-24618255,24618255,2014,,North American triple reassortant and Eurasian H1N1 swine influenza viruses do not readily reassort to generate a 2009 pandemic H1N1-like virus.,,influenza,,,primary_research,candidate,"relevant viral/host/pathway terms matched: virus, viral",medium,"relevant mechanistic terms: virus, viral, host","The 2009 pandemic H1N1 virus (pH1N1) was derived through reassortment of North American triple reassortant and Eurasian avian-like swine influenza viruses (SIVs). To date, when, how and where the pH1N1 arose is not understood. To investigate viral reassortment, we coinfected c..."
pi-backlog,pmid-24594370,24594370,2014,,Model of influenza A virus infection: dynamics of viral antagonism and innate immune response.,,influenza,,,primary_research,candidate,"relevant viral/host/pathway terms matched: virus, viral, infection",medium,"relevant mechanistic terms: virus, viral, host",Viral antagonism of host responses is an essential component of virus pathogenicity. The study of the interplay between immune response and viral antagonism is challenging due to the involvement of many processes acting at multiple time scales. Here we develop an ordinary diff...
pi-backlog,pmid-24573470,24573470,2014,,Protein structure modeling with MODELLER.,,,,network_modeling,methods,high,explicit cross-virus/shared-host language: comparative,low,no strong backlog-priority keywords matched,"Genome sequencing projects have resulted in a rapid increase in the number of known protein sequences. In contrast, only about one-hundredth of these sequences have been characterized at atomic resolution using experimental structure determination methods. Computational protei..."
pi-backlog,pmid-24508318,24508318,2014,,Avian influenza A H10N8--a virus on the verge?,,influenza,,,primary_research,candidate,relevant viral/host/pathway terms matched: virus,medium,relevant mechanistic terms: virus,
pi-backlog,pmid-24495909,24495909,2014,,Differences in antibody responses between trivalent inactivated influenza vaccine and live attenuated influenza vaccine correlate with the kinetics and magnitude of interferon signaling in children.,,influenza,,,primary_research,candidate,"relevant viral/host/pathway terms matched: virus, infection",medium,relevant mechanistic terms: virus,"BACKGROUND: Live attenuated influenza vaccine (LAIV) and trivalent inactivated influenza vaccine (TIV) are effective for prevention of influenza virus infection in children, but the mechanisms associated with protection are not well defined. METHODS: We analyzed the difference..."
pi-backlog,pmid-24453375,24453375,2014,,Divergent H7 immunogens offer protection from H7N9 virus challenge.,,influenza,,,primary_research,candidate,"relevant viral/host/pathway terms matched: virus, viral, infection",medium,"relevant mechanistic terms: virus, viral","UNLABELLED: The emergence of avian H7N9 viruses in humans in China has renewed concerns about influenza pandemics emerging from Asia. Vaccines are still the best countermeasure against emerging influenza virus infections, but the process from the identification of vaccine seed..."
pi-backlog,pmid-24403585,24403585,2014,,Assessment of influenza virus hemagglutinin stalk-based immunity in ferrets.,,influenza,,,primary_research,candidate,"relevant viral/host/pathway terms matched: virus, viral, infection",medium,"relevant mechanistic terms: virus, viral",UNLABELLED: Therapeutic monoclonal antibodies that target the conserved stalk domain of the influenza virus hemagglutinin and stalk-based universal influenza virus vaccine strategies are being developed as promising countermeasures for influenza virus infections. The pan-H1-re...
pi-backlog,pmid-24262313,24262313,2014,,One-shot vaccination with an insect cell-derived low-dose influenza A H7 virus-like particle preparation protects mice against H7N9 challenge.,,influenza,,,primary_research,candidate,relevant viral/host/pathway terms matched: virus,medium,relevant mechanistic terms: virus,"Human infections with a novel influenza A H7N9 subtype virus were reported in China recently. The virus caused severe disease with high mortality rates and it raised concerns over its pandemic potential. Here, we assessed in the mouse model protective efficacy of single immuni..."
pi-backlog,pmid-24257616,24257616,2014,,ISG15 is counteracted by vaccinia virus E3 protein and controls the proinflammatory response against viral infection.,,poxvirus,,,primary_research,candidate,"relevant viral/host/pathway terms matched: virus, viral, infection",medium,"relevant mechanistic terms: virus, viral","Conjugation of ISG15 inhibits replication of several viruses. Here, using an expression system for assaying human and mouse ISG15 conjugations (ISGylations), we have demonstrated that vaccinia virus E3 protein binds and antagonizes human and mouse ISG15 modification. To study..."
pi-backlog,pmid-23903236,23903236,2014,,Turmeric curcumin inhibits entry of all hepatitis C virus genotypes into human liver cells.,,influenza;hcv,,,primary_research,candidate,"relevant viral/host/pathway terms matched: virus, viral, infection",medium,"relevant mechanistic terms: virus, viral","OBJECTIVE: Hepatitis C virus (HCV) infection causes severe liver disease and affects more than 160 million individuals worldwide. People undergoing liver organ transplantation face universal re-infection of the graft. Therefore, affordable antiviral strategies targeting the ea..."
pi-backlog,pmid-26038474,26038474,2013,,Influenza A(H1N1)pdm09 virus infection in marine mammals in California.,,influenza,,,primary_research,candidate,"relevant viral/host/pathway terms matched: virus, infection",medium,relevant mechanistic terms: virus,
pi-backlog,pmid-24340119,24340119,2013,,Geographic distribution and genetic characterization of Lassa virus in sub-Saharan Mali.,,,,network_modeling,data_or_analysis,candidate,"relevant viral/host/pathway terms matched: virus, viral, infection",medium,"relevant mechanistic terms: virus, viral","BACKGROUND: Lassa fever is an acute viral illness characterized by multi-organ failure and hemorrhagic manifestations. Lassa fever is most frequently diagnosed in Nigeria, Sierra Leone, Liberia, and Guinea, although sporadic cases have been recorded in other West African count..."
pi-backlog,pmid-24326875,24326875,2013,,Influenza A(H7N9) virus gains neuraminidase inhibitor resistance without loss of in vivo virulence or transmissibility.,,influenza,,,primary_research,candidate,"relevant viral/host/pathway terms matched: virus, viral",medium,"relevant mechanistic terms: virus, viral","Without baseline human immunity to the emergent avian influenza A(H7N9) virus, neuraminidase inhibitors are vital for controlling viral replication in severe infections. An amino acid change in the viral neuraminidase associated with drug resistance, NA-R292K (N2 numbering), h..."
pi-backlog,pmid-24137104,24137104,2013,,ISG15 regulates peritoneal macrophages functionality against viral infection.,,poxvirus,,,primary_research,candidate,"relevant viral/host/pathway terms matched: virus, viral, infection",medium,"relevant mechanistic terms: virus, viral, host","Upon viral infection, the production of type I interferon (IFN) and the subsequent upregulation of IFN stimulated genes (ISGs) generate an antiviral state with an important role in the activation of innate and adaptive host immune responses. The ubiquitin-like protein (UBL) IS..."
pi-backlog,pmid-24109242,24109242,2013,,Evolution of the hemagglutinin protein of the new pandemic H1N1 influenza virus: maintaining optimal receptor binding by compensatory substitutions.,,influenza,,,primary_research,candidate,relevant viral/host/pathway terms matched: virus,medium,"relevant mechanistic terms: virus, host","Pandemic influenza A H1N1 (pH1N1) virus emerged in 2009. In the subsequent 4 years, it acquired several genetic changes in its hemagglutinin (HA). Mutations may be expected while virus is adapting to the human host or upon evasion from adaptive immune responses. However, pH1N1..."
pi-backlog,pmid-24099293,24099293,2013,,Lipid droplets and viral infections.,,hcv,,,review,candidate,"relevant viral/host/pathway terms matched: virus, viral, infection",medium,"relevant mechanistic terms: virus, viral, host","The lifecycle of several viruses is intimately tied to the lipid metabolism of their host cells, and lipid droplets (LDs) have emerged as crucial organelles in the propagation of these viral infections. Investigating the roles of LDs in viral infection requires expertise in bo..."
pi-backlog,pmid-24089557,24089557,2013,,Evasion of superinfection exclusion and elimination of primary viral RNA by an adapted strain of hepatitis C virus.,,influenza;hcv,,,primary_research,candidate,"relevant viral/host/pathway terms matched: virus, viral, infection",medium,"relevant mechanistic terms: virus, viral",Cells that are productively infected by hepatitis C virus (HCV) are refractory to a second infection by HCV via a block in viral replication known as superinfection exclusion. The block occurs at a postentry step and likely involves translation or replication of the secondary...
pi-backlog,pmid-23934176,23934176,2013,,MicroRNA-based strategy to mitigate the risk of gain-of-function influenza studies.,,influenza,,,primary_research,candidate,"relevant viral/host/pathway terms matched: virus, viral",medium,"relevant mechanistic terms: virus, viral",Recent gain-of-function studies in influenza A virus H5N1 strains revealed that as few as three-amino-acid changes in the hemagglutinin protein confer the capacity for viral transmission between ferrets. As transmission between ferrets is considered a surrogate indicator of tr...
pi-backlog,pmid-23915358,23915358,2013,,Single-particle tracking reveals switching of the HIV fusion peptide between two diffusive modes in membranes.,,hiv,,,methods,candidate,"relevant viral/host/pathway terms matched: viral, infection",medium,relevant mechanistic terms: viral,"Fusion of the HIV membrane with that of a target T cell is an essential first step in the viral infection process. Here we describe single-particle tracking (SPT) studies of a 16-amino-acid peptide derived from the HIV fusion protein (FP16), as it interacts with a supported li..."
pi-backlog,pmid-23903831,23903831,2013,,Hemagglutinin stalk-based universal vaccine constructs protect against group 2 influenza A viruses.,,influenza,,,primary_research,candidate,"relevant viral/host/pathway terms matched: virus, viral",medium,"relevant mechanistic terms: virus, viral","Current influenza virus vaccines contain H1N1 (phylogenetic group 1 hemagglutinin), H3N2 (phylogenetic group 2 hemagglutinin), and influenza B virus components. These vaccines induce good protection against closely matched strains by predominantly eliciting antibodies against..."
pi-backlog,pmid-23840600,23840600,2013,,Comparison of Heterologous Prime-Boost Strategies against Human Immunodeficiency Virus Type 1 Gag Using Negative Stranded RNA Viruses.,,hiv;poxvirus,,,primary_research,candidate,relevant viral/host/pathway terms matched: virus,medium,relevant mechanistic terms: virus,"This study analyzed a heterologous prime-boost vaccine approach against HIV-1 using three different antigenically unrelated negative-stranded viruses (NSV) expressing HIV-1 Gag as vaccine vectors: rabies virus (RABV), vesicular stomatitis virus (VSV) and Newcastle disease viru..."
pi-backlog,pmid-23827671,23827671,2013,,Lessons from lipids in the fight against influenza.,,influenza,,,primary_research,candidate,relevant viral/host/pathway terms matched: viral,medium,"relevant mechanistic terms: viral, host","Influenza is a leading cause of morbidity and mortality worldwide, with vaccines and antiviral drugs having limited efficacy thus far. Two recent studies in Cell apply lipidomics approaches to identify bioactive lipid mediators influencing host inflammation, viral replication,..."
pi-backlog,pmid-23772952,23772952,2013,,Overcoming NS1-mediated immune antagonism involves both interferon-dependent and independent mechanisms.,,influenza,,,primary_research,candidate,"relevant viral/host/pathway terms matched: viral, infection",medium,"relevant mechanistic terms: viral, host","To ensure survival, our immune system must overcome the action of pathogen-encoded immune antagonists, such as influenza A nonstructural protein-1 (NS1). NS1 subverts the host interferon (IFN) response at multiple levels and blocks the induction of IFN-β, a critical antiviral..."
pi-backlog,pmid-23765782,23765782,2013,,Spectrum of respiratory viruses circulating in eastern India: prospective surveillance among patients with influenza-like illness during 2010-2011.,,influenza;rsv,,,primary_research,candidate,"relevant viral/host/pathway terms matched: virus, infection",medium,relevant mechanistic terms: virus,"In developing countries, viruses causing respiratory disease are a major concern of public health. During January 2010-December 2011, 2,737 patients with acute respiratory infection from the outpatient departments as well as patients admitted to hospitals were screened for dif..."
pi-backlog,pmid-23720727,23720727,2013,,Protection against lethal influenza with a viral mimic.,,influenza,,,primary_research,candidate,"relevant viral/host/pathway terms matched: virus, viral, infection",medium,"relevant mechanistic terms: virus, viral","Despite countermeasures against influenza virus that prevent (vaccines) and treat (antivirals) infection, this upper respiratory tract human pathogen remains a global health burden, causing both seasonal epidemics and occasional pandemics. More potent and safe new vaccine tech..."
pi-backlog,pmid-23720581,23720581,2013,,Glycosylations in the globular head of the hemagglutinin protein modulate the virulence and antigenic properties of the H1N1 influenza viruses.,,influenza,,,primary_research,candidate,"relevant viral/host/pathway terms matched: virus, infection",medium,relevant mechanistic terms: virus,"With the global spread of the 2009 pandemic H1N1 (pH1N1) influenza virus, there are increasing worries about evolution through antigenic drift. One way previous seasonal H1N1 and H3N2 influenza strains have evolved over time is by acquiring additional glycosylations in the glo..."
pi-backlog,pmid-23698299,23698299,2013,,Induction of cross-reactive antibodies to novel H7N9 influenza virus by recombinant Newcastle disease virus expressing a North American lineage H7 subtype hemagglutinin.,,influenza,,,primary_research,candidate,relevant viral/host/pathway terms matched: virus,medium,relevant mechanistic terms: virus,"Severe human disease caused by the emerging H7N9 influenza virus in China warrants a rapid response. Here, we present a recombinant Newcastle disease virus expressing a North American lineage H7 influenza virus hemagglutinin. Sera from immunized mice were cross-reactive to a b..."
pi-backlog,pmid-23698296,23698296,2013,,Recombinant IgA is sufficient to prevent influenza virus transmission in guinea pigs.,,influenza,,,primary_research,candidate,"relevant viral/host/pathway terms matched: virus, viral, infection",medium,"relevant mechanistic terms: virus, viral",A serum hemagglutination inhibition (HAI) titer of 40 or greater is thought to be associated with reduced influenza virus pathogenesis in humans and is often used as a correlate of protection in influenza vaccine studies. We have previously demonstrated that intramuscular vacc...
pi-backlog,pmid-23686828,23686828,2013,,Insertion of a GFP reporter gene in influenza virus.,,influenza,,,methods,candidate,"relevant viral/host/pathway terms matched: virus, infection",medium,relevant mechanistic terms: virus,The incorporation of a fluorescent reporter gene into a replication-competent influenza A virus (IAV) has made it possible to trace IAV infection in vivo. This protocol describes the process of inserting a green fluorescent protein (GFP) reporter into the IAV genome using the...
pi-backlog,pmid-23637398,23637398,2013,,Genetic requirement for hemagglutinin glycosylation and its implications for influenza A H1N1 virus evolution.,,influenza,,,primary_research,candidate,"relevant viral/host/pathway terms matched: virus, viral",medium,"relevant mechanistic terms: virus, viral","Influenza A virus has evolved and thrived in human populations. Since the 1918 influenza A pandemic, human H1N1 viruses had acquired additional N-linked glycosylation (NLG) sites within the globular head region of hemagglutinin (HA) until the NLG-free HA head pattern of the 19..."
pi-backlog,pmid-23578028,23578028,2013,,Molecular modeling and ligand docking for solute carrier (SLC) transporters.,,,,network_modeling,review,high,explicit cross-virus/shared-host language: comparative,low,no strong backlog-priority keywords matched,"Solute Carrier (SLC) transporters are membrane proteins that transport solutes, such as ions, metabolites, peptides, and drugs, across biological membranes, using diverse energy coupling mechanisms. In human, there are 386 SLC transporters, many of which contribute to the abso..."
pi-backlog,pmid-23555265,23555265,2013,,Dengue virus co-opts UBR4 to degrade STAT2 and antagonize type I interferon signaling.,,dengue,,,primary_research,candidate,"relevant viral/host/pathway terms matched: virus, viral",medium,"relevant mechanistic terms: virus, viral, host","An estimated 50 million dengue virus (DENV) infections occur annually and more than forty percent of the human population is currently at risk of developing dengue fever (DF) or dengue hemorrhagic fever (DHF). Despite the prevalence and potential severity of DF and DHF, there..."
pi-backlog,pmid-23536663,23536663,2013,,Substitutions T200A and E227A in the hemagglutinin of pandemic 2009 influenza A virus increase lethality but decrease transmission.,,influenza,,,primary_research,candidate,"relevant viral/host/pathway terms matched: virus, viral",medium,"relevant mechanistic terms: virus, viral",We report that swine influenza virus-like substitutions T200A and E227A in the hemagglutinin (HA) of the 2009 pandemic influenza virus alter its pathogenesis and transmission. Viral replication is increased in mammalian cells. Infected mice show increased disease as measured b...
pi-backlog,pmid-23527091,23527091,2013,,M2e-displaying virus-like particles with associated RNA promote T helper 1 type adaptive immunity against influenza A.,,influenza,,,primary_research,candidate,relevant viral/host/pathway terms matched: virus,medium,relevant mechanistic terms: virus,The ectodomain of influenza A matrix protein 2 (M2e) is a candidate for a universal influenza A vaccine. We used recombinant Hepatitis B core antigen to produce virus-like particles presenting M2e (M2e-VLPs). We produced the VLPs with and without entrapped nucleic acids and co...
pi-backlog,pmid-23523523,23523523,2013,,Stability and transmission of hepatitis C virus in different anesthetic agents.,,hcv,,,primary_research,candidate,relevant viral/host/pathway terms matched: virus,medium,relevant mechanistic terms: virus,
pi-backlog,pmid-23509259,23509259,2013,,"Structure-based ligand discovery for the Large-neutral Amino Acid Transporter 1, LAT-1.",,,,network_modeling,primary_research,high,explicit cross-virus/shared-host language: comparative,low,no strong backlog-priority keywords matched,"The Large-neutral Amino Acid Transporter 1 (LAT-1)--a sodium-independent exchanger of amino acids, thyroid hormones, and prescription drugs--is highly expressed in the blood-brain barrier and various types of cancer. LAT-1 plays an important role in cancer development as well..."
pi-backlog,pmid-23486778,23486778,2013,,Induction of ICOS+CXCR3+CXCR5+ TH cells correlates with antibody responses to influenza vaccination.,,influenza,,,primary_research,candidate,"relevant viral/host/pathway terms matched: virus, infection",medium,relevant mechanistic terms: virus,Seasonal influenza vaccine protects 60 to 90% of healthy young adults from influenza infection. The immunological events that lead to the induction of protective antibody responses remain poorly understood in humans. We identified the type of CD4+ T cells associated with prote...
pi-backlog,pmid-23420847,23420847,2013,,Diacylglycerol acyltransferase-1 localizes hepatitis C virus NS5A protein to lipid droplets and enhances NS5A interaction with the viral capsid core.,,hcv,,,primary_research,candidate,"relevant viral/host/pathway terms matched: virus, viral, interaction, host factor, infection",medium,"relevant mechanistic terms: virus, viral, host",The triglyceride-synthesizing enzyme acyl CoA:diacylglycerol acyltransferase 1 (DGAT1) plays a critical role in hepatitis C virus (HCV) infection by recruiting the HCV capsid protein core onto the surface of cellular lipid droplets (LDs). Here we find a new interaction between...
pi-backlog,pmid-23408625,23408625,2013,,H3N2 influenza virus infection induces broadly reactive hemagglutinin stalk antibodies in humans and mice.,,influenza,,,primary_research,candidate,"relevant viral/host/pathway terms matched: virus, viral, infection",medium,"relevant mechanistic terms: virus, viral","Broadly neutralizing antibodies directed against the conserved stalk domain of the viral hemagglutinin have attracted increasing attention in recent years. However, only a limited number of stalk antibodies directed against group 2 influenza hemagglutinins have been isolated s..."
pi-backlog,pmid-23397329,23397329,2013,,"Accumulation of CD11b⁺Gr-1⁺ cells in the lung, blood and bone marrow of mice infected with highly pathogenic H5N1 and H1N1 influenza viruses.",,influenza,,,primary_research,candidate,"relevant viral/host/pathway terms matched: virus, infection",medium,"relevant mechanistic terms: virus, host","Infection with pathogenic influenza viruses is associated with intense inflammatory disease. Here, we investigated the innate immune response in mice infected with H5N1 A/Vietnam/1203/04 and with reassortant human H1N1 A/Texas/36/91 viruses containing the virulence genes hemag..."
pi-backlog,pmid-23354044,23354044,2013,,H5N1 virus: Transmission studies resume for avian flu.,,influenza,,,primary_research,candidate,relevant viral/host/pathway terms matched: virus,medium,relevant mechanistic terms: virus,
pi-backlog,pmid-23324744,23324744,2013,,miR-122 is more than a shield for the hepatitis C virus genome.,,hcv,,,primary_research,candidate,relevant viral/host/pathway terms matched: virus,medium,relevant mechanistic terms: virus,
pi-backlog,pmid-23302879,23302879,2013,,Recombinant influenza virus carrying the respiratory syncytial virus (RSV) F85-93 CTL epitope reduces RSV replication in mice.,,influenza;rsv,,,primary_research,candidate,"relevant viral/host/pathway terms matched: virus, viral, infection",medium,"relevant mechanistic terms: virus, viral","Respiratory syncytial virus (RSV) is the leading cause of lower respiratory tract infections in infants worldwide. Despite decades of research, there is still no registered vaccine available for this major pathogen. We investigated the protective efficacy of a recombinant infl..."
pi-backlog,pmid-23255794,23255794,2013,,Contribution of double-stranded RNA and CPSF30 binding domains of influenza virus NS1 to the inhibition of type I interferon production and activation of human dendritic cells.,,influenza,,,primary_research,candidate,relevant viral/host/pathway terms matched: virus,medium,relevant mechanistic terms: virus,"The influenza virus nonstructural protein 1 (NS1) inhibits innate immunity by multiple mechanisms. We previously reported that NS1 is able to inhibit the production of type I interferon (IFN) and proinflammatory cytokines in human primary dendritic cells (DCs). Here, we used r..."
pi-backlog,pmid-23255218,23255218,2013,,BET bromodomain-targeting compounds reactivate HIV from latency via a Tat-independent mechanism.,,influenza;hiv,,,primary_research,candidate,"relevant viral/host/pathway terms matched: viral, infection",medium,relevant mechanistic terms: viral,"The therapeutic potential of pharmacologic inhibition of bromodomain and extraterminal (BET) proteins has recently emerged in hematological malignancies and chronic inflammation. We find that BET inhibitor compounds (JQ1, I-Bet, I-Bet151 and MS417) reactivate HIV from latency...."
pi-backlog,pmid-23192878,23192878,2013,,Mouse dendritic cell (DC) influenza virus infectivity is much lower than that for human DCs and is hemagglutinin subtype dependent.,,influenza,,,primary_research,candidate,"relevant viral/host/pathway terms matched: virus, infection",medium,relevant mechanistic terms: virus,"We show that influenza A H1N1 virus infection leads to very low infectivity in mouse dendritic cells (DCs) in vitro compared with that in human DCs. This holds when H3 or H5 replaces H1 in recombinant viruses. Viruslike particles confirm the difference between mouse and human,..."
pi-backlog,pmid-23175362,23175362,2013,,A Sendai virus-derived RNA agonist of RIG-I as a virus vaccine adjuvant.,,influenza,,,primary_research,candidate,"relevant viral/host/pathway terms matched: virus, infection",medium,relevant mechanistic terms: virus,"The innate immune system is responsible for recognizing invading pathogens and initiating a protective response. In particular, the retinoic acid-inducible gene 1 protein (RIG-I) participates in the recognition of single- and double-stranded RNA viruses. RIG-I activation leads..."
pi-backlog,pmid-23097449,23097449,2013,,Rapid intracellular competition between hepatitis C viral genomes as a result of mitosis.,,hcv,,,primary_research,candidate,"relevant viral/host/pathway terms matched: virus, viral, infection",medium,"relevant mechanistic terms: virus, viral, host","Cells infected with hepatitis C virus (HCV) become refractory to further infection by HCV (T. Schaller et al., J. Virol. 81:4591-4603, 2007; D. M. Tscherne et al., J. Virol. 81:3693-3703, 2007). This process, termed superinfection exclusion, does not involve downregulation of..."
pi-backlog,pmid-22806098,22806098,2013,,Natural and long-lasting cellular immune responses against influenza in the M2e-immune host.,,influenza,,,primary_research,candidate,"relevant viral/host/pathway terms matched: virus, infection",medium,"relevant mechanistic terms: virus, host","Influenza is a global health concern. Licensed influenza vaccines induce strain-specific virus-neutralizing antibodies but hamper the induction of possibly cross-protective T-cell responses upon subsequent infection.(1) In this study, we compared protection induced by a vaccin..."
pi-backlog,pmid-23056353,23056353,2012,,Influenza-infected neutrophils within the infected lungs act as antigen presenting cells for anti-viral CD8(+) T cells.,,influenza,,,primary_research,candidate,"relevant viral/host/pathway terms matched: virus, viral, infection",medium,"relevant mechanistic terms: virus, viral",Influenza A virus (IAV) is a leading cause of respiratory tract disease worldwide. Anti-viral CD8(+) T lymphocytes responding to IAV infection are believed to eliminate virally infected cells by direct cytolysis but may also contribute to pulmonary inflammation and tissue dama...
pi-backlog,pmid-23047750,23047750,2012,,The pause on Avian H5N1 influenza virus transmission research should be ended.,,influenza,,,review,candidate,relevant viral/host/pathway terms matched: virus,medium,relevant mechanistic terms: virus,A voluntary 60-day pause on avian H5N1 influenza virus transmission research was announced in January 2012 by the international community of influenza scientists engaged in this work to provide time to explain the benefits of such work and the risk mitigation measures in place...
pi-backlog,pmid-23041628,23041628,2012,,Cross-presenting CD103+ dendritic cells are protected from influenza virus infection.,,influenza,,,primary_research,candidate,"relevant viral/host/pathway terms matched: virus, viral, pathway, infection",medium,"relevant mechanistic terms: virus, viral, pathway","CD8+ cytotoxic T cells are critical for viral clearance from the lungs upon influenza virus infection. The contribution of antigen cross-presentation by DCs to the induction of anti-viral cytotoxic T cells remains controversial. Here, we used a recombinant influenza virus expr..."
pi-backlog,pmid-22993153,22993153,2012,,Contribution of NS1 effector domain dimerization to influenza A virus replication and virulence.,,influenza,,,primary_research,candidate,"relevant viral/host/pathway terms matched: virus, interaction, infection",medium,relevant mechanistic terms: virus,Conserved tryptophan-187 facilitates homodimerization of the influenza A virus NS1 protein effector domain. We generated a mutant influenza virus strain expressing NS1-W187R to destabilize this self-interaction. NS1-W187R protein exhibited lower double-stranded RNA (dsRNA)-bin...
pi-backlog,pmid-22932902,22932902,2012,,"High selectivity of the γ-aminobutyric acid transporter 2 (GAT-2, SLC6A13) revealed by structure-based approach.",,,,network_modeling,primary_research,high,explicit cross-virus/shared-host language: comparative,low,no strong backlog-priority keywords matched,"The solute carrier 6 (SLC6) is a family of ion-dependent transporters that mediate uptake into the cell of osmolytes such as neurotransmitters and amino acids. Four SLC6 members transport GABA, a key neurotransmitter that triggers inhibitory signaling pathways via various rece..."
pi-backlog,pmid-22888003,22888003,2012,,Rotaviral enterotoxin nonstructural protein 4 targets mitochondria for activation of apoptosis during infection.,,influenza,,,primary_research,candidate,"relevant viral/host/pathway terms matched: virus, viral, infection",medium,"relevant mechanistic terms: virus, viral","Viruses have evolved to encode multifunctional proteins to control the intricate cellular signaling pathways by using very few viral proteins. Rotavirus is known to express six nonstructural and six structural proteins. Among them, NSP4 is the enterotoxin, known to disrupt cel..."
pi-backlog,pmid-22875253,22875253,2012,,Pathogenicity and transmissibility of reassortant H9 influenza viruses with genes from pandemic H1N1 virus.,,influenza,,,primary_research,candidate,relevant viral/host/pathway terms matched: virus,medium,relevant mechanistic terms: virus,"Both H9N2 avian influenza and 2009 pandemic H1N1 viruses (pH1N1) are able to infect humans and swine, which has raised concerns that novel reassortant H9 viruses with pH1N1 genes might be generated in these hosts by reassortment. Although previous studies have demonstrated tha..."
pi-backlog,pmid-22855494,22855494,2012,,Increased viral loads and exacerbated innate host responses in aged macaques infected with the 2009 pandemic H1N1 influenza A virus.,,influenza,,,primary_research,candidate,"relevant viral/host/pathway terms matched: virus, viral, infection",medium,"relevant mechanistic terms: virus, viral, host","In contrast to seasonal influenza virus infections, which typically cause significant morbidity and mortality in the elderly, the 2009 H1N1 virus caused severe infection in young adults. This phenomenon was attributed to the presence of cross-protective antibodies acquired by..."
pi-backlog,pmid-22811541,22811541,2012,,Live attenuated influenza vaccine provides superior protection from heterologous infection in pigs with maternal antibodies without inducing vaccine-associated enhanced respiratory disease.,,influenza,,,primary_research,candidate,"relevant viral/host/pathway terms matched: virus, infection",medium,"relevant mechanistic terms: virus, host",Control of swine influenza A virus (IAV) in the United States is hindered because inactivated vaccines do not provide robust cross-protection against the multiple antigenic variants cocirculating in the field. Vaccine efficacy can be limited further for vaccines administered t...
pi-backlog,pmid-22778433,22778433,2012,,Hematopoietic-specific targeting of influenza A virus reveals replication requirements for induction of antiviral immune responses.,,influenza,,,primary_research,candidate,"relevant viral/host/pathway terms matched: virus, infection",medium,"relevant mechanistic terms: virus, host","A coordinated innate and adaptive immune response, orchestrated by antigen presenting cells (APCs), is required for effective clearance of influenza A virus (IAV). Although IAV primarily infects epithelial cells of the upper respiratory tract, APCs are also susceptible. To det..."
pi-backlog,pmid-22618536,22618536,2012,,SALIGN: a web server for alignment of multiple protein sequences and structures.,,,,network_modeling,primary_research,high,explicit cross-virus/shared-host language: comparative,low,no strong backlog-priority keywords matched,"SUMMARY: Accurate alignment of protein sequences and/or structures is crucial for many biological analyses, including functional annotation of proteins, classifying protein sequences into families, and comparative protein structure modeling. Described here is a web interface t..."
pi-backlog,pmid-22457520,22457520,2012,,Human monoclonal antibodies to pandemic 1957 H2N2 and pandemic 1968 H3N2 influenza viruses.,,influenza,,,primary_research,candidate,relevant viral/host/pathway terms matched: virus,medium,relevant mechanistic terms: virus,Investigation of the human antibody response to the 1957 pandemic H2N2 influenza A virus has been largely limited to serologic studies. We generated five influenza virus hemagglutinin (HA)-reactive human monoclonal antibodies (MAbs) by hybridoma technology from the peripheral...
pi-backlog,pmid-22398291,22398291,2012,,Attenuated influenza virus construct with enhanced hemagglutinin protein expression.,,influenza,,,primary_research,candidate,"relevant viral/host/pathway terms matched: virus, viral",medium,"relevant mechanistic terms: virus, viral, host","Influenza A viruses encoding an altered viral NS1 protein have emerged as promising live attenuated vaccine platforms. A carboxy-terminal truncation in the NS1 protein compromises its interferon antagonism activity, making these viruses attenuated in the host yet still able to..."
pi-backlog,pmid-22398284,22398284,2012,,Recombinant influenza A viruses with enhanced levels of PB1 and PA viral protein expression.,,influenza,,,primary_research,candidate,"relevant viral/host/pathway terms matched: virus, viral, infection",medium,"relevant mechanistic terms: virus, viral","Influenza A viruses containing the promoter mutations G3A/C8U in a given segment express increased levels of the corresponding viral protein during infection due to increased levels of mRNA or cRNA species. The replication of these recombinant viruses is attenuated, and they h..."
pi-backlog,pmid-22398283,22398283,2012,,Influenza virus sequence feature variant type analysis: evidence of a role for NS1 in influenza virus host range restriction.,,influenza,,,primary_research,candidate,relevant viral/host/pathway terms matched: virus,medium,"relevant mechanistic terms: virus, host",Genetic drift of influenza virus genomic sequences occurs through the combined effects of sequence alterations introduced by a low-fidelity polymerase and the varying selective pressures experienced as the virus migrates through different host environments. While traditional p...
pi-backlog,pmid-22384138,22384138,2012,,Emergence of minor drug-resistant HIV-1 variants after triple antiretroviral prophylaxis for prevention of vertical HIV-1 transmission.,,hiv,,,methods,candidate,relevant viral/host/pathway terms matched: virus,medium,relevant mechanistic terms: virus,"BACKGROUND: WHO-guidelines for prevention of mother-to-child transmission of HIV-1 in resource-limited settings recommend complex maternal antiretroviral prophylaxis comprising antenatal zidovudine (AZT), nevirapine single-dose (NVP-SD) at labor onset and AZT/lamivudine (3TC)..."
pi-backlog,pmid-22345452,22345452,2012,,Strain-specific contribution of NS1-activated phosphoinositide 3-kinase signaling to influenza A virus replication and virulence.,,influenza,,,primary_research,candidate,relevant viral/host/pathway terms matched: virus,medium,relevant mechanistic terms: virus,We generated influenza A viruses expressing mutant NS1 proteins unable to activate phosphoinositide 3-kinase (PI3K) in two mouse-lethal strains. The recombinant A/Puerto Rico/8/34 (rPR8) mutant virus strain was attenuated and caused reduced morbidity/mortality. For the recombi...
pi-backlog,pmid-22337640,22337640,2012,,The neuraminidase and matrix genes of the 2009 pandemic influenza H1N1 virus cooperate functionally to facilitate efficient replication and transmissibility in pigs.,,influenza,,,primary_research,candidate,relevant viral/host/pathway terms matched: virus,medium,relevant mechanistic terms: virus,"The 2009 pandemic H1N1 virus (pH1N1) contains neuraminidase (NA) and matrix (M) genes from Eurasian avian-like swine influenza viruses (SIVs), with the remaining six genes from North American triple-reassortant SIVs. To characterize the role of the pH1N1 NA and M genes in path..."
pi-backlog,pmid-22312003,22312003,2012,,Inhibition of pyrimidine synthesis reverses viral virulence factor-mediated block of mRNA nuclear export.,,influenza,,,primary_research,candidate,"relevant viral/host/pathway terms matched: virus, viral",medium,"relevant mechanistic terms: virus, viral, host","The NS1 protein of influenza virus is a major virulence factor essential for virus replication, as it redirects the host cell to promote viral protein expression. NS1 inhibits cellular messenger ribonucleic acid (mRNA) processing and export, down-regulating host gene expressio..."
pi-backlog,pmid-22308500,22308500,2012,,Hemagglutinin stalk antibodies elicited by the 2009 pandemic influenza virus as a mechanism for the extinction of seasonal H1N1 viruses.,,influenza,,,primary_research,candidate,"relevant viral/host/pathway terms matched: virus, viral, infection",medium,"relevant mechanistic terms: virus, viral","After the emergence of pandemic influenza viruses in 1957, 1968, and 2009, existing seasonal viruses were observed to be replaced in the human population by the novel pandemic strains. We have previously hypothesized that the replacement of seasonal strains was mediated, in pa..."
pi-backlog,pmid-22301136,22301136,2012,,Residue Y161 of influenza virus hemagglutinin is involved in viral recognition of sialylated complexes from different hosts.,,influenza,,,primary_research,candidate,"relevant viral/host/pathway terms matched: virus, viral",medium,"relevant mechanistic terms: virus, viral, host","Influenza A virus glycoprotein hemagglutinin (HA) binds to host cell surface sialic acid (SA)-terminated sugars in glycoproteins to initiate viral entry. It is thought that avian influenza viruses preferentially bind to N-acetylneuraminic acid α3 (NeuAcα3) sugars, while human..."
pi-backlog,pmid-22183533,22183533,2012,,Virtual ligand screening against comparative protein structure models.,,,,network_modeling,methods,high,explicit cross-virus/shared-host language: comparative,low,no strong backlog-priority keywords matched,Virtual ligand screening uses computation to discover new ligands of a protein by screening one or more of its structural models against a database of potential ligands. Comparative protein structure modeling extends the applicability of virtual screening beyond the atomic str...
pi-backlog,pmid-21963794,21963794,2012,,"UCSF Chimera, MODELLER, and IMP: an integrated modeling system.",,,,network_modeling,primary_research,high,explicit cross-virus/shared-host language: comparative,low,no strong backlog-priority keywords matched,"Structural modeling of macromolecular complexes greatly benefits from interactive visualization capabilities. Here we present the integration of several modeling tools into UCSF Chimera. These include comparative modeling by MODELLER, simultaneous fitting of multiple component..."
pi-backlog,pmid-22174864,22174864,2011,,"Host-range restriction of vaccinia virus E3L deletion mutant can be overcome in vitro, but not in vivo, by expression of the influenza virus NS1 protein.",,influenza;poxvirus,,,primary_research,candidate,"relevant viral/host/pathway terms matched: virus, viral",medium,"relevant mechanistic terms: virus, viral, host","During the last decades, research focused on vaccinia virus (VACV) pathogenesis has been intensified prompted by its potential beneficial application as a vector for vaccine development and anti-cancer therapies, but also due to the fear of its potential use as a bio-terrorism..."
pi-backlog,pmid-22105999,22105999,2011,,p53 serves as a host antiviral factor that enhances innate and adaptive immune responses to influenza A virus.,,influenza,,,primary_research,candidate,"relevant viral/host/pathway terms matched: virus, viral",medium,"relevant mechanistic terms: virus, viral, host","Several direct target genes of the p53 tumor suppressor have been identified within pathways involved in viral sensing, cytokine production, and inflammation, suggesting a potential role of p53 in antiviral immunity. The increasing need to identify immune factors to devise hos..."
pi-backlog,pmid-22027189,22027189,2011,,Induction and evasion of type I interferon responses by influenza viruses.,,influenza,,,review,candidate,"relevant viral/host/pathway terms matched: virus, infection",medium,relevant mechanistic terms: virus,"Influenza A and B viruses are a major cause of respiratory disease in humans. In addition, influenza A viruses continuously re-emerge from animal reservoirs into humans causing human pandemics every 10-50 years of unpredictable severity. Among the first lines of defense agains..."
pi-backlog,pmid-21984835,21984835,2011,,Hepatitis C virus core protein decreases lipid droplet turnover: a mechanism for core-induced steatosis.,,influenza;hcv,,,primary_research,candidate,"relevant viral/host/pathway terms matched: virus, viral, infection",medium,"relevant mechanistic terms: virus, viral, host","Steatosis is a frequent complication of hepatitis C virus infection. In mice, this condition is recapitulated by the expression of a single viral protein, the nucleocapsid core. Core localizes to the surface of lipid droplets (LDs) in infected liver cells through a process dep..."
pi-backlog,pmid-21917972,21917972,2011,,Major histocompatibility complex class II expression and hemagglutinin subtype influence the infectivity of type A influenza virus for respiratory dendritic cells.,,influenza,,,primary_research,candidate,"relevant viral/host/pathway terms matched: virus, interaction, infection",medium,relevant mechanistic terms: virus,"Dendritic cells (DC) play a key role in antiviral immunity, functioning both as innate effector cells in early phases of the immune response and subsequently as antigen-presenting cells that activate the adaptive immune response. In the murine respiratory tract, there are seve..."
pi-backlog,pmid-21885739,21885739,2011,,"Structure-based discovery of prescription drugs that interact with the norepinephrine transporter, NET.",,,,,data_or_analysis,high,explicit cross-virus/shared-host language: comparative,low,no strong backlog-priority keywords matched,"The norepinephrine transporter (NET) transports norepinephrine from the synapse into presynaptic neurons, where norepinephrine regulates signaling pathways associated with cardiovascular effects and behavioral traits via binding to various receptors (e.g., β2-adrenergic recept..."
pi-backlog,pmid-21880744,21880744,2011,,The M segment of the 2009 new pandemic H1N1 influenza virus is critical for its high transmission efficiency in the guinea pig model.,,influenza,,,primary_research,candidate,"relevant viral/host/pathway terms matched: virus, viral",medium,"relevant mechanistic terms: virus, viral","A remarkable feature of the 2009 pandemic H1N1 influenza virus is its efficient transmissibility in humans compared to that of precursor strains from the triple-reassortant swine influenza virus lineage, which cause only sporadic infections in humans. The viral components esse..."
pi-backlog,pmid-21837753,21837753,2011,,"The green tea polyphenol, epigallocatechin-3-gallate, inhibits hepatitis C virus entry.",,hcv,,,primary_research,candidate,"relevant viral/host/pathway terms matched: virus, viral, infection",medium,"relevant mechanistic terms: virus, viral",UNLABELLED: Hepatitis C virus (HCV) is a major cause of liver cirrhosis and hepatocellular carcinoma. Current antiviral therapy fails to clear infection in a substantial proportion of cases. Drug development is focused on nonstructural proteins required for RNA replication. In...
pi-backlog,pmid-21832006,21832006,2011,,Functional characterization of the essential tail anchor of the herpes simplex virus type 1 nuclear egress protein pUL34.,,ebv;cmv,,,primary_research,candidate,relevant viral/host/pathway terms matched: virus,medium,"relevant mechanistic terms: virus, host","Release of herpes simplex virus type 1 (HSV-1) nucleocapsids from the host nucleus relies on the nuclear egress complex consisting of the two essential proteins pUL34 and pUL31. The cytoplasmically exposed N-terminal region of pUL34 interacts with pUL31, while a hydrophobic re..."
pi-backlog,pmid-21806809,21806809,2011,,The immunological potency and therapeutic potential of a prototype dual vaccine against influenza and Alzheimer's disease.,,influenza,,,primary_research,candidate,relevant viral/host/pathway terms matched: virus,medium,relevant mechanistic terms: virus,"BACKGROUND: Numerous pre-clinical studies and clinical trials demonstrated that induction of antibodies to the β-amyloid peptide of 42 residues (Aβ42) elicits therapeutic effects in Alzheimer's disease (AD). However, an active vaccination strategy based on full length Aβ42 is..."
pi-backlog,pmid-21765802,21765802,2011,,Generation of healthy mice from gene-corrected disease-specific induced pluripotent stem cells.,,influenza,,,methods,candidate,"relevant viral/host/pathway terms matched: virus, viral",medium,"relevant mechanistic terms: virus, viral","Using the murine model of tyrosinemia type 1 (fumarylacetoacetate hydrolase [FAH] deficiency; FAH⁻/⁻ mice) as a paradigm for orphan disorders, such as hereditary metabolic liver diseases, we evaluated fibroblast-derived FAH⁻/⁻-induced pluripotent stem cells (iPS cells) as targ..."
pi-backlog,pmid-21747392,21747392,2011,,Influenza A viruses: new research developments.,,influenza,,,review,candidate,relevant viral/host/pathway terms matched: virus,medium,"relevant mechanistic terms: virus, host","Influenza A viruses are zoonotic pathogens that continuously circulate and change in several animal hosts, including birds, pigs, horses and humans. The emergence of novel virus strains that are capable of causing human epidemics or pandemics is a serious possibility. Here, we..."
pi-backlog,pmid-21695240,21695240,2011,,The influenza virus protein PB1-F2 inhibits the induction of type I interferon at the level of the MAVS adaptor protein.,,influenza,,,primary_research,candidate,"relevant viral/host/pathway terms matched: virus, viral, infection",medium,"relevant mechanistic terms: virus, viral","PB1-F2 is a 90 amino acid protein that is expressed from the +1 open reading frame in the PB1 gene of some influenza A viruses and has been shown to contribute to viral pathogenicity. Notably, a serine at position 66 (66S) in PB1-F2 is known to increase virulence compared to a..."
pi-backlog,pmid-21688257,21688257,2011,,An enzymatic assay for detection of viral entry.,,influenza,,,primary_research,candidate,"relevant viral/host/pathway terms matched: virus, viral",medium,"relevant mechanistic terms: virus, viral",This unit describes a viral entry assay where a beta-lactamase reporter protein fused to the matrix protein of either influenza (BlaM1) or ebola virus (BlaVP40) is packaged as a structural component into virus-like particles (VLPs). The Bla reporter is released upon fusion wit...
pi-backlog,pmid-21670211,21670211,2011,,"Evolution: On a bender--BARs, ESCRTs, COPs, and finally getting your coat.",,,,proteomics,primary_research,high,explicit cross-virus/shared-host language: comparative,low,no strong backlog-priority keywords matched,"Tremendous variety in form and function is displayed among the intracellular membrane systems of different eukaryotes. Until recently, few clues existed as to how these internal membrane systems had originated and diversified. However, proteomic, structural, and comparative ge..."
pi-backlog,pmid-21655245,21655245,2011,,Emergence and persistence of minor drug-resistant HIV-1 variants in Ugandan women after nevirapine single-dose prophylaxis.,,hiv,,,primary_research,candidate,"relevant viral/host/pathway terms matched: virus, viral",medium,"relevant mechanistic terms: virus, viral","BACKGROUND: Nevirapine (NVP) single-dose is still a widely used antiretroviral prophylaxis for the prevention of vertical HIV-1 transmission in resource-limited settings. However, the main disadvantage of the Non-nucleoside Reverse Transcriptase Inhibitor (NNRTI) NVP is the ra..."
pi-backlog,pmid-21593271,21593271,2011,,The NS1 protein of influenza A virus suppresses interferon-regulated activation of antigen-presentation and immune-proteasome pathways.,,influenza,,,primary_research,candidate,"relevant viral/host/pathway terms matched: virus, pathway, infection",medium,"relevant mechanistic terms: virus, host, pathway",The NS1 protein of influenza virus counters host antiviral defences primarily by antagonizing the type I interferon (IFN) response. Both the N-terminal dsRNA-binding domain and the C-terminal effector domain are required for optimal suppression of host responses during infecti...
pi-backlog,pmid-21543486,21543486,2011,,A reassortment-incompetent live attenuated influenza virus vaccine for protection against pandemic virus strains.,,influenza,,,primary_research,candidate,"relevant viral/host/pathway terms matched: virus, infection",medium,relevant mechanistic terms: virus,"Although live-attenuated influenza vaccines (LAIV) are safe for use in protection against seasonal influenza strains, concerns regarding their potential to reassort with wild-type virus strains have been voiced. LAIVs have been demonstrated to induce enhanced mucosal and cell-..."
pi-backlog,pmid-21497514,21497514,2011,,Unique ties between hepatitis C virus replication and intracellular lipids.,,hcv,,,review,candidate,"relevant viral/host/pathway terms matched: virus, viral, infection",medium,"relevant mechanistic terms: virus, viral","Hepatitis C virus (HCV) infects approximately 3% of the world's population, establishing a lifelong infection in the majority of cases. The life cycle of HCV is closely tied to the lipid metabolism of liver cells, and lipid droplets have emerged as crucial intracellular organe..."
pi-backlog,pmid-21483486,21483486,2011,,Dissection of the influenza A virus endocytic routes reveals macropinocytosis as an alternative entry pathway.,,influenza,,,primary_research,candidate,"relevant viral/host/pathway terms matched: virus, pathway, infection",medium,"relevant mechanistic terms: virus, host, pathway","Influenza A virus (IAV) enters host cells upon binding of its hemagglutinin glycoprotein to sialylated host cell receptors. Whereas dynamin-dependent, clathrin-mediated endocytosis (CME) is generally considered as the IAV infection pathway, some observations suggest the occurr..."
pi-backlog,pmid-21464929,21464929,2011,,A transient homotypic interaction model for the influenza A virus NS1 protein effector domain.,,influenza,,,primary_research,candidate,"relevant viral/host/pathway terms matched: virus, interaction, infection",medium,"relevant mechanistic terms: virus, host","Influenza A virus NS1 protein is a multifunctional virulence factor consisting of an RNA binding domain (RBD), a short linker, an effector domain (ED), and a C-terminal 'tail'. Although poorly understood, NS1 multimerization may autoregulate its actions. While RBD dimerization..."
pi-backlog,pmid-21422808,21422808,2011,,Differential recognition of viral RNA by RIG-I.,,influenza,,,primary_research,candidate,"relevant viral/host/pathway terms matched: virus, viral, infection",medium,"relevant mechanistic terms: virus, viral",Retinoic acid inducible gene I (RIG-I) is a pattern recognition receptor (PRR) responsible for detection of nucleic acids from pathogens in the cytoplasm of infected cells and induction of type I interferon (IFN). RIG-I -specific pathogen associated molecular patterns (PAMPs)...
pi-backlog,pmid-21289196,21289196,2011,,Maternal influenza viral infection causes schizophrenia-like alterations of 5-HT₂A and mGlu₂ receptors in the adult offspring.,,influenza,,,primary_research,candidate,"relevant viral/host/pathway terms matched: virus, viral, infection",medium,"relevant mechanistic terms: virus, viral","Epidemiological studies indicate that maternal influenza viral infection increases the risk for schizophrenia in the adult offspring. The serotonin and glutamate systems are suspected in the etiology of schizophrenia, as well as in the mechanism of action of antipsychotic drug..."
pi-backlog,pmid-21206092,21206092,2011,,Virulence determinants of pandemic influenza viruses.,,influenza,,,primary_research,candidate,relevant viral/host/pathway terms matched: virus,medium,relevant mechanistic terms: virus,"Influenza A viruses cause recurrent, seasonal epidemics and occasional global pandemics with devastating levels of morbidity and mortality. The ability of influenza A viruses to adapt to various hosts and undergo reassortment events ensures constant generation of new strains w..."
pi-backlog,pmid-21159873,21159873,2011,,Newcastle disease virus expressing a dendritic cell-targeted HIV gag protein induces a potent gag-specific immune response in mice.,,hiv;poxvirus,,,primary_research,candidate,"relevant viral/host/pathway terms matched: virus, viral",medium,"relevant mechanistic terms: virus, viral","Viral vaccine vectors have emerged as an attractive strategy for the development of a human immunodeficiency virus (HIV) vaccine. Recombinant Newcastle disease virus (rNDV) stands out as a vaccine vector since it has a proven safety profile in humans, it is a potent inducer of..."
pi-backlog,pmid-21097780,21097780,2011,,"ModBase, a database of annotated comparative protein structure models, and associated resources.",,,,network_modeling,methods,high,explicit cross-virus/shared-host language: comparative,low,no strong backlog-priority keywords matched,"ModBase (http://salilab.org/modbase) is a database of annotated comparative protein structure models. The models are calculated by ModPipe, an automated modeling pipeline that relies primarily on Modeller for fold assignment, sequence-structure alignment, model building and mo..."
pi-backlog,pmid-21084522,21084522,2011,,Development and characterization of a highly specific and sensitive SYBR green reverse transcriptase PCR assay for detection of the 2009 pandemic H1N1 influenza virus on the basis of sequence signatures.,,influenza,,,primary_research,candidate,"relevant viral/host/pathway terms matched: virus, viral",medium,"relevant mechanistic terms: virus, viral",The emergence and rapid spread of the 2009 H1N1 pandemic influenza virus showed that many diagnostic tests were unsuitable for detecting the novel virus isolates. In most countries the probe-based TaqMan assay developed by the U.S. Centers for Disease Control and Prevention wa...
pi-backlog,pmid-20965983,20965983,2011,,Antiserum against the conserved nine amino acid N-terminal peptide of influenza A virus matrix protein 2 is not immunoprotective.,,influenza,,,primary_research,candidate,relevant viral/host/pathway terms matched: virus,medium,relevant mechanistic terms: virus,"The recent emergence and rapid spread of the pandemic H1N1 swine influenza virus reminded us once again of the need for a universal influenza vaccine that can elicit heterosubtypic protection. Here, we show the superior immunogenicity and immunoprotective capacity of the full-..."
pi-backlog,pmid-21142441,21142441,2010,,Dengue virus infection activates cellular chaperone Hsp70 in THP-1 cells: downregulation of Hsp70 by siRNA revealed decreased viral replication.,,dengue,,,primary_research,candidate,"relevant viral/host/pathway terms matched: virus, viral, infection",medium,"relevant mechanistic terms: virus, viral, host","The pathogenic mechanism of dengue virus infection is related to the host responses within target cells, and therefore we assessed intracellular changes in stress proteins following dengue virus infection. This study provides evidence that Hsp70 helps in viral multiplication b..."
pi-backlog,pmid-21075352,21075352,2010,,Mouse STAT2 restricts early dengue virus replication.,,dengue,,,primary_research,candidate,"relevant viral/host/pathway terms matched: virus, viral, pathway, infection",medium,"relevant mechanistic terms: virus, viral, pathway","Dengue virus encodes several interferon antagonists. Among these the NS5 protein binds STAT2, a necessary component of the type I interferon signaling pathway, and targets it for degradation. We now demonstrate that the ability of dengue NS5 to associate with and degrade STAT2..."
pi-backlog,pmid-20976194,20976194,2010,,Variations in the hemagglutinin of the 2009 H1N1 pandemic virus: potential for strains with altered virulence phenotype?,,influenza,,,primary_research,candidate,"relevant viral/host/pathway terms matched: virus, infection",medium,"relevant mechanistic terms: virus, host","A novel, swine-origin influenza H1N1 virus (H1N1pdm) caused the first pandemic of the 21st century. This pandemic, although efficient in transmission, is mild in virulence. This atypical mild pandemic season has raised concerns regarding the potential of this virus to acquire..."
pi-backlog,pmid-20975689,20975689,2010,,Pandemic 2009 H1N1 vaccine protects against 1918 Spanish influenza virus.,,influenza,,,primary_research,candidate,relevant viral/host/pathway terms matched: virus,medium,relevant mechanistic terms: virus,"The 1918 influenza A virus caused the most devastating pandemic, killing approximately 50 million people worldwide. Immunization with 1918-like and classical swine H1N1 virus vaccines results in cross-protective antibodies against the 2009 H1N1 pandemic influenza, indicating a..."
pi-backlog,pmid-20943654,20943654,2010,,Transcription factor redundancy ensures induction of the antiviral state.,,,,transcriptomics,data_or_analysis,candidate,"relevant viral/host/pathway terms matched: virus, infection",medium,relevant mechanistic terms: virus,"The transcriptional response to virus infection is thought to be predominantly induced by interferon (IFN) signaling. Here we demonstrate that, in the absence of IFN signaling, an IFN-like transcriptome is still maintained. This transcriptional activity is mediated from IFN-st..."
pi-backlog,pmid-20935628,20935628,2010,,Efficient hepatitis C virus particle formation requires diacylglycerol acyltransferase-1.,,hcv,,,primary_research,candidate,"relevant viral/host/pathway terms matched: virus, viral, host factor, infection",medium,"relevant mechanistic terms: virus, viral, host",Hepatitis C virus (HCV) infection is closely tied to the lipid metabolism of liver cells. Here we identify the triglyceride-synthesizing enzyme diacylglycerol acyltransferase-1 (DGAT1) as a key host factor for HCV infection. DGAT1 interacts with the viral nucleocapsid core and...
pi-backlog,pmid-20934458,20934458,2010,,NS-based live attenuated H1N1 pandemic vaccines protect mice and ferrets.,,influenza,,,methods,candidate,"relevant viral/host/pathway terms matched: virus, infection",medium,relevant mechanistic terms: virus,"Although vaccines against influenza A virus are the most effective method to combat infection, it is clear that their production needs to be accelerated and their efficacy improved. We generated live attenuated human influenza A vaccines (LAIVs) by rationally engineering mutat..."
pi-backlog,pmid-20926573,20926573,2010,,Glycine 184 in nonstructural protein NS1 determines the virulence of influenza A virus strain PR8 without affecting the host interferon response.,,influenza,,,primary_research,candidate,"relevant viral/host/pathway terms matched: virus, viral",medium,"relevant mechanistic terms: virus, viral, host",The nonstructural protein NS1 of influenza A virus counteracts the interferon (IFN) system and thereby promotes viral replication. NS1 has acquired different mechanisms to limit induction of IFN. It prevents double-stranded RNA (dsRNA) and RIG-I-mediated activation of interfer...
pi-backlog,pmid-20739532,20739532,2010,,Oseltamivir-resistant variants of the 2009 pandemic H1N1 influenza A virus are not attenuated in the guinea pig and ferret transmission models.,,influenza,,,primary_research,candidate,"relevant viral/host/pathway terms matched: virus, viral, infection",medium,"relevant mechanistic terms: virus, viral","Oseltamivir is routinely used worldwide for the treatment of severe influenza A virus infection, and should drug-resistant pandemic 2009 H1N1 viruses become widespread, this potent defense strategy might fail. Oseltamivir-resistant variants of the pandemic 2009 H1N1 influenza..."
pi-backlog,pmid-20729804,20729804,2010,,Generation of recombinant influenza virus from plasmid DNA.,,influenza,,,primary_research,candidate,"relevant viral/host/pathway terms matched: virus, viral",medium,"relevant mechanistic terms: virus, viral",Efforts by a number of influenza research groups have been pivotal in the development and improvement of influenza A virus reverse genetics. Originally established in 1999 plasmid-based reverse genetic techniques to generate recombinant viruses have revolutionized the influenz...
pi-backlog,pmid-20689752,20689752,2010,,Influenza virus vaccine based on the conserved hemagglutinin stalk domain.,,influenza,,,primary_research,candidate,"relevant viral/host/pathway terms matched: virus, viral",medium,"relevant mechanistic terms: virus, viral","Although highly effective in the general population when well matched to circulating influenza virus strains, current influenza vaccines are limited in their utility due to the narrow breadth of protection they provide. The strain specificity of vaccines presently in use mirro..."
pi-backlog,pmid-20639484,20639484,2010,,Qualitatively different memory CD8+ T cells are generated after lymphocytic choriomeningitis virus and influenza virus infections.,,influenza;cmv,,,primary_research,candidate,"relevant viral/host/pathway terms matched: virus, viral, infection",medium,"relevant mechanistic terms: virus, viral","Viral infections often induce robust T cell responses that are long-lived and protective. However, it is unclear to what degree systemic versus mucosal infection influences the generation of effector and memory T cells. In this study, we characterized memory CD8(+) T cells gen..."
pi-backlog,pmid-20631148,20631148,2010,,Inhibition of the ubiquitin-proteasome system affects influenza A virus infection at a postfusion step.,,influenza,,,primary_research,candidate,"relevant viral/host/pathway terms matched: virus, viral, infection",medium,"relevant mechanistic terms: virus, viral","We have demonstrated that influenza A virus (IAV) RNA synthesis depends on the ubiquitin-proteasome system. IAV replication was reduced both by proteasome inhibitors and in E36ts20 cells, which contain the thermolabile ubiquitin-activating enzyme E1. While virus entry was not..."
pi-backlog,pmid-20620143,20620143,2010,,Quantitative and qualitative features of heterologous virus-vector-induced antigen-specific CD8+ T cells against Trypanosoma cruzi infection.,,influenza;poxvirus,,,primary_research,candidate,"relevant viral/host/pathway terms matched: virus, infection",medium,relevant mechanistic terms: virus,"We studied some aspects of the quantitative and qualitative features of heterologous recombinant (re) virus-vector-induced, antigen-specific CD8(+) T cells against Trypanosoma cruzi. We used three different, highly attenuated re-viruses, i.e., influenza virus, adenovirus and v..."
pi-backlog,pmid-20617177,20617177,2010,,Adaptation of hepatitis C virus to mouse CD81 permits infection of mouse cells in the absence of human entry factors.,,hcv,,,primary_research,candidate,"relevant viral/host/pathway terms matched: virus, interaction, infection",medium,"relevant mechanistic terms: virus, host","Hepatitis C virus (HCV) naturally infects only humans and chimpanzees. The determinants responsible for this narrow species tropism are not well defined. Virus cell entry involves human scavenger receptor class B type I (SR-BI), CD81, claudin-1 and occludin. Among these, at le..."
pi-backlog,pmid-20534532,20534532,2010,,Analysis of in vivo dynamics of influenza virus infection in mice using a GFP reporter virus.,,influenza,,,primary_research,candidate,"relevant viral/host/pathway terms matched: virus, viral, infection",medium,"relevant mechanistic terms: virus, viral","Influenza A virus is being extensively studied because of its major impact on human and animal health. However, the dynamics of influenza virus infection and the cell types infected in vivo are poorly understood. These characteristics are challenging to determine, partly becau..."
pi-backlog,pmid-20534471,20534471,2010,,Influenza A virus-generated small RNAs regulate the switch from transcription to replication.,,influenza,,,primary_research,candidate,"relevant viral/host/pathway terms matched: virus, viral",medium,"relevant mechanistic terms: virus, viral, host",The discovery of regulatory small RNAs continues to reshape paradigms in both molecular biology and virology. Here we describe examples of influenza A virus-derived small viral RNAs (svRNAs). svRNAs are 22-27 nt in length and correspond to the 5' end of each of the viral genom...
pi-backlog,pmid-20508820,20508820,2010,,Controlling influenza by cytotoxic T-cells: calling for help from destroyers.,,influenza,,,primary_research,candidate,relevant viral/host/pathway terms matched: virus,medium,relevant mechanistic terms: virus,"Influenza is a vaccine preventable disease that causes severe illness and excess mortality in humans. Licensed influenza vaccines induce humoral immunity and protect against strains that antigenically match the major antigenic components of the vaccine, but much less against a..."
pi-backlog,pmid-20492658,20492658,2010,,5'PPP-RNA induced RIG-I activation inhibits drug-resistant avian H5N1 as well as 1918 and 2009 pandemic influenza virus replication.,,influenza,,,primary_research,candidate,"relevant viral/host/pathway terms matched: virus, viral",medium,"relevant mechanistic terms: virus, viral","BACKGROUND: Emergence of drug-resistant strains of influenza viruses, including avian H5N1 with pandemic potential, 1918 and 2009 A/H1N1 pandemic viruses to currently used antiviral agents, neuraminidase inhibitors and M2 Ion channel blockers, underscores the importance of dev..."
pi-backlog,pmid-20484565,20484565,2010,,Viral reassortment and transmission after co-infection of pigs with classical H1N1 and triple-reassortant H3N2 swine influenza viruses.,,influenza,,,primary_research,candidate,"relevant viral/host/pathway terms matched: virus, viral, infection",medium,"relevant mechanistic terms: virus, viral, host","Triple-reassortant swine influenza viruses circulating in North American pigs contain the internal genes derived from swine (matrix, non-structural and nucleoprotein), human [polymerase basic 1 (PB1)] and avian (polymerase acidic and PB2) influenza viruses forming a constellat..."
pi-backlog,pmid-20482552,20482552,2010,,Evasion of innate and adaptive immune responses by influenza A virus.,,influenza,,,review,candidate,"relevant viral/host/pathway terms matched: virus, viral, infection",medium,"relevant mechanistic terms: virus, viral, host",Host organisms have developed sophisticated antiviral responses in order to defeat emerging influenza A viruses (IAVs). At the same time IAVs have evolved immune evasion strategies. The immune system of mammals provides several lines of defence to neutralize invading pathogens...
pi-backlog,pmid-20444891,20444891,2010,,Inefficient control of host gene expression by the 2009 pandemic H1N1 influenza A virus NS1 protein.,,influenza,,,primary_research,candidate,relevant viral/host/pathway terms matched: virus,medium,"relevant mechanistic terms: virus, host","In 2009, a novel swine-origin H1N1 influenza A virus emerged. Here, we characterize the multifunctional NS1 protein of this human pandemic virus in order to understand factors that may contribute to replication efficiency or pathogenicity. Although the 2009 H1N1 virus NS1 prot..."
pi-backlog,pmid-20372944,20372944,2010,,Extrapulmonary tissue responses in cynomolgus macaques (Macaca fascicularis) infected with highly pathogenic avian influenza A (H5N1) virus.,,influenza,,,primary_research,candidate,relevant viral/host/pathway terms matched: virus,medium,relevant mechanistic terms: virus,The mechanisms responsible for virulence of influenza viruses in humans remain poorly understood. A prevailing hypothesis is that the highly pathogenic virus isolates cause a severe cytokinemia precipitating acute respiratory distress syndrome and multiple organ dysfunction sy...
pi-backlog,pmid-20357099,20357099,2010,,Murine coronavirus delays expression of a subset of interferon-stimulated genes.,,coronavirus,,,primary_research,candidate,"relevant viral/host/pathway terms matched: virus, pathway, infection",medium,"relevant mechanistic terms: virus, pathway",The importance of the type I interferon (IFN-I) system in limiting coronavirus replication and dissemination has been unequivocally demonstrated by rapid lethality following infection of mice lacking the alpha/beta IFN (IFN-alpha/beta) receptor with mouse hepatitis virus (MHV)...
pi-backlog,pmid-20237225,20237225,2010,,Mutations in the NS1 C-terminal tail do not enhance replication or virulence of the 2009 pandemic H1N1 influenza A virus.,,influenza,,,primary_research,candidate,"relevant viral/host/pathway terms matched: virus, viral",medium,"relevant mechanistic terms: virus, viral, host",The 'classical' swine H1N1 influenza A virus lineage was established after the devastating 1918 human pandemic virus entered domestic pig herds. A descendent of this lineage recently re-emerged in humans as the 2009 pandemic H1N1 virus. Adaptation in pigs has led to several ch...
pi-backlog,pmid-20219937,20219937,2010,,Species-specific antagonism of host ISGylation by the influenza B virus NS1 protein.,,influenza,,,primary_research,candidate,"relevant viral/host/pathway terms matched: virus, interaction",medium,"relevant mechanistic terms: virus, host","Interferon-stimulated expression and conjugation of the ubiquitin-like modifier ISG15 restricts replication of several viruses. Here, we established complete E1-activating, E2-conjugating, and E3 ligase-dependent expression systems for assaying both human and mouse ISGylation...."
pi-backlog,pmid-20203283,20203283,2010,,Influenza virus receptor specificity: disease and transmission.,,influenza,,,review,candidate,"relevant viral/host/pathway terms matched: virus, viral",medium,"relevant mechanistic terms: virus, viral",This Commentary discusses the role of influenza virus specificity in viral transmission.
pi-backlog,pmid-20181699,20181699,2010,,PB1-F2 expression by the 2009 pandemic H1N1 influenza virus has minimal impact on virulence in animal models.,,influenza,,,primary_research,candidate,"relevant viral/host/pathway terms matched: virus, infection",medium,relevant mechanistic terms: virus,"Unlike previous pandemic viruses, the 2009 H1N1 pandemic influenza virus does not code for the virulence factor PB1-F2. The genome of the 2009 H1N1 virus contains three stop codons preventing PB1-F2 expression; however, PB1-F2 production could occur following genetic mutation..."
pi-backlog,pmid-20152835,20152835,2010,,Glucocorticosteroids increase cell entry by hepatitis C virus.,,influenza;hcv,,,primary_research,candidate,"relevant viral/host/pathway terms matched: virus, infection",medium,"relevant mechanistic terms: virus, host","BACKGROUND & AIMS: Corticosteroids are used as immunosuppressants in patients with autoimmune disorders and transplant recipients. However, these drugs worsen hepatitis C virus (HCV) recurrence after liver transplantation, suggesting that they may directly exacerbate HCV infec..."
pi-backlog,pmid-20126449,20126449,2010,,Protection of mice against lethal challenge with 2009 H1N1 influenza A virus by 1918-like and classical swine H1N1 based vaccines.,,influenza,,,primary_research,candidate,"relevant viral/host/pathway terms matched: virus, infection",medium,relevant mechanistic terms: virus,"The recent 2009 pandemic H1N1 virus infection in humans has resulted in nearly 5,000 deaths worldwide. Early epidemiological findings indicated a low level of infection in the older population (>65 years) with the pandemic virus, and a greater susceptibility in people younger..."
pi-backlog,pmid-20106931,20106931,2010,,The NS5 protein of the virulent West Nile virus NY99 strain is a potent antagonist of type I interferon-mediated JAK-STAT signaling.,,influenza,,,primary_research,candidate,"relevant viral/host/pathway terms matched: virus, viral, infection",medium,"relevant mechanistic terms: virus, viral, host","Flaviviruses transmitted by arthropods represent a tremendous disease burden for humans, causing millions of infections annually. All vector-borne flaviviruses studied to date suppress host innate responses to infection by inhibiting alpha/beta interferon (IFN-alpha/beta)-medi..."
pi-backlog,pmid-20071582,20071582,2010,,Phosphorylation-mediated negative regulation of RIG-I antiviral activity.,,,,proteomics,data_or_analysis,candidate,"relevant viral/host/pathway terms matched: viral, interaction, infection",medium,"relevant mechanistic terms: viral, host",Recognition of invading viruses by the host is elicited by cellular sensors which trigger signaling cascades that lead to type I interferon (IFN) gene expression. Retinoic acid-inducible gene I (RIG-I) has emerged as a key receptor for the detection of viral RNA in the cytosol...
pi-backlog,pmid-20020828,20020828,2010,,Innate immune evasion strategies of influenza viruses.,,influenza,,,primary_research,candidate,"relevant viral/host/pathway terms matched: virus, infection",medium,"relevant mechanistic terms: virus, host","Influenza viruses are globally important human respiratory pathogens. These viruses cause seasonal epidemics and occasional worldwide pandemics, both of which can vary significantly in disease severity. The virulence of a particular influenza virus strain is partly determined..."
pi-backlog,pmid-19939929,19939929,2010,,Immunization with live attenuated influenza viruses that express altered NS1 proteins results in potent and protective memory CD8+ T-cell responses.,,influenza,,,primary_research,candidate,"relevant viral/host/pathway terms matched: virus, viral, infection",medium,"relevant mechanistic terms: virus, viral","The generation of vaccines that induce long-lived protective immunity against influenza virus infections remains a challenging goal. Ideally, vaccines should elicit effective humoral and cellular immunity to protect an individual from infection or disease. Cross-reactive T- an..."
pi-backlog,pmid-19939917,19939917,2010,,Hemagglutinin-pseudotyped green fluorescent protein-expressing influenza viruses for the detection of influenza virus neutralizing antibodies.,,influenza,,,primary_research,candidate,relevant viral/host/pathway terms matched: virus,medium,relevant mechanistic terms: virus,Influenza virus is a highly contagious virus that causes yearly epidemics and occasional pandemics of great consequence. Influenza virus neutralizing antibodies (NAbs) are promising prophylactic and therapeutic reagents. Detection of NAbs in serum samples is critical to evalua...
pi-backlog,pmid-19889930,19889930,2010,,1918 and 2009 H1N1 influenza viruses are not pathogenic in birds.,,influenza,,,primary_research,candidate,"relevant viral/host/pathway terms matched: virus, viral, infection",medium,"relevant mechanistic terms: virus, viral",The susceptibility of chickens to both 1918 and 2009 H1N1 influenza virus was evaluated. The intravenous pathogenicity index of 1918 and 2009 H1N1 viruses in chickens was 0. Chickens did not develop clinical signs following experimental inoculation simulating natural infection...
pi-backlog,pmid-19879300,19879300,2010,,An enzymatic virus-like particle assay for sensitive detection of virus entry.,,influenza,,,primary_research,candidate,"relevant viral/host/pathway terms matched: virus, viral",medium,"relevant mechanistic terms: virus, viral",A viral entry assay where a beta-lactamase reporter protein fused to the influenza matrix protein-1 (BlaM1) is packaged as a structural component into influenza virus-like particles (VLPs) is described. The Bla reporter is released upon fusion with target cells and can be dete...
pi-backlog,pmid-19828604,19828604,2010,,Transmission of pandemic H1N1 influenza virus and impact of prior exposure to seasonal strains or interferon treatment.,,influenza,,,primary_research,candidate,relevant viral/host/pathway terms matched: virus,medium,relevant mechanistic terms: virus,"Novel swine-origin influenza viruses of the H1N1 subtype were first detected in humans in April 2009. As of 12 August 2009, 180,000 cases had been reported globally. Despite the fact that they are of the same antigenic subtype as seasonal influenza viruses circulating in human..."
pi-backlog,pmid-20948674,20948674,2009,,Recent strategies to identify broadly neutralizing antibodies against influenza A virus.,,influenza,,,primary_research,candidate,relevant viral/host/pathway terms matched: virus,medium,relevant mechanistic terms: virus,Recent technologies have made it possible to efficiently identify several broadly cross-neutralizing antibodies against the hemagglutinin of influenza A virus. With these advances comes a potential new age in influenza virus vaccine development and the possibility of effective...
pi-backlog,pmid-19893557,19893557,2009,,New prospects for the rational design of antivirals.,,influenza,,,review,candidate,relevant viral/host/pathway terms matched: virus,medium,relevant mechanistic terms: virus,"The wide-spread resistance of influenza virus isolates to existing antivirals and the lack of a universal influenza vaccine makes imperative the development of new antivirals to treat influenza, more especially during pandemic years. Two recent publications that determine the..."
pi-backlog,pmid-19845314,19845314,2009,,Molecular docking screens using comparative models of proteins.,,,,network_modeling,primary_research,high,explicit cross-virus/shared-host language: comparative,low,no strong backlog-priority keywords matched,Two orders of magnitude more protein sequences can be modeled by comparative modeling than have been determined by X-ray crystallography and NMR spectroscopy. Investigators have nevertheless been cautious about using comparative models for ligand discovery because of concerns...
pi-backlog,pmid-19840661,19840661,2009,,M2e-based universal influenza A vaccine.,,influenza,,,primary_research,candidate,relevant viral/host/pathway terms matched: virus,medium,relevant mechanistic terms: virus,"Human influenza causes substantial morbidity and mortality. Currently, licensed influenza vaccines offer satisfactory protection if they match the infecting strain, but they come with significant drawbacks. These vaccines are derived from prototype viruses, containing the hema..."
pi-backlog,pmid-19837376,19837376,2009,,Matrix protein 2 of influenza A virus blocks autophagosome fusion with lysosomes.,,influenza,,,primary_research,candidate,"relevant viral/host/pathway terms matched: virus, viral, infection",medium,"relevant mechanistic terms: virus, viral, host","Influenza A virus is an important human pathogen causing significant morbidity and mortality every year and threatening the human population with epidemics and pandemics. Therefore, it is important to understand the biology of this virus to develop strategies to control its pa..."
pi-backlog,pmid-19768406,19768406,2009,,Attenuated influenza virus vaccines with modified NS1 proteins.,,influenza,,,primary_research,candidate,"relevant viral/host/pathway terms matched: virus, viral, infection",medium,"relevant mechanistic terms: virus, viral, host",The development of reverse genetics techniques allowing the rescue of influenza virus from plasmid DNA has opened up the possibility of inserting mutations into the genome of this virus for the generation of novel live attenuated influenza virus vaccines. Modifications introdu...
pi-backlog,pmid-19726611,19726611,2009,,Strong interferon-inducing capacity of a highly virulent variant of influenza A virus strain PR8 with deletions in the NS1 gene.,,influenza,,,primary_research,candidate,"relevant viral/host/pathway terms matched: virus, viral",medium,"relevant mechanistic terms: virus, viral","Influenza viruses lacking the interferon (IFN)-antagonistic non-structural NS1 protein are strongly attenuated. Here, we show that mutants of a highly virulent variant of A/PR/8/34 (H1N1) carrying either a complete deletion or C-terminal truncations of NS1 were far more potent..."
pi-backlog,pmid-19721456,19721456,2009,,The functional impairment of natural killer cells during influenza virus infection.,,influenza,,,primary_research,candidate,"relevant viral/host/pathway terms matched: virus, infection",medium,relevant mechanistic terms: virus,"Natural killer (NK) cells have a critical role in clearing influenza virus, which primarily infects the lung epithelial cells. However, the ability of influenza virus to infect and manipulate NK cells has not been studied. In this context, we hypothesized that influenza virus..."
pi-backlog,pmid-19710144,19710144,2009,,Identification of amino acid residues critical for the anti-interferon activity of the nucleoprotein of the prototypic arenavirus lymphocytic choriomeningitis virus.,,cmv,,,primary_research,candidate,relevant viral/host/pathway terms matched: virus,medium,"relevant mechanistic terms: virus, host","Lymphocytic choriomeningitis virus (LCVM) nucleoprotein (NP) counteracts the host type I interferon (IFN) response by inhibiting activation of the IFN regulatory factor 3 (IRF3). In this study, we have mapped the regions and specific amino acid residues within NP involved in i..."
pi-backlog,pmid-19625461,19625461,2009,,Interferon priming enables cells to partially overturn the SARS coronavirus-induced block in innate immune activation.,,sars-cov;coronavirus,,,primary_research,candidate,relevant viral/host/pathway terms matched: infection,medium,relevant mechanistic terms: host,"SARS coronavirus (SARS-CoV) is known to efficiently suppress the induction of antiviral type I interferons (IFN-alpha/beta) in non-lymphatic cells through inhibition of the transcription factor IRF-3. Plasmacytoid dendritic cells, in contrast, respond to infection with product..."
pi-backlog,pmid-19587024,19587024,2009,,Alignment of multiple protein structures based on sequence and structure features.,,,,network_modeling,methods,high,explicit cross-virus/shared-host language: comparative,low,no strong backlog-priority keywords matched,"Comparing the structures of proteins is crucial to gaining insight into protein evolution and function. Here, we align the sequences of multiple protein structures by a dynamic programming optimization of a scoring function that is a sum of an affine gap penalty and terms depe..."
pi-backlog,pmid-19521506,19521506,2009,,Influenza B virus ribonucleoprotein is a potent activator of the antiviral kinase PKR.,,influenza,,,primary_research,candidate,"relevant viral/host/pathway terms matched: virus, viral, interaction, infection",medium,"relevant mechanistic terms: virus, viral","Activation of the latent kinase PKR is a potent innate defense reaction of vertebrate cells towards viral infections, which is triggered by recognition of viral double-stranded (ds) RNA and results in a translational shutdown. A major gap in our understanding of PKR's antivira..."
pi-backlog,pmid-19494795,19494795,2009,,Pharmacokinetic analysis of capsaicin after topical administration of a high-concentration capsaicin patch to patients with peripheral neuropathic pain.,,hiv,,,primary_research,candidate,relevant viral/host/pathway terms matched: virus,medium,relevant mechanistic terms: virus,"Capsaicin, a pungent compound in chili peppers, is a highly selective agonist for the transient receptor potential vanilloid 1 receptor expressed in nociceptive sensory nerves. A high-concentration (640 microg/cm2) capsaicin patch, designated NGX-4010, is in clinical evaluatio..."
pi-backlog,pmid-19472362,19472362,2009,,Evolutionary constraints on structural similarity in orthologs and paralogs.,,,,network_modeling,primary_research,high,explicit cross-virus/shared-host language: comparative,low,no strong backlog-priority keywords matched,"Although a quantitative relationship between sequence similarity and structural similarity has long been established, little is known about the impact of orthology on the relationship between protein sequence and structure. Among homologs, orthologs (derived by speciation) mor..."
pi-backlog,pmid-19454348,19454348,2009,,Influenza A virus NS1 targets the ubiquitin ligase TRIM25 to evade recognition by the host viral RNA sensor RIG-I.,,influenza,,,primary_research,candidate,"relevant viral/host/pathway terms matched: virus, viral, interaction",medium,"relevant mechanistic terms: virus, viral, host","The ubiquitin ligase TRIM25 mediates Lysine 63-linked ubiquitination of the N-terminal CARD domains of the viral RNA sensor RIG-I to facilitate type I interferon (IFN) production and antiviral immunity. Here, we report that the influenza A virus nonstructural protein 1 (NS1) s..."
pi-backlog,pmid-19434931,19434931,2009,,Transmission of influenza virus via aerosols and fomites in the guinea pig model.,,influenza,,,primary_research,candidate,relevant viral/host/pathway terms matched: virus,medium,relevant mechanistic terms: virus,"Limited data on the relative contributions of different routes of transmission for influenza virus are available. Person-to-person transmission is central to seasonal and pandemic spread; nevertheless, the modes of spread are a matter of ongoing debate. Resolution of this disc..."
pi-backlog,pmid-19403682,19403682,2009,,The NS1 protein of a human influenza virus inhibits type I interferon production and the induction of antiviral responses in primary human dendritic and respiratory epithelial cells.,,influenza,,,primary_research,candidate,"relevant viral/host/pathway terms matched: virus, viral, infection",medium,"relevant mechanistic terms: virus, viral, host","The NS1 protein of the influenza A virus is a potent virulence factor that inhibits type I interferon (IFN) synthesis, allowing the virus to overcome host defenses and replicate efficiently. However, limited studies have been conducted on NS1 function using human virus strains..."
pi-backlog,pmid-19381286,19381286,2009,,A kernel for open source drug discovery in tropical diseases.,,,,network_modeling,methods,high,explicit cross-virus/shared-host language: comparative,low,no strong backlog-priority keywords matched,"BACKGROUND: Conventional patent-based drug development incentives work badly for the developing world, where commercial markets are usually small to non-existent. For this reason, the past decade has seen extensive experimentation with alternative R&D institutions ranging from..."
pi-backlog,pmid-19348565,19348565,2009,,Universal M2 ectodomain-based influenza A vaccines: preclinical and clinical developments.,,influenza,,,review,candidate,relevant viral/host/pathway terms matched: virus,medium,relevant mechanistic terms: virus,Influenza vaccines used today are strain specific and need to be adapted every year to try and match the antigenicity of the virus strains that are predicted to cause the next epidemic. The strain specificity of the next pandemic is unpredictable. An attractive alternative app...
pi-backlog,pmid-19301588,19301588,2009,,Influenza A viruses with truncated NS1 as modified live virus vaccines: pilot studies of safety and efficacy in horses.,,influenza,,,primary_research,candidate,"relevant viral/host/pathway terms matched: virus, viral",medium,"relevant mechanistic terms: virus, viral","REASONS FOR PERFORMING STUDY: Three previously described NS1 mutant equine influenza viruses encoding carboxy-terminally truncated NS1 proteins are impaired in their ability to inhibit type I IFN production in vitro and are replication attenuated, and thus are candidates for u..."
pi-backlog,pmid-19279106,19279106,2009,,NS5 of dengue virus mediates STAT2 binding and degradation.,,dengue,,,primary_research,candidate,"relevant viral/host/pathway terms matched: virus, viral, pathway, infection",medium,"relevant mechanistic terms: virus, viral, host, pathway","The mammalian interferon (IFN) signaling pathway is a primary component of the innate antiviral response. As such, viral pathogens have devised multiple mechanisms to antagonize this pathway and thus facilitate infection. Dengue virus (DENV) encodes several proteins (NS2a, NS4..."
pi-backlog,pmid-19261350,19261350,2009,,RNA interference mediated silencing of Hsp60 gene in human monocytic myeloma cell line U937 revealed decreased dengue virus multiplication.,,dengue,,,primary_research,candidate,"relevant viral/host/pathway terms matched: virus, viral, infection",medium,"relevant mechanistic terms: virus, viral, host","Heat shock proteins (Hsps) or stress proteins are highly conserved molecules and expressed in all cell types under stressful conditions like heat, cold, hypoxia and infections. The objective of the present study was to determine the effect of dengue virus infection on relative..."
pi-backlog,pmid-19233204,19233204,2009,,Inferential optimization for simultaneous fitting of multiple components into a CryoEM map of their assembly.,,,,network_modeling,methods,high,explicit cross-virus/shared-host language: comparative,low,no strong backlog-priority keywords matched,"Models of macromolecular assemblies are essential for a mechanistic description of cellular processes. Such models are increasingly obtained by fitting atomic-resolution structures of components into a density map of the whole assembly. Yet, current density-fitting techniques..."
pi-backlog,pmid-19224986,19224986,2009,,Experimental infection of pigs with the human 1918 pandemic influenza virus.,,influenza,,,primary_research,candidate,"relevant viral/host/pathway terms matched: virus, infection",medium,relevant mechanistic terms: virus,"Swine influenza was first recognized as a disease entity during the 1918 ""Spanish flu"" pandemic. The aim of this work was to determine the virulence of a plasmid-derived human 1918 pandemic H1N1 influenza virus (reconstructed 1918, or 1918/rec, virus) in swine using a plasmid-..."
pi-backlog,pmid-19218453,19218453,2009,,Early and sustained innate immune response defines pathology and death in nonhuman primates infected by highly pathogenic influenza virus.,,influenza,,,primary_research,candidate,"relevant viral/host/pathway terms matched: virus, infection",medium,"relevant mechanistic terms: virus, host",The mechanisms responsible for the virulence of the highly pathogenic avian influenza (HPAI) and of the 1918 pandemic influenza virus in humans remain poorly understood. To identify crucial components of the early host response during these infections by using both conventiona...
pi-backlog,pmid-19211790,19211790,2009,,Human HA and polymerase subunit PB2 proteins confer transmission of an avian influenza virus through the air.,,influenza,,,primary_research,candidate,relevant viral/host/pathway terms matched: virus,medium,relevant mechanistic terms: virus,The influenza virus genes that confer efficient transmission of epidemic and pandemic strains in humans have not been identified. The rapid spread and severe disease caused by the 1918 influenza pandemic virus makes it an ideal virus to study the transmissibility of potentiall...
pi-backlog,pmid-19209145,19209145,2009,,Enhancement of oncolytic properties of recombinant newcastle disease virus through antagonism of cellular innate immune responses.,,influenza,,,primary_research,candidate,"relevant viral/host/pathway terms matched: virus, viral",medium,"relevant mechanistic terms: virus, viral","Newcastle disease virus (NDV) has been previously shown to possess oncolytic activity, causing specific lysis of cancerous but not normal cells. Here we show that despite these findings, the oncolytic efficiency of naturally occurring NDV strains can still be relatively low, a..."
pi-backlog,pmid-19153237,19153237,2009,,Blocking interhost transmission of influenza virus by vaccination in the guinea pig model.,,influenza,,,methods,candidate,"relevant viral/host/pathway terms matched: virus, viral, infection",medium,"relevant mechanistic terms: virus, viral","Interventions aimed at preventing viral spread have the potential to effectively control influenza virus in all age groups, thereby reducing the burden of influenza illness. For this reason, we have examined the efficacy of vaccination in blocking the transmission of influenza..."
pi-backlog,pmid-19114075,19114075,2009,,Spray-dried powders of starch and crosslinked poly(acrylic acid) as carriers for nasal delivery of inactivated influenza vaccine.,,influenza,,,primary_research,candidate,"relevant viral/host/pathway terms matched: virus, viral",medium,"relevant mechanistic terms: virus, viral","Mucosal vaccination has several advantages over parenteral vaccination. In this study, viscosity-enhancing mucosal delivery systems for the induction of an adaptive immune response against viral antigen were investigated. Powder formulations based on spray-dried mixtures of st..."
pi-backlog,pmid-19073731,19073731,2009,,Live attenuated influenza viruses containing NS1 truncations as vaccine candidates against H5N1 highly pathogenic avian influenza.,,influenza,,,primary_research,candidate,relevant viral/host/pathway terms matched: virus,medium,relevant mechanistic terms: virus,"Due to the high mortality associated with recent, widely circulating strains of H5N1 influenza virus in poultry, the recurring introduction of H5N1 viruses from birds to humans, and the difficulties in H5N1 eradication by elimination of affected flocks, an effective vaccine ag..."
pi-backlog,pmid-19004958,19004958,2009,,Mice lacking the ISG15 E1 enzyme UbE1L demonstrate increased susceptibility to both mouse-adapted and non-mouse-adapted influenza B virus infection.,,influenza,,,primary_research,candidate,"relevant viral/host/pathway terms matched: virus, infection",medium,relevant mechanistic terms: virus,"ISG15 functions as a critical antiviral molecule against influenza virus, with infection inducing both the conjugation of ISG15 to target proteins and production of free ISG15. Here, we report that mice lacking the ISG15 E1 enzyme UbE1L fail to form ISG15 conjugates. Both UbE1..."
pi-backlog,pmid-19004953,19004953,2009,,Optimization of human immunodeficiency virus gag expression by newcastle disease virus vectors for the induction of potent immune responses.,,hiv;poxvirus,,,primary_research,candidate,"relevant viral/host/pathway terms matched: virus, viral",medium,"relevant mechanistic terms: virus, viral","One attractive strategy for the development of a human immunodeficiency virus (HIV) vaccine is the use of viral vectors with a proven safety profile and an absence of preexisting immunity in humans, such as Newcastle disease virus (NDV). Several NDV vaccine vectors have been g..."
pi-backlog,pmid-18948282,18948282,2009,,"MODBASE, a database of annotated comparative protein structure models and associated resources.",,,,network_modeling,methods,high,explicit cross-virus/shared-host language: comparative,low,no strong backlog-priority keywords matched,"MODBASE (http://salilab.org/modbase) is a database of annotated comparative protein structure models. The models are calculated by MODPIPE, an automated modeling pipeline that relies primarily on MODELLER for fold assignment, sequence-structure alignment, model building and mo..."
pi-backlog,pmid-18846115,18846115,2009,,Enhanced oncolytic potency of vesicular stomatitis virus through vector-mediated inhibition of NK and NKT cells.,,cmv,,,primary_research,candidate,"relevant viral/host/pathway terms matched: virus, viral",medium,"relevant mechanistic terms: virus, viral","Recombinant oncolytic viruses represent a promising alternative option for the treatment of malignant cancers. We have reported earlier the safety and efficacy of recombinant vesicular stomatitis virus (VSV) vectors in a rat model of hepatocellular carcinoma (HCC). However, th..."
pi-backlog,pmid-18785945,18785945,2008,,The proinflammatory cytokine response following resuscitation in the swine model depends on the method of ventricular fibrillation induction.,,,,network_modeling,methods,high,explicit cross-virus/shared-host language: comparative,low,no strong backlog-priority keywords matched,OBJECTIVES: A systemic inflammatory response has been reported following resuscitation from cardiac arrest. The purpose of this study was to compare the magnitude of the tumor necrosis factor-alpha (TNF-alpha) response in two different swine models of ventricular fibrillation...
pi-backlog,pmid-18768976,18768976,2008,,Influenza B virus NS1-truncated mutants: live-attenuated vaccine approach.,,influenza,,,primary_research,candidate,relevant viral/host/pathway terms matched: virus,medium,relevant mechanistic terms: virus,"Type B influenza viruses can cause substantial morbidity and mortality in the population, and vaccination remains by far the best means of protection against infections with these viruses. Here, we report the construction of mutant influenza B viruses for potential use as impr..."
pi-backlog,pmid-18713944,18713944,2008,,Broad influenza-specific CD8+ T-cell responses in humanized mice vaccinated with influenza virus vaccines.,,influenza,,,primary_research,candidate,relevant viral/host/pathway terms matched: virus,medium,relevant mechanistic terms: virus,"The development of novel human vaccines would be greatly facilitated by the development of in vivo models that permit preclinical analysis of human immune responses. Here, we show that nonobese diabetic severe combined immunodeficiency (NOD/SCID) beta(2) microglobulin(-/-) mic..."
pi-backlog,pmid-18670648,18670648,2008,,H5N1 and 1918 pandemic influenza virus infection results in early and excessive infiltration of macrophages and neutrophils in the lungs of mice.,,influenza,,,primary_research,candidate,"relevant viral/host/pathway terms matched: virus, infection",medium,relevant mechanistic terms: virus,"Fatal human respiratory disease associated with the 1918 pandemic influenza virus and potentially pandemic H5N1 viruses is characterized by severe lung pathology, including pulmonary edema and extensive inflammatory infiltrate. Here, we quantified the cellular immune response..."
pi-backlog,pmid-18586478,18586478,2008,,Effect of Hippophae rhamnoides leaf extract against Dengue virus infection in human blood-derived macrophages.,,dengue,,,primary_research,candidate,"relevant viral/host/pathway terms matched: virus, viral, infection",medium,"relevant mechanistic terms: virus, viral","Dengue virus occurs as four distinct serotypes, called Dengue 1, 2, 3, and 4. Symptomatic dengue virus infection ranges from a self limited febrile illness, dengue fever (DF), to a more severe disease, dengue hemorrhagic fever/dengue shock syndrome (DHF/DSS). The anti-Dengue t..."
pi-backlog,pmid-18539366,18539366,2008,,Characterization of influenza virus variants with different sizes of the non-structural (NS) genes and their potential as a live influenza vaccine in poultry.,,influenza,,,primary_research,candidate,relevant viral/host/pathway terms matched: virus,medium,relevant mechanistic terms: virus,"From a stock of A/turkey/Oregon/71-delNS1 (H7N3) virus, which has a 10 nucleotide deletion in the coding region of the NS1 gene, we found that several variants with different sizes of NS genes could be produced by passaging the virus in 10- and 14-day-old embryonating chicken..."
pi-backlog,pmid-18538900,18538900,2008,,Heterologous HA DNA vaccine prime--inactivated influenza vaccine boost is more effective than using DNA or inactivated vaccine alone in eliciting antibody responses against H1 or H3 serotype influenza viruses.,,influenza,,,primary_research,candidate,"relevant viral/host/pathway terms matched: virus, infection",medium,relevant mechanistic terms: virus,"The trivalent inactivated vaccine (TIV) is used to prevent seasonal influenza virus infection in humans, however, the immunogenicity of this vaccine may be influenced by the priming effect of previous influenza vaccinations or exposure to antigenically related influenza viruse..."
pi-backlog,pmid-18536725,18536725,2008,,Mechanism of lid closure in the eukaryotic chaperonin TRiC/CCT.,,,,network_modeling,primary_research,high,explicit cross-virus/shared-host language: comparative,low,no strong backlog-priority keywords matched,"All chaperonins mediate ATP-dependent polypeptide folding by confining substrates within a central chamber. Intriguingly, the eukaryotic chaperonin TRiC (also called CCT) uses a built-in lid to close the chamber, whereas prokaryotic chaperonins use a detachable lid. Here we de..."
pi-backlog,pmid-18533893,18533893,2008,,rVSV(M Delta 51)-M3 is an effective and safe oncolytic virus for cancer therapy.,,,,,primary_research,high,explicit cross-virus/shared-host language: broad-spectrum,medium,"relevant mechanistic terms: virus, viral, host","Oncolytic vesicular stomatitis virus (VSV) is being developed as a novel therapeutic agent for cancer treatment, although it is toxic in animals when administered systemically at high doses. Its safety can be substantively improved by an M Delta 51 deletion in the viral genome..."
pi-backlog,pmid-18329615,18329615,2008,,Human immunodeficiency virus type 1 Tat protein inhibits the SIRT1 deacetylase and induces T cell hyperactivation.,,hiv,,,primary_research,candidate,"relevant viral/host/pathway terms matched: virus, viral, infection",medium,"relevant mechanistic terms: virus, viral","Symptoms of T cell hyperactivation shape the course and outcome of HIV-1 infection, but the mechanism(s) underlying this chronic immune activation are not well understood. We find that the viral transactivator Tat promotes hyperactivation of T cells by blocking the nicotinamid..."
pi-backlog,pmid-18287069,18287069,2008,,"Single gene reassortants identify a critical role for PB1, HA, and NA in the high virulence of the 1918 pandemic influenza virus.",,influenza,,,primary_research,candidate,relevant viral/host/pathway terms matched: virus,medium,relevant mechanistic terms: virus,"The 1918 influenza pandemic was exceptionally severe, resulting in the death of up to 50 million people worldwide. Here, we show which virus genes contributed to the replication and virulence of the 1918 influenza virus. Recombinant viruses, in which genes of the 1918 virus we..."
pi-backlog,pmid-18199636,18199636,2008,,Influenza A virus strains differ in sensitivity to the antiviral action of Mx-GTPase.,,influenza,,,primary_research,candidate,"relevant viral/host/pathway terms matched: virus, viral",medium,"relevant mechanistic terms: virus, viral, host",Interferon-mediated host responses are of great importance for controlling influenza A virus infections. It is well established that the interferon-induced Mx proteins possess powerful antiviral activities toward most influenza viruses. Here we analyzed a range of influenza A...
pi-backlog,pmid-18097017,18097017,2008,,Loss of IL-7R and IL-15R expression is associated with disappearance of memory T cells in respiratory tract following influenza infection.,,influenza,,,primary_research,candidate,"relevant viral/host/pathway terms matched: virus, infection",medium,relevant mechanistic terms: virus,"Following influenza virus infection, memory CD8 T cells are found in both lymphoid and nonlymphoid organs, where they exhibit striking differences in survival. We have assessed persistence, phenotype, and function of memory CD8 T cells expressing the same TCR in the airways, l..."
pi-backlog,pmid-18097005,18097005,2008,,Memory CD8+ T cell responses expand when antigen presentation overcomes T cell self-regulation.,,poxvirus,,,primary_research,candidate,relevant viral/host/pathway terms matched: virus,medium,relevant mechanistic terms: virus,Antimicrobial memory CD8+ T cell responses are not readily expanded by either repeated infections or immunizations. This is a major obstacle to the development of T cell vaccines. Prime-boost immunization with heterologous microbes sharing the same CD8+ epitope can induce a la...
pi-backlog,pmid-18093698,18093698,2008,,A combination in-ovo vaccine for avian influenza virus and Newcastle disease virus.,,influenza,,,primary_research,candidate,relevant viral/host/pathway terms matched: virus,medium,relevant mechanistic terms: virus,"The protection of poultry from H5N1 highly pathogenic avian influenza A (HPAI) and Newcastle disease virus (NDV) can be achieved through vaccination, as part of a broader disease control strategy. We have previously generated a recombinant influenza virus expressing, (i) an H5..."
pi-backlog,pmid-18071337,18071337,2008,,Exponential enhancement of oncolytic vesicular stomatitis virus potency by vector-mediated suppression of inflammatory responses in vivo.,,,,,primary_research,high,explicit cross-virus/shared-host language: broad-spectrum,medium,"relevant mechanistic terms: virus, viral, host","Oncolytic virotherapy is a promising strategy for treatment of malignancy, although its effectiveness is hampered by host antiviral inflammatory responses. The efficacy of treatment of oncolytic vesicular stomatitis virus (VSV) in rats bearing multifocal hepatocellular carcino..."
pi-backlog,pmid-18003608,18003608,2008,,2'-deoxy-4'-azido nucleoside analogs are highly potent inhibitors of hepatitis C virus replication despite the lack of 2'-alpha-hydroxyl groups.,,influenza;hcv,,,primary_research,candidate,"relevant viral/host/pathway terms matched: virus, viral, interaction, infection",medium,"relevant mechanistic terms: virus, viral","RNA polymerases effectively discriminate against deoxyribonucleotides and specifically recognize ribonucleotide substrates most likely through direct hydrogen bonding interaction with the 2'-alpha-hydroxy moieties of ribonucleosides. Therefore, ribonucleoside analogs as inhibi..."
pi-backlog,pmid-17942531,17942531,2008,,Distinct RIG-I and MDA5 signaling by RNA viruses in innate immunity.,,influenza;rsv;dengue,,,primary_research,candidate,"relevant viral/host/pathway terms matched: virus, viral, interaction, infection",medium,"relevant mechanistic terms: virus, viral, host",Alpha/beta interferon immune defenses are essential for resistance to viruses and can be triggered through the actions of the cytoplasmic helicases retinoic acid-inducible gene I (RIG-I) and melanoma differentiation-associated gene 5 (MDA5). Signaling by each is initiated by t...
pi-backlog,pmid-19453414,19453414,2007,,Preparation of genetically engineered A/H5N1 and A/H7N1 pandemic vaccine viruses by reverse genetics in a mixture of Vero and chicken embryo cells.,,influenza,,,primary_research,candidate,relevant viral/host/pathway terms matched: virus,medium,relevant mechanistic terms: virus,"BACKGROUND: In case of influenza pandemic, a robust, easy and clean technique to prepare reassortants would be necessary. OBJECTIVES: Using reverse genetics, we prepared two vaccine reassortants (A/H5N1 x PR8 and A/H7N1 x PR8) exhibiting the envelope glycoproteins from non-pat..."
pi-backlog,pmid-18429317,18429317,2007,,Comparative protein structure modeling using MODELLER.,,,,network_modeling,primary_research,high,explicit cross-virus/shared-host language: comparative,low,no strong backlog-priority keywords matched,"Functional characterization of a protein sequence is a common goal in biology, and is usually facilitated by having an accurate three-dimensional (3-D) structure of the studied protein. In the absence of an experimentally determined structure, comparative or homology modeling..."
pi-backlog,pmid-17933442,17933442,2007,,Efficacy of intranasal administration of a truncated NS1 modified live influenza virus vaccine in swine.,,influenza,,,primary_research,candidate,relevant viral/host/pathway terms matched: virus,medium,relevant mechanistic terms: virus,"In the U.S., despite available swine influenza virus (SIV) vaccines, multiple influenza subtypes as well as antigenic and genetic variants within subtypes continue to circulate in the swine population. One of the challenges to control and eliminate SIV is that the currently us..."
pi-backlog,pmid-17905832,17905832,2007,,Fold assessment for comparative protein structure modeling.,,,,network_modeling,methods,high,explicit cross-virus/shared-host language: comparative,low,no strong backlog-priority keywords matched,"Accurate and automated assessment of both geometrical errors and incompleteness of comparative protein structure models is necessary for an adequate use of the models. Here, we describe a composite score for discriminating between models with the correct and incorrect fold. To..."
pi-backlog,pmid-17715226,17715226,2007,,Functional genomic and serological analysis of the protective immune response resulting from vaccination of macaques with an NS1-truncated influenza virus.,,influenza,,,primary_research,candidate,"relevant viral/host/pathway terms matched: virus, viral",medium,"relevant mechanistic terms: virus, viral",We are still inadequately prepared for an influenza pandemic due to the lack of a vaccine effective for subtypes to which the majority of the human population has no prior immunity and which could be produced rapidly in sufficient quantities. There is therefore an urgent need...
pi-backlog,pmid-17705261,17705261,2007,,Increased hepatotoxicity of tumor necrosis factor-related apoptosis-inducing ligand in diseased human liver.,,influenza,,,primary_research,candidate,"relevant viral/host/pathway terms matched: viral, infection",medium,relevant mechanistic terms: viral,UNLABELLED: Tumor necrosis factor-related apoptosis-inducing ligand (TRAIL) induces apoptosis in tumor cells but not in most normal cells and has therefore been proposed as a promising antitumor agent. Recent experiments suggested that isolated primary human hepatocytes but no...
pi-backlog,pmid-17703413,17703413,2007,,alpha-Defensin inhibits influenza virus replication by cell-mediated mechanism(s).,,influenza,,,primary_research,candidate,"relevant viral/host/pathway terms matched: virus, viral, pathway, infection",medium,"relevant mechanistic terms: virus, viral, host, pathway","The innate immune system mounts the first host response to pathogens. Because alpha-defensins, which are cationic antimicrobial peptides of polymorphonuclear neutrophils and other leukocytes, are important effectors of the innate immune system, we studied the antiviral activit..."
pi-backlog,pmid-17652381,17652381,2007,,The Mx1 gene protects mice against the pandemic 1918 and highly lethal human H5N1 influenza viruses.,,influenza,,,primary_research,candidate,"relevant viral/host/pathway terms matched: virus, infection",medium,relevant mechanistic terms: virus,Mice carrying a wild-type Mx1 gene (Mx1+/+) differ from standard laboratory mice (Mx1-/-) in being highly resistant to infection with common laboratory strains of influenza A virus. We report that Mx1 also protects mice against the pandemic human 1918 influenza virus and a hig...
pi-backlog,pmid-17553978,17553978,2007,,Detection of respiratory viruses and subtype identification of influenza A viruses by GreeneChipResp oligonucleotide microarray.,,influenza,,,primary_research,candidate,relevant viral/host/pathway terms matched: virus,medium,relevant mechanistic terms: virus,"Acute respiratory infections are significant causes of morbidity, mortality, and economic burden worldwide. An accurate, early differential diagnosis may alter individual clinical management as well as facilitate the recognition of outbreaks that have implications for public h..."
pi-backlog,pmid-17494067,17494067,2007,,Peptide-mediated interference with influenza A virus polymerase.,,influenza,,,primary_research,candidate,"relevant viral/host/pathway terms matched: virus, viral, interaction",medium,"relevant mechanistic terms: virus, viral","The assembly of the polymerase complex of influenza A virus from the three viral polymerase subunits PB1, PB2, and PA is required for viral RNA synthesis. We show that peptides which specifically bind to the protein-protein interaction domains in the subunits responsible for c..."
pi-backlog,pmid-17459917,17459917,2007,,Inhibition of the alpha/beta interferon response by mouse hepatitis virus at multiple levels.,,coronavirus,,,primary_research,candidate,"relevant viral/host/pathway terms matched: virus, interaction, infection",medium,relevant mechanistic terms: virus,Mouse hepatitis virus (MHV) was used as a model to study the interaction of coronaviruses with the alpha/beta interferon (IFN-alpha/beta) response. While MHV strain A59 appeared to induce IFN-beta gene transcription and low levels of nuclear translocation of the IFN-beta trans...
pi-backlog,pmid-17442719,17442719,2007,,Multiple anti-interferon actions of the influenza A virus NS1 protein.,,influenza,,,primary_research,candidate,"relevant viral/host/pathway terms matched: virus, viral, interaction",medium,"relevant mechanistic terms: virus, viral, host",The replication and pathogenicity of influenza A virus (FLUAV) are controlled in part by the alpha/beta interferon (IFN-alpha/beta) system. This virus-host interplay is dependent on the production of IFN-alpha/beta and on the capacity of the viral nonstructural protein NS1 to...
pi-backlog,pmid-17426143,17426143,2007,,Replication fitness determines high virulence of influenza A virus in mice carrying functional Mx1 resistance gene.,,influenza,,,primary_research,candidate,"relevant viral/host/pathway terms matched: virus, viral, infection",medium,"relevant mechanistic terms: virus, viral, host",The IFN-induced resistance factor Mx1 is a critical component of innate immunity against influenza A viruses (FLUAV) in mice. Animals carrying a wild-type Mx1 gene (Mx1(+/+)) differ from regular laboratory mice (Mx1(-/-)) in that they are highly resistant to infection with sta...
pi-backlog,pmid-17272724,17272724,2007,,A two-amino acid change in the hemagglutinin of the 1918 influenza virus abolishes transmission.,,influenza,,,primary_research,candidate,relevant viral/host/pathway terms matched: virus,medium,relevant mechanistic terms: virus,"The 1918 influenza pandemic was a catastrophic series of virus outbreaks that spread across the globe. Here, we show that only a modest change in the 1918 influenza hemagglutinin receptor binding site alters the transmissibility of this pandemic virus. Two amino acid mutations..."
pi-backlog,pmid-17227866,17227866,2007,,"IFN-stimulated gene 15 functions as a critical antiviral molecule against influenza, herpes, and Sindbis viruses.",,influenza,,,primary_research,candidate,"relevant viral/host/pathway terms matched: virus, viral, infection",medium,"relevant mechanistic terms: virus, viral, host","Type I interferons (IFNs) play an essential role in the host response to viral infection through the induction of numerous IFN-stimulated genes (ISGs), including important antiviral molecules such as PKR, RNase L, Mx, and iNOS. Yet, additional antiviral ISGs likely exist. IFN-..."
pi-backlog,pmid-17210170,17210170,2007,,The intracellular sites of early replication and budding of SARS-coronavirus.,,sars-cov;coronavirus,,,primary_research,candidate,"relevant viral/host/pathway terms matched: viral, infection",medium,relevant mechanistic terms: viral,"In this study, we analyzed the replication and budding sites of severe acute respiratory syndrome coronavirus (SARS-CoV) at early time points of infection. We detected cytoplasmic accumulations containing the viral nucleocapsid protein, viral RNA and the non-structural protein..."
pi-backlog,pmid-17079289,17079289,2007,,Inhibition of retinoic acid-inducible gene I-mediated induction of beta interferon by the NS1 protein of influenza A virus.,,influenza,,,primary_research,candidate,"relevant viral/host/pathway terms matched: virus, viral, infection",medium,"relevant mechanistic terms: virus, viral","The retinoic acid-inducible gene I product (RIG-I) has been identified as a cellular sensor of RNA virus infection resulting in beta interferon (IFN-beta) induction. However, many viruses are known to encode viral products that inhibit IFN-beta production. In the case of influ..."
pi-backlog,pmid-18428767,18428767,2006,,Comparative protein structure modeling using Modeller.,,,,network_modeling,primary_research,high,explicit cross-virus/shared-host language: comparative,low,no strong backlog-priority keywords matched,"Functional characterization of a protein sequence is one of the most frequent problems in biology. This task is usually facilitated by accurate three-dimensional (3-D) structure of the studied protein. In the absence of an experimentally determined structure, comparative or ho..."
pi-backlog,pmid-17163385,17163385,2006,,Lessons learned from reconstructing the 1918 influenza pandemic.,,influenza,,,primary_research,candidate,relevant viral/host/pathway terms matched: virus,medium,relevant mechanistic terms: virus,"The ""Spanish influenza"" pandemic of 1918 was the most devastating influenza epidemic reported in history and killed >30 million people worldwide. The factors contributing to the severe pathogenicity of this influenza virus are of great interest, because avian influenza viruses..."
pi-backlog,pmid-17096593,17096593,2006,,Structural modeling of protein interactions by analogy: application to PSD-95.,,,,network_modeling,methods,high,explicit cross-virus/shared-host language: comparative,low,no strong backlog-priority keywords matched,"We describe comparative patch analysis for modeling the structures of multidomain proteins and protein complexes, and apply it to the PSD-95 protein. Comparative patch analysis is a hybrid of comparative modeling based on a template complex and protein docking, with a greater..."
pi-backlog,pmid-17075131,17075131,2006,,Statistical potential for assessment and prediction of protein structures.,,,,network_modeling,primary_research,high,explicit cross-virus/shared-host language: comparative,low,no strong backlog-priority keywords matched,"Protein structures in the Protein Data Bank provide a wealth of data about the interactions that determine the native states of proteins. Using the probability theory, we derive an atomic distance-dependent statistical potential from a sample of native structures that does not..."
pi-backlog,pmid-17043214,17043214,2006,,Protective immunity to lethal challenge of the 1918 pandemic influenza virus by vaccination.,,influenza,,,primary_research,candidate,"relevant viral/host/pathway terms matched: virus, viral",medium,"relevant mechanistic terms: virus, viral","The remarkable infectivity and virulence of the 1918 influenza virus resulted in an unprecedented pandemic, raising the question of whether it is possible to develop protective immunity to this virus and whether immune evasion may have contributed to its spread. Here, we repor..."
pi-backlog,pmid-17006449,17006449,2006,,Genomic analysis of increased host immune and cell death responses induced by 1918 influenza virus.,,influenza,,,primary_research,candidate,"relevant viral/host/pathway terms matched: virus, interaction, infection",medium,"relevant mechanistic terms: virus, host","The influenza pandemic of 1918-19 was responsible for about 50 million deaths worldwide. Modern histopathological analysis of autopsy samples from human influenza cases from 1918 revealed significant damage to the lungs with acute, focal bronchitis and alveolitis associated wi..."
pi-backlog,pmid-16987975,16987975,2006,,Hemagglutinin (HA) proteins from H1 and H3 serotypes of influenza A viruses require different antigen designs for the induction of optimal protective antibody responses as studied by codon-optimized HA DNA vaccines.,,influenza,,,primary_research,candidate,"relevant viral/host/pathway terms matched: virus, viral, infection",medium,"relevant mechanistic terms: virus, viral","Effective antibody responses provide crucial immunity against influenza virus infection. The hemagglutinin (HA) protein is the major target of protective antibody responses induced by viral infection and by vaccination with both inactivated and live-attenuated flu vaccines, bu..."
pi-backlog,pmid-16943300,16943300,2006,,Vaccination of pigs against swine influenza viruses by using an NS1-truncated modified live-virus vaccine.,,influenza,,,primary_research,candidate,relevant viral/host/pathway terms matched: virus,medium,relevant mechanistic terms: virus,"Swine influenza viruses (SIV) naturally infect pigs and can be transmitted to humans. In the pig, genetic reassortment to create novel influenza subtypes by mixing avian, human, and swine influenza viruses is possible. An SIV vaccine inducing cross-protective immunity between..."
pi-backlog,pmid-16940530,16940530,2006,,Inhibition of the type I interferon response by the nucleoprotein of the prototypic arenavirus lymphocytic choriomeningitis virus.,,cmv,,,primary_research,candidate,"relevant viral/host/pathway terms matched: virus, viral, pathway, infection",medium,"relevant mechanistic terms: virus, viral, host, pathway","The prototypic arenavirus lymphocytic choriomeningitis virus (LCMV) is a formidable battle horse for the study of viral immunology, as well as viral persistence and associated diseases. Investigations with LCMV have uncovered basic mechanisms by which viruses avoid elimination..."
pi-backlog,pmid-16785447,16785447,2006,,The guinea pig as a transmission model for human influenza viruses.,,influenza,,,primary_research,candidate,"relevant viral/host/pathway terms matched: virus, infection",medium,"relevant mechanistic terms: virus, host","The severity of epidemic and pandemic influenza outbreaks is dictated in part by the efficiency with which the causative strain transmits between human hosts. The mechanisms underlying influenza virus spread are poorly understood, in part because of the lack of a convenient an..."
pi-backlog,pmid-16775317,16775317,2006,,Influenza virus evades innate and adaptive immunity via the NS1 protein.,,influenza,,,primary_research,candidate,"relevant viral/host/pathway terms matched: virus, viral, infection",medium,"relevant mechanistic terms: virus, viral","Both antibodies and T cells contribute to immunity against influenza virus infection. However, the generation of strong Th1 immunity is crucial for viral clearance. Interestingly, we found that human dendritic cells (DCs) infected with influenza A virus have lower allospecific..."
pi-backlog,pmid-16751606,16751606,2006,,A composite score for predicting errors in protein structure models.,,,,network_modeling,primary_research,high,explicit cross-virus/shared-host language: comparative,low,no strong backlog-priority keywords matched,"Reliable prediction of model accuracy is an important unsolved problem in protein structure modeling. To address this problem, we studied 24 individual assessment scores, including physics-based energy functions, statistical potentials, and machine learning-based scoring funct..."
pi-backlog,pmid-16738133,16738133,2006,,Protein complex compositions predicted by structural similarity.,,,,network_modeling,methods,high,explicit cross-virus/shared-host language: comparative,low,no strong backlog-priority keywords matched,"Proteins function through interactions with other molecules. Thus, the network of physical interactions among proteins is of great interest to both experimental and computational biologists. Here we present structure-based predictions of 3387 binary and 1234 higher order prote..."
pi-backlog,pmid-16725105,16725105,2006,,Structural congruence among membrane-active host defense polypeptides of diverse phylogeny.,,,,,primary_research,high,explicit cross-virus/shared-host language: comparative,medium,relevant mechanistic terms: host,"A requisite for efficacious host defense against pathogens and predators has prioritized evolution of effector molecules thereof. A recent multidimensional analysis of physicochemical properties revealed a novel, unifying structural signature among virtually all classes of cys..."
pi-backlog,pmid-16717196,16717196,2006,,Engineered viral vaccine constructs with dual specificity: avian influenza and Newcastle disease.,,influenza,,,primary_research,candidate,"relevant viral/host/pathway terms matched: virus, viral",medium,"relevant mechanistic terms: virus, viral","Avian influenza viruses of the H5 and H7 hemagglutinin subtypes, and Newcastle disease virus (NDV), are important pathogens in poultry worldwide. Specifically, the highly pathogenic H5N1 avian influenza virus is a particular threat because it has now occurred in more than 40 c..."
pi-backlog,pmid-16615907,16615907,2006,,Protease accessibility laddering: a proteomic tool for probing protein structure.,,,,proteomics;network_modeling,methods,high,explicit cross-virus/shared-host language: comparative,low,no strong backlog-priority keywords matched,"Limited proteolysis is widely used in biochemical and crystallographic studies to determine domain organization, folding properties, and ligand binding activities of proteins. The method has limitations, however, due to the difficulties in obtaining sufficient amounts of corre..."
pi-backlog,pmid-16601728,16601728,2006,,Modeling cellular machinery through biological network comparison.,,,,network_modeling,review,high,explicit cross-virus/shared-host language: comparative,low,no strong backlog-priority keywords matched,"Molecular networks represent the backbone of molecular activity within the cell. Recent studies have taken a comparative approach toward interpreting these networks, contrasting networks of different species and molecular types, and under varying conditions. In this review, we..."
pi-backlog,pmid-16575526,16575526,2006,,Sequence analysis and receptor specificity of the hemagglutinin of a recent influenza H2N2 virus isolated from chicken in North America.,,influenza,,,primary_research,candidate,"relevant viral/host/pathway terms matched: virus, viral, interaction",medium,"relevant mechanistic terms: virus, viral, host",Influenza viruses bind host cells following an interaction between the viral hemagglutinin (HA) protein and host cell sialylated glycoproteins and glycolipids. Differences in binding affinities of the HAs for different types of sialic acid linkages (alpha2-3 vs. alpha2-6) cont...
pi-backlog,pmid-16494716,16494716,2006,,Antiviral response in pandemic influenza viruses.,,influenza,,,primary_research,candidate,"relevant viral/host/pathway terms matched: virus, viral, infection",medium,"relevant mechanistic terms: virus, viral, host","The outcome of viral infections depends on a complex set of interactions between the viruses and their hosts. Particularly, viral infection triggers specific signaling programs within the infected cells that results in substantial changes in host gene expression. While some of..."
pi-backlog,pmid-16473822,16473822,2006,,What can we learn from reconstructing the extinct 1918 pandemic influenza virus?,,influenza,,,primary_research,candidate,relevant viral/host/pathway terms matched: virus,medium,relevant mechanistic terms: virus,
pi-backlog,pmid-16414990,16414990,2006,,Protection against respiratory syncytial virus by a recombinant Newcastle disease virus vector.,,rsv,,,primary_research,candidate,"relevant viral/host/pathway terms matched: virus, viral, infection",medium,"relevant mechanistic terms: virus, viral","Respiratory syncytial virus (RSV) is a major cause of severe lower respiratory tract disease in infants and the elderly, but no safe and effective RSV vaccine is yet available. For reasons that are not well understood, RSV is only weakly immunogenic, and reinfection occurs thr..."
pi-backlog,pmid-16381869,16381869,2006,,MODBASE: a database of annotated comparative protein structure models and associated resources.,,,,network_modeling,methods,high,explicit cross-virus/shared-host language: comparative,low,no strong backlog-priority keywords matched,"MODBASE (http://salilab.org/modbase) is a database of annotated comparative protein structure models for all available protein sequences that can be matched to at least one known protein structure. The models are calculated by MODPIPE, an automated modeling pipeline that relie..."
pi-backlog,pmid-16352563,16352563,2006,,Prostate tumor cells infected with a recombinant influenza virus expressing a truncated NS1 protein activate cytolytic CD8+ cells to recognize noninfected tumor cells.,,influenza,,,primary_research,candidate,"relevant viral/host/pathway terms matched: virus, viral, pathway, infection",medium,"relevant mechanistic terms: virus, viral, pathway",Many viral oncolytic approaches against cancer are based on the ability of specific viruses to replicate in tumors expressing components of the constitutively activated Ras/mitogen-activated protein kinase (MAPK) pathways and/or inhibited or dysregulated alpha/beta interferon...
pi-backlog,pmid-16242167,16242167,2006,,Characterization of a mitochondrial-targeting signal in the PB2 protein of influenza viruses.,,influenza,,,primary_research,candidate,"relevant viral/host/pathway terms matched: virus, viral, infection",medium,"relevant mechanistic terms: virus, viral","Influenza virus RNA polymerase is a heterotrimeric complex consisting of PB1, PB2, and PA subunits. These polymerase subunits accumulate in the nucleus of infected cells. We report here that PB2, from both human and avian influenza viruses, could also localize to mitochondria..."
current-program,pmid-42518274,42518274,2026,CViSB,The CRAC channel inhibitor Auxora Reprograms Pathogenic Alveolar Macrophage-T Cell Circuits in Viral Pneumonia.,Donald S Grant;Richard Wunderink,,,,primary_research,candidate,relevant viral/host/pathway terms matched: viral,high,recent paper with relevant terms: viral,
pi-backlog,pmid-42377255,42377255,2026,,Lineage dynamics and risk factors underlying serotype 4 invasive pneumococcal disease in Spain.,,sars-cov-2;influenza,,,primary_research,candidate,relevant viral/host/pathway terms matched: infection,low,no strong backlog-priority keywords matched,BACKGROUND: The emergence of vaccine-covered serotypes causing invasive pneumococcal disease (IPD) is a serious concern worldwide. METHODS: We characterized all national serotype 4 IPD isolates from children and adults received at the Spanish Pneumococcal Reference Laboratory...
pi-backlog,pmid-42200562,42200562,2026,,Simplified Derivation of Stable Early Passage Murine Embryonic and Parthenogenetic Stem Cells.,,,,,primary_research,high,explicit cross-virus/shared-host language: comparative,low,no strong backlog-priority keywords matched,"Aneuploidy in cultured embryonic stem (ES) cells severely limits research and therapeutic potential. To begin to understand when chromosomal imbalances arise, primary ES cell lines were derived in feeder-free, fully defined culture media from 44% of two-cell CF1 embryos (5 lin..."
hpmi,pmid-41648602,41648602,2026,HPMI,Amplified genome editing by in vivo editor production.,,,,genome_editing,primary_research,unknown,no explicit cross-virus or strong host-mechanism terms matched,medium,recent HPMI paper but no strong viral/pathogen keywords matched,"Genome editing enzymes have vast therapeutic potential. However, achieving sufficient delivery in vivo remains a major challenge, because editing machinery is confined to the subset of transfectable cells in a tissue. Here, we tested the possibility that genome editing could b..."
pi-backlog,pmid-41548573,41548573,2026,,Biomolecular Fingerprint of Crohn's Disease: A Comparative Raman Spectroscopic Study of Blood and Tissue Samples.,,,,,primary_research,high,explicit cross-virus/shared-host language: comparative,low,no strong backlog-priority keywords matched,"Crohn's disease (CD) is typically diagnosed through endoscopy and histological analysis of biopsies. Currently, specific noninvasive biomarkers for accurate diagnosis and monitoring of CD remain unavailable. This study investigates Raman spectroscopy (RS) as a noninvasive diag..."
current-program,pmid-41091914,41091914,2025,CViSB,An intramuscular prime and mucosal boost vaccine regimen protects against lethal clade 2.3.4.4b H5N1 challenge in cynomolgus macaques.,Kristian Andersen;Ryan McNamara,influenza,,,primary_research,candidate,"relevant viral/host/pathway terms matched: virus, viral",medium,"older paper with relevant terms: virus, viral",The H5N1 clade 2.3.4.4b avian influenza virus outbreak in poultry and dairy cattle is a potential pandemic threat for humans. A safe and effective H5N1 influenza vaccine will be needed if the virus acquires the capacity for efficient human-to-human transmission and may also be...
current-program,pmid-40963760,40963760,2025,CViSB,Cryptic spread of SARS-CoV-2 undermined targeted travel restrictions.,Kristian Andersen,sars-cov-2;sars-cov,,,primary_research,candidate,relevant viral/host/pathway terms matched: viral,medium,older paper with relevant terms: viral,"The effectiveness of travel restrictions in mitigating the spread of novel viral variants remains understudied, particularly in regions with sparse genomic surveillance. We evaluated the efficacy of these restrictions in Western Asia, where countries sequenced less than one pe..."
current-program,pmid-40786117,40786117,2025,,Zigzag path connects two Monte Carlo samplers: Hamiltonian counterpart to a piecewise deterministic Markov process.,,hiv,,,primary_research,candidate,relevant viral/host/pathway terms matched: virus,medium,older paper with relevant terms: virus,"Zigzag and other piecewise deterministic Markov process samplers have attracted significant interest for their non-reversibility and other appealing properties for Bayesian posterior computation. Hamiltonian Monte Carlo is another state-of-the-art sampler, exploiting fictitiou..."
hpmi,pmid-40654677,40654677,2025,HPMI,Improving RNA Secondary Structure Prediction Through Expanded Training Data.,,,,structural_biology,primary_research,unknown,no explicit cross-virus or strong host-mechanism terms matched,medium,recent HPMI paper but no strong viral/pathogen keywords matched,"In recent years, deep learning has revolutionized protein structure prediction, achieving remarkable speed and accuracy. RNA structure prediction, however, has lagged behind. Although several methods have shown some success in predicting RNA secondary and tertiary structures,..."
current-program,pmid-40632835,40632835,2025,CViSB,Adenovirus and mRNA vaccines as well as mucosal boosting improve protective efficacy against influenza virus challenge in macaques.,Kristian Andersen;Ryan McNamara,influenza,,,primary_research,candidate,"relevant viral/host/pathway terms matched: virus, viral",medium,"older paper with relevant terms: virus, viral","The clinically approved seasonal influenza vaccines provide only 10 to 60% efficacy, necessitating strategies to improve vaccine performance. Here, we explored strategies for improving influenza vaccine efficacy using gene-based vaccines and mucosal boosting strategies in nonh..."
current-program,pmid-40569388,40569388,2025,,Comparative performance of viral landscape phylogeography approaches.,,,,,primary_research,high,explicit cross-virus/shared-host language: comparative,medium,"older paper with relevant terms: virus, viral",The rapid evolution of RNA viruses implies that their evolutionary and ecological processes occur on the same time scale. Genome sequences of these pathogens therefore can contain information about the processes that govern their transmission and dispersal. Landscape phylogeog...
current-program,pmid-40447716,40447716,2025,,"International importance and spread of SARS-CoV-2 variants Alpha, Delta, and Omicron BA.1 into Spain.",,sars-cov-2;sars-cov;influenza,,,primary_research,candidate,relevant viral/host/pathway terms matched: virus,medium,older paper with relevant terms: virus,"BACKGROUND: The spread of SARS-CoV-2 has been influenced by multiple factors, from the inherent transmission capabilities of the different variants to the control measurements put in place. Understanding how new variants enter a country is essential for managing future outbrea..."
pi-backlog,pmid-40379618,40379618,2025,,SARS-CoV-2 induced immune perturbations in infants vary with disease severity and differ from adults' responses.,,sars-cov-2;sars-cov,,transcriptomics,data_or_analysis,unknown,no explicit cross-virus or strong viral host-mechanism terms matched,low,no strong backlog-priority keywords matched,"Differences in immune profiles of children and adults with COVID-19 have been previously described. However, no systematic studies have been reported from infants hospitalized with severe disease. We applied a multidimensional approach to decipher the immune responses of SARS-..."
current-program,pmid-40339581,40339581,2025,,The recency and geographical origins of the bat viruses ancestral to SARS-CoV and SARS-CoV-2.,,sars-cov-2;sars-cov,,,primary_research,candidate,"relevant viral/host/pathway terms matched: virus, viral",medium,"older paper with relevant terms: virus, viral","The emergence of SARS-CoV in 2002 and SARS-CoV-2 in 2019 led to increased sampling of sarbecoviruses circulating in horseshoe bats. Employing phylogenetic inference while accounting for recombination of bat sarbecoviruses, we find that the closest-inferred bat virus ancestors..."
current-program,pmid-40196585,40196585,2025,,Comparative performance of novel viral landscape phylogeography approaches.,,,,,primary_research,high,explicit cross-virus/shared-host language: comparative,medium,"older paper with relevant terms: virus, viral",The fast rate of evolution in RNA viruses implies that their evolutionary and ecological processes occur on the same time scale. Genome sequences of these pathogens can therefore contain information about the processes that govern their transmission and dispersal. In particula...
current-program,pmid-40060453,40060453,2025,CViSB,Dynamics of natural selection preceding human viral epidemics and pandemics.,Kristian Andersen,sars-cov-2;sars-cov;influenza,,,primary_research,candidate,"relevant viral/host/pathway terms matched: virus, viral",medium,"older paper with relevant terms: virus, viral, host","Using a phylogenetic framework to characterize natural selection, we investigate the hypothesis that zoonotic viruses require adaptation prior to zoonosis to sustain human-to-human transmission. Examining the zoonotic emergence of Ebola virus, Marburg virus, influenza A virus,..."
pi-backlog,pmid-40035960,40035960,2025,,A detailed comparative in silico and functional analysis of ccd1 gene in maize gives new insights of its expression and functions.,,,,,primary_research,high,explicit cross-virus/shared-host language: comparative,low,no strong backlog-priority keywords matched,"BACKGROUND: Biofortified maize with enhanced carotenoid content was developed to combat vitamin A deficiency. However, it was observed that during storage, carotenoids present in maize grain get degraded and it has been reported that carotenoid cleavage dioxygenase1 (ccd1) is..."
pi-backlog,pmid-39978373,39978373,2025,,Europe needs a sustainably funded influenza research and response network.,,influenza,,network_modeling,data_or_analysis,unknown,no explicit cross-virus or strong viral host-mechanism terms matched,low,no strong backlog-priority keywords matched,
pi-backlog,pmid-39960930,39960930,2025,,CO2 and aerosol concentration during manual and mechanical chest compression while cardiopulmonary resuscitation.,,sars-cov-2;coronavirus,,,primary_research,candidate,relevant viral/host/pathway terms matched: infection,low,no strong backlog-priority keywords matched,"BACKGROUND: This study investigates the staff-to-staff transmission risk of Coronavirus disease 2019 during cardiopulmonary resuscitation in an ambulance vehicle. METHODS: Comparing manual and mechanical chest compressions, CO2 concentrations were monitored as a proxy for infe..."
current-program,pmid-39945534,39945534,2025,,Tracing more than two decades of Japanese encephalitis virus circulation in mainland China.,,influenza,,,primary_research,candidate,"relevant viral/host/pathway terms matched: virus, viral",medium,"older paper with relevant terms: virus, viral","UNLABELLED: Japanese encephalitis is a viral disease caused by the Japanese encephalitis virus (JEV), primarily affecting rural areas of Asia and western Pacific region. China remains one of the main epicenters, experiencing a significant burden of human and animal cases despi..."
current-program,pmid-39868236,39868236,2025,CViSB,Tissue-resident skeletal muscle macrophages promote recovery from viral pneumonia-induced sarcopenia in normal aging.,Donald S Grant,sars-cov-2;influenza,,,primary_research,candidate,"relevant viral/host/pathway terms matched: viral, interaction",medium,"older paper with relevant terms: viral, interaction","Sarcopenia, which diminishes lifespan and healthspan in the elderly, is commonly exacerbated by viral pneumonia, including influenza and COVID-19. In a study of influenza A pneumonia in mice, young mice fully recovered from sarcopenia, while older mice did not. We identified a..."
hpmi,pmid-39747192,39747192,2025,HPMI,Functional protein mining with conformal guarantees.,,,,structural_biology,methods,unknown,no explicit cross-virus or strong host-mechanism terms matched,medium,recent HPMI paper but no strong viral/pathogen keywords matched,"Molecular structure prediction and homology detection offer promising paths to discovering protein function and evolutionary relationships. However, current approaches lack statistical reliability assurances, limiting their practical utility for selecting proteins for further..."
pi-backlog,pmid-40636434,40636434,2024,,Association of cancer and outcomes of patients hospitalized for COVID-19 between 2020 and 2023.,,sars-cov-2;sars-cov;coronavirus,,,primary_research,candidate,relevant viral/host/pathway terms matched: infection,low,no strong backlog-priority keywords matched,"BACKGROUND: The coronavirus disease 2019 (COVID-19) has caused substantial morbidity and mortality on a global scale. A strong correlation has been found between COVID-19 treatment outcomes and noncommunicable diseases such as cancers. However, there is limited information on..."
pi-backlog,pmid-39991269,39991269,2024,,Replication kinetics of novel swine influenza A viruses: an approach to vaccine production.,,influenza,,,primary_research,candidate,relevant viral/host/pathway terms matched: infection,low,no strong backlog-priority keywords matched,"Novel swine Influenza A viruses (IAVs) have been described in South America. The objective of this study was to evaluate the replication kinetics of novel swine IAVs as a first step in vaccine production. Different swine IAV lineages (H1N1, H1N2, and H3N2), infection doses (MO..."
current-program,pmid-39645657,39645657,2024,,"Vimentin modulates regulatory T cell receptor-ligand interactions at distal pole complex, leading to dysregulated host response to viral pneumonia.",,influenza,,,primary_research,candidate,relevant viral/host/pathway terms matched: viral,medium,"older paper with relevant terms: viral, host",Forkhead box P3 (Foxp3)+ regulatory T cells (Tregs) resolve acute inflammation and repair the injured lung after viral pneumonia. Vimentin is a critical protein in the distal pole complex (DPC) of Tregs. This study reveals the inhibitory effect of vimentin on the suppressive a...
current-program,pmid-39625970,39625970,2024,,How fast are viruses spreading in the wild?,,,,,primary_research,high,explicit cross-virus/shared-host language: comparative,medium,"older paper with relevant terms: viral, host",Genomic data collected from viral outbreaks can be exploited to reconstruct the dispersal history of viral lineages in a two-dimensional space using continuous phylogeographic inference. These spatially explicit reconstructions can subsequently be used to estimate dispersal me...
current-program,pmid-39576825,39576825,2024,CViSB,Long-term visual outcomes and histopathologic findings after cataract surgery in Ebola virus disease survivors in the Ebola virus RNA persistence in ocular tissues and fluids (EVICT) study.,Robert Garry;Donald S Grant,influenza,,,primary_research,candidate,relevant viral/host/pathway terms matched: virus,medium,older paper with relevant terms: virus,"BACKGROUND/OBJECTIVES: Ebola virus disease (EVD) survivors develop post-acute ophthalmic sequelae, including a high prevalence of uveitis that may be complicated by vision-threatening cataract. After the non-detection of Ebola virus (EBOV) RNA in sampled ocular fluid, vision i..."
current-program,pmid-39488529,39488529,2024,SYBIL,Live imaging of airway epithelium reveals that mucociliary clearance modulates SARS-CoV-2 spread.,Sumit Chanda,sars-cov-2;sars-cov;influenza,,,primary_research,candidate,"relevant viral/host/pathway terms matched: virus, viral",medium,"older paper with relevant terms: virus, viral, pathogen","SARS-CoV-2 initiates infection in the conducting airways, where mucociliary clearance inhibits pathogen penetration. However, it is unclear how mucociliary clearance impacts SARS-CoV-2 spread after infection is established. To investigate viral spread at this site, we perform..."
pi-backlog,pmid-39468980,39468980,2024,,What Happens to Endometriosis During the Menstrual Cycle?,,,,,primary_research,high,explicit cross-virus/shared-host language: comparative,low,no strong backlog-priority keywords matched,INTRODUCTION: The objective of this study is to determine the structural changes in endometriosis throughout the menstrual cycle. MATERIALS AND METHODS: This retrospective comparative study was undertaken in a gynaecological unit of a university teaching hospital and looked at...
pi-backlog,pmid-39191763,39191763,2024,,Neutralizing and binding antibody responses to SARS-CoV-2 with hybrid immunity in pregnancy.,,sars-cov-2;sars-cov,,,primary_research,candidate,relevant viral/host/pathway terms matched: infection,low,no strong backlog-priority keywords matched,"Hybrid immunity against SARS-CoV-2 has not been well studied in pregnancy. We conducted a comprehensive analysis of neutralizing antibodies (nAb) and binding antibodies in pregnant individuals who received mRNA vaccination, natural infection, or both. A third vaccine dose augm..."
current-program,pmid-39179693,39179693,2024,,Evolution of SARS-CoV-2 in the murine central nervous system drives viral diversification.,,sars-cov-2;sars-cov,,,primary_research,candidate,"relevant viral/host/pathway terms matched: virus, viral",medium,"older paper with relevant terms: virus, viral, coronavirus","Severe coronavirus disease 2019 and post-acute sequelae of severe acute respiratory syndrome coronavirus 2 (SARS-CoV-2) infection are associated with neurological complications that may be linked to direct infection of the central nervous system (CNS), but the selective pressu..."
pi-backlog,pmid-39168632,39168632,2024,,Surveillance of SARS-CoV-2 prevalence from repeated pooled testing: application to Swiss routine data.,,sars-cov-2;sars-cov,,,primary_research,candidate,relevant viral/host/pathway terms matched: infection,low,no strong backlog-priority keywords matched,"Surveillance of SARS-CoV-2 through reported positive RT-PCR tests is biased due to non-random testing. Prevalence estimation in population-based samples corrects for this bias. Within this context, the pooled testing design offers many advantages, but several challenges remain..."
current-program,pmid-39138384,39138384,2024,CViSB,Distinctive evolution of alveolar T cell responses is associated with clinical outcomes in unvaccinated patients with SARS-CoV-2 pneumonia.,Donald S Grant;Richard Wunderink,sars-cov-2;sars-cov;influenza,,,primary_research,candidate,relevant viral/host/pathway terms matched: pathway,medium,older paper with relevant terms: coronavirus,"The evolution of T cell molecular signatures in the distal lung of patients with severe pneumonia is understudied. Here, we analyzed T cell subsets in longitudinal bronchoalveolar lavage fluid samples from 273 patients with severe pneumonia, including unvaccinated patients inf..."
pi-backlog,pmid-39122606,39122606,2024,,Characteristics of Lung Cancer Patients With Asymptomatic or Undiagnosed SARS-CoV-2 Infections.,,sars-cov-2;sars-cov;coronavirus,,,primary_research,candidate,relevant viral/host/pathway terms matched: infection,low,no strong backlog-priority keywords matched,"INTRODUCTION: Severe acute respiratory syndrome coronavirus 2 (SARS-CoV-2) may be spread by individuals unaware they are infected. Such dissemination has heightened ramifications in cancer patients, who may need to visit healthcare facilities frequently, be exposed to immune-c..."
pi-backlog,pmid-39066351,39066351,2024,,Time-Dependent Effects of Clinical Interventions on SARS-CoV-2 Immunity in Patients with Lung Cancer.,,sars-cov-2;sars-cov;coronavirus;influenza,,,primary_research,candidate,relevant viral/host/pathway terms matched: infection,low,no strong backlog-priority keywords matched,"In patients with lung cancer (LC), understanding factors that impact the dynamics of severe acute respiratory syndrome coronavirus 2 (SARS-CoV-2) anti-spike antibody (SAb) titers over time is critical, but challenging, due to evolving treatments, infections, vaccinations, and..."
pi-backlog,pmid-39008969,39008969,2024,,Bronchodilator Response in Post-COVID-19 Patients Undergoing Pulmonary Rehabilitation.,,sars-cov-2;sars-cov,,,primary_research,candidate,relevant viral/host/pathway terms matched: infection,low,no strong backlog-priority keywords matched,"INTRODUCTION: SARS-CoV-2 infections can result in a broad spectrum of symptoms from mild to life-threatening. Long-term consequences on lung function are not well understood yet. METHODS: In our study, we have examined 134 post-COVID patients (aged 54.83 ± 14.4 years) with dys..."
current-program,pmid-39006420,39006420,2024,,"Dispersal history of SARS-CoV-2 variants Alpha, Delta, and Omicron (BA.1) in Spain.",,sars-cov-2;sars-cov;influenza,,,primary_research,candidate,relevant viral/host/pathway terms matched: virus,medium,older paper with relevant terms: virus,"Different factors influence the spread of SARS-CoV-2, from the inherent transmission capabilities of the different variants to the control measurements put in place. Here we studied the introduction of the Alpha, Delta, and Omicron-BA.1 variants of concern (VOCs) into Spain. F..."
current-program,pmid-38940448,38940448,2024,,"Dispersal history of SARS-CoV-2 in Galicia, Spain.",,sars-cov-2;sars-cov;influenza,,,primary_research,candidate,"relevant viral/host/pathway terms matched: virus, viral",medium,"older paper with relevant terms: virus, viral, coronavirus","The dynamics of severe acute respiratory syndrome coronavirus 2 (SARS-CoV-2) transmission are influenced by a variety of factors, including social restrictions and the emergence of distinct variants. In this study, we delve into the origins and dissemination of the Alpha, Delt..."
current-program,pmid-38853959,38853959,2024,,FOXP3+ Regulatory T Cells Require TBET to Regulate Activated CD8+ T Cells During Recovery from Influenza Infection.,,influenza,,,primary_research,candidate,relevant viral/host/pathway terms matched: viral,medium,older paper with relevant terms: viral,"FOXP3+ regulatory T (Treg) cells are necessary to coordinate resolution of lung inflammation and a return to homeostasis after respiratory viral infections, but the specific molecular requirements for these functions and the cell types governed by Treg cells remain unclear. Th..."
current-program,pmid-38643200,38643200,2024,,Deviations in RSV epidemiological patterns and population structures in the United States following the COVID-19 pandemic.,,sars-cov-2;rsv,,,primary_research,candidate,relevant viral/host/pathway terms matched: virus,medium,older paper with relevant terms: virus,"Respiratory Syncytial Virus (RSV) is a leading cause of acute respiratory tract infection, with the greatest impact on infants, immunocompromised individuals, and older adults. RSV prevalence decreased substantially in the United States (US) following the implementation of COV..."
current-program,pmid-38551979,38551979,2024,,Scalable gradients enable Hamiltonian Monte Carlo sampling for phylodynamic inference under episodic birth-death-sampling models.,,influenza;hiv,,,primary_research,candidate,"relevant viral/host/pathway terms matched: virus, viral",medium,"older paper with relevant terms: virus, viral","Birth-death models play a key role in phylodynamic analysis for their interpretation in terms of key epidemiological parameters. In particular, models with piecewise-constant rates varying at different epochs in time, to which we refer as episodic birth-death-sampling (EBDS) m..."
current-program,pmid-38463998,38463998,2024,,"Dispersal history of SARS-CoV-2 in Galicia, Spain.",,sars-cov-2;sars-cov;influenza,,,primary_research,candidate,"relevant viral/host/pathway terms matched: virus, viral",medium,"older paper with relevant terms: virus, viral","The dynamics of SARS-CoV-2 transmission are influenced by a variety of factors, including social restrictions and the emergence of distinct variants. In this study, we delve into the origins and dissemination of the Alpha, Delta, and Omicron variants of concern in Galicia, nor..."
current-program,pmid-38453939,38453939,2024,,A SWI/SNF-dependent transcriptional regulation mediated by POU2AF2/C11orf53 at enhancer.,,,,crispr_screen;epigenomics,data_or_analysis,candidate,relevant viral/host/pathway terms matched: crispr,medium,"older paper with relevant terms: crispr, screen","Recent studies have identified a previously uncharacterized protein C11orf53 (now named POU2AF2/OCA-T1), which functions as a robust co-activator of POU2F3, the master transcription factor which is critical for both normal and neoplastic tuft cell identity and viability. Here,..."
current-program,pmid-38446806,38446806,2024,,"Genomic characterization of SARS-CoV-2 in Guinea, West Africa.",,sars-cov-2;sars-cov,,,primary_research,candidate,"relevant viral/host/pathway terms matched: virus, viral",medium,"older paper with relevant terms: virus, viral","SARS-CoV-2 has claimed several million lives since its emergence in late 2019. The ongoing evolution of the virus has resulted in the periodic emergence of new viral variants with distinct fitness advantages, including enhanced transmission and immune escape. While several SAR..."
pi-backlog,pmid-38433913,38433913,2024,,SARS-CoV-2 infection induces robust mucosal antibody responses in the upper respiratory tract.,,sars-cov-2;sars-cov;coronavirus,,,primary_research,candidate,relevant viral/host/pathway terms matched: infection,low,no strong backlog-priority keywords matched,"Despite multiple research efforts to characterize coronavirus disease 2019 (COVID-19) in humans, there is no clear data on the specific role of mucosal immunity on COVID-19 disease. Here, we longitudinally profile the antibody response against severe acute respiratory syndrome..."
current-program,pmid-38112418,38112418,2024,CViSB,Understanding Fc function for rational vaccine design against pathogens.,Ryan McNamara,influenza,,,primary_research,candidate,relevant viral/host/pathway terms matched: interaction,medium,"older paper with relevant terms: pathogen, interaction","Antibodies represent the primary correlate of immunity following most clinically approved vaccines. However, their mechanisms of action vary from pathogen to pathogen, ranging from neutralization, to opsonophagocytosis, to cytotoxicity. Antibody functions are regulated both by..."
current-program,pmid-37804247,37804247,2024,,The Third Annual Symposium of the Midwest Aging Consortium.,,influenza,,,primary_research,candidate,relevant viral/host/pathway terms matched: virus,medium,older paper with relevant terms: virus,"The geroscience hypothesis suggests that addressing the fundamental mechanisms driving aging biology will prevent or mitigate the onset of multiple chronic diseases, for which the largest risk factor is advanced age. Research that investigates the root causes of aging is there..."
current-program,pmid-38168164,38168164,2023,,Altered RSV Epidemiology and Genetic Diversity Following the COVID-19 Pandemic.,,sars-cov-2;rsv,,,primary_research,candidate,relevant viral/host/pathway terms matched: virus,medium,older paper with relevant terms: virus,"Respiratory Syncytial Virus (RSV) is a leading cause of acute respiratory tract infection, with greatest impact on infants, immunocompromised individuals, and older adults. RSV prevalence decreased substantially following the implementation of non-pharmaceutical interventions..."
current-program,pmid-37961423,37961423,2023,,Scalable gradients enable Hamiltonian Monte Carlo sampling for phylodynamic inference under episodic birth-death-sampling models.,,influenza;hiv,,,primary_research,candidate,"relevant viral/host/pathway terms matched: virus, viral",medium,"older paper with relevant terms: virus, viral","Birth-death models play a key role in phylodynamic analysis for their interpretation in terms of key epidemiological parameters. In particular, models with piecewise-constant rates varying at different epochs in time, to which we refer as episodic birth-death-sampling (EBDS) m..."
current-program,pmid-37950885,37950885,2023,,Shrinkage-based Random Local Clocks with Scalable Inference.,,influenza,,,primary_research,candidate,relevant viral/host/pathway terms matched: virus,medium,older paper with relevant terms: virus,"Molecular clock models undergird modern methods of divergence-time estimation. Local clock models propose that the rate of molecular evolution is constant within phylogenetic subtrees. Current local clock inference procedures exhibit one or more weaknesses, namely they achieve..."
pi-backlog,pmid-37943932,37943932,2023,,Open science discovery of potent noncovalent SARS-CoV-2 main protease inhibitors.,,sars-cov-2;sars-cov;coronavirus,,network_modeling,data_or_analysis,unknown,no explicit cross-virus or strong viral host-mechanism terms matched,low,no strong backlog-priority keywords matched,"We report the results of the COVID Moonshot, a fully open-science, crowdsourced, and structure-enabled drug discovery campaign targeting the severe acute respiratory syndrome coronavirus 2 (SARS-CoV-2) main protease. We discovered a noncovalent, nonpeptidic inhibitor scaffold..."
current-program,pmid-37901225,37901225,2023,,Hypercapnia increases ACE2 expression and pseudo-SARS-CoV-2 entry in bronchial epithelial cells by augmenting cellular cholesterol.,,sars-cov-2;sars-cov;influenza,,,primary_research,candidate,"relevant viral/host/pathway terms matched: virus, viral",medium,"older paper with relevant terms: virus, viral, coronavirus","Patients with chronic lung disease, obesity, and other co-morbid conditions are at increased risk of severe illness and death when infected with severe acute respiratory syndrome coronavirus 2 (SARS-CoV-2). Hypercapnia, the elevation of CO2 in blood and tissue, commonly occurs..."
pi-backlog,pmid-37863065,37863065,2023,,Longitudinal nucleocapsid antibody testing reveals undocumented SARS-CoV-2 infections in patients with lung cancer.,,sars-cov-2;sars-cov,,,primary_research,candidate,relevant viral/host/pathway terms matched: infection,low,no strong backlog-priority keywords matched,Patients diagnosed with lung cancer (LC) exhibit increased susceptibility to SARS-CoV-2 infection. Rodilla et al. monitor the levels of plasma anti-nucleocapsid antibodies within a cohort of fully vaccinated LC patients and reveal that the actual infection rate is nearly twice...
current-program,pmid-37790412,37790412,2023,,SARS-CoV-2 Bottlenecks and Tissue-Specific Adaptation in the Central Nervous System.,,sars-cov-2;sars-cov,,,primary_research,candidate,"relevant viral/host/pathway terms matched: virus, viral",medium,"older paper with relevant terms: virus, viral","Severe COVID-19 and post-acute sequelae of SARS-CoV-2 infection are associated with neurological complications that may be linked to direct infection of the central nervous system (CNS), but the selective pressures ruling neuroinvasion are poorly defined. Here, we assessed SAR..."
current-program,pmid-37720034,37720034,2023,SYBIL,Live imaging of the airway epithelium reveals that mucociliary clearance modulates SARS-CoV-2 spread.,Sumit Chanda,sars-cov-2;sars-cov;influenza,,,primary_research,candidate,relevant viral/host/pathway terms matched: viral,medium,"older paper with relevant terms: viral, pathogen","SARS-CoV-2 initiates infection in the conducting airways, which rely on mucocilliary clearance (MCC) to minimize pathogen penetration. However, it is unclear how MCC impacts SARS-CoV-2 spread after infection is established. To understand viral spread at this site, we performed..."
current-program,pmid-37639445,37639445,2023,,Accelerating Bayesian inference of dependency between mixed-type biological traits.,,influenza;hiv,,,methods,candidate,"relevant viral/host/pathway terms matched: viral, dependency",medium,"older paper with relevant terms: viral, dependency",Inferring dependencies between mixed-type biological traits while accounting for evolutionary relationships between specimens is of great scientific interest yet remains infeasible when trait and specimen counts grow large. The state-of-the-art approach uses a phylogenetic mul...
current-program,pmid-37620306,37620306,2023,,Antibody-mediated NK cell activation as a correlate of immunity against influenza infection.,,influenza,,,primary_research,candidate,relevant viral/host/pathway terms matched: viral,medium,older paper with relevant terms: viral,"Antibodies play a critical role in protection against influenza; yet titers and viral neutralization represent incomplete correlates of immunity. Instead, the ability of antibodies to leverage the antiviral power of the innate immune system has been implicated in protection fr..."
current-program,pmid-37502985,37502985,2023,,The recency and geographical origins of the bat viruses ancestral to SARS-CoV and SARS-CoV-2.,,sars-cov-2;sars-cov,,,primary_research,candidate,"relevant viral/host/pathway terms matched: virus, viral",medium,"older paper with relevant terms: virus, viral",The emergence of SARS-CoV in 2002 and SARS-CoV-2 in 2019 has led to increased sampling of related sarbecoviruses circulating primarily in horseshoe bats. These viruses undergo frequent recombination and exhibit spatial structuring across Asia. Employing recombination-aware phy...
current-program,pmid-37443074,37443074,2023,SYBIL,Waning and boosting of antibody Fc-effector functions upon SARS-CoV-2 vaccination.,Ryan McNamara;Rafael Medina,sars-cov-2;sars-cov,,,primary_research,candidate,relevant viral/host/pathway terms matched: virus,medium,older paper with relevant terms: virus,"Since the emergence of SARS-CoV-2, vaccines targeting COVID-19 have been developed with unprecedented speed and efficiency. CoronaVac, utilising an inactivated form of the COVID-19 virus and the mRNA26 based Pfizer/BNT162b2 vaccines are widely distributed. Beyond the ability o..."
current-program,pmid-37384622,37384622,2023,,Antigen pressure from two founder viruses induces multiple insertions at a single antibody position to generate broadly neutralizing HIV antibodies.,,hiv,,,methods,candidate,relevant viral/host/pathway terms matched: virus,medium,older paper with relevant terms: virus,"Vaccination strategies aimed at maturing broadly neutralizing antibodies (bnAbs) from naïve precursors are hindered by unusual features that characterize these Abs, including insertions and deletions (indels). Longitudinal studies of natural HIV infection cases shed light on t..."
pi-backlog,pmid-37333294,37333294,2023,,Post-acute immunological and behavioral sequelae in mice after Omicron infection.,,sars-cov-2;sars-cov,,,primary_research,candidate,relevant viral/host/pathway terms matched: infection,low,no strong backlog-priority keywords matched,Progress in understanding long COVID and developing effective therapeutics is hampered in part by the lack of suitable animal models. Here we used ACE2-transgenic mice recovered from Omicron (BA.1) infection to test for pulmonary and behavioral post-acute sequelae. Through in-...
current-program,pmid-37161609,37161609,2023,,Neurologic sequelae of COVID-19 are determined by immunologic imprinting from previous coronaviruses.,,sars-cov-2;sars-cov,,,primary_research,candidate,relevant viral/host/pathway terms matched: virus,medium,"older paper with relevant terms: virus, pathogen, coronavirus","Coronavirus disease 2019 (COVID-19), which is caused by the severe acute respiratory syndrome coronavirus 2 (SARS-CoV-2), remains a global public health emergency. Although SARS-CoV-2 is primarily a respiratory pathogen, extra-respiratory organs, including the CNS, can also be..."
pi-backlog,pmid-37153624,37153624,2023,,Longitudinal analysis of SARS-CoV-2 infection and vaccination in the LA-SPARTA cohort reveals increased risk of infection in vaccinated Hispanic participants.,,sars-cov-2;sars-cov;coronavirus,,,primary_research,candidate,relevant viral/host/pathway terms matched: infection,low,no strong backlog-priority keywords matched,INTRODUCTION: SARS-CoV-2 is the etiologic agent of coronavirus disease 2019 (COVID-19). Questions remain regarding correlates of risk and immune protection against COVID-19. METHODS: We prospectively enrolled 200 participants with a high risk of SARS-CoV-2 occupational exposur...
pi-backlog,pmid-37106159,37106159,2023,,Lassa Fever Natural History and Clinical Management.,,,,network_modeling,primary_research,candidate,"relevant viral/host/pathway terms matched: virus, infection",medium,relevant mechanistic terms: virus,"Lassa fever is caused by Lassa virus (LASV), an Old World Mammarenavirus that is carried by Mastomys natalensis and other rodents. It is endemic in Sierra Leone, Nigeria, and other countries in West Africa. The clinical presentation of LASV infection is heterogenous varying fr..."
current-program,pmid-37034676,37034676,2023,,Deep repertoire mining uncovers ultra-broad coronavirus neutralizing antibodies targeting multiple spike epitopes.,,sars-cov-2;sars-cov,,,methods,candidate,relevant viral/host/pathway terms matched: viral,medium,"older paper with relevant terms: viral, coronavirus",Development of vaccines and therapeutics that are broadly effective against known and emergent coronaviruses is an urgent priority. Current strategies for developing pan-coronavirus countermeasures have largely focused on the receptor binding domain (RBD) and S2 regions of the...
pi-backlog,pmid-36996258,36996258,2023,,"A prospective, multi-site, cohort study to estimate incidence of infection and disease due to Lassa fever virus in West African countries (the Enable Lassa research programme)-Study protocol.",,,,network_modeling,methods,candidate,"relevant viral/host/pathway terms matched: virus, infection",medium,relevant mechanistic terms: virus,"BACKGROUND: Lassa fever (LF), a haemorrhagic illness caused by the Lassa fever virus (LASV), is endemic in West Africa and causes 5000 fatalities every year. The true prevalence and incidence rates of LF are unknown as infections are often asymptomatic, clinical presentations..."
pi-backlog,pmid-36927408,36927408,2023,,"Phylogenetic landscape of Monkeypox Virus (MPV) during the early outbreak in New York City, 2022.",,,,network_modeling,primary_research,candidate,"relevant viral/host/pathway terms matched: virus, viral",medium,"relevant mechanistic terms: virus, viral","Monkeypox (MPOX) is a zoonotic disease endemic to regions of Central/Western Africa. The geographic endemicity of MPV has expanded, broadening the human-monkeypox virus interface and its potential for spillover. Since May 2022, a large multi-country MPV outbreak with no proven..."
current-program,pmid-36823332,36823332,2023,CViSB,Outbreak.info genomic reports: scalable and dynamic surveillance of SARS-CoV-2 variants and mutations.,Kristian Andersen,sars-cov-2;sars-cov,,,primary_research,candidate,relevant viral/host/pathway terms matched: virus,medium,older paper with relevant terms: virus,"In response to the emergence of SARS-CoV-2 variants of concern, the global scientific community, through unprecedented effort, has sequenced and shared over 11 million genomes through GISAID, as of May 2022. This extraordinarily high sampling rate provides a unique opportunity..."
pi-backlog,pmid-36758101,36758101,2023,,"Seroprevalence of anti-Lassa Virus IgG antibodies in three districts of Sierra Leone: A cross-sectional, population-based study.",,,,network_modeling,primary_research,candidate,"relevant viral/host/pathway terms matched: virus, viral",medium,"relevant mechanistic terms: virus, viral, host","BACKGROUND: Lassa virus (LASV), the cause of the acute viral hemorrhagic illness Lassa fever (LF), is endemic in West Africa. Infections in humans occur mainly after exposure to infected excrement or urine of the rodent-host, Mastomys natalensis. The prevalence of exposure to..."
pi-backlog,pmid-35976053,35976053,2023,,Adeno-associated virus serotype 2 capsid variants for improved liver-directed gene therapy.,,,,,data_or_analysis,candidate,relevant viral/host/pathway terms matched: virus,medium,"relevant mechanistic terms: virus, screen","BACKGROUND AND AIMS: Current liver-directed gene therapies look for adeno-associated virus (AAV) vectors with improved efficacy. With this background, capsid engineering is explored. Whereas shuffled capsid library screenings have resulted in potent liver targeting variants wi..."
pi-backlog,pmid-38046840,38046840,2022,,"The Monitoring with Advanced Sensors, Transmission and E-Resuscitation in Traumatic Brain Injury (MASTER-TBI) collaborative: bringing data science to the ICU bedside.",,,,,primary_research,high,explicit cross-virus/shared-host language: comparative,low,no strong backlog-priority keywords matched,"Background: With the adoption of multimodal neuromonitoring techniques, a large amount of high resolution neurophysiological data is generated during the treatment of patients with moderate to severe traumatic brain injury (m-sTBI) that is available for further analysis. The M..."
current-program,pmid-36523403,36523403,2022,,Superiority of intranasal over systemic administration of bioengineered soluble ACE2 for survival and brain protection against SARS-CoV-2 infection.,,sars-cov-2;sars-cov,,,methods,candidate,relevant viral/host/pathway terms matched: viral,medium,older paper with relevant terms: viral,"The present study was designed to investigate the effects of a soluble ACE2 protein termed ACE2 618-DDC-ABD, bioengineered to have long duration of action and high binding affinity to SARS-CoV-2, when administered either intranasally (IN) or intraperitoneally (IP) and before o..."
current-program,pmid-36463314,36463314,2022,,BNT162b2 induces robust cross-variant SARS-CoV-2 immunity in children.,,sars-cov-2;sars-cov,,,primary_research,candidate,relevant viral/host/pathway terms matched: viral,medium,older paper with relevant terms: viral,"Currently available mRNA vaccines are extremely safe and effective to prevent severe SARS-CoV-2 infections. However, the emergence of variants of concerns (VOCs) has highlighted the importance of high population-based vaccine rates to effectively suppress viral transmission an..."
current-program,pmid-36423141,36423141,2022,,Challenges and Opportunities for Global Genomic Surveillance Strategies in the COVID-19 Era.,,sars-cov-2;sars-cov,,,review,candidate,"relevant viral/host/pathway terms matched: virus, viral",medium,"older paper with relevant terms: virus, viral",Global SARS-CoV-2 genomic surveillance efforts have provided critical data on the ongoing evolution of the virus to inform best practices in clinical care and public health throughout the pandemic. Impactful genomic surveillance strategies generally follow a multi-disciplinary...
pi-backlog,pmid-36274774,36274774,2022,,"""The Most Crushing Thing"": Understanding Resident Assessment Burden in a Competency-Based Curriculum.",,,,,primary_research,high,explicit cross-virus/shared-host language: comparative,low,no strong backlog-priority keywords matched,BACKGROUND: Competency-based medical education (CBME) was expected to increase the workload of assessment for graduate training programs to support the development of competence. Learning conditions were anticipated to improve through the provision of tailored learning experie...
pi-backlog,pmid-36146536,36146536,2022,,Durability of Protection Post-Primary COVID-19 Vaccination in the United States.,,sars-cov-2;sars-cov,,,primary_research,candidate,relevant viral/host/pathway terms matched: infection,low,no strong backlog-priority keywords matched,"The durability of immune responses after COVID-19 vaccination will drive long-term vaccine effectiveness across settings and may differ by vaccine type. To determine durability of protection of COVID-19 vaccines (BNT162b2, mRNA-1273, and Ad26.COV2.S) following primary vaccinat..."
current-program,pmid-36000735,36000735,2022,,Hybrid Immunity Shifts the Fc-Effector Quality of SARS-CoV-2 mRNA Vaccine-Induced Immunity.,,sars-cov-2;sars-cov,,,primary_research,candidate,"relevant viral/host/pathway terms matched: virus, viral",medium,"older paper with relevant terms: virus, viral","Despite the robust immunogenicity of SARS-CoV-2 mRNA vaccines, emerging data have revealed enhanced neutralizing antibody and T cell cross-reactivity among individuals that previously experienced COVID-19, pointing to a hybrid immune advantage with infection-associated immune..."
current-program,pmid-35973352,35973352,2022,,The next frontier in vaccine design: blending immune correlates of protection into rational vaccine design.,,sars-cov-2;sars-cov,,,primary_research,candidate,relevant viral/host/pathway terms matched: viral,medium,"older paper with relevant terms: viral, coronavirus","Despite the extraordinary speed and success in SARS-Cov-2 vaccine development, the emergence of variants of concern perplexed the vaccine development community. Neutralizing antibodies waned antibodies waned and were evaded by viral variants, despite the preservation of protec..."
current-program,pmid-35952712,35952712,2022,,Context-specific emergence and growth of the SARS-CoV-2 Delta variant.,,sars-cov-2;sars-cov,,,primary_research,candidate,relevant viral/host/pathway terms matched: virus,medium,older paper with relevant terms: virus,"The SARS-CoV-2 Delta (Pango lineage B.1.617.2) variant of concern spread globally, causing resurgences of COVID-19 worldwide1,2. The emergence of the Delta variant in the UK occurred on the background of a heterogeneous landscape of immunity and relaxation of non-pharmaceutica..."
current-program,pmid-35923313,35923313,2022,SYBIL,Waning and boosting of functional humoral immunity to SARS-CoV-2.,Ryan McNamara;Rafael Medina,sars-cov-2;sars-cov,,,primary_research,candidate,relevant viral/host/pathway terms matched: virus,medium,older paper with relevant terms: virus,"Since the emergence of the SARS-CoV-2 virus, we have witnessed a revolution in vaccine development with the rapid emergence and deployment of both traditional and novel vaccine platforms. The inactivated CoronaVac vaccine and the mRNA-based Pfizer/BNT162b2 vaccine are among th..."
current-program,pmid-35881005,35881005,2022,CViSB,The molecular epidemiology of multiple zoonotic origins of SARS-CoV-2.,Robert Garry;Kristian Andersen,sars-cov-2;sars-cov,,,primary_research,candidate,relevant viral/host/pathway terms matched: viral,medium,"older paper with relevant terms: viral, coronavirus",Understanding the circumstances that lead to pandemics is important for their prevention. We analyzed the genomic diversity of severe acute respiratory syndrome coronavirus 2 (SARS-CoV-2) early in the coronavirus disease 2019 (COVID-19) pandemic. We show that SARS-CoV-2 genomi...
pi-backlog,pmid-35858406,35858406,2022,,Tropism of SARS-CoV-2 for human cortical astrocytes.,,sars-cov-2;sars-cov;coronavirus,,,primary_research,candidate,relevant viral/host/pathway terms matched: infection,low,no strong backlog-priority keywords matched,"The severe acute respiratory syndrome coronavirus 2 (SARS-CoV-2) readily infects a variety of cell types impacting the function of vital organ systems, with particularly severe impact on respiratory function. Neurological symptoms, which range in severity, accompany as many as..."
pi-backlog,pmid-35798721,35798721,2022,,Characterization of SARS-CoV-2 Spike mutations important for infection of mice and escape from human immune sera.,,sars-cov-2;sars-cov,,,primary_research,candidate,relevant viral/host/pathway terms matched: infection,low,no strong backlog-priority keywords matched,"Due to differences in human and murine angiotensin converting enzyme 2 (ACE-2) receptor, initially available SARS-CoV-2 isolates could not infect mice. Here we show that serial passaging of USA-WA1/2020 strain in mouse lungs results in ""mouse-adapted"" SARS-CoV-2 (MA-SARS-CoV-2..."
current-program,pmid-35794893,35794893,2022,CViSB,Outbreak.info genomic reports: scalable and dynamic surveillance of SARS-CoV-2 variants and mutations.,Kristian Andersen,sars-cov-2;sars-cov,,,primary_research,candidate,relevant viral/host/pathway terms matched: virus,medium,older paper with relevant terms: virus,"The emergence of SARS-CoV-2 variants of concern has prompted the need for near real-time genomic surveillance to inform public health interventions. In response to this need, the global scientific community, through unprecedented effort, has sequenced and shared over 11 millio..."
current-program,pmid-35771664,35771664,2022,CViSB,Introduction and Establishment of SARS-CoV-2 Gamma Variant in New York City in Early 2021.,Kristian Andersen,sars-cov-2;sars-cov,,,primary_research,candidate,relevant viral/host/pathway terms matched: viral,medium,"older paper with relevant terms: viral, coronavirus",BACKGROUND: Monitoring the emergence and spread of severe acute respiratory syndrome coronavirus 2 (SARS-CoV-2) variants is an important public health objective. We investigated how the Gamma variant was established in New York City (NYC) in early 2021 in the presence of trave...
current-program,pmid-35767652,35767652,2022,,Antibody Fc characteristics and effector functions correlate with protection from symptomatic dengue virus type 3 infection.,,dengue,,,primary_research,candidate,relevant viral/host/pathway terms matched: virus,medium,older paper with relevant terms: virus,"Preexisting cross-reactive antibodies have been implicated in both protection and pathogenesis during subsequent infections with different dengue virus (DENV) serotypes (DENV1-4). Nonetheless, humoral immune correlates and mechanisms of protection have remained elusive. Using..."
pi-backlog,pmid-35752951,35752951,2022,,Assessing real-world vaccine effectiveness against severe forms of SARS-CoV-2 infection: an observational study from routine surveillance data in Switzerland.,,sars-cov-2;sars-cov,,,primary_research,candidate,relevant viral/host/pathway terms matched: infection,low,no strong backlog-priority keywords matched,"BACKGROUND: In Switzerland, SARS-CoV-2 vaccination campaigns started in early 2021. Vaccine coverage reached 65% of the population in December 2021, mostly with mRNA vaccines from Moderna and Pfizer-BioNtech. Simultaneously, the proportion of vaccinated among COVID-19-related..."
pi-backlog,pmid-35617363,35617363,2022,,Occurrence and transmission potential of asymptomatic and presymptomatic SARS-CoV-2 infections: Update of a living systematic review and meta-analysis.,,sars-cov-2;sars-cov;coronavirus,,,review,candidate,relevant viral/host/pathway terms matched: infection,low,no strong backlog-priority keywords matched,BACKGROUND: Debate about the level of asymptomatic Severe Acute Respiratory Syndrome Coronavirus 2 (SARS-CoV-2) infection continues. The amount of evidence is increasing and study designs have changed over time. We updated a living systematic review to address 3 questions: (1)...
pi-backlog,pmid-35586986,35586986,2022,,PARIS and SPARTA: Finding the Achilles' Heel of SARS-CoV-2.,,sars-cov-2;sars-cov;coronavirus,,,primary_research,candidate,relevant viral/host/pathway terms matched: infection,low,no strong backlog-priority keywords matched,"To understand reinfection rates and correlates of protection for severe acute respiratory syndrome coronavirus 2 (SARS-CoV-2), we established eight different longitudinal cohorts in 2020 under the umbrella of the PARIS (Protection Associated with Rapid Immunity to SARS-CoV-2)/..."
pi-backlog,pmid-35584773,35584773,2022,,Limited cross-variant immunity from SARS-CoV-2 Omicron without vaccination.,,sars-cov-2;sars-cov,,,primary_research,candidate,relevant viral/host/pathway terms matched: infection,low,no strong backlog-priority keywords matched,"SARS-CoV-2 Delta and Omicron are globally relevant variants of concern. Although individuals infected with Delta are at risk of developing severe lung disease, infection with Omicron often causes milder symptoms, especially in vaccinated individuals1,2. The question arises of..."
pi-backlog,pmid-35579965,35579965,2022,,Neutralizing antibody activity against SARS-CoV-2 variants in gestational age-matched mother-infant dyads after infection or vaccination.,,sars-cov-2;sars-cov;influenza,,,primary_research,candidate,relevant viral/host/pathway terms matched: infection,low,no strong backlog-priority keywords matched,"Pregnancy confers unique immune responses to infection and vaccination across gestation. To date, there are limited data comparing vaccine- and infection-induced neutralizing Abs (nAbs) against COVID-19 variants in mothers during pregnancy. We analyzed paired maternal and cord..."
current-program,pmid-35538057,35538057,2022,,Archival influenza virus genomes from Europe reveal genomic variability during the 1918 pandemic.,,influenza;hiv,,,primary_research,candidate,relevant viral/host/pathway terms matched: virus,medium,"older paper with relevant terms: virus, host","The 1918 influenza pandemic was the deadliest respiratory pandemic of the 20th century and determined the genomic make-up of subsequent human influenza A viruses (IAV). Here, we analyze both the first 1918 IAV genomes from Europe and the first from samples prior to the autumn..."
current-program,pmid-35411346,35411346,2022,,An immunoPET probe to SARS-CoV-2 reveals early infection of the male genital tract in rhesus macaques.,,sars-cov-2;sars-cov;influenza,,,methods,candidate,relevant viral/host/pathway terms matched: viral,medium,older paper with relevant terms: viral,"The systemic nature of SARS-CoV-2 infection is highly recognized, but poorly characterized. A non-invasive and unbiased method is needed to clarify whole body spatiotemporal dynamics of SARS-CoV-2 infection after transmission. We recently developed a probe based on the anti-SA..."
current-program,pmid-35361968,35361968,2022,SYBIL,Defining the risk of SARS-CoV-2 variants on immune protection.,Melissa Johnson;Michael Schotsaert,sars-cov-2;sars-cov,,,primary_research,candidate,relevant viral/host/pathway terms matched: viral,medium,"older paper with relevant terms: viral, coronavirus","The global emergence of many severe acute respiratory syndrome coronavirus 2 (SARS-CoV-2) variants jeopardizes the protective antiviral immunity induced after infection or vaccination. To address the public health threat caused by the increasing SARS-CoV-2 genomic diversity, t..."
current-program,pmid-35357886,35357886,2022,,A modified vaccinia Ankara vaccine expressing spike and nucleocapsid protects rhesus macaques against SARS-CoV-2 Delta infection.,,sars-cov-2;sars-cov,,,primary_research,candidate,relevant viral/host/pathway terms matched: virus,medium,older paper with relevant terms: virus,"SARS-CoV-2 vaccines should induce broadly cross-reactive humoral and T cell responses to protect against emerging variants of concern (VOCs). Here, we inactivated the furin cleavage site (FCS) of spike expressed by a modified vaccinia Ankara (MVA) virus vaccine (MVA/SdFCS) and..."
current-program,pmid-35348368,35348368,2022,,mRNA-1273 and BNT162b2 COVID-19 vaccines elicit antibodies with differences in Fc-mediated effector functions.,,sars-cov-2;sars-cov,,,primary_research,candidate,relevant viral/host/pathway terms matched: viral,medium,"older paper with relevant terms: viral, coronavirus","The successful development of several coronavirus disease 2019 (COVID-19) vaccines has substantially reduced morbidity and mortality in regions of the world where the vaccines have been deployed. However, in the wake of the emergence of viral variants that are able to evade va..."
current-program,pmid-35289637,35289637,2022,SYBIL,Omicron variant Spike-specific antibody binding and Fc activity are preserved in recipients of mRNA or inactivated COVID-19 vaccines.,Rafael Medina,sars-cov-2;sars-cov,,,primary_research,candidate,relevant viral/host/pathway terms matched: virus,medium,older paper with relevant terms: virus,"The Omicron variant of SARS-CoV-2 has been shown to evade neutralizing antibodies elicited by vaccination or infection. Despite the global spread of the Omicron variant, even among highly vaccinated populations, death rates have not increased concomitantly. These data suggest..."
current-program,pmid-35262081,35262081,2022,,An immunoPET probe to SARS-CoV-2 reveals early infection of the male genital tract in rhesus macaques.,,sars-cov-2;sars-cov;influenza,,,methods,candidate,relevant viral/host/pathway terms matched: viral,medium,older paper with relevant terms: viral,"The systemic nature of SARS-CoV-2 infection is highly recognized, but poorly characterized. A non-invasive and unbiased method is needed to clarify whole body spatiotemporal dynamics of SARS-CoV-2 infection after transmission. We recently developed a probe based on the anti-SA..."
current-program,pmid-35245365,35245365,2022,,Altered Maternal Antibody Profiles in Women With Human Immunodeficiency Virus Drive Changes in Transplacental Antibody Transfer.,,influenza;hiv;ebv,,,primary_research,candidate,relevant viral/host/pathway terms matched: virus,medium,older paper with relevant terms: virus,"BACKGROUND: Human immunodeficiency virus (HIV)-exposed, uninfected (HEU) children have a higher risk of severe infection, but the causes are poorly understood. Emerging data point to altered antibody transfer in women with HIV (WHIV); however, specific perturbations and the in..."
current-program,pmid-35198645,35198645,2022,,Assessment of Virological Contributions to COVID-19 Outcomes in a Longitudinal Cohort of Hospitalized Adults.,,sars-cov-2;sars-cov,,,primary_research,candidate,relevant viral/host/pathway terms matched: viral,medium,"older paper with relevant terms: viral, coronavirus","BACKGROUND: While several demographic and clinical correlates of coronavirus disease 2019 (COVID-19) outcome have been identified, their relationship to virological and immunological parameters remains poorly defined. METHODS: To address this, we performed longitudinal collect..."
current-program,pmid-35115515,35115515,2022,,Multiple expansions of globally uncommon SARS-CoV-2 lineages in Nigeria.,,sars-cov-2;sars-cov,,,primary_research,candidate,relevant viral/host/pathway terms matched: viral,medium,older paper with relevant terms: viral,"Disparities in SARS-CoV-2 genomic surveillance have limited our understanding of the viral population dynamics and may delay identification of globally important variants. Despite being the most populated country in Africa, Nigeria has remained critically under sampled. Here,..."
current-program,pmid-34731594,34731594,2022,,Age-related Differences in the Nasal Mucosal Immune Response to SARS-CoV-2.,,sars-cov-2;sars-cov;influenza;rsv,,,primary_research,candidate,"relevant viral/host/pathway terms matched: virus, viral",medium,"older paper with relevant terms: virus, viral, host, coronavirus","Severe acute respiratory syndrome coronavirus 2 (SARS-CoV-2) has infected more than 180 million people since the onset of the pandemic. Despite similar viral load and infectivity rates between children and adults, children rarely develop severe illness. Differences in the host..."
current-program,pmid-34981072,34981072,2021,SYBIL,Preserved Omicron Spike specific antibody binding and Fc-recognition across COVID-19 vaccine platforms.,Rafael Medina,sars-cov-2,,,primary_research,candidate,relevant viral/host/pathway terms matched: virus,medium,older paper with relevant terms: virus,"Despite the dramatic spread of Omicron globally, even among highly vaccinated populations, death rates have not increased concomitantly. These data argue that alternative immune mechanisms, beyond neutralization, may continue to confer protection against severe disease. Beyond..."
current-program,pmid-34981069,34981069,2021,,Context-specific emergence and growth of the SARS-CoV-2 Delta variant.,,sars-cov-2;sars-cov,,,primary_research,candidate,relevant viral/host/pathway terms matched: virus,medium,older paper with relevant terms: virus,The Delta variant of concern of SARS-CoV-2 has spread globally causing large outbreaks and resurgences of COVID-19 cases 1-3 . The emergence of Delta in the UK occurred on the background of a heterogeneous landscape of immunity and relaxation of non-pharmaceutical intervention...
current-program,pmid-34981043,34981043,2021,,Context-specific emergence and growth of the SARS-CoV-2 Delta variant.,,sars-cov-2;sars-cov,,,primary_research,candidate,relevant viral/host/pathway terms matched: virus,medium,older paper with relevant terms: virus,The Delta variant of concern of SARS-CoV-2 has spread globally causing large outbreaks and resurgences of COVID-19 cases. The emergence of Delta in the UK occurred on the background of a heterogeneous landscape of immunity and relaxation of non-pharmaceutical interventions. He...
current-program,pmid-34835041,34835041,2021,,Epidemiological and Immunological Features of Obesity and SARS-CoV-2.,,sars-cov-2;sars-cov;influenza,,,primary_research,candidate,relevant viral/host/pathway terms matched: viral,medium,older paper with relevant terms: viral,"Obesity is a key correlate of severe SARS-CoV-2 outcomes while the role of obesity on risk of SARS-CoV-2 infection, symptom phenotype, and immune response remain poorly defined. We examined data from a prospective SARS-CoV-2 cohort study to address these questions. Serostatus,..."
current-program,pmid-34812429,34812429,2021,,Reduced antibody activity against SARS-CoV-2 B.1.617.2 delta virus in serum of mRNA-vaccinated individuals receiving tumor necrosis factor-α inhibitors.,,sars-cov-2;sars-cov;influenza,,,primary_research,candidate,relevant viral/host/pathway terms matched: virus,medium,"older paper with relevant terms: virus, coronavirus","BACKGROUND: Although vaccines effectively prevent coronavirus disease 2019 (COVID-19) in healthy individuals, they appear to be less immunogenic in individuals with chronic inflammatory disease (CID) or receiving chronic immunosuppression therapy. METHODS: Here we assessed a c..."
pi-backlog,pmid-34785885,34785885,2021,,Surgical Management of Unilateral Partial Limbal Stem Cell Deficiency: Conjunctival Autografts versus Simple Limbal Epithelial Transplantation.,,,,,methods,high,explicit cross-virus/shared-host language: comparative,low,no strong backlog-priority keywords matched,"PURPOSE: To evaluate the clinical outcomes of conjunctival autograft (CAG) versus simple limbal epithelial transplant (SLET) for management of unilateral partial limbal stem cell deficiency (LSCD). METHODS: This retrospective, comparative, interventional case series evaluated..."
current-program,pmid-34664987,34664987,2021,,Maternal SARS-CoV-2 infection elicits sexually dimorphic placental immune responses.,,sars-cov-2;sars-cov,,,primary_research,candidate,relevant viral/host/pathway terms matched: viral,medium,"older paper with relevant terms: viral, coronavirus",There is a persistent bias toward higher prevalence and increased severity of coronavirus disease 2019 (COVID-19) in males. Underlying mechanisms accounting for this sex difference remain incompletely understood. Interferon responses have been implicated as a modulator of COVI...
current-program,pmid-34652962,34652962,2021,,Early cross-coronavirus reactive signatures of humoral immunity against COVID-19.,,sars-cov-2;sars-cov,,,primary_research,candidate,relevant viral/host/pathway terms matched: viral,medium,"older paper with relevant terms: viral, coronavirus","The introduction of vaccines has inspired hope in the battle against SARS-CoV-2. However, the emergence of viral variants, in the absence of potent antivirals, has left the world struggling with the uncertain nature of this disease. Antibodies currently represent the strongest..."
current-program,pmid-34578352,34578352,2021,CViSB,Zika Virus Non-Structural Protein 1 Antigen-Capture Immunoassay.,Kristian Andersen;Robert Garry,dengue;zika,,,primary_research,candidate,relevant viral/host/pathway terms matched: virus,medium,"older paper with relevant terms: virus, flavivirus","Infection with Zika virus (ZIKV), a member of the Flavivirus genus of the Flaviviridae family, typically results in mild self-limited illness, but severe neurological disease occurs in a limited subset of patients. In contrast, serious outcomes commonly occur in pregnancy that..."
pi-backlog,pmid-34529063,34529063,2021,,"Association of Care Environment With HIV Incidence and Death Among Orphaned, Separated, and Street-Connected Children and Adolescents in Western Kenya.",,hiv,,,primary_research,candidate,relevant viral/host/pathway terms matched: infection,low,no strong backlog-priority keywords matched,"IMPORTANCE: In 2015, there were nearly 140 million orphaned children globally, particularly in low- and middle-income regions, and millions more for whom the street is central to their everyday lives. A total of 16.6 million children were orphaned because of deaths associated..."
current-program,pmid-34494026,34494026,2021,,Subtle immunological differences in mRNA-1273 and BNT162b2 COVID-19 vaccine induced Fc-functional profiles.,,sars-cov-2;sars-cov,,,primary_research,candidate,relevant viral/host/pathway terms matched: viral,medium,older paper with relevant terms: viral,"The successful development of several COVID-19 vaccines has substantially reduced morbidity and mortality in regions of the world where the vaccines have been deployed. However, in the wake of the emergence of viral variants, able to evade vaccine induced neutralizing antibodi..."
current-program,pmid-34416262,34416262,2021,,Screening Students and Staff for Asymptomatic Coronavirus Disease 2019 in Chicago Schools.,,sars-cov-2;sars-cov,,,primary_research,candidate,relevant viral/host/pathway terms matched: viral,medium,"older paper with relevant terms: viral, coronavirus","OBJECTIVES: To assess rates of asymptomatic severe acute respiratory syndrome coronavirus-2 (SARS-CoV-2) positivity in K-8 schools with risk mitigation procedures in place, and to evaluate SARS-CoV-2 transmission in school and household contacts of these positive individuals...."
pi-backlog,pmid-34278670,34278670,2021,,Corrigendum: Sterilizing Immunity against SARS-CoV-2 Infection in Mice by a Single-Shot and Lipid Amphiphile Imidazoquinoline TLR7/8 Agonist-Adjuvanted Recombinant Spike Protein Vaccine.,,sars-cov-2;sars-cov,,,primary_research,candidate,relevant viral/host/pathway terms matched: infection,low,no strong backlog-priority keywords matched,
pi-backlog,pmid-34225493,34225493,2021,,Expression of the Ebola Virus VP24 Protein Compromises the Integrity of the Nuclear Envelope and Induces a Laminopathy-Like Cellular Phenotype.,,,,proteomics,primary_research,candidate,"relevant viral/host/pathway terms matched: virus, interaction, interactome, infection",medium,"relevant mechanistic terms: virus, interactome","Ebola virus (EBOV) VP24 protein is a nucleocapsid-associated protein that inhibits interferon (IFN) gene expression and counteracts the IFN-mediated antiviral response, preventing nuclear import of signal transducer and activator of transcription 1 (STAT1). Proteomic studies t..."
current-program,pmid-34201591,34201591,2021,CViSB,Successful Clearance of 300 Day SARS-CoV-2 Infection in a Subject with B-Cell Depletion Associated Prolonged (B-DEAP) COVID by REGEN-COV Anti-Spike Monoclonal Antibody Cocktail.,Kristian Andersen;Robert Garry,sars-cov-2;sars-cov,,,primary_research,candidate,relevant viral/host/pathway terms matched: virus,medium,older paper with relevant terms: virus,"A 59-year-old male with follicular lymphoma treated by anti-CD20-mediated B-cell depletion and ablative chemotherapy was hospitalized with a COVID-19 infection. Although the patient did not develop specific humoral immunity, he had a mild clinical course overall. The failure o..."
current-program,pmid-34192736,34192736,2021,,Untangling introductions and persistence in COVID-19 resurgence in Europe.,,sars-cov-2;sars-cov,,,primary_research,candidate,"relevant viral/host/pathway terms matched: virus, viral",medium,"older paper with relevant terms: virus, viral","After the first wave of SARS-CoV-2 infections in spring 2020, Europe experienced a resurgence of the virus starting in late summer 2020 that was deadlier and more difficult to contain1. Relaxed intervention measures and summer travel have been implicated as drivers of the seco..."
pi-backlog,pmid-34145263,34145263,2021,,Immunological imprinting of the antibody response in COVID-19 patients.,,sars-cov-2;sars-cov;coronavirus,,,primary_research,candidate,relevant viral/host/pathway terms matched: infection,low,no strong backlog-priority keywords matched,"In addition to severe acute respiratory syndrome coronavirus 2 (SARS-CoV-2), humans are also susceptible to six other coronaviruses, for which consecutive exposures to antigenically related and divergent seasonal coronaviruses are frequent. Despite the prevalence of COVID-19 p..."
pi-backlog,pmid-34049977,34049977,2021,,"Development of a qualitative real-time RT-PCR assay for the detection of SARS-CoV-2: a guide and case study in setting up an emergency-use, laboratory-developed molecular microbiological assay.",,sars-cov-2;sars-cov,,,primary_research,candidate,relevant viral/host/pathway terms matched: infection,low,no strong backlog-priority keywords matched,"Developing and deploying new diagnostic tests are difficult, but the need to do so in response to a rapidly emerging pandemic such as COVID-19 is crucially important. During a pandemic, laboratories play a key role in helping healthcare providers and public health authorities..."
current-program,pmid-34013263,34013263,2021,,Early cross-coronavirus reactive signatures of protective humoral immunity against COVID-19.,,sars-cov-2;sars-cov,,,primary_research,candidate,relevant viral/host/pathway terms matched: viral,medium,"older paper with relevant terms: viral, coronavirus","The introduction of vaccines has inspired new hope in the battle against SARS-CoV-2. However, the emergence of viral variants, in the absence of potent antivirals, has left the world struggling with the uncertain nature of this disease. Antibodies currently represent the stron..."
current-program,pmid-33929301,33929301,2021,SCRIPT,Nucleic Acid-based Testing for Noninfluenza Viral Pathogens in Adults with Suspected Community-acquired Pneumonia. An Official American Thoracic Society Clinical Practice Guideline.,Richard Wunderink,sars-cov-2;sars-cov;influenza,,,review,candidate,relevant viral/host/pathway terms matched: viral,medium,"older paper with relevant terms: viral, coronavirus",Background: This document provides evidence-based clinical practice guidelines on the diagnostic utility of nucleic acid-based testing of respiratory samples for viral pathogens other than influenza in adults with suspected community-acquired pneumonia (CAP).Methods: A multidi...
current-program,pmid-33905777,33905777,2021,SCRIPT,Comprehensive evaluation of bronchoalveolar lavage from patients with severe COVID-19 and correlation with clinical outcomes.,Richard Wunderink,sars-cov-2;sars-cov;influenza,,,primary_research,candidate,relevant viral/host/pathway terms matched: viral,medium,older paper with relevant terms: viral,"Information on bronchoalveolar lavage (BAL) in patients with COVID-19 is limited, and clinical correlation has not been reported. This study investigated the key features of BAL fluids from COVID-19 patients and assessed their clinical significance. A total of 320 BAL samples..."
current-program,pmid-33880483,33880483,2021,,Coincident rapid expansion of two SARS-CoV-2 lineages with enhanced infectivity in Nigeria.,,sars-cov-2;sars-cov,,,primary_research,candidate,"relevant viral/host/pathway terms matched: virus, viral",medium,"older paper with relevant terms: virus, viral, coronavirus",The emergence of new SARS-CoV-2 variants with enhanced transmissibility or decreased susceptibility to immune responses is a major threat to global efforts to end the coronavirus disease 2019 (COVID-19) pandemic. Disparities in viral genomic surveillance capabilities and effor...
current-program,pmid-33852858,33852858,2021,CViSB,Cellular mRNA triggers structural transformation of Ebola virus matrix protein VP40 to its essential regulatory form.,Kristian Andersen,,,proteomics,data_or_analysis,candidate,"relevant viral/host/pathway terms matched: virus, host factor",medium,"older paper with relevant terms: virus, host, host factor","The Ebola virus matrix protein VP40 forms distinct structures linked to distinct functions in the virus life cycle. Dimeric VP40 is a structural protein associated with virus assembly, while octameric, ring-shaped VP40 is associated with transcriptional control. In this study,..."
pi-backlog,pmid-33667568,33667568,2021,,Novel RT-ddPCR assays for simultaneous quantification of multiple noncoding and coding regions of SARS-CoV-2 RNA.,,sars-cov-2;sars-cov;coronavirus,,,primary_research,candidate,relevant viral/host/pathway terms matched: infection,low,no strong backlog-priority keywords matched,A hallmark of coronavirus transcription is the generation of negative-sense RNA intermediates that serve as the templates for the synthesis of positive-sense genomic RNA (gRNA) and an array of subgenomic mRNAs (sgRNAs) encompassing sequences arising from discontinuous transcri...
current-program,pmid-33594355,33594355,2021,,SARS-CoV-2 European resurgence foretold: interplay of introductions and persistence by leveraging genomic and mobility data.,,sars-cov-2;sars-cov,,,primary_research,candidate,relevant viral/host/pathway terms matched: virus,medium,older paper with relevant terms: virus,"Following the first wave of SARS-CoV-2 infections in spring 2020, Europe experienced a resurgence of the virus starting late summer that was deadlier and more difficult to contain. Relaxed intervention measures and summer travel have been implicated as drivers of the second wa..."
current-program,pmid-33564763,33564763,2021,,Collaboration between the Fab and Fc contribute to maximal protection against SARS-CoV-2 in nonhuman primates following NVX-CoV2373 subunit vaccine with Matrix-M™ vaccination.,,sars-cov-2;sars-cov,,,primary_research,candidate,relevant viral/host/pathway terms matched: virus,medium,older paper with relevant terms: virus,"UNLABELLED: Recently approved vaccines have already shown remarkable protection in limiting SARS-CoV-2 associated disease. However, immunologic mechanism(s) of protection, as well as how boosting alters immunity to wildtype and newly emerging strains, remain incompletely under..."
current-program,pmid-33532801,33532801,2021,,Immune response to SARS-CoV-2 in the nasal mucosa in children and adults.,,sars-cov-2;sars-cov;influenza;rsv,,,primary_research,candidate,"relevant viral/host/pathway terms matched: virus, viral",medium,"older paper with relevant terms: virus, viral, host","RATIONALE: Despite similar viral load and infectivity rates between children and adults infected with SARS-CoV-2, children rarely develop severe illness. Differences in the host response to the virus at the primary infection site are among the proposed mechanisms. OBJECTIVES:..."
pi-backlog,pmid-33469577,33469577,2021,,Tropism of SARS-CoV-2 for Developing Human Cortical Astrocytes.,,sars-cov-2;sars-cov;coronavirus,,,primary_research,candidate,relevant viral/host/pathway terms matched: infection,low,no strong backlog-priority keywords matched,"The severe acute respiratory syndrome coronavirus 2 (SARS-CoV-2) readily infects a variety of cell types impacting the function of vital organ systems, with particularly severe impact on respiratory function. It proves fatal for one percent of those infected. Neurological symp..."
current-program,pmid-33427208,33427208,2021,UCLA-Persistent-BSI,Dissecting strategies to tune the therapeutic potential of SARS-CoV-2-specific monoclonal antibody CR3022.,Melissa Johnson,sars-cov-2;sars-cov,,,primary_research,candidate,"relevant viral/host/pathway terms matched: virus, viral",medium,"older paper with relevant terms: virus, viral, coronavirus","The rapid spread of severe acute respiratory syndrome coronavirus 2 (SARS-CoV-2), coupled with a lack of therapeutics, has paralyzed the globe. Although significant effort has been invested in identifying antibodies that block infection, the ability of antibodies to target inf..."
pi-backlog,pmid-33211854,33211854,2021,,"RCSB Protein Data Bank: powerful new tools for exploring 3D structures of biological macromolecules for basic and applied research and education in fundamental biology, biomedicine, biotechnology, bioengineering and energy sciences.",,sars-cov-2;sars-cov;hiv,,network_modeling,primary_research,unknown,no explicit cross-virus or strong viral host-mechanism terms matched,medium,relevant mechanistic terms: host,"The Research Collaboratory for Structural Bioinformatics Protein Data Bank (RCSB PDB), the US data center for the global PDB archive and a founding member of the Worldwide Protein Data Bank partnership, serves tens of thousands of data depositors in the Americas and Oceania an..."
pi-backlog,pmid-32738449,32738449,2021,,MicroRNA-342-3p is a potent tumour suppressor in hepatocellular carcinoma.,,,,,data_or_analysis,candidate,relevant viral/host/pathway terms matched: virus,medium,relevant mechanistic terms: virus,"BACKGROUND & AIMS: Hepatocellular carcinoma (HCC) is a cancer with multiple aetiologies and widespread prevalence. Largely refractory to current treatments, HCC is the fourth leading cause of cancer-related deaths worldwide. MicroRNAs (miRNAs) are important regulators in HCCs...."
pi-backlog,pmid-33305155,33305155,2020,,MicroRNA-125b-5p Regulates Hepatocyte Proliferation During the Termination Phase of Liver Regeneration.,,,,,data_or_analysis,candidate,"relevant viral/host/pathway terms matched: virus, pathway",medium,"relevant mechanistic terms: virus, pathway","The ability of the liver to regenerate and restore mass limits the increasing mortality rate due to life-threatening liver diseases. Successful liver regeneration is accomplished in multiple stages, of which the priming and proliferation phases are well studied. However, the r..."
current-program,pmid-33200139,33200139,2020,,Epidemiological and immunological features of obesity and SARS-CoV-2.,,sars-cov-2;sars-cov;influenza,,,primary_research,candidate,relevant viral/host/pathway terms matched: viral,medium,older paper with relevant terms: viral,"Obesity is a key correlate of severe SARS-CoV-2 outcomes while the role of obesity on risk of SARS-CoV-2 infection, symptom phenotype, and immune response are poorly defined. We examined data from a prospective SARS-CoV-2 cohort study to address these questions. Serostatus, bo..."
current-program,pmid-33171099,33171099,2020,SCRIPT,Quick COVID-19 Healers Sustain Anti-SARS-CoV-2 Antibody Production.,Alan Hauser,sars-cov-2;sars-cov,,,primary_research,candidate,relevant viral/host/pathway terms matched: virus,medium,older paper with relevant terms: virus,Antibodies are key immune effectors that confer protection against pathogenic threats. The nature and longevity of the antibody response to SARS-CoV-2 infection are not well defined. We charted longitudinal antibody responses to SARS-CoV-2 in 92 subjects after symptomatic COVI...
current-program,pmid-33127906,33127906,2020,,SARS-CoV-2 viral load is associated with increased disease severity and mortality.,,sars-cov-2;sars-cov,,,primary_research,candidate,relevant viral/host/pathway terms matched: viral,medium,"older paper with relevant terms: viral, coronavirus","The relationship between SARS-CoV-2 viral load and risk of disease progression remains largely undefined in coronavirus disease 2019 (COVID-19). Here, we quantify SARS-CoV-2 viral load from participants with a diverse range of COVID-19 disease severity, including those requiri..."
pi-backlog,pmid-32967005,32967005,2020,,Animal models for COVID-19.,,sars-cov-2;sars-cov;coronavirus,,,primary_research,candidate,relevant viral/host/pathway terms matched: infection,low,no strong backlog-priority keywords matched,"Severe acute respiratory syndrome coronavirus 2 (SARS-CoV-2) is the aetiological agent of coronavirus disease 2019 (COVID-19), an emerging respiratory infection caused by the introduction of a novel coronavirus into humans late in 2019 (first detected in Hubei province, China)..."
current-program,pmid-32912998,32912998,2020,,The emergence of SARS-CoV-2 in Europe and North America.,,sars-cov-2;sars-cov,,,primary_research,candidate,relevant viral/host/pathway terms matched: virus,medium,"older paper with relevant terms: virus, coronavirus","Accurate understanding of the global spread of emerging viruses is critical for public health responses and for anticipating and preventing future outbreaks. Here we elucidate when, where, and how the earliest sustained severe acute respiratory syndrome coronavirus 2 (SARS-CoV..."
pi-backlog,pmid-32909014,32909014,2020,,"Development of a qualitative real-time RT-PCR assay for the detection of SARS-CoV-2: A guide and case study in setting up an emergency-use, laboratory-developed molecular assay.",,sars-cov-2;sars-cov,,,primary_research,candidate,relevant viral/host/pathway terms matched: infection,low,no strong backlog-priority keywords matched,"Developing and deploying new diagnostic tests is difficult, but the need to do so in response to a rapidly emerging pandemic such as COVID-19 is crucially important for an effective response. In the early stages of a pandemic, laboratories play a key role in helping health car..."
current-program,pmid-32878931,32878931,2020,,Evolution of Early SARS-CoV-2 and Cross-Coronavirus Immunity.,,sars-cov-2;sars-cov;influenza;rsv,,,primary_research,candidate,"relevant viral/host/pathway terms matched: virus, viral",medium,"older paper with relevant terms: virus, viral, coronavirus","The novel coronavirus, SARS-coronavirus (CoV)-2 (SARS-CoV-2), has caused over 17 million infections in just a few months, with disease manifestations ranging from largely asymptomatic infection to critically severe disease. The remarkable spread and unpredictable disease outco..."
current-program,pmid-32755751,32755751,2020,,"Dissecting the antibody-OME: past, present, and future.",,influenza;dengue;hiv,,,primary_research,candidate,relevant viral/host/pathway terms matched: virus,medium,older paper with relevant terms: virus,"Humoral immunity is key to protection for nearly all licensed vaccines. Yet, the design of vaccines has been more difficult for some of our most deadly killers (e.g. HIV, influenza, Dengue virus, etc.), likely due to our incomplete understanding of the precise immunological me..."
current-program,pmid-32747391,32747391,2020,,Pathogenesis of COVID-19-induced ARDS: implications for an ageing population.,,sars-cov-2;sars-cov;influenza,,,review,candidate,"relevant viral/host/pathway terms matched: virus, viral",medium,"older paper with relevant terms: virus, viral, host, coronavirus",The coronavirus disease 2019 (COVID-19) pandemic has elicited a swift response by the scientific community to elucidate the pathogenesis of severe acute respiratory syndrome-coronavirus-2 (SARS-CoV-2)-induced lung injury and develop effective therapeutics. Clinical data indica...
pi-backlog,pmid-32730479,32730479,2020,,[Humoral immune response induced by influenza vaccine in children with acute lymphoblastic leukemia].,,influenza,,,methods,candidate,relevant viral/host/pathway terms matched: infection,low,no strong backlog-priority keywords matched,BACKGROUND: Patients with acute lymphoblastic leukemia (ALL) have high risk of severe influenza infection and vaccination is highly recommended. The immunogenicity and effectiveness of vaccination are lower than in healthy people. AIM: To evaluate the immune response induced b...
current-program,pmid-32609537,32609537,2020,,Age-Dependent Differences in T-Cell Responses to Influenza A Virus.,,influenza,,,review,candidate,relevant viral/host/pathway terms matched: virus,medium,"older paper with relevant terms: virus, host","Respiratory infections from influenza A virus (IAV) cause substantial morbidity and mortality in children relative to adults. T cells play a critical role in the host response to IAV by supporting the innate and humoral responses, mediating cytotoxic activity, and promoting re..."
current-program,pmid-32596695,32596695,2020,CViSB,"Accommodating individual travel history, global mobility, and unsampled diversity in phylogeography: a SARS-CoV-2 case study.",Kristian Andersen,sars-cov-2;sars-cov,,,primary_research,candidate,relevant viral/host/pathway terms matched: virus,medium,older paper with relevant terms: virus,"Spatiotemporal bias in genome sequence sampling can severely confound phylogeographic inference based on discrete trait ancestral reconstruction. This has impeded our ability to accurately track the emergence and spread of SARS-CoV-2, which is the virus responsible for the COV..."
current-program,pmid-32540903,32540903,2020,,Isolation of potent SARS-CoV-2 neutralizing antibodies and protection from disease in a small animal model.,,sars-cov-2;sars-cov,,,methods,candidate,relevant viral/host/pathway terms matched: viral,medium,"older paper with relevant terms: viral, screen, coronavirus","Countermeasures to prevent and treat coronavirus disease 2019 (COVID-19) are a global health priority. We enrolled a cohort of severe acute respiratory syndrome coronavirus 2 (SARS-CoV-2)-recovered participants, developed neutralization assays to investigate antibody responses..."
current-program,pmid-32513865,32513865,2020,CViSB,Genomic surveillance reveals multiple introductions of SARS-CoV-2 into Northern California.,Kristian Andersen,sars-cov-2;sars-cov,,,primary_research,candidate,relevant viral/host/pathway terms matched: viral,medium,"older paper with relevant terms: viral, coronavirus","The coronavirus disease 2019 (COVID-19) pandemic caused by severe acute respiratory syndrome coronavirus 2 (SARS-CoV-2) has spread globally, with >365,000 cases in California as of 17 July 2020. We investigated the genomic epidemiology of SARS-CoV-2 in Northern California from..."
current-program,pmid-32511416,32511416,2020,,The emergence of SARS-CoV-2 in Europe and the US.,,sars-cov-2;sars-cov,,,primary_research,candidate,relevant viral/host/pathway terms matched: virus,medium,older paper with relevant terms: virus,"Accurate understanding of the global spread of emerging viruses is critically important for public health response and for anticipating and preventing future outbreaks. Here, we elucidate when, where and how the earliest sustained SARS-CoV-2 transmission networks became establ..."
current-program,pmid-32407507,32407507,2020,,"Genomic Epidemiology, Evolution, and Transmission Dynamics of Porcine Deltacoronavirus.",,sars-cov-2;sars-cov,,,primary_research,candidate,relevant viral/host/pathway terms matched: virus,medium,"older paper with relevant terms: virus, coronavirus",The emergence of severe acute respiratory syndrome coronavirus 2 (SARS-CoV-2) has shown once again that coronavirus (CoV) in animals are potential sources for epidemics in humans. Porcine deltacoronavirus (PDCoV) is an emerging enteropathogen of swine with a worldwide distribu...
current-program,pmid-32359479,32359479,2020,,"COVID-19: Epidemiology, Evolution, and Cross-Disciplinary Perspectives.",,sars-cov-2;sars-cov,,,primary_research,candidate,relevant viral/host/pathway terms matched: virus,medium,"older paper with relevant terms: virus, coronavirus","The recent outbreak of COVID-19 in Wuhan turned into a public health emergency of international concern. With no antiviral drugs nor vaccines, and the presence of carriers without obvious symptoms, traditional public health intervention measures are significantly less effectiv..."
pi-backlog,pmid-32287326,32287326,2020,,Characterizing Emerging Canine H3 Influenza Viruses.,,influenza,,network_modeling,data_or_analysis,unknown,no explicit cross-virus or strong viral host-mechanism terms matched,low,no strong backlog-priority keywords matched,"The continual emergence of novel influenza A strains from non-human hosts requires constant vigilance and the need for ongoing research to identify strains that may pose a human public health risk. Since 1999, canine H3 influenza A viruses (CIVs) have caused many thousands or..."
current-program,pmid-32123088,32123088,2020,,Assessing the role of live poultry trade in community-structured transmission of avian influenza in China.,,influenza,,,primary_research,candidate,relevant viral/host/pathway terms matched: virus,medium,older paper with relevant terms: virus,"The live poultry trade is thought to play an important role in the spread and maintenance of highly pathogenic avian influenza A viruses (HP AIVs) in Asia. Despite an abundance of small-scale observational studies, the role of the poultry trade in disseminating AIV over large..."
pi-backlog,pmid-31887661,31887661,2020,,"Ex Vivo/In vivo Gene Editing in Hepatocytes Using ""All-in-One"" CRISPR-Adeno-Associated Virus Vectors with a Self-Linearizing Repair Template.",,,,crispr_screen,primary_research,candidate,"relevant viral/host/pathway terms matched: virus, crispr",medium,"relevant mechanistic terms: virus, crispr","Adeno-associated virus (AAV)-based vectors are considered efficient and safe gene delivery systems in gene therapy. We combined two guide RNA genes, Cas9, and a self-linearizing repair template in one vector (AIO-SL) to correct fumarylacetoacetate hydrolase (FAH) deficiency in..."
pi-backlog,pmid-31774362,31774362,2020,,A comparative assessment of two designs of hip stem using rule-based simulation of combined osseointegration and remodelling.,,,,,primary_research,high,explicit cross-virus/shared-host language: comparative,low,no strong backlog-priority keywords matched,The stem-bone interface of cementless total hip arthroplasty undergoes an adaptive process of bone ingrowth until the two parts become osseointegrated. Another important phenomenon associated with aseptic loosening of hip stem is stress-shielding induced adverse bone remodelli...
current-program,pmid-31714898,31714898,2020,,Linear ubiquitin assembly complex regulates lung epithelial-driven responses during influenza infection.,,influenza,,,primary_research,candidate,"relevant viral/host/pathway terms matched: virus, viral",medium,"older paper with relevant terms: virus, viral, host",Influenza A virus (IAV) is among the most common causes of pneumonia-related death worldwide. Pulmonary epithelial cells are the primary target for viral infection and replication and respond by releasing inflammatory mediators that recruit immune cells to mount the host respo...
current-program,pmid-31720009,31720009,2019,,Divergence dating using mixed effects clock modelling: An application to HIV-1.,,hiv,,,primary_research,candidate,relevant viral/host/pathway terms matched: viral,medium,older paper with relevant terms: viral,The need to estimate divergence times in evolutionary histories in the presence of various sources of substitution rate variation has stimulated a rich development of relaxed molecular clock models. Viral evolutionary studies frequently adopt an uncorrelated clock model as a g...
current-program,pmid-31326608,31326608,2019,,Gut Colonization Preceding Mucosal Barrier Injury Bloodstream Infection in Pediatric Hematopoietic Stem Cell Transplantation Recipients.,,,,,data_or_analysis,high,explicit cross-virus/shared-host language: comparative,low,no strong literature-priority keywords matched,The gastrointestinal tract is the predicted reservoir for most bloodstream infections (BSIs) after hematopoietic stem cell transplantation (HSCT). Whole-genome sequencing and comparative genomics have the potential to improve our understanding of the dynamics of gut colonizati...
current-program,pmid-30921383,30921383,2019,CViSB,"A medical records and data capture and management system for Lassa fever in Sierra Leone: Approach, implementation, and challenges.",Donald S Grant;Robert Garry,influenza,,,primary_research,candidate,"relevant viral/host/pathway terms matched: virus, viral",medium,"older paper with relevant terms: virus, viral","Situated in southeastern Sierra Leone, Kenema Government Hospital (KGH) maintains one of the world's only Lassa fever isolation wards and was a strategic Ebola virus disease (EVD) treatment facility during the 2014 EVD outbreak. Since 2006, the Viral Hemorrhagic Fever Consorti..."
pi-backlog,pmid-30738741,30738741,2019,,Evaluation of a BioRad Avidity assay for identification of recent HIV-1 infections using dried serum or plasma spots.,,hiv,,,methods,candidate,relevant viral/host/pathway terms matched: infection,low,no strong backlog-priority keywords matched,"Serological methods to differentiate between recently acquired and established HIV-1 infections are a useful tool in the HIV-surveillance to characterize the epidemic, identify groups at risk and assess HIV-preventive interventions. Therefore, an avidity-based, modified BioRad..."
current-program,pmid-30706119,30706119,2019,SCRIPT,Challenges in severe community-acquired pneumonia: a point-of-view review.,Richard Wunderink,influenza,,,review,candidate,relevant viral/host/pathway terms matched: viral,medium,older paper with relevant terms: viral,"PURPOSE: Severe community-acquired pneumonia (SCAP) is still associated with substantial morbidity and mortality. In this point-of-view review paper, a group of experts discuss the main controversies in SCAP: the role of severity scores to guide patient settings of care and em..."
current-program,pmid-30621750,30621750,2019,CViSB,An amplicon-based sequencing framework for accurately measuring intrahost virus diversity using PrimalSeq and iVar.,Kristian Andersen,influenza;zika,,,methods,candidate,relevant viral/host/pathway terms matched: virus,medium,older paper with relevant terms: virus,"How viruses evolve within hosts can dictate infection outcomes; however, reconstructing this process is challenging. We evaluate our multiplexed amplicon approach, PrimalSeq, to demonstrate how virus concentration, sequencing coverage, primer mismatches, and replicates influen..."
pi-backlog,pmid-30408827,30408827,2018,,Increasing proportions of HIV-1 non-B subtypes and of NNRTI resistance between 2013 and 2016 in Germany: Results from the national molecular surveillance of new HIV-diagnoses.,,hiv,,,primary_research,candidate,relevant viral/host/pathway terms matched: infection,low,no strong backlog-priority keywords matched,"BACKGROUND: Molecular surveillance of newly diagnosed HIV-infections is important for tracking trends in circulating HIV-variants, including those with transmitted drug resistances (TDR) to sustain ART efficacy. METHODS: Dried serum spots (DSS) are received together with the s..."
pi-backlog,pmid-30293731,30293731,2018,,Comparison between Surgical and Endovascular Hemodialysis Arteriovenous Fistula Interventions and Associated Costs.,,,,,primary_research,high,explicit cross-virus/shared-host language: comparative,low,no strong backlog-priority keywords matched,PURPOSE: To compare: (i) rate of arteriovenous fistula (AVF) interventions in both incident and prevalent end-stage kidney disease patients; (ii) their associated costs; and (iii) intervention-free survival between patients with surgical hemodialysis arteriovenous fistula (SAV...
current-program,pmid-30096313,30096313,2018,CViSB,Systematic Analysis of Monoclonal Antibodies against Ebola Virus GP Defines Features that Contribute to Protection.,Kristian Andersen,influenza,,,primary_research,candidate,"relevant viral/host/pathway terms matched: virus, viral",medium,"older paper with relevant terms: virus, viral","Antibodies are promising post-exposure therapies against emerging viruses, but which antibody features and in vitro assays best forecast protection are unclear. Our international consortium systematically evaluated antibodies against Ebola virus (EBOV) using multidisciplinary..."
current-program,pmid-29786110,29786110,2018,,"Multi‑layered prevention and treatment of chronic inflammation, organ fibrosis and cancer associated with canonical WNT/β‑catenin signaling activation (Review).",,hcv,,,review,candidate,relevant viral/host/pathway terms matched: virus,medium,older paper with relevant terms: virus,"β‑catenin/CTNNB1 is an intracellular scaffold protein that interacts with adhesion molecules (E‑cadherin/CDH1, N‑cadherin/CDH2, VE‑cadherin/CDH5 and α‑catenins), transmembrane‑type mucins (MUC1/CD227 and MUC16/CA125), signaling regulators (APC, AXIN1, AXIN2 and NHERF1/EBP50) a..."
pi-backlog,pmid-29624387,29624387,2018,,Computer-Aided Discovery and Characterization of Novel Ebola Virus Inhibitors.,,,,,data_or_analysis,candidate,"relevant viral/host/pathway terms matched: virus, infection",medium,"relevant mechanistic terms: virus, host, screen","The Ebola virus (EBOV) causes severe human infection that lacks effective treatment. A recent screen identified a series of compounds that block EBOV-like particle entry into human cells. Using data from this screen, quantitative structure-activity relationship models were bui..."
pi-backlog,pmid-29488088,29488088,2018,,The presence of occipital hair in the pilonidal sinus cavity-a triple approach to proof.,,,,,primary_research,high,explicit cross-virus/shared-host language: comparative,low,no strong backlog-priority keywords matched,"PURPOSE: Hair in the pilonidal sinus is not growing within the sinus cavity, as hair follicles are not present there. Not few pilonidal patients do not have intergluteal hair, which is said to be the causative agent of folliculitis and pilonidal genesis. So, what is the real s..."
pi-backlog,pmid-28972995,28972995,2017,,The mitochondrial genome of the plant-pathogenic fungus Stemphylium lycopersici uncovers a dynamic structure due to repetitive and mobile elements.,,,,,primary_research,high,explicit cross-virus/shared-host language: comparative,low,no strong backlog-priority keywords matched,Stemphylium lycopersici (Pleosporales) is a plant-pathogenic fungus that has been associated with a broad range of plant-hosts worldwide. It is one of the causative agents of gray leaf spot disease in tomato and pepper. The aim of this work was to characterize the mitochondria...
pi-backlog,pmid-28922385,28922385,2017,,Metabolomics analyses identify platelet activating factors and heme breakdown products as Lassa fever biomarkers.,,,,proteomics;metabolomics;network_modeling,primary_research,candidate,"relevant viral/host/pathway terms matched: virus, viral, infection",medium,"relevant mechanistic terms: virus, viral",Lassa fever afflicts tens of thousands of people in West Africa annually. The rapid progression of patients from febrile illness to fulminant syndrome and death provides incentive for development of clinical prognostic markers that can guide case management. The small molecule...
pi-backlog,pmid-28844864,28844864,2017,,The Short Isoform of BRD4 Promotes HIV-1 Latency by Engaging Repressive SWI/SNF Chromatin-Remodeling Complexes.,,hiv,,epigenomics;network_modeling,data_or_analysis,unknown,no explicit cross-virus or strong viral host-mechanism terms matched,low,no strong backlog-priority keywords matched,"BET proteins commonly activate cellular gene expression, yet inhibiting their recruitment paradoxically reactivates latent HIV-1 transcription. Here we identify the short isoform of BET family member BRD4 (BRD4S) as a corepressor of HIV-1 transcription. We found that BRD4S was..."
pi-backlog,pmid-28693564,28693564,2017,,Surveillance of recent HIV infections among newly diagnosed HIV cases in Germany between 2008 and 2014.,,hiv,,,primary_research,candidate,relevant viral/host/pathway terms matched: infection,low,no strong backlog-priority keywords matched,"BACKGROUND: The HIV surveillance system in Germany is based on mandatory, anonymous notification of newly diagnosed HIV cases by laboratories. Because the time between HIV infection and the diagnosis of HIV varies widely between persons, it is difficult to determine the number..."
pi-backlog,pmid-28584171,28584171,2017,,Local disease-ecosystem-livelihood dynamics: reflections from comparative case studies in Africa.,,,,,primary_research,high,explicit cross-virus/shared-host language: comparative,low,no strong backlog-priority keywords matched,"This article explores the implications for human health of local interactions between disease, ecosystems and livelihoods. Five interdisciplinary case studies addressed zoonotic diseases in African settings: Rift Valley fever (RVF) in Kenya, human African trypanosomiasis in Za..."
pi-backlog,pmid-28405027,28405027,2017,,Virus genomes reveal factors that spread and sustained the Ebola epidemic.,,,,network_modeling,primary_research,candidate,"relevant viral/host/pathway terms matched: virus, viral",medium,"relevant mechanistic terms: virus, viral","The 2013-2016 West African epidemic caused by the Ebola virus was of unprecedented magnitude, duration and impact. Here we reconstruct the dispersal, proliferation and decline of Ebola virus throughout the region by analysing 1,610 Ebola virus genomes, which represent over 5%..."
pi-backlog,pmid-27978432,27978432,2016,,Retrovirus Integration: Some Assembly Required?,,,,epigenomics,primary_research,candidate,relevant viral/host/pathway terms matched: viral,medium,"relevant mechanistic terms: viral, host","Integration is a key feature of the retroviral life cycle. This process involves packaging of the viral genome into chromatin, which is often assumed to occur as a post-integration step. In this issue of Cell Host & Microbe, Wang and colleagues (Wang et al., 2016) show that ch..."
pi-backlog,pmid-27638202,27638202,2016,,Leveraging premalignant biology for immune-based cancer prevention.,,,,epigenomics,review,candidate,relevant viral/host/pathway terms matched: viral,medium,relevant mechanistic terms: viral,"Prevention is an essential component of cancer eradication. Next-generation sequencing of cancer genomes and epigenomes has defined large numbers of driver mutations and molecular subgroups, leading to therapeutic advances. By comparison, there is a relative paucity of such kn..."
pi-backlog,pmid-27400264,27400264,2016,,International AIDS Society global scientific strategy: towards an HIV cure 2016.,,hiv,,,review,candidate,relevant viral/host/pathway terms matched: infection,low,no strong backlog-priority keywords matched,"Antiretroviral therapy is not curative. Given the challenges in providing lifelong therapy to a global population of more than 35 million people living with HIV, there is intense interest in developing a cure for HIV infection. The International AIDS Society convened a group o..."
pi-backlog,pmid-27336362,27336362,2016,,MicroRNA-125b-5p mimic inhibits acute liver failure.,,,,,primary_research,high,explicit cross-virus/shared-host language: broad-spectrum,low,no strong backlog-priority keywords matched,"The lack of broad-spectrum anti-acute liver failure (ALF) therapeutic agents contributes to ALF-related mortality. MicroRNAs (miRNAs) are suggested to be potent serum biomarkers for ALF, but their functional and therapeutic relevance in ALF are unclear. Here we show an unbiase..."
pi-backlog,pmid-26657882,26657882,2016,,Antiviral innate immunity through the lens of systems biology.,,,,network_modeling,review,candidate,"relevant viral/host/pathway terms matched: virus, viral, infection",medium,"relevant mechanistic terms: virus, viral, host","Cellular innate immunity poses the first hurdle against invading viruses in their attempt to establish infection. This antiviral response is manifested with the detection of viral components by the host cell, followed by transduction of antiviral signals, transcription and tra..."
pi-backlog,pmid-26443011,26443011,2015,,Small-Molecule Allosteric Modulators of the Protein Kinase PDK1 from Structure-Based Docking.,,,,,primary_research,high,explicit cross-virus/shared-host language: comparative,low,no strong backlog-priority keywords matched,"Finding small molecules that target allosteric sites remains a grand challenge for ligand discovery. In the protein kinase field, only a handful of highly selective allosteric modulators have been found. Thus, more general methods are needed to discover allosteric modulators f..."
pi-backlog,pmid-26435392,26435392,2015,,Integrated Proteomic and Genomic Analysis of Gastric Cancer Patient Tissues.,,,,proteomics,primary_research,candidate,"relevant viral/host/pathway terms matched: viral, interaction, proteome, pathway",medium,"relevant mechanistic terms: viral, pathway","V-erb-b2 erythroblastic leukemia viral oncogene homologue 2, known as ERBB2, is an important oncogene in the development of certain cancers. It can form a heterodimer with other epidermal growth factor receptor family members and activate kinase-mediated downstream signaling p..."
pi-backlog,pmid-26362267,26362267,2015,,Interactive Big Data Resource to Elucidate Human Immune Pathways and Diseases.,,,,network_modeling,primary_research,candidate,"relevant viral/host/pathway terms matched: virus, interaction, pathway",medium,"relevant mechanistic terms: virus, host, pathway",Many functionally important interactions between genes and proteins involved in immunological diseases and processes are unknown. The exponential growth in public high-throughput data offers an opportunity to expand this knowledge. To unlock human-immunology-relevant insight c...
pi-backlog,pmid-26276630,26276630,2015,,Clinical Sequencing Uncovers Origins and Evolution of Lassa Virus.,,,,,data_or_analysis,candidate,"relevant viral/host/pathway terms matched: virus, viral",medium,"relevant mechanistic terms: virus, viral","The 2013-2015 West African epidemic of Ebola virus disease (EVD) reminds us of how little is known about biosafety level 4 viruses. Like Ebola virus, Lassa virus (LASV) can cause hemorrhagic fever with high case fatality rates. We generated a genomic catalog of almost 200 LASV..."
pi-backlog,pmid-26232586,26232586,2015,,"Interference of viral effector proteins with chromatin, transcription, and the epigenome.",,,,epigenomics,primary_research,candidate,relevant viral/host/pathway terms matched: viral,medium,"relevant mechanistic terms: viral, host","Pathogens exploit cellular functions to create an environment conducive to their persistence and propagation. Viruses and bacteria express effector-proteins or virulence factors, known to interfere at the molecular level with regulatory 'checkpoints' of numerous physiological..."
pi-backlog,pmid-26083367,26083367,2015,,"The Herpes Simplex Virus Protein pUL31 Escorts Nucleocapsids to Sites of Nuclear Egress, a Process Coordinated by Its N-Terminal Domain.",,,,proteomics,primary_research,candidate,"relevant viral/host/pathway terms matched: virus, viral, interaction",medium,"relevant mechanistic terms: virus, viral","Progeny capsids of herpesviruses leave the nucleus by budding through the nuclear envelope. Two viral proteins, the membrane protein pUL34 and the nucleo-phosphoprotein pUL31 form the nuclear egress complex that is required for capsid egress out of the nucleus. All pUL31 ortho..."
pi-backlog,pmid-26038505,26038505,2014,,Identification of 53 compounds that block Ebola virus-like particle entry via a repurposing screen of approved drugs.,,,,,data_or_analysis,candidate,"relevant viral/host/pathway terms matched: virus, infection",medium,"relevant mechanistic terms: virus, screen","In light of the current outbreak of Ebola virus disease, there is an urgent need to develop effective therapeutics to treat Ebola infection, and drug repurposing screening is a potentially rapid approach for identifying such therapeutics. We developed a biosafety level 2 (BSL-..."
pi-backlog,pmid-25378627,25378627,2014,,Phylogenomics resolves the timing and pattern of insect evolution.,,,,,primary_research,high,explicit cross-virus/shared-host language: comparative,low,no strong backlog-priority keywords matched,"Insects are the most speciose group of animals, but the phylogenetic relationships of many major lineages remain unresolved. We inferred the phylogeny of insects from 1478 protein-coding genes. Phylogenomic analyses of nucleotide and amino acid sequences, with site-specific nu..."
pi-backlog,pmid-25309545,25309545,2014,,Applying Convergent Immunity to Innovative Vaccines Targeting Staphylococcus aureus.,,,staphylococcus_aureus;candida_albicans,,primary_research,candidate,relevant viral/host/pathway terms matched: viral,medium,relevant mechanistic terms: viral,"Recent perspectives forecast a new paradigm for future ""third generation"" vaccines based on commonalities found in diverse pathogens or convergent immune defenses to such pathogens. For Staphylococcus aureus, recurring infections and a limited success of vaccines containing S...."
pi-backlog,pmid-25201897,25201897,2014,,"Tavaborole, a novel boron-containing small molecule for the topical treatment of onychomycosis, is noncarcinogenic in 2-year carcinogenicity studies.",,,,,primary_research,high,explicit cross-virus/shared-host language: broad-spectrum,low,no strong backlog-priority keywords matched,"Tavaborole, a cyclized boronic acid, has been approved by the Food and Drug Administration for the topical treatment of toenail onychomycosis. This novel, low-molecular-weight pharmaceutical compound has broad-spectrum antifungal activity against dermatophytes, yeasts, and mol..."
pi-backlog,pmid-24981332,24981332,2014,,Human responses to influenza vaccination show seroconversion signatures and convergent antibody rearrangements.,,influenza,,,primary_research,candidate,relevant viral/host/pathway terms matched: infection,low,no strong backlog-priority keywords matched,B cells produce a diverse antibody repertoire by undergoing gene rearrangements. Pathogen exposure induces the clonal expansion of B cells expressing antibodies that can bind the infectious agent. To assess human B cell responses to trivalent seasonal influenza and monovalent...
pi-backlog,pmid-24892795,24892795,2014,,Improved testing of recent HIV-1 infections with the BioRad avidity assay compared to the limiting antigen avidity assay and BED Capture enzyme immunoassay: evaluation using reference sample panels from the German Seroconverter Cohort.,,hiv,,,primary_research,candidate,relevant viral/host/pathway terms matched: infection,low,no strong backlog-priority keywords matched,BACKGROUND: The variety and limitations of current laboratory methods for estimating HIV-incidence has driven attempts to improve and standardize the performance of serological 'Tests for Recent HIV-Infections' (TRI). Primary and follow-up HIV-1 positive plasma samples from in...
pi-backlog,pmid-24843188,24843188,2014,,Comparative Study of Hydroalcoholic Extracts of Momordica charantia L. against Foodborne Pathogens.,,,,,methods,high,explicit cross-virus/shared-host language: comparative,low,no strong backlog-priority keywords matched,"The antimicrobial effect of 24 different hydroalcoholic extracts (100, 75, 50 and 25% methanol and water) obtained from four parts (leaf+stem (aerial), peel, pulp and seed) of Momordica charantia L. were investigated against five Gram-positive, six Gram-negative and four funga..."
pi-backlog,pmid-24802635,24802635,2014,,Prediction of substrates for glutathione transferases by covalent docking.,,,,,methods,high,explicit cross-virus/shared-host language: comparative,low,no strong backlog-priority keywords matched,"Enzymes in the glutathione transferase (GST) superfamily catalyze the conjugation of glutathione (GSH) to electrophilic substrates. As a consequence they are involved in a number of key biological processes, including protection of cells against chemical damage, steroid and pr..."
pi-backlog,pmid-24743923,24743923,2014,,In vivo ligands of MDA5 and RIG-I in measles virus-infected cells.,,,,,data_or_analysis,candidate,"relevant viral/host/pathway terms matched: virus, viral",medium,"relevant mechanistic terms: virus, viral, host","RIG-I-like receptors (RLRs: RIG-I, MDA5 and LGP2) play a major role in the innate immune response against viral infections and detect patterns on viral RNA molecules that are typically absent from host RNA. Upon RNA binding, RLRs trigger a complex downstream signaling cascade..."
pi-backlog,pmid-24643253,24643253,2014,,MAVS protein is attenuated by rotavirus nonstructural protein 1.,,,,,data_or_analysis,candidate,"relevant viral/host/pathway terms matched: virus, viral, interaction, infection",medium,"relevant mechanistic terms: virus, viral, host","Rotavirus is the single, most important agent of infantile gastroenteritis in many animal species, including humans. In developing countries, rotavirus infection attributes approximately 500,000 deaths annually. Like other viruses it establishes an intimate and complex interac..."
pi-backlog,pmid-23389801,23389801,2013,,Towards accurate estimates of the spin-state energetics of spin-crossover complexes within density functional theory: a comparative case study of cobalt(II) complexes.,,,,,primary_research,high,explicit cross-virus/shared-host language: comparative,low,no strong backlog-priority keywords matched,"We report a detailed DFT study of the energetic and structural properties of the spin-crossover Co(ii) complex [Co(tpy)(2)](2+) (tpy = 2,2':6',2''-terpyridine) in the low-spin (LS) and the high-spin (HS) states, using several generalized gradient approximation and hybrid funct..."
pi-backlog,pmid-23217624,23217624,2013,,Snapshots: chromatin control of viral infection.,,,,epigenomics,review,candidate,"relevant viral/host/pathway terms matched: viral, infection",medium,"relevant mechanistic terms: viral, host","Like their cellular host counterparts, many invading viral pathogens must contend with, modulate, and utilize the host cell's chromatin machinery to promote efficient lytic infection or control persistent-latent states. While not intended to be comprehensive, this review repre..."
pi-backlog,pmid-23794798,23794798,2012,,In Vivo Replication and Pathogenesis of Vesicular Stomatitis Virus Recombinant M40 Containing Ebola Virus L-Domain Sequences.,,,,,data_or_analysis,candidate,"relevant viral/host/pathway terms matched: virus, infection",medium,"relevant mechanistic terms: virus, host","The M40 VSV recombinant was engineered to contain overlapping PTAP and PPxY L-domain motifs and flanking residues from the VP40 protein of Ebola virus. Replication of M40 in cell culture is virtually indistinguishable from that of control viruses. However, the presence of the..."
pi-backlog,pmid-23029594,23029594,2012,,"Molecular diagnostics for lassa fever at Irrua specialist teaching hospital, Nigeria: lessons learnt from two years of laboratory operation.",,,,network_modeling,primary_research,candidate,"relevant viral/host/pathway terms matched: virus, viral",medium,"relevant mechanistic terms: virus, viral","BACKGROUND: Lassa fever is a viral hemorrhagic fever endemic in West Africa. However, none of the hospitals in the endemic areas of Nigeria has the capacity to perform Lassa virus diagnostics. Case identification and management solely relies on non-specific clinical criteria...."
pi-backlog,pmid-23002976,23002976,2012,,Influenza vaccines: T-cell responses deserve more attention.,,influenza,,,primary_research,candidate,relevant viral/host/pathway terms matched: infection,low,no strong backlog-priority keywords matched,"Currently licensed influenza vaccines rely predominantly on the induction of strain-matched hemagglutination inhibition antibody responses. These vaccines have a proven record of safety and efficacy in preventing influenza-induced illness and complications. However, they do no..."
pi-backlog,pmid-22848552,22848552,2012,,Zidovudine exposure in HIV-1 infected Tanzanian women increases mitochondrial DNA levels in placenta and umbilical cords.,,influenza;hiv,,,primary_research,candidate,relevant viral/host/pathway terms matched: infection,low,no strong backlog-priority keywords matched,"BACKGROUND: Zidovudine (AZT) constitutes part of the recommended regimens for prevention and treatment of HIV-1 infection. At the same time, AZT as well as HIV-1 infection itself may induce mitochondrial damage. In this study, we analyzed the impact of prenatal AZT-exposure on..."
pi-backlog,pmid-22590727,22590727,2012,,"A comparative study of ancient sedimentary DNA, pollen and macrofossils from permafrost sediments of northern Siberia reveals long-term vegetational stability.",,,,,primary_research,high,explicit cross-virus/shared-host language: comparative,low,no strong backlog-priority keywords matched,"Although ancient DNA from sediments (sedaDNA) has been used to investigate past ecosystems, the approach has never been directly compared with the traditional methods of pollen and macrofossil analysis. We conducted a comparative survey of 18 ancient permafrost samples spannin..."
pi-backlog,pmid-22084242,22084242,2012,,Two-pronged binding with bromodomain-containing protein 4 liberates positive transcription elongation factor b from inactive ribonucleoprotein complexes.,,hiv,,,primary_research,candidate,relevant viral/host/pathway terms matched: interaction,low,no strong backlog-priority keywords matched,"The positive transcription elongation factor b (P-TEFb) exists in two forms in cells as follows: an inactive form where the core components cyclin T1 and CDK9 are incorporated in the 7SK small nuclear ribonucleoprotein complex containing the inhibitory molecule HEXIM1, and an..."
pi-backlog,pmid-21956618,21956618,2011,,A common 5'-UTR variant in MATE2-K is associated with poor response to metformin.,,,,,primary_research,high,explicit cross-virus/shared-host language: comparative,low,no strong backlog-priority keywords matched,"Multidrug and toxin extrusion 2 (MATE2-K (SLC47A2)), a polyspecific organic cation exporter, facilitates the renal elimination of the antidiabetes drug metformin. In this study, we characterized genetic variants of MATE2-K, determined their association with metformin response,..."
pi-backlog,pmid-21823622,21823622,2011,,Discovery of a cytokinin deaminase.,,,,,primary_research,high,explicit cross-virus/shared-host language: comparative,low,no strong backlog-priority keywords matched,"An enzyme of unknown function within the amidohydrolase superfamily was discovered to catalyze the hydrolysis of N-6-substituted adenine derivatives, several of which are cytokinins. Cytokinins are a common type of plant hormone and N-6-substituted adenines are also found as m..."
pi-backlog,pmid-21400558,21400558,2011,,MicroRNA-221 regulates FAS-induced fulminant liver failure.,,,,,data_or_analysis,candidate,relevant viral/host/pathway terms matched: virus,medium,relevant mechanistic terms: virus,"UNLABELLED: Death receptor-mediated apoptosis of hepatocytes contributes to hepatitis and fulminant liver failure. MicroRNAs (miRNAs), 19-25 nucleotide-long noncoding RNAs, have been implicated in the posttranscriptional regulation of the various apoptotic pathways. Here we re..."
pi-backlog,pmid-21245900,21245900,2011,,2 methylate or not 2 methylate: viral evasion of the type I interferon response.,,,,epigenomics,primary_research,candidate,relevant viral/host/pathway terms matched: viral,medium,"relevant mechanistic terms: viral, host",Recent work highlights the requirement for 2′-O-methylation of capped mRNA to prevent recognition by the antiviral host response.
pi-backlog,pmid-20406241,20406241,2010,,"Comparative efficacy of aliskiren monotherapy and ramipril monotherapy in patients with stage 2 systolic hypertension: subgroup analysis of a double-blind, active comparator trial.",,,,,primary_research,high,explicit cross-virus/shared-host language: comparative,low,no strong backlog-priority keywords matched,Aliskiren is the first direct renin inhibitor approved for the treatment of hypertension. Blood pressure (BP) control in stage 2 hypertension with aliskiren monotherapy has not been reported. This was a post hoc analysis of the subgroup of patients with stage 2 systolic hypert...
pi-backlog,pmid-20140189,20140189,2010,,The overlap of small molecule and protein binding sites within families of protein structures.,,hiv,,,methods,candidate,relevant viral/host/pathway terms matched: interaction,low,no strong backlog-priority keywords matched,"Protein-protein interactions are challenging targets for modulation by small molecules. Here, we propose an approach that harnesses the increasing structural coverage of protein complexes to identify small molecules that may target protein interactions. Specifically, we identi..."
pi-backlog,pmid-19927307,19927307,2010,,Psychiatric syndromes in individuals with chromosome 18 abnormalities.,,,,,primary_research,high,explicit cross-virus/shared-host language: comparative,low,no strong backlog-priority keywords matched,Chromosome 18 abnormalities are associated with a range of physical abnormalities such as short stature and hearing impairments. Psychiatric manifestations have also been observed. This study focuses on the presentations of psychiatric syndromes as they relate to specific chro...
pi-backlog,pmid-19617271,19617271,2009,,Comparative effects of aliskiren-based and ramipril-based therapy on the renin system during long-term (6 months) treatment and withdrawal in patients with hypertension.,,,,,primary_research,high,explicit cross-virus/shared-host language: comparative,low,no strong backlog-priority keywords matched,"INTRODUCTION: This subgroup analysis assessed the effects of treatment based on the direct renin inhibitor, aliskiren, or the angiotensin-converting enzyme inhibitor, ramipril, on plasma renin activity (PRA), plasma renin concentration (PRC) and other biomarkers in a 26-week r..."
pi-backlog,pmid-19478882,19478882,2009,,Host cell factors in HIV replication: meta-analysis of genome-wide studies.,,hiv,,network_modeling,primary_research,unknown,no explicit cross-virus or strong viral host-mechanism terms matched,medium,relevant mechanistic terms: host,"We have analyzed host cell genes linked to HIV replication that were identified in nine genome-wide studies, including three independent siRNA screens. Overlaps among the siRNA screens were very modest (<7% for any pairwise combination), and similarly, only modest overlaps wer..."
pi-backlog,pmid-18832340,18832340,2008,,How well can the accuracy of comparative protein structure models be predicted?,,,,,methods,high,explicit cross-virus/shared-host language: comparative,low,no strong backlog-priority keywords matched,"Comparative structure models are available for two orders of magnitude more protein sequences than are experimentally determined structures. These models, however, suffer from two limitations that experimentally determined structures do not: They frequently contain significant..."
pi-backlog,pmid-18300872,18300872,2008,,"Comparative efficacy and safety of aliskiren, an oral direct renin inhibitor, and ramipril in hypertension: a 6-month, randomized, double-blind trial.",,,,,primary_research,high,explicit cross-virus/shared-host language: comparative,low,no strong backlog-priority keywords matched,"OBJECTIVES: This double-blind study compared long-term efficacy, safety and tolerability of the oral direct renin inhibitor aliskiren and the angiotensin-converting enzyme inhibitor ramipril alone and combined with hydrochlorothiazide in patients with hypertension. METHODS: Af..."
pi-backlog,pmid-18082876,18082876,2007,,Impact of bilingual product information labels on Spanish-speaking adults' ability to comprehend OTC information.,,,,,primary_research,high,explicit cross-virus/shared-host language: comparative,low,no strong backlog-priority keywords matched,BACKGROUND: There is a steady growth in the Spanish-speaking population in the United States. Language may be a barrier in accessing nonprescription medication information for the non-English-speaking population. OBJECTIVE: The objective of this study was to compare consumer-r...
pi-backlog,pmid-17570147,17570147,2007,,The AnnoLite and AnnoLyze programs for comparative annotation of protein structures.,,,,,primary_research,high,explicit cross-virus/shared-host language: comparative,low,no strong backlog-priority keywords matched,"BACKGROUND: Advances in structural biology, including structural genomics, have resulted in a rapid increase in the number of experimentally determined protein structures. However, about half of the structures deposited by the structural genomics consortia have little or no in..."
pi-backlog,pmid-16423846,16423846,2006,,Variable gap penalty for protein sequence-structure alignment.,,,,,primary_research,high,explicit cross-virus/shared-host language: comparative,low,no strong backlog-priority keywords matched,"The penalty for inserting gaps into an alignment between two protein sequences is a major determinant of the alignment accuracy. Here, we present an algorithm for finding a globally optimal alignment by dynamic programming that can use a variable gap penalty (VGP) function of..."
pi-backlog,pmid-42465941,42465941,2026,,Post-vaccination expansion of extrafollicular Th10 and regulatory Tfr cells distinguishes strong from weak influenza vaccine responses in older adults.,,influenza,,,data_or_analysis,unknown,no explicit cross-virus or strong viral host-mechanism terms matched,low,no strong backlog-priority keywords matched,"Despite the superior efficacy of high-dose influenza vaccines, over one-third of older adults fail to respond. Yet, the mechanisms underlying this impaired vaccine responsiveness remain poorly understood. Here, we performed longitudinal profiling of older adults (n=60) receivi..."
pi-backlog,pmid-41279793,41279793,2025,,Bayesian multi-state multi-condition modeling of a protein structure based on X-ray crystallography data.,,sars-cov-2;sars-cov,,network_modeling,primary_research,unknown,no explicit cross-virus or strong viral host-mechanism terms matched,low,no strong backlog-priority keywords matched,"An atomic structure model of a protein can be computed from a diffraction pattern of its crystal. While most crystallographic studies produce a single set of atomic coordinates, the billions of protein molecules in a crystal sample many conformational modes during data collect..."
pi-backlog,pmid-40719420,40719420,2025,,Recognizing amino acid sidechains in a medium-resolution cryo-electron density map.,,coronavirus,,network_modeling,methods,unknown,no explicit cross-virus or strong viral host-mechanism terms matched,low,no strong backlog-priority keywords matched,"Building an accurate atomic structure model of a protein into a cryo-electron microscopy (cryo-EM) map at worse than 3 Å resolution is difficult. To facilitate this task, we devised a method for assigning the amino acid residue sequence to the backbone fragments traced in an i..."
pi-backlog,pmid-40654703,40654703,2025,,Recognizing amino acid sidechains in a medium resolution cryo-electron density map.,,sars-cov-2;sars-cov,,network_modeling,methods,unknown,no explicit cross-virus or strong viral host-mechanism terms matched,low,no strong backlog-priority keywords matched,"Building an accurate atomic structure model of a protein into a cryo-electron microscopy (cryo-EM) map at worse than 3 Å resolution is difficult. To facilitate this task, we devised a method for assigning the amino acid residue sequence to the backbone fragments traced in an i..."
hpmi,pmid-40436823,40436823,2025,HPMI,WNK1 mediates M-CSF-induced macropinocytosis to enforce macrophage lineage fidelity.,,,,,primary_research,unknown,no explicit cross-virus or strong host-mechanism terms matched,medium,recent HPMI paper but no strong viral/pathogen keywords matched,"Tissue-resident macrophages (TRM) are critical for mammalian organismal development and homeostasis. Here we report that with-no-lysine 1 (WNK1) controls myeloid progenitor fate, with Csf1riCre-mediated Wnk1 deletion in mice (WNK1-deficient mice) resulting in loss of TRMs and..."
pi-backlog,pmid-37897020,37897020,2023,,Engineering Non-Human RNA Viruses for Cancer Therapy.,,,,,review,candidate,relevant viral/host/pathway terms matched: viral,medium,relevant mechanistic terms: viral,"Alongside the development and progress in cancer immunotherapy, research in oncolytic viruses (OVs) continues advancing novel treatment strategies to the clinic. With almost 50 clinical trials carried out over the last decade, the opportunities for intervention using OVs are e..."
pi-backlog,pmid-37809344,37809344,2023,,Herpetic anterior uveitis following COVID-19 vaccines: a case series.,,sars-cov-2;sars-cov;cmv,,network_modeling,review,unknown,no explicit cross-virus or strong viral host-mechanism terms matched,low,no strong backlog-priority keywords matched,"PURPOSE: To report a case series of herpetic uveitis following COVID-19 vaccinations. METHODS: Demographic, clinical and treatment-related data of herpetic anterior uveitis cases was collected at five tertiary eye hospitals between January 2021 and June 2022. A retrospective d..."
pi-backlog,pmid-37693943,37693943,2023,,Modifying immune responses to adeno-associated virus vectors by capsid engineering.,,,,,primary_research,candidate,"relevant viral/host/pathway terms matched: virus, interaction",medium,"relevant mechanistic terms: virus, host","De novo immune responses are considered major challenges in gene therapy. With the aim to lower innate immune responses directly in cells targeted by adeno-associated virus (AAV) vectors, we equipped the vector capsid with a peptide known to interfere with Toll-like receptor s..."
pi-backlog,pmid-37563550,37563550,2023,,Socio-demographic characteristics associated with COVID-19 vaccination uptake in Switzerland: longitudinal analysis of the CoMix study.,,sars-cov-2;sars-cov;coronavirus,,network_modeling,primary_research,unknown,no explicit cross-virus or strong viral host-mechanism terms matched,low,no strong backlog-priority keywords matched,"BACKGROUND: Vaccination is an effective strategy to reduce morbidity and mortality from coronavirus disease 2019 (COVID-19). However, the uptake of COVID-19 vaccination has varied across and within countries. Switzerland has had lower levels of COVID-19 vaccination uptake in t..."
pi-backlog,pmid-37322614,37322614,2023,,Genomic and ultrastructural analysis of monkeypox virus in skin lesions and in human/animal infected cells reveals further morphofunctional insights into viral pathogenicity.,,,,,primary_research,candidate,"relevant viral/host/pathway terms matched: virus, viral, infection",medium,"relevant mechanistic terms: virus, viral, host","Monkeypox (MPOX) is a zoonotic disease that affects humans and other primates, resulting in a smallpox-like illness. It is caused by monkeypox virus (MPXV), which belongs to the Poxviridae family. Clinically manifested by a range of cutaneous and systemic findings, as well as..."
pi-backlog,pmid-37090541,37090541,2023,,Utilizing river and wastewater as a SARS-CoV-2 surveillance tool to predict trends and identify variants of concern in settings with limited formal sewage systems.,,sars-cov-2;sars-cov,,,data_or_analysis,unknown,no explicit cross-virus or strong viral host-mechanism terms matched,low,no strong backlog-priority keywords matched,"The COVID-19 pandemic continues to impact health systems globally and robust surveillance is critical for pandemic control, however not all countries can sustain community surveillance programs. Wastewater surveillance has proven valuable in high-income settings, but little is..."
pi-backlog,pmid-37063237,37063237,2023,,"Inequalities in SARS-CoV-2 case rates by ethnicity, religion, measures of socioeconomic position, English proficiency, and self-reported disability: cohort study of 39 million people in England during the alpha and delta waves.",,sars-cov-2;sars-cov,,network_modeling,primary_research,unknown,no explicit cross-virus or strong viral host-mechanism terms matched,low,no strong backlog-priority keywords matched,"OBJECTIVE: To examine sociodemographic inequalities in people with SARS-CoV-2 during the second (alpha) and third (delta) waves of the covid-19 pandemic. DESIGN: Retrospective, population based cohort study. SETTING: Resident population of England. PARTICIPANTS: 39 006 194 peo..."
current-program,pmid-37061918,37061918,2023,CViSB,Antibodies against the Ebola virus soluble glycoprotein are associated with long-term vaccine-mediated protection of non-human primates.,Ryan McNamara,,,,data_or_analysis,candidate,relevant viral/host/pathway terms matched: virus,medium,older paper with relevant terms: virus,"The 2013 Ebola epidemic in Central and West Africa heralded the emergence of wide-spread, highly pathogenic viruses. The successful recombinant vector vaccine against Ebola (rVSVΔG-ZEBOV-GP) will limit future outbreaks, but identifying mechanisms of protection is essential to..."
pi-backlog,pmid-36812912,36812912,2023,,Bat pluripotent stem cells reveal unusual entanglement between host and viruses.,,,,,primary_research,candidate,"relevant viral/host/pathway terms matched: virus, viral",medium,"relevant mechanistic terms: virus, viral, host","Bats are distinctive among mammals due to their ability to fly, use laryngeal echolocation, and tolerate viruses. However, there are currently no reliable cellular models for studying bat biology or their response to viral infections. Here, we created induced pluripotent stem..."
current-program,pmid-36475767,36475767,2023,,"Early Genomic Surveillance and Phylogeographic Analysis of Getah Virus, a Reemerging Arbovirus, in Livestock in China.",,,,,data_or_analysis,candidate,"relevant viral/host/pathway terms matched: virus, viral",medium,"older paper with relevant terms: virus, viral, host, pathogen","Getah virus (GETV) mainly causes disease in livestock and may pose an epidemic risk due to its expanding host range and the potential of long-distance dispersal through animal trade. Here, we used metagenomic next-generation sequencing (mNGS) to identify GETV as the pathogen r..."
pi-backlog,pmid-36567369,36567369,2022,,Humoral and cellular immune responses to Lassa fever virus in Lassa fever survivors and their exposed contacts in Southern Nigeria.,,,,,primary_research,candidate,relevant viral/host/pathway terms matched: virus,medium,relevant mechanistic terms: virus,"Elucidating the adaptive immune characteristics of natural protection to Lassa fever (LF) is vital in designing and selecting optimal vaccine candidates. With rejuvenated interest in LF and a call for accelerated research on the Lassa virus (LASV) vaccine, there is a need to d..."
pi-backlog,pmid-36534452,36534452,2022,,Epigenetic aging is associated with aberrant neural oscillatory dynamics serving visuospatial processing in people with HIV.,,hiv,,epigenomics;network_modeling,primary_research,unknown,no explicit cross-virus or strong viral host-mechanism terms matched,low,no strong backlog-priority keywords matched,"BACKGROUND: Despite effective antiretroviral therapy, cognitive impairment and other aging-related comorbidities are more prevalent in people with HIV (PWH) than in the general population. Previous research examining DNA methylation has shown PWH exhibit accelerated biological..."
pi-backlog,pmid-36519174,36519174,2022,,Interaction between chicken TRIM25 and MDA5 and their role in mediated antiviral activity against IBDV infection.,,,,,primary_research,candidate,"relevant viral/host/pathway terms matched: virus, viral, interaction, pathway, infection",medium,"relevant mechanistic terms: virus, viral, pathway",Infectious Bursal Disease Virus (IBDV) is the causative agent of an immunosuppressive disease that affects domestic chickens (Gallus gallus) severely affecting poultry industry worldwide. IBDV infection is characterized by a rapid depletion of the bursal B cell population by a...
pi-backlog,pmid-36474933,36474933,2022,,"Electron microscopy holdings of the Protein Data Bank: the impact of the resolution revolution, new validation tools, and implications for the future.",,sars-cov-2;sars-cov;hiv,,network_modeling,review,unknown,no explicit cross-virus or strong viral host-mechanism terms matched,low,no strong backlog-priority keywords matched,"As a discipline, structural biology has been transformed by the three-dimensional electron microscopy (3DEM) ""Resolution Revolution"" made possible by convergence of robust cryo-preservation of vitrified biological materials, sample handling systems, and measurement stages oper..."
pi-backlog,pmid-36418317,36418317,2022,,Expanding cross-presenting dendritic cells enhances oncolytic virotherapy and is critical for long-term anti-tumor immunity.,,,,,primary_research,candidate,"relevant viral/host/pathway terms matched: virus, viral",medium,"relevant mechanistic terms: virus, viral","Immunotherapies directly enhancing anti-tumor CD8+ T cell responses have yielded measurable but limited success, highlighting the need for alternatives. Anti-tumor T cell responses critically depend on antigen presenting dendritic cells (DC), and enhancing mobilization, antige..."
pi-backlog,pmid-36134603,36134603,2022,,Neutralizing Immunity Induced Against the Omicron BA.1 and BA.2 Variants in Vaccine Breakthrough Infections.,,,,,primary_research,candidate,relevant viral/host/pathway terms matched: virus,medium,relevant mechanistic terms: virus,"BACKGROUND: As of early 2022, the Omicron variants are the predominant circulating lineages globally. Understanding neutralizing antibody responses against Omicron BA.1 and BA.2 after vaccine breakthrough infections will provide insights into BA.2 infectivity and susceptibilit..."
pi-backlog,pmid-35937459,35937459,2022,,Avian Paramyxovirus 4 Antitumor Activity Leads to Complete Remissions and Long-term Protective Memory in Preclinical Melanoma and Colon Carcinoma Models.,,,,,primary_research,candidate,"relevant viral/host/pathway terms matched: virus, viral",medium,"relevant mechanistic terms: virus, viral","Avulaviruses represent a diverse subfamily of non-segmented negative strand RNA viruses infecting avian species worldwide. To date, 22 different serotypes have been identified in a variety of avian hosts, including wild and domestic birds. APMV-1, also known as Newcastle disea..."
pi-backlog,pmid-35850699,35850699,2022,,"The prevalence of Post-Ebola Syndrome hearing loss, Sierra Leone.",,,,,primary_research,candidate,relevant viral/host/pathway terms matched: virus,medium,relevant mechanistic terms: virus,"BACKGROUND: Globally, hearing loss is the second leading cause of disability, affecting approximately 18.7% of the world's population. However, the burden of hearing loss is unequally distributed, with the majority of affected individuals located in Asia or Sub-Saharan Africa...."
pi-backlog,pmid-35632848,35632848,2022,,"Type I and Type II Interferon Antagonism Strategies Used by Paramyxoviridae: Previous and New Discoveries, in Comparison.",,,,,primary_research,candidate,"relevant viral/host/pathway terms matched: viral, pathway",medium,"relevant mechanistic terms: viral, host, pathway","Paramyxoviridae is a viral family within the order of Mononegavirales; they are negative single-strand RNA viruses that can cause significant diseases in both humans and animals. In order to replicate, paramyxoviruses-as any other viruses-have to bypass an important protective..."
pi-backlog,pmid-35053588,35053588,2022,,Hepatocellular Carcinoma Is a Natural Target for Adeno-Associated Virus (AAV) 2 Vectors.,,,,,primary_research,candidate,relevant viral/host/pathway terms matched: virus,medium,relevant mechanistic terms: virus,"Although therapeutic options are gradually improving, the overall prognosis for patients with hepatocellular carcinoma (HCC) is still poor. Gene therapy-based strategies are developed to complement the therapeutic armamentarium, both in early and late-stage disease. For effici..."
current-program,pmid-34841975,34841975,2022,,Combining cox regressions across a heterogeneous distributed research network facing small and zero counts.,,,,,primary_research,high,explicit cross-virus/shared-host language: comparative,low,no strong literature-priority keywords matched,"Studies of the effects of medical interventions increasingly take place in distributed research settings using data from multiple clinical data sources including electronic health records and administrative claims. In such settings, privacy concerns typically prohibit sharing..."
pi-backlog,pmid-35485346,35485346,2021,,"Pharmacokinetics, safety and tolerability of single- and multiple-ascending doses of JNJ-64530440, a novel hepatitis B virus capsid assembly modulator, in healthy volunteers.",,,,,primary_research,candidate,relevant viral/host/pathway terms matched: virus,medium,relevant mechanistic terms: virus,"BACKGROUND: Pharmacokinetics and safety of JNJ-64530440, a hepatitis B virus capsid assembly modulator producing normal empty capsids (CAM-N), in healthy volunteers were evaluated. METHODS: This Phase I study (NCT03439488) was a double-blind, randomised, placebo-controlled stu..."
current-program,pmid-34615350,34615350,2021,,Biological Mitigation of Antibiotic Resistance Gene Dissemination by Antioxidant-Producing Microorganisms in Activated Sludge Systems.,,,,,data_or_analysis,candidate,relevant viral/host/pathway terms matched: pathway,medium,older paper with relevant terms: host,Antibiotic resistance is the principal mechanism of an evergrowing bacterial threat. Antibiotic residues in the environment are a major contributor to the spread of antibiotic resistance genes (ARGs). Subinhibitory concentrations of antibiotics cause bacteria to produce reacti...
pi-backlog,pmid-34512601,34512601,2021,,African Swine Fever Virus Induces STAT1 and STAT2 Degradation to Counteract IFN-I Signaling.,,,,,primary_research,candidate,"relevant viral/host/pathway terms matched: virus, viral, pathway, infection",medium,"relevant mechanistic terms: virus, viral, host, pathway","African swine fever virus (ASFV) causes a serious disease in domestic pigs and wild boars and is currently expanding worldwide. No safe and efficacious vaccines against ASFV are available, which threats the swine industry worldwide. African swine fever virus (ASFV) is a comple..."
pi-backlog,pmid-34452470,34452470,2021,,The Origins and Future of Sentinel: An Early-Warning System for Pandemic Preemption and Response.,,,,,primary_research,candidate,"relevant viral/host/pathway terms matched: virus, viral",medium,"relevant mechanistic terms: virus, viral","While investigating a signal of adaptive evolution in humans at the gene LARGE, we encountered an intriguing finding by Dr. Stefan Kunz that the gene plays a critical role in Lassa virus binding and entry. This led us to pursue field work to test our hypothesis that natural se..."
pi-backlog,pmid-34452409,34452409,2021,,The HSV1 Tail-Anchored Membrane Protein pUL34 Contains a Basic Motif That Supports Active Transport to the Inner Nuclear Membrane Prior to Formation of the Nuclear Egress Complex.,,,,,primary_research,candidate,"relevant viral/host/pathway terms matched: virus, viral",medium,"relevant mechanistic terms: virus, viral, host","Herpes simplex virus type 1 nucleocapsids are released from the host nucleus by a budding process through the nuclear envelope called nuclear egress. Two viral proteins, the integral membrane proteins pUL34 and pUL31, form the nuclear egress complex at the inner nuclear membra..."
current-program,pmid-34304580,34304580,2021,,Comparative First-Line Effectiveness and Safety of ACE (Angiotensin-Converting Enzyme) Inhibitors and Angiotensin Receptor Blockers: A Multinational Cohort Study.,,,,,primary_research,high,explicit cross-virus/shared-host language: comparative,low,no strong literature-priority keywords matched,[Figure: see text].
pi-backlog,pmid-34292969,34292969,2021,,Ending the HIV epidemic using National HIV Behavioral Surveillance (NHBS): Recommendations based on DC model.,,hiv,,network_modeling,methods,unknown,no explicit cross-virus or strong viral host-mechanism terms matched,low,no strong backlog-priority keywords matched,INTRODUCTION: Social network strategies have been used by health departments to identify undiagnosed cases of HIV. Heterosexual cycle (HET4) of National HIV Behavioral Surveillance (NHBS) is a social network strategy implemented in jurisdictions. The main objectives of this re...
pi-backlog,pmid-34188896,34188896,2021,,Monitoring COVID-19 pandemic through the lens of social media using natural language processing and machine learning.,,sars-cov-2;coronavirus;influenza,,network_modeling,primary_research,unknown,no explicit cross-virus or strong viral host-mechanism terms matched,low,no strong backlog-priority keywords matched,"PURPOSE: It has been over a year since the first known case of coronavirus disease (COVID-19) emerged, yet the pandemic is far from over. To date, the coronavirus pandemic has infected over eighty million people and has killed more than 1.78 million worldwide. This study aims..."
pi-backlog,pmid-34132940,34132940,2021,,Ethnic differences in COVID-19 mortality during the first two waves of the Coronavirus Pandemic: a nationwide cohort study of 29 million adults in England.,,sars-cov-2;coronavirus,,network_modeling,primary_research,unknown,no explicit cross-virus or strong viral host-mechanism terms matched,low,no strong backlog-priority keywords matched,Ethnic minorities have experienced disproportionate COVID-19 mortality rates in the UK and many other countries. We compared the differences in the risk of COVID-19 related death between ethnic groups in the first and second waves the of COVID-19 pandemic in England. We also i...
current-program,pmid-33846610,33846610,2021,CViSB,"Integration of genomic sequencing into the response to the Ebola virus outbreak in Nord Kivu, Democratic Republic of the Congo.",Kristian Andersen,,,,data_or_analysis,candidate,relevant viral/host/pathway terms matched: virus,medium,older paper with relevant terms: virus,"On 1 August 2018, the Democratic Republic of the Congo (DRC) declared its tenth Ebola virus disease (EVD) outbreak. To aid the epidemiologic response, the Institut National de Recherche Biomédicale (INRB) implemented an end-to-end genomic surveillance system, including sequenc..."
pi-backlog,pmid-33822010,33822010,2021,,Post-Ebola Syndrome Presents With Multiple Overlapping Symptom Clusters: Evidence From an Ongoing Cohort Study in Eastern Sierra Leone.,,,,,primary_research,candidate,relevant viral/host/pathway terms matched: virus,medium,relevant mechanistic terms: virus,"BACKGROUND: Following the 2013-2016 West African Ebola outbreak, distinct, persistent health complaints were recognized in Ebola virus disease (EVD) survivors. Here we provide an in-depth characterization of post-Ebola syndrome >2.5 years after resolution of disease. Additiona..."
pi-backlog,pmid-33809204,33809204,2021,,"Space-Time Trends in Lassa Fever in Sierra Leone by ELISA Serostatus, 2012-2019.",,,,,primary_research,candidate,relevant viral/host/pathway terms matched: viral,medium,relevant mechanistic terms: viral,"Lassa fever (LF) is a viral hemorrhagic disease found in Sub-Saharan Africa and is responsible for up to 300,000 cases and 5000 deaths annually. LF is highly endemic in Sierra Leone, particularly in its Eastern Province. Kenema Government Hospital (KGH) maintains one of only a..."
pi-backlog,pmid-33790474,33790474,2021,,TAP dysfunction in dendritic cells enables noncanonical cross-presentation for T cell priming.,,,,,primary_research,candidate,"relevant viral/host/pathway terms matched: viral, infection",medium,relevant mechanistic terms: viral,Classic major histocompatibility complex class I (MHC-I) presentation relies on shuttling cytosolic peptides into the endoplasmic reticulum (ER) by the transporter associated with antigen processing (TAP). Viruses disable TAP to block MHC-I presentation and evade cytotoxic CD8...
pi-backlog,pmid-33587778,33587778,2021,,"Avian orthoavulavirus 1 (Newcastle Disease virus) antibodies in five penguin species, Antarctic peninsula and Southern Patagonia.",,,,,primary_research,candidate,relevant viral/host/pathway terms matched: virus,medium,relevant mechanistic terms: virus,"Avian orthoavulavirus 1 (AOaV-1) causes Newcastle disease, one of the most important and contagious infections in poultry, where migratory birds can play a key role as a reservoir. Seven hundred and seven serum samples were collected from five penguin species (King, Magellanic..."
current-program,pmid-33455849,33455849,2021,SCRIPT,Forest and Trees: Exploring Bacterial Virulence with Genome-wide Association Studies and Machine Learning.,Alan Hauser,,,,review,high,explicit cross-virus/shared-host language: comparative,low,no strong literature-priority keywords matched,The advent of inexpensive and rapid sequencing technologies has allowed bacterial whole-genome sequences to be generated at an unprecedented pace. This wealth of information has revealed an unanticipated degree of strain-to-strain genetic diversity within many bacterial specie...
pi-backlog,pmid-33413539,33413539,2021,,HiDeF: identifying persistent structures in multiscale 'omics data.,,sars-cov-2;sars-cov,,transcriptomics;network_modeling,methods,unknown,no explicit cross-virus or strong viral host-mechanism terms matched,low,no strong backlog-priority keywords matched,"In any 'omics study, the scale of analysis can dramatically affect the outcome. For instance, when clustering single-cell transcriptomes, is the analysis tuned to discover broad or specific cell types? Likewise, protein communities revealed from protein networks can vary widel..."
pi-backlog,pmid-32553580,32553580,2021,,An 'Arms Race' between the Nonsense-mediated mRNA Decay Pathway and Viral Infections.,,,,,review,candidate,"relevant viral/host/pathway terms matched: viral, pathway",medium,"relevant mechanistic terms: viral, host, pathway","The Nonsense-mediated mRNA Decay (NMD) pathway is an RNA quality control pathway conserved among eukaryotic cells. While historically thought to predominantly recognize transcripts with premature termination codons, it is now known that the NMD pathway plays a variety of roles..."
pi-backlog,pmid-33315863,33315863,2020,,Impact of scaling up dolutegravir on antiretroviral resistance in South Africa: A modeling study.,,hiv,,network_modeling,primary_research,unknown,no explicit cross-virus or strong viral host-mechanism terms matched,low,no strong backlog-priority keywords matched,BACKGROUND: Rising resistance of HIV-1 to non-nucleoside reverse transcriptase inhibitors (NNRTIs) threatens the success of the global scale-up of antiretroviral therapy (ART). The switch to WHO-recommended dolutegravir (DTG)-based regimens could reduce this threat due to DTG'...
current-program,pmid-33243278,33243278,2020,CViSB,Elevated L-threonine is a biomarker for Lassa fever and Ebola.,Robert Garry;Donald S Grant,,,proteomics;metabolomics,primary_research,candidate,"relevant viral/host/pathway terms matched: virus, viral",medium,"older paper with relevant terms: virus, viral",BACKGROUND: Lassa fever and Ebola are characterized by non-specific initial presentations that can progress to severe multisystem illnesses with high fatality rates. Samples from additional subjects are examined to extend and corroborate biomarkers with prognostic value for th...
pi-backlog,pmid-32994446,32994446,2020,,Antibodies from Sierra Leonean and Nigerian Lassa fever survivors cross-react with recombinant proteins representing Lassa viruses of divergent lineages.,,,,,primary_research,candidate,"relevant viral/host/pathway terms matched: virus, infection",medium,relevant mechanistic terms: virus,"Lassa virus (LASV) is the causative agent of Lassa fever, an often-fatal hemorrhagic disease that is endemic in West Africa. Seven genetically distinct LASV lineages have been identified. As part of CEPI's (Coalition for Epidemic Preparedness Innovations) Lassa vaccine develop..."
pi-backlog,pmid-32635475,32635475,2020,,STAT2 Limits Host Species Specificity of Human Metapneumovirus.,,,,,primary_research,candidate,"relevant viral/host/pathway terms matched: viral, infection",medium,"relevant mechanistic terms: viral, host","The host tropism of viral infection is determined by a variety of factors, from cell surface receptors to innate immune signaling. Many viruses encode proteins that interfere with host innate immune recognition in order to promote infection. STAT2 is divergent between species..."
pi-backlog,pmid-32587977,32587977,2020,,Identifying persistent structures in multiscale 'omics data.,,sars-cov-2;sars-cov,,transcriptomics;network_modeling,methods,unknown,no explicit cross-virus or strong viral host-mechanism terms matched,low,no strong backlog-priority keywords matched,"In any 'omics study, the scale of analysis can dramatically affect the outcome. For instance, when clustering single-cell transcriptomes, is the analysis tuned to discover broad or specific cell types? Likewise, protein communities revealed from protein networks can vary widel..."
pi-backlog,pmid-32546721,32546721,2020,,A cross-reactive mouse monoclonal antibody against rhinovirus mediates phagocytosis in vitro.,,,,,primary_research,candidate,"relevant viral/host/pathway terms matched: virus, infection",medium,relevant mechanistic terms: virus,"Rhinoviruses (RVs) are the main cause of the common cold worldwide. To date, more than 160 types of the virus have been recognized, categorized into three major species - A, B, and C. There are currently no approved vaccines available to prevent infection with RVs. To elicit a..."
pi-backlog,pmid-32436943,32436943,2020,,Ebola-Specific CD8+ and CD4+ T-Cell Responses in Sierra Leonean Ebola Virus Survivors With or Without Post-Ebola Sequelae.,,,,,primary_research,candidate,relevant viral/host/pathway terms matched: virus,medium,relevant mechanistic terms: virus,"BACKGROUND: Ebola virus (EBOV) disease has killed thousands of West and Central Africans over the past several decades. Many who survive the acute disease later experience post-Ebola syndrome, a constellation of symptoms whose causative pathogenesis is unclear. METHODS: We inv..."
pi-backlog,pmid-32324925,32324925,2020,,Patients with breakthrough tick-borne encephalitis suffer a more severe clinical course and display extensive magnetic resonance imaging changes.,,,,,primary_research,candidate,"relevant viral/host/pathway terms matched: virus, viral",medium,"relevant mechanistic terms: virus, viral","BACKGROUND AND PURPOSE: Tick-borne encephalitis (TBE) is a common viral disease in central Europe and Asia. Severe or even lethal neurological symptoms may ensue. With limited therapeutic options, active vaccination against the TBE virus (TBEV) is strongly recommended in endem..."
pi-backlog,pmid-32269122,32269122,2020,,Identification of Common CD8(+) T Cell Epitopes from Lassa Fever Survivors in Nigeria and Sierra Leone.,,,,,primary_research,candidate,"relevant viral/host/pathway terms matched: virus, infection",medium,relevant mechanistic terms: virus,"Early and robust T cell responses have been associated with survival from Lassa fever (LF), but the Lassa virus-specific memory responses have not been well characterized. Regions within the virus surface glycoprotein (GPC) and nucleoprotein (NP) are the main targets of the La..."
pi-backlog,pmid-32268088,32268088,2020,,Passenger Mutations Confound Phenotypes of SARM1-Deficient Mice.,,,,,primary_research,candidate,"relevant viral/host/pathway terms matched: viral, infection",medium,relevant mechanistic terms: viral,"The Toll/IL-1R-domain-containing adaptor protein SARM1 is expressed primarily in the brain, where it mediates axonal degeneration. Roles for SARM1 in TLR signaling, viral infection, inflammasome activation, and chemokine and Xaf1 expression have also been described. Much of th..."
pi-backlog,pmid-32142546,32142546,2020,,High crossreactivity of human T cell responses between Lassa virus lineages.,,,,,primary_research,candidate,"relevant viral/host/pathway terms matched: virus, viral, infection",medium,"relevant mechanistic terms: virus, viral","Lassa virus infects hundreds of thousands of people each year across rural West Africa, resulting in a high number of cases of Lassa fever (LF), a febrile disease associated with high morbidity and significant mortality. The lack of approved treatments or interventions undersc..."
current-program,pmid-32120884,32120884,2020,CViSB,Proteomics Computational Analyses Suggest That the Envelope Glycoproteins of Segmented Jingmen Flavi-Like Viruses are Class II Viral Fusion Proteins (b-Penetrenes) with Mucin-Like Domains.,Robert Garry,,,proteomics,primary_research,candidate,"relevant viral/host/pathway terms matched: virus, viral",medium,"older paper with relevant terms: virus, viral, flavivirus",Jingmen viruses are newly described segmented flavi-like viruses that have a worldwide distribution in ticks and have been associated with febrile illnesses in humans. Computational analyses were used to predict that Jingmen flavi-like virus glycoproteins have structural featu...
current-program,pmid-32065600,32065600,2020,,Comparison of Cardiovascular and Safety Outcomes of Chlorthalidone vs Hydrochlorothiazide to Treat Hypertension.,,,,,primary_research,high,explicit cross-virus/shared-host language: comparative,low,no strong literature-priority keywords matched,"IMPORTANCE: Chlorthalidone is currently recommended as the preferred thiazide diuretic to treat hypertension, but no trials have directly compared risks and benefits. OBJECTIVE: To compare the effectiveness and safety of chlorthalidone and hydrochlorothiazide as first-line the..."
pi-backlog,pmid-31952519,31952519,2020,,Pre-treatment with the viral Toll-like receptor 3 agonist poly(I:C) modulates innate immunity and protects neutropenic mice infected intracerebrally with Escherichia coli.,,,,,primary_research,candidate,"relevant viral/host/pathway terms matched: viral, infection",medium,relevant mechanistic terms: viral,BACKGROUND: Individuals with impaired immunity are more susceptible to infections than immunocompetent subjects. No vaccines are currently available to induce protection against E. coli meningoencephalitis. This study evaluated the potential of poly(I:C) pre-treatment to induc...
pi-backlog,pmid-31767630,31767630,2020,,Growth differentiation factor 11 attenuates liver fibrosis via expansion of liver progenitor cells.,,,,,primary_research,candidate,relevant viral/host/pathway terms matched: virus,medium,relevant mechanistic terms: virus,"OBJECTIVE: Liver fibrosis and cirrhosis resulting from chronic liver injury represent a major healthcare burden worldwide. Growth differentiation factor (GDF) 11 has been recently investigated for its role in rejuvenation of ageing organs, but its role in chronic liver disease..."
pi-backlog,pmid-31693114,31693114,2020,,Long-term Complications of Ebola Virus Disease: Prevalence and Predictors of Major Symptoms and the Role of Inflammation.,,,,,primary_research,candidate,"relevant viral/host/pathway terms matched: virus, infection",medium,"relevant mechanistic terms: virus, host","BACKGROUND: Cohort studies have reported a high prevalence of musculoskeletal, neurologic, auditory, and visual complications among Ebola virus disease (EVD) survivors. However, little is known about the host- and disease-related predictors of these symptoms and their etiologi..."
current-program,pmid-31668726,31668726,2019,,"Comprehensive comparative effectiveness and safety of first-line antihypertensive drug classes: a systematic, multinational, large-scale analysis.",,,,,primary_research,high,explicit cross-virus/shared-host language: comparative,low,no strong literature-priority keywords matched,"BACKGROUND: Uncertainty remains about the optimal monotherapy for hypertension, with current guidelines recommending any primary agent among the first-line drug classes thiazide or thiazide-like diuretics, angiotensin-converting enzyme inhibitors, angiotensin receptor blockers..."
pi-backlog,pmid-31603272,31603272,2019,,Virus-induced autophagic degradation of STAT2 as a mechanism for interferon signaling blockade.,,,,,primary_research,candidate,"relevant viral/host/pathway terms matched: virus, viral, pathway, infection",medium,"relevant mechanistic terms: virus, viral, pathway","The mammalian interferon (IFN) signaling pathway is a primary component of the innate antiviral response, and viral pathogens have evolved multiple mechanisms to antagonize this pathway and to facilitate infection. Bluetongue virus (BTV), an orbivirus of the Reoviridae family,..."
pi-backlog,pmid-31424151,31424151,2019,,Biphasic regulation of RNA interference during rotavirus infection by modulation of Argonaute2.,,,,,primary_research,candidate,"relevant viral/host/pathway terms matched: virus, viral, pathway, infection",medium,"relevant mechanistic terms: virus, viral, host, pathway","RNA interference (RNAi) is an evolutionary ancient innate immune response in plants, nematodes, and arthropods providing natural protection against viral infection. Viruses have also gained counter-defensive measures by producing virulence determinants called viral-suppressors..."
current-program,pmid-31416162,31416162,2019,CViSB,Proteomics Computational Analyses Suggest that the Antennavirus Glycoprotein Complex Includes a Class I Viral Fusion Protein (α-Penetrene) with an Internal Zinc-Binding Domain and a Stable Signal Peptide.,Robert Garry,,,proteomics;transcriptomics,primary_research,candidate,relevant viral/host/pathway terms matched: viral,medium,older paper with relevant terms: viral,A metatranscriptomic study of RNA viruses in cold-blooded vertebrates identified two related viruses from frogfish (Antennarius striatus) that represent a new genus Antennavirus in the family Arenaviridae (Order: Bunyavirales). Computational analyses were used to identify feat...
pi-backlog,pmid-31287780,31287780,2019,,Characterization of swine-origin H1N1 canine influenza viruses.,,influenza,,,primary_research,unknown,no explicit cross-virus or strong viral host-mechanism terms matched,medium,relevant mechanistic terms: host,"Host switch events of influenza A viruses (IAVs) continuously pose a zoonotic threat to humans. In 2013, swine-origin H1N1 IAVs emerged in dogs soon after they were detected in swine in the Guangxi province of China. This host switch was followed by multiple reassortment event..."
pi-backlog,pmid-31137559,31137559,2019,,An HER2-Displaying Virus-Like Particle Vaccine Protects from Challenge with Mammary Carcinoma Cells in a Mouse Model.,,,,,primary_research,candidate,relevant viral/host/pathway terms matched: virus,medium,relevant mechanistic terms: virus,"Human epidermal growth factor receptor-2 (HER2) is upregulated in 20% to 30% of breast cancers and is a marker of a poor outcome. Due to the development of resistance to passive immunotherapy with Trastuzumab, active anti-HER2 vaccination strategies that could potentially trig..."
current-program,pmid-31136295,31136295,2019,SCRIPT,Detection of respiratory pathogens in clinical samples using metagenomic shotgun sequencing.,Richard Wunderink,,,,data_or_analysis,candidate,relevant viral/host/pathway terms matched: viral,medium,"older paper with relevant terms: viral, pathogen","PURPOSE: In this pilot study, we used shotgun metagenome sequencing (SMS) strategy on bronchoalveolar lavage (BAL) samples from hospitalized patients with suspected ventilate-associated pneumonia (VAP) in order to explore its potential for improving detection of ventilator-ass..."
pi-backlog,pmid-30718881,30718881,2019,,Capturing sequence diversity in metagenomes with comprehensive and scalable probe design.,,,,,methods,candidate,relevant viral/host/pathway terms matched: viral,medium,relevant mechanistic terms: viral,"Metagenomic sequencing has the potential to transform microbial detection and characterization, but new tools are needed to improve its sensitivity. Here we present CATCH, a computational method to enhance nucleic acid capture for enrichment of diverse microbial taxa. CATCH de..."
pi-backlog,pmid-30582979,30582979,2019,,Hepatocyte-specific suppression of microRNA-221-3p mitigates liver fibrosis.,,,,,primary_research,candidate,relevant viral/host/pathway terms matched: virus,medium,relevant mechanistic terms: virus,"BACKGROUND & AIMS: Fibrosis, a cardinal feature of a dysfunctional liver, significantly contributes to the ever-increasing mortality due to end-stage chronic liver diseases. The crosstalk between hepatocytes and hepatic stellate cells (HSCs) plays a key role in the progression..."
current-program,pmid-30546099,30546099,2019,CViSB,Tracking virus outbreaks in the twenty-first century.,Kristian Andersen,,,,data_or_analysis,candidate,relevant viral/host/pathway terms matched: virus,medium,"older paper with relevant terms: virus, pathogen","Emerging viruses have the potential to impose substantial mortality, morbidity and economic burdens on human populations. Tracking the spread of infectious diseases to assist in their control has traditionally relied on the analysis of case data gathered as the outbreak procee..."
pi-backlog,pmid-30576660,30576660,2018,,A BAF'ling Approach to Curing HIV.,,hiv,,epigenomics;network_modeling,primary_research,unknown,no explicit cross-virus or strong viral host-mechanism terms matched,low,no strong backlog-priority keywords matched,"Latency is the primary barrier to the development of a long-sought cure for HIV-1. In this issue of Cell Chemical Biology, Marian et al., (2018) describe the development of novel compounds targeting the BAF chromatin remodeling complex to reverse HIV latency, with the potentia..."
pi-backlog,pmid-30531877,30531877,2018,,How cells hush a viral invader.,,,,,primary_research,candidate,relevant viral/host/pathway terms matched: viral,medium,relevant mechanistic terms: viral,
current-program,pmid-30477498,30477498,2018,,Inflammatory pathways are upregulated in the nasal epithelium in patients with idiopathic pulmonary fibrosis.,,,,transcriptomics,data_or_analysis,candidate,relevant viral/host/pathway terms matched: pathway,low,no strong literature-priority keywords matched,"Idiopathic pulmonary fibrosis (IPF) is characterized by progressive scarring of the lung parenchyma, leading to respiratory failure and death. High resolution computed tomography of the chest is often diagnostic for IPF, but its cost and the risk of radiation exposure limit it..."
pi-backlog,pmid-30075026,30075026,2018,,Interferon-beta expression and type I interferon receptor signaling of hepatocytes prevent hepatic necrosis and virus dissemination in Coxsackievirus B3-infected mice.,,,,,primary_research,candidate,"relevant viral/host/pathway terms matched: virus, viral, infection",medium,"relevant mechanistic terms: virus, viral","During Coxsackievirus B3 (CVB3) infection hepatitis is a potentially life threatening complication, particularly in newborns. Studies with type I interferon (IFN-I) receptor (IFNAR)-deficient mice revealed a key role of the IFN-I axis in the protection against CVB3 infection,..."
pi-backlog,pmid-29958302,29958302,2018,,Innate immune sensor LGP2 is cleaved by the Leader protease of foot-and-mouth disease virus.,,,,,primary_research,candidate,"relevant viral/host/pathway terms matched: virus, interaction, infection",medium,relevant mechanistic terms: virus,"The RNA helicase LGP2 (Laboratory of Genetics and Physiology 2) is a non-signaling member of the retinoic acid-inducible gene-I (RIG-I)-like receptors (RLRs), whose pivotal role on innate immune responses against RNA viruses is being increasingly uncovered. LGP2 is known to wo..."
current-program,pmid-29866884,29866884,2018,,DNA methylation regulates the neonatal CD4(+) T-cell response to pneumonia in mice.,,,,transcriptomics;epigenomics,data_or_analysis,candidate,relevant viral/host/pathway terms matched: pathway,low,no strong literature-priority keywords matched,"Pediatric acute lung injury, usually because of pneumonia, has a mortality rate of more than 20% and an incidence that rivals that of all childhood cancers combined. CD4+ T-cells coordinate the immune response to pneumonia but fail to function robustly among the very young, wh..."
pi-backlog,pmid-29760472,29760472,2018,,Author Correction: SMARCA2-regulated host cell factors are required for MxA restriction of influenza A viruses.,,influenza,,,primary_research,unknown,no explicit cross-virus or strong viral host-mechanism terms matched,medium,relevant mechanistic terms: host,A correction to this article has been published and is linked from the HTML and PDF versions of this paper. The error has been fixed in the paper.
pi-backlog,pmid-29651117,29651117,2018,,Field validation of recombinant antigen immunoassays for diagnosis of Lassa fever.,,,,,primary_research,candidate,"relevant viral/host/pathway terms matched: virus, viral, infection",medium,"relevant mechanistic terms: virus, viral","Lassa fever, a hemorrhagic fever caused by Lassa virus (LASV), is endemic in West Africa. It is difficult to distinguish febrile illnesses that are common in West Africa from Lassa fever based solely on a patient's clinical presentation. The field performance of recombinant an..."
pi-backlog,pmid-29587145,29587145,2018,,Spatial-Temporal Lineage Restrictions of Embryonic p63(+) Progenitors Establish Distinct Stem Cell Pools in Adult Airways.,,,,,primary_research,candidate,relevant viral/host/pathway terms matched: virus,medium,relevant mechanistic terms: virus,"Basal cells (BCs) are p63-expressing multipotent progenitors of skin, tracheoesophageal and urinary tracts. p63 is abundant in developing airways; however, it remains largely unclear how embryonic p63+ cells contribute to the developing and postnatal respiratory tract epitheli..."
pi-backlog,pmid-29098213,29098213,2017,,Single-cell analysis of early antiviral gene expression reveals a determinant of stochastic IFNB1 expression.,,,,,primary_research,candidate,"relevant viral/host/pathway terms matched: viral, infection",medium,relevant mechanistic terms: viral,RIG-I-like receptors (RLRs) are cytoplasmic sensors of viral RNA that trigger the signaling cascade that leads to type I interferon (IFN) production. Transcriptional induction of RLRs by IFN is believed to play the role of positive feedback to further amplify viral sensing. We...
pi-backlog,pmid-29018447,29018447,2017,,TRIM25 in the Regulation of the Antiviral Innate Immunity.,,,,,primary_research,candidate,relevant viral/host/pathway terms matched: virus,medium,relevant mechanistic terms: virus,"TRIM25 is an E3 ubiquitin ligase enzyme that is involved in various cellular processes, including regulation of the innate immune response against viruses. TRIM25-mediated ubiquitination of the cytosolic pattern recognition receptor RIG-I is an essential step for initiation of..."
pi-backlog,pmid-28869611,28869611,2017,,Human-monoclonal-antibody therapy protects nonhuman primates against advanced Lassa fever.,,,,,primary_research,candidate,relevant viral/host/pathway terms matched: virus,medium,relevant mechanistic terms: virus,"There are no approved treatments for Lassa fever, which is endemic to the same regions of West Africa that were recently devastated by Ebola. Here we show that a combination of human monoclonal antibodies that cross-react with the glycoproteins of all four clades of Lassa viru..."
pi-backlog,pmid-28799903,28799903,2017,,Ten Strategies of Interferon Evasion by Viruses.,,,,,review,candidate,"relevant viral/host/pathway terms matched: virus, viral",medium,"relevant mechanistic terms: virus, viral, host","Viruses infecting vertebrate hosts must overcome the interferon (IFN)-mediated antiviral response to replicate and propagate to new hosts. The complex regulation of the IFN response allows viruses to antagonize IFN at multiple levels. However, no single strategy appears to be..."
pi-backlog,pmid-28631605,28631605,2017,,Loss of Sendai virus C protein leads to accumulation of RIG-I immunostimulatory defective interfering RNA.,,,,,primary_research,candidate,"relevant viral/host/pathway terms matched: virus, viral, infection",medium,"relevant mechanistic terms: virus, viral",Retinoic acid inducible gene (RIG-I)-mediated innate immunity plays a pivotal role in defence against virus infections. Previously we have shown that Sendai virus (SeV) defective interfering (DI) RNA functions as an exclusive and potent RIG-I ligand in DI-RNA-rich SeV-Cantell...
pi-backlog,pmid-28576494,28576494,2017,,Antagonism of type I interferon by flaviviruses.,,,,,review,candidate,"relevant viral/host/pathway terms matched: viral, infection",medium,"relevant mechanistic terms: viral, host","The prompt and tightly controlled induction of type I interferon is a central event of the immune defense against viral infection. Flaviviruses comprise a large family of arthropod-borne positive-stranded RNA viruses, many of which represent a serious threat to global human he..."
pi-backlog,pmid-28471862,28471862,2017,,T-cell Responses to HSV-1 in Persons Who Have Survived Childhood Herpes Simplex Encephalitis.,,,,,primary_research,candidate,"relevant viral/host/pathway terms matched: virus, infection",medium,relevant mechanistic terms: virus,"BACKGROUND: Herpes simplex encephalitis (HSE) after primary herpes simplex virus (HSV)-1 infection can occur in children due to inborn errors of cell-intrinsic immunity in the central nervous system. Paradoxically, symptomatic mucocutaneous HSV-1 recurrences are rare survivors..."
pi-backlog,pmid-27890675,27890675,2017,,Synergistic drug combination effectively blocks Ebola virus infection.,,,,,primary_research,candidate,"relevant viral/host/pathway terms matched: virus, infection",medium,relevant mechanistic terms: virus,"Although a group of FDA-approved drugs were previously identified with activity against Ebola virus (EBOV), most of them are not clinically useful because their human blood concentrations are not high enough to inhibit EBOV infection. We screened 795 unique three-drug combinat..."
pi-backlog,pmid-27737002,27737002,2016,,Correction: ISG15 Regulates Peritoneal Macrophages Functionality against Viral Infection.,,,,,primary_research,candidate,"relevant viral/host/pathway terms matched: viral, infection",medium,relevant mechanistic terms: viral,[This corrects the article DOI: 10.1371/journal.ppat.1003632.].
pi-backlog,pmid-27587634,27587634,2016,,Analytical Validation of the ReEBOV Antigen Rapid Test for Point-of-Care Diagnosis of Ebola Virus Infection.,,,,,primary_research,candidate,"relevant viral/host/pathway terms matched: virus, viral, infection",medium,"relevant mechanistic terms: virus, viral","BACKGROUND: Ebola virus disease (EVD) is a severe viral illness caused by Ebola virus (EBOV). The 2013-2016 EVD outbreak in West Africa is the largest recorded, with >11 000 deaths. Development of the ReEBOV Antigen Rapid Test (ReEBOV RDT) was expedited to provide a point-of-c..."
pi-backlog,pmid-27531367,27531367,2016,,Treatment of Lassa virus infection in outbred guinea pigs with first-in-class human monoclonal antibodies.,,,,,primary_research,candidate,"relevant viral/host/pathway terms matched: virus, infection",medium,relevant mechanistic terms: virus,Lassa fever is a significant health threat to West African human populations with hundreds of thousands of annual cases. There are no approved medical countermeasures currently available. Compassionate use of the antiviral drug ribavirin or transfusion of convalescent serum ha...
pi-backlog,pmid-27521365,27521365,2016,,Field Validation of the ReEBOV Antigen Rapid Test for Point-of-Care Diagnosis of Ebola Virus Infection.,,,,,methods,candidate,"relevant viral/host/pathway terms matched: virus, infection",medium,relevant mechanistic terms: virus,"BACKGROUND: The 2013-2016 West African Ebola virus disease (EVD) epidemic is the largest recorded. Triage on the basis of clinical signs had limited success, and the time to diagnosis by quantitative reverse transcription-polymerase chain reaction (qRT-PCR) could exceed 5 days..."
pi-backlog,pmid-27402779,27402779,2016,,An Outbreak of Ebola Virus Disease in the Lassa Fever Zone.,,,,,primary_research,candidate,"relevant viral/host/pathway terms matched: virus, viral",medium,"relevant mechanistic terms: virus, viral","BACKGROUND: Kenema Government Hospital (KGH) has developed an advanced clinical and laboratory research capacity to manage the threat of Lassa fever, a viral hemorrhagic fever (VHF). The 2013-2016 Ebola virus (EBOV) disease (EVD) outbreak is the first to have occurred in an ar..."
pi-backlog,pmid-27193971,27193971,2016,,ISG15 deficiency and increased viral resistance in humans but not mice.,,,,,primary_research,candidate,relevant viral/host/pathway terms matched: viral,medium,relevant mechanistic terms: viral,"ISG15 is an interferon (IFN)-α/β-induced ubiquitin-like protein. It exists as a free molecule, intracellularly and extracellularly, and conjugated to target proteins. Studies in mice have demonstrated a role for Isg15 in antiviral immunity. By contrast, human ISG15 was shown t..."
pi-backlog,pmid-27161536,27161536,2016,,Most neutralizing human monoclonal antibodies target novel epitopes requiring both Lassa virus glycoprotein subunits.,,,,,primary_research,candidate,relevant viral/host/pathway terms matched: virus,medium,relevant mechanistic terms: virus,Lassa fever is a severe multisystem disease that often has haemorrhagic manifestations. The epitopes of the Lassa virus (LASV) surface glycoproteins recognized by naturally infected human hosts have not been identified or characterized. Here we have cloned 113 human monoclonal...
pi-backlog,pmid-27127234,27127234,2016,,Topoisomerase 1 inhibition suppresses inflammatory genes and protects from death by inflammation.,,influenza,,,primary_research,unknown,no explicit cross-virus or strong viral host-mechanism terms matched,medium,relevant mechanistic terms: host,The host innate immune response is the first line of defense against pathogens and is orchestrated by the concerted expression of genes induced by microbial stimuli. Deregulated expression of these genes is linked to the initiation and progression of diseases associated with e...
pi-backlog,pmid-26933836,26933836,2016,,Correction: ATP hydrolysis by the viral RNA sensor RIG-I prevents unintentional recognition of self-RNA.,,,,,primary_research,candidate,relevant viral/host/pathway terms matched: viral,medium,relevant mechanistic terms: viral,
pi-backlog,pmid-26546155,26546155,2016,,La Piedad Michoacán Mexico Virus V protein antagonizes type I interferon response by binding STAT2 protein and preventing STATs nuclear translocation.,,,,,primary_research,candidate,"relevant viral/host/pathway terms matched: virus, pathway",medium,"relevant mechanistic terms: virus, pathway","La Piedad Michoacán Mexico Virus (LPMV) is a member of the Rubulavirus genus within the Paramyxoviridae family. LPMV is the etiologic agent of ""blue eye disease"", causing a significant disease burden in swine in Mexico with long-term implications for the agricultural industry...."
pi-backlog,pmid-26609812,26609812,2015,,ATP hydrolysis by the viral RNA sensor RIG-I prevents unintentional recognition of self-RNA.,,,,,primary_research,candidate,"relevant viral/host/pathway terms matched: virus, viral",medium,"relevant mechanistic terms: virus, viral",The cytosolic antiviral innate immune sensor RIG-I distinguishes 5' tri- or diphosphate containing viral double-stranded (ds) RNA from self-RNA by an incompletely understood mechanism that involves ATP hydrolysis by RIG-I's RNA translocase domain. Recently discovered mutations...
pi-backlog,pmid-26588341,26588341,2015,,Infective Dermatitis in an Adult Patient With HTLV-1.,,,,,primary_research,candidate,"relevant viral/host/pathway terms matched: virus, infection",medium,relevant mechanistic terms: virus,"Infective dermatitis is a chronic exudative eczematous eruption presenting in human T-lymphotropic virus type 1 (HTLV-1)-infected people. It presents with relapsing erythematous, scaly, and crusted lesions affecting simultaneously the scalp, external ear, retroauricular area,..."
pi-backlog,pmid-26232440,26232440,2015,,Development of Prototype Filovirus Recombinant Antigen Immunoassays.,,,,,primary_research,candidate,relevant viral/host/pathway terms matched: virus,medium,relevant mechanistic terms: virus,"BACKGROUND: Throughout the 2014-2015 Ebola outbreak in West Africa, major gaps were exposed in the availability of validated rapid diagnostic platforms, protective vaccines, and effective therapeutic agents. These gaps potentiated the development of prototype rapid lateral flo..."
pi-backlog,pmid-26223644,26223644,2015,,RIG-I Mediates an Antiviral Response to Crimean-Congo Hemorrhagic Fever Virus.,,,,,primary_research,candidate,"relevant viral/host/pathway terms matched: virus, viral, pathway, infection",medium,"relevant mechanistic terms: virus, viral, pathway","UNLABELLED: In the cytoplasm, the retinoic acid-inducible gene I (RIG-I) senses the RNA genomes of several RNA viruses. RIG-I binds to viral RNA, eliciting an antiviral response via the cellular adaptor MAVS. Crimean-Congo hemorrhagic fever virus (CCHFV), a negative-sense RNA..."
pi-backlog,pmid-26221764,26221764,2015,,The therapeutic effect of death: Newcastle disease virus and its antitumor potential.,,,,,review,candidate,"relevant viral/host/pathway terms matched: virus, viral",medium,"relevant mechanistic terms: virus, viral, host","Programmed cell death is essential to survival of multicellular organisms. Previously restricted to apoptosis, the concept of programmed cell death is now extended to other mechanisms, as programmed necrosis or necroptosis, autophagic cell death, pyroptosis and parthanatos, am..."
pi-backlog,pmid-26057711,26057711,2015,,Against the clock towards new Ebola virus therapies.,,,,,primary_research,candidate,"relevant viral/host/pathway terms matched: virus, infection",medium,relevant mechanistic terms: virus,"Since the end of 2013, West Africa has been suffering the largest Ebola virus (EBOV) outbreak in recorded history. The lack of health care infrastructure in the affected countries, as well as a concentration of infected cases in the most populated areas allowed the virus to sp..."
pi-backlog,pmid-25761895,25761895,2015,,Enhancement of the proapoptotic properties of newcastle disease virus promotes tumor remission in syngeneic murine cancer models.,,,,,primary_research,candidate,"relevant viral/host/pathway terms matched: virus, viral",medium,"relevant mechanistic terms: virus, viral","Newcastle disease virus (NDV) is considered a promising agent for cancer therapy due to its oncolytic properties. These include preferential replication in transformed cells, induction of innate and adaptive immune responses within tumors, and cytopathic effects in infected tu..."
pi-backlog,pmid-25594875,25594875,2015,,Adeno-associated virus vector-based gene therapy for monogenetic metabolic diseases of the liver.,,,,,primary_research,candidate,relevant viral/host/pathway terms matched: virus,medium,relevant mechanistic terms: virus,"Liver-based metabolic diseases account for a substantial burden of childhood diseases. In most patients, treatment is often limited to supportive measures and liver transplantation is ultimately required. Even despite the excellent long-term outcome of liver transplantation, t..."
pi-backlog,pmid-25590154,25590154,2015,,Novel approaches are needed to develop tomorrow's antibacterial therapies.,,,,,review,candidate,"relevant viral/host/pathway terms matched: viral, infection",medium,"relevant mechanistic terms: viral, host, screen","Society faces a crisis of rising antibiotic resistance even as the pipeline of new antibiotics has been drying up. Antibiotics are a public trust; every individual's use of antibiotics affects their efficacy for everyone else. As such, responses to the antibiotic crisis must t..."
pi-backlog,pmid-25307056,25307056,2015,,Human intracellular ISG15 prevents interferon-α/β over-amplification and auto-inflammation.,,,,,primary_research,candidate,relevant viral/host/pathway terms matched: viral,medium,relevant mechanistic terms: viral,Intracellular ISG15 is an interferon (IFN)-α/β-inducible ubiquitin-like modifier which can covalently bind other proteins in a process called ISGylation; it is an effector of IFN-α/β-dependent antiviral immunity in mice. We previously published a study describing humans with i...
pi-backlog,pmid-25403361,25403361,2014,,Enhanced methods for unbiased deep sequencing of Lassa and Ebola RNA viruses from clinical and biological samples.,,,,,methods,candidate,"relevant viral/host/pathway terms matched: virus, viral",medium,"relevant mechanistic terms: virus, viral, host",We have developed a robust RNA sequencing method for generating complete de novo assemblies with intra-host variant calls of Lassa and Ebola virus genomes in clinical and biological samples. Our method uses targeted RNase H-based digestion to remove contaminating poly(rA) carr...
pi-backlog,pmid-25353969,25353969,2014,,Clinical illness and outcomes in patients with Ebola in Sierra Leone.,,,,,primary_research,candidate,"relevant viral/host/pathway terms matched: virus, viral",medium,"relevant mechanistic terms: virus, viral","BACKGROUND: Limited clinical and laboratory data are available on patients with Ebola virus disease (EVD). The Kenema Government Hospital in Sierra Leone, which had an existing infrastructure for research regarding viral hemorrhagic fever, has received and cared for patients w..."
pi-backlog,pmid-25342790,25342790,2014,,Virology. Unanchored ubiquitin in virus uncoating.,,,,,primary_research,candidate,relevant viral/host/pathway terms matched: virus,medium,relevant mechanistic terms: virus,
pi-backlog,pmid-25214632,25214632,2014,,Genomic surveillance elucidates Ebola virus origin and transmission during the 2014 outbreak.,,,,,primary_research,candidate,"relevant viral/host/pathway terms matched: virus, viral",medium,"relevant mechanistic terms: virus, viral","In its largest outbreak, Ebola virus disease is spreading through Guinea, Liberia, Sierra Leone, and Nigeria. We sequenced 99 Ebola virus genomes from 78 patients in Sierra Leone to ~2000× coverage. We observed a rapid accumulation of interhost and intrahost genetic variation,..."
pi-backlog,pmid-25211074,25211074,2014,,The interferon signaling antagonist function of yellow fever virus NS5 protein is activated by type I interferon.,,,,,primary_research,candidate,"relevant viral/host/pathway terms matched: virus, viral, interaction, pathway, infection",medium,"relevant mechanistic terms: virus, viral, host, pathway","To successfully establish infection, flaviviruses have to overcome the antiviral state induced by type I interferon (IFN-I). The nonstructural NS5 proteins of several flaviviruses antagonize IFN-I signaling. Here we show that yellow fever virus (YFV) inhibits IFN-I signaling t..."
pi-backlog,pmid-25196533,25196533,2014,,A tribute to Sheik Humarr Khan and all the healthcare workers in West Africa who have sacrificed in the fight against Ebola virus disease: Mae we hush.,,,,,primary_research,candidate,"relevant viral/host/pathway terms matched: virus, viral",medium,"relevant mechanistic terms: virus, viral","The Kenema Government Hospital Lassa Fever Ward in Sierra Leone, directed since 2005 by Dr. Sheikh Humarr Khan, is the only medical unit in the world devoted exclusively to patient care and research of a viral hemorrhagic fever. When Ebola virus disease unexpectedly appeared i..."
pi-backlog,pmid-25057006,25057006,2014,,Differential requirement for the IKKβ/NF-κB signaling module in regulating TLR- versus RLR-induced type 1 IFN expression in dendritic cells.,,,,,primary_research,candidate,"relevant viral/host/pathway terms matched: virus, pathway, infection",medium,"relevant mechanistic terms: virus, host, pathway","Host innate-immune responses are tailored by cell type to control and eradicate specific infectious agents. For example, an acute RNA virus infection can result in high-level expression of type 1 IFNs by both conventional dendritic cells (cDCs) and plasmacytoid dendritic cells..."
pi-backlog,pmid-24849372,24849372,2014,,Virus-like attachment sites and plastic CpG islands:landmarks of diversity in plant Del retrotransposons.,,,,,primary_research,candidate,relevant viral/host/pathway terms matched: virus,medium,relevant mechanistic terms: virus,"Full-length Del elements from ten angiosperm genomes, 5 monocot and 5 dicot, were retrieved and putative attachment (att) sites were identified. In the 2432 Del elements, two types of U5 att sites and a single conserved type of U3 att site were identified. Retroviral att sites..."
pi-backlog,pmid-24725954,24725954,2014,,Rotavirus infection induces G1 to S phase transition in MA104 cells via Ca⁺²/Calmodulin pathway.,,,,,primary_research,candidate,"relevant viral/host/pathway terms matched: viral, pathway, infection",medium,"relevant mechanistic terms: viral, host, pathway","Viruses, obligate cellular parasites rely on host cellular functions and target the host cell cycle for their own benefit. In this study, effect of rotavirus infection on cell cycle machinery was explored. We found that rotavirus (RV) infection in MA104 cells induces the expre..."
pi-backlog,pmid-24651047,24651047,2014,,Lassa fever in post-conflict sierra leone.,,,,,primary_research,candidate,"relevant viral/host/pathway terms matched: virus, infection",medium,relevant mechanistic terms: virus,"BACKGROUND: Lassa fever (LF), an often-fatal hemorrhagic disease caused by Lassa virus (LASV), is a major public health threat in West Africa. When the violent civil conflict in Sierra Leone (1991 to 2002) ended, an international consortium assisted in restoration of the LF pr..."
pi-backlog,pmid-24478431,24478431,2014,,Hijacking of RIG-I signaling proteins into virus-induced cytoplasmic structures correlates with the inhibition of type I interferon responses.,,,,,primary_research,candidate,"relevant viral/host/pathway terms matched: virus, viral, infection",medium,"relevant mechanistic terms: virus, viral, host","UNLABELLED: Recognition of viral pathogens by the retinoic acid-inducible gene I (RIG-I)-like receptor (RLR) family results in the activation of type I interferon (IFN) responses. To avoid this response, most viruses have evolved strategies that target different essential step..."
pi-backlog,pmid-24333484,24333484,2014,,TRIMmunity: the roles of the TRIM E3-ubiquitin ligase family in innate antiviral immunity.,,,,,review,candidate,relevant viral/host/pathway terms matched: viral,medium,relevant mechanistic terms: viral,"Tripartite motif (TRIM) proteins have been implicated in multiple cellular functions, including antiviral activity. Research efforts so far indicate that the antiviral activity of TRIMs relies, for the most part, on their function as E3-ubiquitin ligases. A substantial number..."
pi-backlog,pmid-24145366,24145366,2013,,Rescue of recombinant Newcastle disease virus from cDNA.,,,,,methods,candidate,"relevant viral/host/pathway terms matched: virus, viral, infection",medium,"relevant mechanistic terms: virus, viral","Newcastle disease virus (NDV), the prototype member of the Avulavirus genus of the family Paramyxoviridae(1), is a non-segmented, negative-sense, single-stranded, enveloped RNA virus (Figure 1) with potential applications as a vector for vaccination and treatment of human dise..."
pi-backlog,pmid-23903830,23903830,2013,,Mice lacking functional STAT1 are highly susceptible to lethal infection with Lassa virus.,,,,,primary_research,candidate,"relevant viral/host/pathway terms matched: virus, pathway, infection",medium,"relevant mechanistic terms: virus, pathway","Lassa fever (LF) is a potentially lethal human disease that is caused by the arenavirus Lassa virus (LASV). Annually, around 300,000 infections with up to 10,000 deaths occur in regions of Lassa fever endemicity in West Africa. Here we demonstrate that mice lacking a functiona..."
pi-backlog,pmid-23850008,23850008,2013,,Viral evasion mechanisms of early antiviral responses involving regulation of ubiquitin pathways.,,,,,primary_research,candidate,"relevant viral/host/pathway terms matched: virus, viral",medium,"relevant mechanistic terms: virus, viral, host","Early innate and cell-intrinsic responses are essential to protect host cells against pathogens. In turn, viruses have developed sophisticated mechanisms to establish productive infections by counteracting host innate immune responses. Increasing evidence indicates that these..."
pi-backlog,pmid-23846310,23846310,2013,,ATPase-driven oligomerization of RIG-I on RNA allows optimal activation of type-I interferon.,,,,,primary_research,candidate,"relevant viral/host/pathway terms matched: virus, viral, infection",medium,"relevant mechanistic terms: virus, viral","The cytosolic pathogen sensor RIG-I is activated by RNAs with exposed 5'-triphosphate (5'-ppp) and terminal double-stranded structures, such as those that are generated during viral infection. RIG-I has been shown to translocate on dsRNA in an ATP-dependent manner. However, th..."
pi-backlog,pmid-23498958,23498958,2013,,Incoming RNA virus nucleocapsids containing a 5'-triphosphorylated genome activate RIG-I and antiviral signaling.,,,,,primary_research,candidate,"relevant viral/host/pathway terms matched: virus, viral, infection",medium,"relevant mechanistic terms: virus, viral, host",Host defense to RNA viruses depends on rapid intracellular recognition of viral RNA by two cytoplasmic RNA helicases: RIG-I and MDA5. RNA transfection experiments indicate that RIG-I responds to naked double-stranded RNAs (dsRNAs) with a triphosphorylated 5' (5'ppp) terminus....
pi-backlog,pmid-23477832,23477832,2013,,Novel vaccine strategies against emerging viruses.,,,,,primary_research,candidate,relevant viral/host/pathway terms matched: virus,medium,relevant mechanistic terms: virus,"One of the main public health concerns of emerging viruses is their potential introduction into and sustained circulation among populations of immunologically naïve, susceptible hosts. The induction of protective immunity through vaccination can be a powerful tool to prevent t..."
pi-backlog,pmid-23438823,23438823,2013,,The E3-ligase TRIM family of proteins regulates signaling pathways triggered by innate immune pattern-recognition receptors.,,,,,primary_research,candidate,"relevant viral/host/pathway terms matched: viral, infection",medium,relevant mechanistic terms: viral,Innate immunity conferred by the type I interferon is critical for antiviral defense. To date only a limited number of tripartite motif (TRIM) proteins have been implicated in modulation of innate immunity and anti-microbial activity. Here we report the complementary DNA cloni...
pi-backlog,pmid-22983950,22983950,2013,,One hundred twenty years of koala retrovirus evolution determined from museum skins.,,,,,primary_research,candidate,relevant viral/host/pathway terms matched: viral,medium,"relevant mechanistic terms: viral, host","Although endogenous retroviruses are common across vertebrate genomes, the koala retrovirus (KoRV) is the only retrovirus known to be currently invading the germ line of its host. KoRV is believed to have first infected koalas in northern Australia less than two centuries ago...."
pi-backlog,pmid-22821679,22821679,2013,,MicroRNA-221 overexpression accelerates hepatocyte proliferation during liver regeneration.,,,,,primary_research,candidate,relevant viral/host/pathway terms matched: virus,medium,relevant mechanistic terms: virus,UNLABELLED: The tightly controlled replication of hepatocytes in liver regeneration and uncontrolled proliferation of tumor cells in hepatocellular carcinoma (HCC) are often modulated by common regulatory pathways. Several microRNAs (miRNAs) are involved in HCC progression by...
pi-backlog,pmid-23170175,23170175,2012,,Cytopathogenesis of vesicular stomatitis virus is regulated by the PSAP motif of M protein in a species-dependent manner.,,,,,primary_research,candidate,"relevant viral/host/pathway terms matched: virus, viral",medium,"relevant mechanistic terms: virus, viral, host","Vesicular stomatitis virus (VSV) is an important vector-borne pathogen of bovine and equine species, causing a reportable vesicular disease. The matrix (M) protein of VSV is multifunctional and plays a key role in cytopathogenesis, apoptosis, host protein shut-off, and virion..."
pi-backlog,pmid-23063562,23063562,2012,,Structure and dynamics of the second CARD of human RIG-I provide mechanistic insights into regulation of RIG-I activation.,,,,,primary_research,candidate,"relevant viral/host/pathway terms matched: viral, interaction",medium,relevant mechanistic terms: viral,"RIG-I is a cytosolic sensor of viral RNA, comprised of two N-terminal CARDs followed by helicase and C-terminal regulatory domains (helicase-CTD). Viral RNA binds to the helicase-CTD and ""exposes"" the CARDs for downstream signaling. The role of the second CARD (CARD2) is essen..."
pi-backlog,pmid-22396483,22396483,2012,,Working safely with H5N1 viruses.,,influenza,,,primary_research,unknown,no explicit cross-virus or strong viral host-mechanism terms matched,medium,relevant mechanistic terms: host,Research on H5N1 influenza viruses has received much attention recently due to the possible dangers associated with newly developed avian H5N1 viruses that were derived from highly pathogenic avian viruses and are now transmissible among ferrets via respiratory droplets. An ap...
pi-backlog,pmid-22272257,22272257,2012,,HERC6 is the main E3 ligase for global ISG15 conjugation in mouse cells.,,,,,primary_research,candidate,relevant viral/host/pathway terms matched: virus,medium,relevant mechanistic terms: virus,"Type I interferon (IFN) stimulates expression and conjugation of the ubiquitin-like modifier IFN-stimulated gene 15 (ISG15), thereby restricting replication of a wide variety of viruses. Conjugation of ISG15 is critical for its antiviral activity in mice. HECT domain and RCC1-..."
pi-backlog,pmid-22072774,22072774,2012,,Arterivirus and nairovirus ovarian tumor domain-containing Deubiquitinases target activated RIG-I to control innate immune signaling.,,,,,primary_research,candidate,"relevant viral/host/pathway terms matched: viral, infection",medium,"relevant mechanistic terms: viral, host",The innate immune response constitutes the first line of defense against viral infection and is extensively regulated through ubiquitination. The removal of ubiquitin from innate immunity signaling factors by deubiquitinating enzymes (DUBs) therefore provides a potential oppor...
pi-backlog,pmid-21850050,21850050,2012,,Epidermal growth factor improves lentivirus vector gene transfer into primary mouse hepatocytes.,,,,,methods,candidate,"relevant viral/host/pathway terms matched: viral, infection",medium,relevant mechanistic terms: viral,Partial resistance of primary mouse hepatocytes to lentiviral (LV) vector transduction poses a challenge for ex vivo gene therapy protocols in models of monogenetic liver disease. We thus sought to optimize ex vivo LV gene transfer while preserving the hepatocyte integrity for...
pi-backlog,pmid-22100159,22100159,2011,,The control of HIV transcription: keeping RNA polymerase II on track.,,hiv,,,review,unknown,no explicit cross-virus or strong viral host-mechanism terms matched,medium,relevant mechanistic terms: host,"Thirteen years ago, human cyclin T1 was identified as part of the positive transcription elongation factor b (P-TEFb) and the long-sought host cofactor for the HIV-1 transactivator Tat. Recent years have brought new insights into the intricate regulation of P-TEFb function and..."
pi-backlog,pmid-22023795,22023795,2011,,Emerging trends in Lassa fever: redefining the role of immunoglobulin M and inflammation in diagnosing acute infection.,,,,,primary_research,candidate,"relevant viral/host/pathway terms matched: virus, viral, infection",medium,"relevant mechanistic terms: virus, viral",BACKGROUND: Lassa fever (LF) is a devastating hemorrhagic viral disease that is endemic to West Africa and responsible for thousands of human deaths each year. Analysis of humoral immune responses (IgM and IgG) by antibody-capture ELISA (Ab-capture ELISA) and Lassa virus (LASV...
pi-backlog,pmid-21307186,21307186,2011,,"The early interferon response to rotavirus is regulated by PKR and depends on MAVS/IPS-1, RIG-I, MDA-5, and IRF3.",,,,,primary_research,candidate,"relevant viral/host/pathway terms matched: virus, viral, infection",medium,"relevant mechanistic terms: virus, viral, host","In mouse embryonic fibroblasts (MEFs), the bovine rotavirus (UK strain) but not the simian rhesus rotavirus (RRV) robustly triggers beta interferon (IFN-β) secretion, resulting in an IFN-dependent restriction of replication. We now find that both rotavirus strains trigger anti..."
pi-backlog,pmid-21245344,21245344,2011,,Structural basis for the removal of ubiquitin and interferon-stimulated gene 15 by a viral ovarian tumor domain-containing protease.,,,,,primary_research,candidate,"relevant viral/host/pathway terms matched: virus, viral",medium,"relevant mechanistic terms: virus, viral, host",The attachment of ubiquitin (Ub) and the Ub-like (Ubl) molecule interferon-stimulated gene 15 (ISG15) to cellular proteins mediates important innate antiviral responses. Ovarian tumor (OTU) domain proteases from nairoviruses and arteriviruses were recently found to remove thes...
pi-backlog,pmid-20962092,20962092,2011,,Induction of type I interferon secretion through recombinant Newcastle disease virus expressing measles virus hemagglutinin stimulates antibody secretion in the presence of maternal antibodies.,,,,,primary_research,candidate,"relevant viral/host/pathway terms matched: virus, infection",medium,relevant mechanistic terms: virus,"Measles virus (MV) vaccine effectively protects seronegative individuals against infection. However, inhibition of vaccine-induced seroconversion by maternal antibodies after vaccination remains a problem, as it leaves infants susceptible to MV infection. In cotton rats, passi..."
pi-backlog,pmid-20610653,20610653,2010,,NF-kappa B RelA subunit is crucial for early IFN-beta expression and resistance to RNA virus replication.,,,,,primary_research,candidate,"relevant viral/host/pathway terms matched: virus, infection",medium,"relevant mechanistic terms: virus, host","RNA virus infection results in expression of type 1 IFNs, especially IFN-alpha/beta, which play a crucial role in host antivirus responses. Type 1 IFNs are induced in a cell type-specific manner through TLR and RIG-I-like receptor pathways, both of which activate IFN regulator..."
pi-backlog,pmid-20538505,20538505,2010,,Viral tricks to grid-lock the type I interferon system.,,,,,primary_research,candidate,"relevant viral/host/pathway terms matched: virus, viral",medium,"relevant mechanistic terms: virus, viral","Type I interferons (IFNs) play a crucial role in the innate immune avant-garde against viral infections. Virtually all viruses have developed means to counteract the induction, signaling, or antiviral actions of the IFN circuit. Over 170 different virus-encoded IFN antagonists..."
pi-backlog,pmid-20511549,20511549,2010,,A common polymorphism in the caspase recruitment domain of RIG-I modifies the innate immune response of human dendritic cells.,,,,,primary_research,candidate,"relevant viral/host/pathway terms matched: virus, viral, infection",medium,"relevant mechanistic terms: virus, viral","Infection of human dendritic cells (DCs) by negative-strand RNA viruses, such as Newcastle disease virus, leads to the induction of the IFNbeta gene, IFNB1, through the activation of the RNA helicase RIG-I, which is encoded by DDX58. Expression levels of IFNB1 and DDX58 in inf..."
pi-backlog,pmid-20406818,20406818,2010,,Negative role of RIG-I serine 8 phosphorylation in the regulation of interferon-beta production.,,,,,primary_research,candidate,"relevant viral/host/pathway terms matched: virus, viral, interaction, infection",medium,"relevant mechanistic terms: virus, viral","RIG-I (retinoic acid-inducible gene I) and TRIM25 (tripartite motif protein 25) have emerged as key regulatory factors to induce interferon (IFN)-mediated innate immune responses to limit viral replication. Upon recognition of viral RNA, TRIM25 E3 ligase binds the first caspas..."
pi-backlog,pmid-20127601,20127601,2010,,Fulminant hepatic failure due to chemotherapy-induced hepatitis B reactivation: role of rituximab.,,,,,primary_research,candidate,"relevant viral/host/pathway terms matched: virus, infection",medium,relevant mechanistic terms: virus,Hepatitis B virus reactivation during immunosuppressive therapies can lead to liver failure with very limited treatment options available. We report here on two cases of severe hepatitis B reactivation during chemotherapy including rituximab for B cell lymphoma which were trea...
pi-backlog,pmid-19882216,19882216,2010,,Induction of type I interferon by RNA viruses: cellular receptors and their substrates.,,,,,review,candidate,"relevant viral/host/pathway terms matched: virus, viral",medium,"relevant mechanistic terms: virus, viral",Virus recognition and induction of interferon (IFN) are critical components of the innate immune system. The Toll-like receptor (TLR) and RIG-I-like receptor families have been characterized as key players in RNA virus detection. Signaling cascades initiated by these receptors...
pi-backlog,pmid-19242529,19242529,2009,,Genetically engineered Newcastle disease virus for malignant melanoma therapy.,,,,,primary_research,candidate,relevant viral/host/pathway terms matched: virus,medium,relevant mechanistic terms: virus,"Despite the advances in cancer therapies in the past century, malignant melanoma continues to present a significant clinical challenge due to lack of chemotherapeutic response. Systemic therapy with immunostimulatory agents such as interferon and interleukin-2 (IL-2) has shown..."
pi-backlog,pmid-18714310,18714310,2008,,Recombinant Newcastle disease virus as a vaccine vector for cancer therapy.,,,,,primary_research,candidate,relevant viral/host/pathway terms matched: virus,medium,relevant mechanistic terms: virus,"Naturally occurring strains of Newcastle disease virus (NDV) are currently being investigated in multiple clinical trials for oncolytic cancer therapy in the United States and abroad. We have previously reported, for the first time, the development of recombinant NDVs designed..."
pi-backlog,pmid-18663127,18663127,2008,,Transcriptional role of p53 in interferon-mediated antiviral immunity.,,,,,primary_research,candidate,"relevant viral/host/pathway terms matched: viral, pathway, infection",medium,"relevant mechanistic terms: viral, pathway","Tumor suppressor p53 is activated by several stimuli, including DNA damage and oncogenic stress. Previous studies (Takaoka, A., S. Hayakawa, H. Yanai, D. Stoiber, H. Negishi, H. Kikuchi, S. Sasaki, K. Imai, T. Shibue, K. Honda, and T. Taniguchi. 2003. Nature. 424:516-523) have..."
pi-backlog,pmid-18078692,18078692,2007,,Ovarian tumor domain-containing viral proteases evade ubiquitin- and ISG15-dependent innate immune responses.,,,,,primary_research,candidate,"relevant viral/host/pathway terms matched: virus, viral, infection",medium,"relevant mechanistic terms: virus, viral","Ubiquitin (Ub) and interferon-stimulated gene product 15 (ISG15) reversibly conjugate to proteins and mediate important innate antiviral responses. The ovarian tumor (OTU) domain represents a superfamily of predicted proteases found in eukaryotic, bacterial, and viral proteins..."
pi-backlog,pmid-17804743,17804743,2007,,Use of reverse genetics to enhance the oncolytic properties of Newcastle disease virus.,,,,,primary_research,candidate,relevant viral/host/pathway terms matched: virus,medium,relevant mechanistic terms: virus,"Naturally occurring strains of Newcastle disease virus (NDV) have shown oncolytic therapeutic efficacy in preclinical studies and are currently in clinical trials. Here, we have evaluated the possibility to enhance the cancer therapeutic potential of NDV by means of reverse ge..."
pi-backlog,pmid-17804508,17804508,2007,,Differential inhibition of type I interferon induction by arenavirus nucleoproteins.,,,,,primary_research,candidate,relevant viral/host/pathway terms matched: virus,medium,relevant mechanistic terms: virus,We have documented that the nucleoprotein (NP) of the prototypic arenavirus lymphocytic choriomeningitis virus is an antagonist of the type I interferon response. In this study we tested the ability of NPs encoded by representative arenavirus species from both Old World and Ne...
pi-backlog,pmid-17698667,17698667,2007,,Modifications of the PSAP region of the matrix protein lead to attenuation of vesicular stomatitis virus in vitro and in vivo.,,,,,primary_research,candidate,"relevant viral/host/pathway terms matched: virus, infection",medium,"relevant mechanistic terms: virus, host","The matrix (M) protein of vesicular stomatitis virus (VSV) is a multi-functional protein involved in virus assembly, budding and pathogenesis. The (24)PPPY(27) late (L) domain of the M protein plays a key role in virus budding, whereas amino acids downstream of the PPPY motif..."
pi-backlog,pmid-17513724,17513724,2007,,"Lack of essential role of NF-kappa B p50, RelA, and cRel subunits in virus-induced type 1 IFN expression.",,,,,primary_research,candidate,"relevant viral/host/pathway terms matched: virus, viral, infection",medium,"relevant mechanistic terms: virus, viral, host",Type 1 IFNs (IFN-alphabeta) play pivotal roles in the host antiviral response and in TLR-induced signaling. IFN regulatory factor (IRF) and NF-kappaB transcription factors are thought to be crucial for virus-induced mRNA expression of IFN-beta. Although recent studies have dem...
pi-backlog,pmid-17332413,17332413,2007,,Multiple functions of the IKK-related kinase IKKepsilon in interferon-mediated antiviral immunity.,,,,,primary_research,candidate,"relevant viral/host/pathway terms matched: virus, viral, pathway, infection",medium,"relevant mechanistic terms: virus, viral, pathway","IKKepsilon is an IKK (inhibitor of nuclear factor kappaBkinase)-related kinase implicated in virus induction of interferon-beta (IFNbeta). We report that, although mice lacking IKKepsilon produce normal amounts of IFNbeta, they are hypersusceptible to viral infection because o..."
pi-backlog,pmid-17178141,17178141,2007,,A mouse cell-adapted NS4B mutation attenuates West Nile virus RNA synthesis.,,,,,primary_research,candidate,"relevant viral/host/pathway terms matched: virus, viral",medium,"relevant mechanistic terms: virus, viral, host",An adaptive mutation (E249G) within West Nile virus (WNV) NS4B gene was consistently recovered from replicon RNAs in C3H/He mouse cells. The E249G is located at the C-terminal tail of NS4B predicted to be on the cytoplasmic side of the endoplasmic reticulum membrane. The E249G...
pi-backlog,pmid-17173024,17173024,2007,,Sensing RNA virus infections.,,,,,primary_research,candidate,relevant viral/host/pathway terms matched: virus,medium,relevant mechanistic terms: virus,
pi-backlog,pmid-16690858,16690858,2006,,Type 1 interferons and the virus-host relationship: a lesson in détente .,,,,,primary_research,candidate,relevant viral/host/pathway terms matched: virus,medium,"relevant mechanistic terms: virus, host","The interface between an infectious agent and its host represents the ultimate battleground for survival: The microbe must secure a niche for replication, whereas the host must limit the pathogen's advance. Among the host's arsenal of antimicrobial factors, the type 1 interfer..."
pi-backlog,pmid-42450156,42450156,2026,,"Epigenetic Functions of SMYD5 and Its Role in Development, Cancer and Other Cellular Processes.",,hiv,,,review,unknown,no explicit cross-virus or strong viral host-mechanism terms matched,low,no strong backlog-priority keywords matched,"The lysine methyltransferase SMYD5 is an important regulator of development and has been implicated in multiple malignancies, such as heart disease, lung and gastric cancers, breast and hepatocellular carcinomas, and inflammatory bowel disease. Further, SMYD5 has been linked t..."
pi-backlog,pmid-42416259,42416259,2026,,COVID-19 disrupted patterns of cause-specific mortality in Switzerland.,,sars-cov-2;sars-cov,,,primary_research,unknown,no explicit cross-virus or strong viral host-mechanism terms matched,low,no strong backlog-priority keywords matched,"OBJECTIVES: To understand disruptions in mortality patterns during the COVID-19 pandemic beyond deaths directly attributed to SARS-CoV-2. METHODS: We analysed Swiss weekly deaths (2011-2021) by age, sex, region, and nine cause groups. For each age group, a Bayesian multivariat..."
pi-backlog,pmid-42179337,42179337,2026,,Integrating Global Public Health Intelligence - Thematic Analysis from WES Synthesis 2025.,,sars-cov-2;influenza;rsv,,,review,unknown,no explicit cross-virus or strong viral host-mechanism terms matched,low,no strong backlog-priority keywords matched,"AIMS: The global public health landscape is rapidly evolving, driven by emerging infectious diseases, shifting vaccination priorities, and climate-related health risks. The WES Synthesis 2025 project aimed to consolidate and analyse recent intelligence from international and n..."
pi-backlog,pmid-42093108,42093108,2026,,Widespread SARS-CoV-2 Transmission Despite Limited Reported Cases and Clinical Disease: Exploring the Role of Pre-Existing Humoral Immunity to SARS-CoV-2 in Eastern Sierra Leone.,,sars-cov-2;sars-cov;coronavirus,,,primary_research,unknown,no explicit cross-virus or strong viral host-mechanism terms matched,low,no strong backlog-priority keywords matched,"BACKGROUND: Since December 2019, SARS-CoV-2 has infected over 700 million people and caused > 7 million deaths. While much of the global north was severely affected, sub-Saharan Africa was relatively spared. Possible reasons include a younger population, fewer comorbidities, a..."
pi-backlog,pmid-41984637,41984637,2026,,Sex and gender differences in morbidity and mortality from influenza-like illness during pandemics and throughout the 20th century in Switzerland.,,influenza,,,primary_research,unknown,no explicit cross-virus or strong viral host-mechanism terms matched,low,no strong backlog-priority keywords matched,"BACKGROUND: Influenza-like illness (ILI) affects women and men differently. These differences are due to a number of factors, with women often being more exposed and susceptible to ILI infections, while men are at higher risk of mortality. Little is known about how far back th..."
pi-backlog,pmid-41958274,41958274,2026,,"The role of adolescent peer navigators in health service delivery: perspectives from Kenyan adolescents and young adults, caregivers and other knowledge users.",,hiv,,,primary_research,unknown,no explicit cross-virus or strong viral host-mechanism terms matched,low,no strong backlog-priority keywords matched,"Adolescents and young adults (AYA) in Kenya face numerous structural and sociocultural barriers to accessing health services, including stigma, low health literacy, and lack of adolescent-friendly services. Peer navigation-where trained individuals with shared experiences prov..."
pi-backlog,pmid-41083104,41083104,2026,,Enhancing SARS-CoV-2 response capacity in Africa and other centers for research in emerging infectious diseases centres through a collaborative training programme.,,sars-cov-2;sars-cov,,,primary_research,unknown,no explicit cross-virus or strong viral host-mechanism terms matched,low,no strong backlog-priority keywords matched,
current-program,pmid-42002983,42002983,2025,CViSB,Evaluation of antigen and antibody assays for surveillance of Lassa virus in peri-domestic rodents in southeastern Sierra Leone: a cross-sectional study.,Donald S Grant;Kristian Andersen;Robert Garry,,,,primary_research,candidate,relevant viral/host/pathway terms matched: virus,medium,older paper with relevant terms: virus,"BACKGROUND: Lassa fever, caused by Lassa mammarenavirus (LASV), is a rodent-borne disease endemic to west Africa. Zoonotic surveillance of LASV provides epidemiological insights into its potential presence. We aimed to assess LASV antigen and antibody prevalence in peri-domest..."
pi-backlog,pmid-41716456,41716456,2025,,Cross-reactivity between antibodies induced by European swine influenza vaccines and Spanish swine influenza strains.,,influenza,,,primary_research,unknown,no explicit cross-virus or strong viral host-mechanism terms matched,low,no strong backlog-priority keywords matched,"BACKGROUND: Vaccination is an essential tool for controlling the severity of influenza in swine and its spillover risk to humans. Due to fast mutation rates, genomic reassortment, and the high antigenic variability of influenza A viruses (IAV), it is necessary to update vaccin..."
pi-backlog,pmid-41332811,41332811,2025,,Deconvolving SARS-CoV-2 mRNA vaccine impact on immunotherapy-related survival in a pandemic.,,sars-cov-2;sars-cov,,,primary_research,unknown,no explicit cross-virus or strong viral host-mechanism terms matched,low,no strong backlog-priority keywords matched,"Real-world data suggest that SARS-CoV-2 mRNA vaccines, administered within 100 days of immune checkpoint inhibitor (ICI) treatment (""peri-ICI vaccination""), may improve ICI effectiveness, potentially through synergistic immune priming. Although peri-ICI vaccination was associa..."
pi-backlog,pmid-41327175,41327175,2025,,Improving understanding of capacity to consent to sensitive HIV biomedical prevention research among adolescents and their parents or guardians in Rakai Uganda (ICARE): a quasi-experimental nonequivalent groups design protocol.,,hiv,,,methods,unknown,no explicit cross-virus or strong viral host-mechanism terms matched,low,no strong backlog-priority keywords matched,"BACKGROUND: For research on sensitive topics like HIV, it is critical to understand the capacity of adolescents to provide informed consent, as parental consent has been identified as the greatest barrier to adolescent participation in biomedical research. In many countries in..."
current-program,pmid-40844272,40844272,2025,,Recent advances in the inference of deep viral evolutionary history.,,,,,review,candidate,"relevant viral/host/pathway terms matched: virus, viral",medium,"older paper with relevant terms: virus, viral, host","The rapid rate of virus evolution, while useful for outbreak investigations, poses a challenge for accurately estimating long-term viral evolutionary divergence and leaves us with little genomic traces at deep evolutionary timescales, complicating the reconstruction of deep vi..."
current-program,pmid-40796194,40796194,2025,,Infinite Mixture Models for Improved Modeling of Across-Site Evolutionary Variation.,,,,,primary_research,candidate,relevant viral/host/pathway terms matched: viral,medium,older paper with relevant terms: viral,"Scientific studies in many areas of biology routinely employ evolutionary analyses based on inference of phylogenetic trees from molecular sequence data. Evolutionary processes that act at the molecular level are highly variable, and properly accounting for heterogeneity is cr..."
current-program,pmid-40678224,40678224,2025,,Detecting Evolutionary Change-Points with Branch-Specific Substitution Models and Shrinkage Priors.,,,,,methods,candidate,relevant viral/host/pathway terms matched: viral,medium,older paper with relevant terms: viral,"Branch-specific substitution models are popular for detecting evolutionary change-points, such as shifts in selective pressure. However, applying such models typically requires prior knowledge of change-point locations on the phylogeny or faces scalability issues with large da..."
current-program,pmid-40671951,40671951,2025,,Detecting Evolutionary Change-Points with Branch-Specific Substitution Models and Shrinkage Priors.,,,,,methods,candidate,relevant viral/host/pathway terms matched: viral,medium,older paper with relevant terms: viral,"Branch-specific substitution models are popular for detecting evolutionary change-points, such as shifts in selective pressure. However, applying such models typically requires prior knowledge of change-point locations on the phylogeny or faces scalability issues with large da..."
current-program,pmid-40646293,40646293,2025,CViSB,Continuous vital sign monitoring of acute Lassa fever using wearable biosensor devices in West Africa.,Donald S Grant;Kristian Andersen,,,,primary_research,candidate,relevant viral/host/pathway terms matched: viral,medium,older paper with relevant terms: viral,"BACKGROUND: Lassa fever is a fulminant viral illness associated with high in-hospital mortality. This disease constitutes a serious public health concern in West Africa, in particular Nigeria and the Mano River Union region (Guinea, Liberia, and Sierra Leone). In Sierra Leone,..."
current-program,pmid-40388983,40388983,2025,CViSB,Genomics reveals zoonotic and sustained human mpox spread in West Africa.,Kristian Andersen,,,,primary_research,candidate,"relevant viral/host/pathway terms matched: virus, viral",medium,"older paper with relevant terms: virus, viral","Five years before the 2022 multi-country mpox outbreak, Nigeria and Cameroon reported their first cases in more than three decades1,2. Whereas the outbreak in Nigeria is recognized as an ongoing human epidemic, the drivers of the resurgence in Cameroon remain unclear3,4. The r..."
current-program,pmid-40316844,40316844,2025,SCRIPT,Antibiotic de-escalation patterns and outcomes in critically ill patients with suspected pneumonia as informed by bronchoalveolar lavage results.,Richard Wunderink,,,,primary_research,candidate,relevant viral/host/pathway terms matched: viral,medium,older paper with relevant terms: viral,"PURPOSE: Antibiotic stewardship in critically ill pneumonia patients is crucial yet challenging, partly due to the limitations of noninvasive diagnostic tests. This study reports an antibiotic de-escalation pattern informed by bronchoalveolar lavage (BAL) results, incorporatin..."
current-program,pmid-40168990,40168990,2025,CViSB,"Immunological drivers of zoonotic virus emergence, evolution, and endemicity.",Kristian Andersen,,,,review,candidate,"relevant viral/host/pathway terms matched: virus, viral",medium,"older paper with relevant terms: virus, viral","The disruption of natural ecosystems caused by climate change and human activity is amplifying the risk of zoonotic spillover, presenting a growing global health threat. In the past two decades, the emergence of multiple zoonotic viruses has exposed critical gaps in our abilit..."
pi-backlog,pmid-39749209,39749209,2024,,Corrigendum: Inhibition of coronavirus HCoV-OC43 by targeting the eIF4F complex.,,coronavirus,,,primary_research,unknown,no explicit cross-virus or strong viral host-mechanism terms matched,low,no strong backlog-priority keywords matched,[This corrects the article DOI: 10.3389/fphar.2022.1029093.].
current-program,pmid-39605488,39605488,2024,,Conformational ensemble-based framework enables rapid development of Lassa virus vaccine candidates.,,,,,primary_research,candidate,"relevant viral/host/pathway terms matched: virus, viral",medium,"older paper with relevant terms: virus, viral","Lassa virus (LASV), an arenavirus endemic to West Africa, poses a significant public health threat due to its high pathogenicity and expanding geographic risk zone. LASV glycoprotein complex (GPC) is the only known target of neutralizing antibodies, but its inherent metastabil..."
pi-backlog,pmid-39489918,39489918,2024,,Enhanced mucosal SARS-CoV-2 immunity after heterologous intramuscular mRNA prime/intranasal protein boost vaccination with a combination adjuvant.,,sars-cov-2;sars-cov;coronavirus,,,primary_research,unknown,no explicit cross-virus or strong viral host-mechanism terms matched,low,no strong backlog-priority keywords matched,"Current COVID-19 mRNA vaccines delivered intramuscularly (IM) induce effective systemic immunity, but with suboptimal immunity at mucosal sites, limiting their ability to impart sterilizing immunity. There is strong interest in rerouting immune responses induced in the periphe..."
current-program,pmid-39314979,39314979,2024,SCRIPT,Antibiotic De-escalation Patterns and Outcomes in Critically Ill Patients with Suspected Pneumonia as Informed by Bronchoalveolar Lavage Results.,Richard Wunderink,,,,primary_research,candidate,relevant viral/host/pathway terms matched: viral,medium,older paper with relevant terms: viral,"BACKGROUND: Antibiotic stewardship in critically ill pneumonia patients is crucial yet challenging, partly due to the limited diagnostic yield of noninvasive infectious tests. In this study, we report an antibiotic prescription pattern informed by bronchoalveolar lavage (BAL)..."
pi-backlog,pmid-39289508,39289508,2024,,Silencing the transcriptionally active HIV reservoir to improve treatment outcomes.,,hiv,,,primary_research,unknown,no explicit cross-virus or strong viral host-mechanism terms matched,low,no strong backlog-priority keywords matched,"Persistence of the transcriptionally active HIV reservoir (TAHR) has important implications for people living with HIV (PLWH), including chronic immune activation and inflammation. Supplementing antiretroviral therapy with HIV transcriptional inhibitors could overcome this by..."
pi-backlog,pmid-39249627,39249627,2024,,"Engaging Family Members to Support Exclusive Breastfeeding, Responsive care, and Antiretroviral Therapy Adherence Among Families with Children who are HIV-Exposed and Uninfected.",,hiv,,,primary_research,unknown,no explicit cross-virus or strong viral host-mechanism terms matched,low,no strong backlog-priority keywords matched,"Children who are HIV-exposed and uninfected (CHEU) are at increased risk for poor growth, health, and development compared to children who are HIV-unexposed and uninfected. To support families with CHEU, we assessed the acceptability of engaging family members to support women..."
pi-backlog,pmid-39151508,39151508,2024,,"Beliefs, preferences, and acceptance of personal protective equipment for a shock room team in a tertiary care center.",,sars-cov-2;sars-cov;coronavirus,,,primary_research,unknown,no explicit cross-virus or strong viral host-mechanism terms matched,low,no strong backlog-priority keywords matched,"BACKGROUND: During coronavirus disease of 2019 pandemic a standard usage of personal protective equipment (PPE) in healthcare was mandatory, while actually the usage of PPE is currently decreasing. This raises the question about the further use of PPE in the clinical setting b..."
current-program,pmid-39013466,39013466,2024,CViSB,Deep mutational scanning reveals functional constraints and antibody-escape potential of Lassa virus glycoprotein complex.,Kristian Andersen,,,,methods,candidate,"relevant viral/host/pathway terms matched: virus, viral",medium,"older paper with relevant terms: virus, viral, host","Lassa virus is estimated to cause thousands of human deaths per year, primarily due to spillovers from its natural host, Mastomys rodents. Efforts to create vaccines and antibody therapeutics must account for the evolutionary variability of the Lassa virus's glycoprotein compl..."
current-program,pmid-39001278,39001278,2024,SCRIPT,The Impact of Next-Generation Sequencing Added to Multiplex PCR on Antibiotic Stewardship in Critically Ill Patients with Suspected Pneumonia.,Richard Wunderink,,,,review,candidate,relevant viral/host/pathway terms matched: virus,medium,"older paper with relevant terms: virus, pathogen","INTRODUCTION: In patients with suspected pneumonia who are tested with respiratory culture and multiplex PCR, the potential added benefit of next-generation sequencing technologies is unknown. METHODS: This was a single-center, retrospective study in which residual bronchoalve..."
current-program,pmid-38947052,38947052,2024,CViSB,Genomic epidemiology uncovers the timing and origin of the emergence of mpox in humans.,Kristian Andersen,,,,primary_research,candidate,"relevant viral/host/pathway terms matched: virus, viral",medium,"older paper with relevant terms: virus, viral, pathogen","Five years before the 2022-2023 global mpox outbreak Nigeria reported its first cases in nearly 40 years, with the ongoing epidemic since driven by sustained human-to-human transmission. However, limited genomic data has left questions about the timing and origin of the mpox v..."
current-program,pmid-38947021,38947021,2024,CViSB,Molecular epidemiology of recurrent zoonotic transmission of mpox virus in West Africa.,Kristian Andersen,,,,primary_research,candidate,"relevant viral/host/pathway terms matched: virus, viral",medium,"older paper with relevant terms: virus, viral","Nigeria and Cameroon reported their first mpox cases in over three decades in 2017 and 2018 respectively. The outbreak in Nigeria is recognised as an ongoing human epidemic. However, owing to sparse surveillance and genomic data, it is not known whether the increase in cases i..."
current-program,pmid-38947010,38947010,2024,,Evolution of the Umbilical Cord Blood Proteome Across Gestational Development.,,,,proteomics,primary_research,candidate,relevant viral/host/pathway terms matched: proteome,low,no strong literature-priority keywords matched,"Neonatal health is dependent on early risk stratification, diagnosis, and timely management of potentially devastating conditions, particularly in the setting of prematurity. Many of these conditions are poorly predicted in real-time by clinical data and current diagnostics. U..."
pi-backlog,pmid-38890463,38890463,2024,,Author Correction: Discovery of SARS-CoV-2 antiviral drugs through large-scale compound repurposing.,,sars-cov-2;sars-cov,,,primary_research,unknown,no explicit cross-virus or strong viral host-mechanism terms matched,low,no strong backlog-priority keywords matched,
pi-backlog,pmid-38864383,38864383,2024,,Colloidal Aggregation Confounds Cell-Based Covid-19 Antiviral Screens.,,sars-cov-2;sars-cov;influenza,,,primary_research,unknown,no explicit cross-virus or strong viral host-mechanism terms matched,low,no strong backlog-priority keywords matched,"Colloidal aggregation is one of the largest contributors to false positives in early drug discovery. Here, we consider aggregation's role in cell-based infectivity assays in Covid-19 drug repurposing. We investigated the potential aggregation of 41 drug candidates reported as..."
current-program,pmid-38801652,38801652,2024,CViSB,Ebola Virus-Specific Neutralizing Antibody Persists at High Levels in Survivors 2 Years After Resolution of Disease in a Sierra Leonean Cohort.,Robert Garry;Donald S Grant,,,,primary_research,candidate,relevant viral/host/pathway terms matched: virus,medium,older paper with relevant terms: virus,"Ebola virus (EBOV) infection results in Ebola virus disease (EVD), an often severe disease with a nonspecific presentation. Since its recognition, periodic outbreaks of EVD continue to occur in sub-Saharan Africa. The 2013-2016 West African EVD outbreak was the largest recorde..."
pi-backlog,pmid-38683878,38683878,2024,,Bayesian workflow for time-varying transmission in stratified compartmental infectious disease transmission models.,,sars-cov-2;sars-cov,,,methods,unknown,no explicit cross-virus or strong viral host-mechanism terms matched,low,no strong backlog-priority keywords matched,"Compartmental models that describe infectious disease transmission across subpopulations are central for assessing the impact of non-pharmaceutical interventions, behavioral changes and seasonal effects on the spread of respiratory infections. We present a Bayesian workflow fo..."
pi-backlog,pmid-38586014,38586014,2024,,Enhanced mucosal B- and T-cell responses against SARS-CoV-2 after heterologous intramuscular mRNA prime/intranasal protein boost vaccination with a combination adjuvant.,,sars-cov-2;sars-cov,,,primary_research,unknown,no explicit cross-virus or strong viral host-mechanism terms matched,low,no strong backlog-priority keywords matched,"Current COVID-19 mRNA vaccines delivered intramuscularly (IM) induce effective systemic immunity, but with suboptimal immunity at mucosal sites, limiting their ability to impart sterilizing immunity. There is strong interest in rerouting immune responses induced in the periphe..."
current-program,pmid-38370709,38370709,2024,CViSB,Deep mutational scanning reveals functional constraints and antigenic variability of Lassa virus glycoprotein complex.,Kristian Andersen,,,,methods,candidate,"relevant viral/host/pathway terms matched: virus, viral",medium,"older paper with relevant terms: virus, viral, host","Lassa virus is estimated to cause thousands of human deaths per year, primarily due to spillovers from its natural host, Mastomys rodents. Efforts to create vaccines and antibody therapeutics must account for the evolutionary variability of Lassa virus's glycoprotein complex (..."
pi-backlog,pmid-38327175,38327175,2024,,Digital adaptation of the Standing up for Myself intervention in young people and adults with intellectual disabilities: the STORM feasibility study.,,sars-cov-2;coronavirus,,,primary_research,unknown,no explicit cross-virus or strong viral host-mechanism terms matched,low,no strong backlog-priority keywords matched,"BACKGROUND: Stigma contributes to the negative social conditions persons with intellectual disabilities are exposed to, and it needs tackling at multiple levels. Standing Up for Myself is a psychosocial group intervention designed to enable individuals with intellectual disabi..."
current-program,pmid-38326571,38326571,2024,CViSB,Genome-wide association study identifies human genetic variants associated with fatal outcome from Lassa fever.,Kristian Andersen;Donald S Grant;Robert Garry,,,,primary_research,candidate,"relevant viral/host/pathway terms matched: virus, viral",medium,"older paper with relevant terms: virus, viral","Infection with Lassa virus (LASV) can cause Lassa fever, a haemorrhagic illness with an estimated fatality rate of 29.7%, but causes no or mild symptoms in many individuals. Here, to investigate whether human genetic variation underlies the heterogeneity of LASV infection, we..."
pi-backlog,pmid-38293112,38293112,2024,,De novo-designed minibinders expand the synthetic biology sensing repertoire.,,sars-cov-2;sars-cov,,,primary_research,unknown,no explicit cross-virus or strong viral host-mechanism terms matched,low,no strong backlog-priority keywords matched,"Synthetic and chimeric receptors capable of recognizing and responding to user-defined antigens have enabled ""smart"" therapeutics based on engineered cells. These cell engineering tools depend on antigen sensors which are most often derived from antibodies. Advances in the de..."
current-program,pmid-38280377,38280377,2024,CViSB,Monoclonal antibody therapy protects nonhuman primates against mucosal exposure to Lassa virus.,Robert Garry,,,,primary_research,candidate,"relevant viral/host/pathway terms matched: virus, viral",medium,"older paper with relevant terms: virus, viral","Lassa fever (LF) is an acute viral illness that causes thousands of deaths annually in West Africa. There are currently no Lassa virus (LASV) vaccines or antivirals approved for human use. Recently, we showed that combinations of broadly neutralizing human monoclonal antibodie..."
pi-backlog,pmid-38112266,38112266,2024,,The impact of S2 mutations on Omicron SARS-CoV-2 cell surface expression and fusogenicity.,,sars-cov-2;sars-cov,,,primary_research,unknown,no explicit cross-virus or strong viral host-mechanism terms matched,low,no strong backlog-priority keywords matched,SARS-CoV-2 Omicron subvariants are still emerging and spreading worldwide. These variants contain a high number of polymorphisms in the spike (S) glycoprotein that could potentially impact their pathogenicity and transmission. We have previously shown that the S:655Y and P681H...
pi-backlog,pmid-38045703,38045703,2023,,"Potency and durability of T and B cell immune responses after homologous and heterologous vector delivery of a trimer-stabilized, membrane-displayed HIV-1 clade ConC Env protein.",,hiv,,,primary_research,unknown,no explicit cross-virus or strong viral host-mechanism terms matched,low,no strong backlog-priority keywords matched,"INTRODUCTION: The generation of an HIV-1 vaccine able to induce long-lasting protective immunity remains a main challenge. Here, we aimed to modify next-generation soluble, prefusion-stabilized, close-to-native, glycan-engineered clade C gp140 envelope (Env) trimers (sC23v4 KI..."
current-program,pmid-37849403,37849403,2023,CViSB,"The Arenaviridae Family: Knowledge Gaps, Animal Models, Countermeasures, and Prototype Pathogens.",Kristian Andersen;Robert Garry,,,,primary_research,candidate,"relevant viral/host/pathway terms matched: virus, viral",medium,"older paper with relevant terms: virus, viral","Lassa virus (LASV), Junin virus (JUNV), and several other members of the Arenaviridae family are capable of zoonotic transfer to humans and induction of severe viral hemorrhagic fevers. Despite the importance of arenaviruses as potential pandemic pathogens, numerous gaps exist..."
pi-backlog,pmid-37817087,37817087,2023,,"Transmitted drug resistance and subtype patterns of viruses from reported new HIV diagnoses in Germany, 2017-2020.",,hiv,,,methods,unknown,no explicit cross-virus or strong viral host-mechanism terms matched,low,no strong backlog-priority keywords matched,BACKGROUND: The transmission of resistant HIV variants jeopardizes the effective use of antiretrovirals for therapy and prophylaxis. Molecular surveillance of new HIV diagnoses with a focus on prevalence and type of resistance associated mutations and the subtype of circulatin...
pi-backlog,pmid-37777519,37777519,2023,,Assessing immunogenicity barriers of the HIV-1 envelope trimer.,,hiv,,,primary_research,unknown,no explicit cross-virus or strong viral host-mechanism terms matched,low,no strong backlog-priority keywords matched,"Understanding the balance between epitope shielding and accessibility on HIV-1 envelope (Env) trimers is essential to guide immunogen selection for broadly neutralizing antibody (bnAb) based vaccines. To investigate the antigenic space of Env immunogens, we created a strategy..."
pi-backlog,pmid-37661317,37661317,2023,,"Primary Resistance of Viruses in Reported New Cases of HIV, 2017-2020.",,hiv,,,primary_research,unknown,no explicit cross-virus or strong viral host-mechanism terms matched,low,no strong backlog-priority keywords matched,
current-program,pmid-37520413,37520413,2023,SCRIPT,An Adjudication Protocol for Severe Pneumonia.,Richard Wunderink,,,,review,candidate,relevant viral/host/pathway terms matched: viral,medium,older paper with relevant terms: viral,BACKGROUND: Clinical end points that constitute successful treatment in severe pneumonia are difficult to ascertain and vulnerable to bias. The utility of a protocolized adjudication procedure to determine meaningful end points in severe pneumonia has not been well described....
current-program,pmid-37458991,37458991,2023,,Scalable Bayesian Divergence Time Estimation With Ratio Transformations.,,,,,methods,candidate,"relevant viral/host/pathway terms matched: virus, viral",medium,"older paper with relevant terms: virus, viral","Divergence time estimation is crucial to provide temporal signals for dating biologically important events from species divergence to viral transmissions in space and time. With the advent of high-throughput sequencing, recent Bayesian phylogenetic studies have analyzed hundre..."
pi-backlog,pmid-37313413,37313413,2023,,Group 1 and group 2 hemagglutinin stalk antibody response according to age.,,influenza,,,primary_research,unknown,no explicit cross-virus or strong viral host-mechanism terms matched,low,no strong backlog-priority keywords matched,"OBJECTIVE: Antibodies elicited by seasonal influenza vaccines mainly target the head of hemagglutinin (HA). However, antibodies against the stalk domain are cross-reactive and have been proven to play a role in reducing influenza disease severity. We investigated the induction..."
pi-backlog,pmid-37261122,37261122,2023,,Vaccine-induced immune thrombotic thrombocytopenia: what do we know hitherto?,,sars-cov-2;coronavirus,,,review,unknown,no explicit cross-virus or strong viral host-mechanism terms matched,low,no strong backlog-priority keywords matched,"Vaccine-induced immune thrombotic thrombocytopenia (VITT), also known as thrombosis with thrombocytopenia syndrome, is a catastrophic and life-threatening reaction to coronavirus disease 2019 (COVID-19) vaccines, which occurs disproportionately in response to vaccination with..."
current-program,pmid-37209096,37209096,2023,,Structural conservation of Lassa virus glycoproteins and recognition by neutralizing antibodies.,,,,,primary_research,candidate,"relevant viral/host/pathway terms matched: virus, viral",medium,"older paper with relevant terms: virus, viral",Lassa fever is an acute hemorrhagic fever caused by the zoonotic Lassa virus (LASV). The LASV glycoprotein complex (GPC) mediates viral entry and is the sole target for neutralizing antibodies. Immunogen design is complicated by the metastable nature of recombinant GPCs and th...
current-program,pmid-36993465,36993465,2023,CViSB,Novel Tools for Lassa Virus Surveillance in Peri-domestic Rodents.,Donald S Grant;Kristian Andersen;Robert Garry,,,,methods,candidate,"relevant viral/host/pathway terms matched: virus, viral",medium,"older paper with relevant terms: virus, viral","BACKGROUND: Lassa fever (LF) is a rodent-borne disease endemic to West Africa. In the absence of licensed therapeutics or vaccines, rodent exclusion from living spaces remains the primary method of preventing LF. Zoonotic surveillance of Lassa virus (LASV), the etiologic agent..."
current-program,pmid-36097163,36097163,2023,CViSB,Lassa fever - the road ahead.,Robert Garry,,,,review,candidate,"relevant viral/host/pathway terms matched: virus, viral",medium,"older paper with relevant terms: virus, viral","Lassa virus (LASV) is endemic in the rodent populations of Sierra Leone, Nigeria and other countries in West Africa. Spillover to humans occurs frequently and results in Lassa fever, a viral haemorrhagic fever (VHF) associated with a high case fatality rate. Despite advances,..."
pi-backlog,pmid-36065824,36065824,2023,,Estimating the Effectiveness of First Dose of COVID-19 Vaccine Against Mortality in England: A Quasi-Experimental Study.,,sars-cov-2;coronavirus,,,primary_research,unknown,no explicit cross-virus or strong viral host-mechanism terms matched,low,no strong backlog-priority keywords matched,"Estimating real-world vaccine effectiveness is vital to assessing the coronavirus disease 2019 (COVID-19) vaccination program and informing the ongoing policy response. However, estimating vaccine effectiveness using observational data is inherently challenging because of the..."
pi-backlog,pmid-35738233,35738233,2023,,Simulation of Aerosol and Droplet Spread during Upper Airway and Gastrointestinal Endoscopy.,,sars-cov-2;sars-cov,,,primary_research,unknown,no explicit cross-virus or strong viral host-mechanism terms matched,low,no strong backlog-priority keywords matched,BACKGROUND AND AIMS: Aerosols and droplets are the main vectors in transmission of highly contagious SARS-CoV-2. Invasive diagnostic procedures like upper airway and gastrointestinal endoscopy have been declared as aerosol-generating procedures. Protection of healthcare worker...
pi-backlog,pmid-37358124,37358124,2022,,[Evolution and prognostic factors associated with mortality in older adults hospitalized for COVID-19].,,sars-cov-2;sars-cov,,,primary_research,unknown,no explicit cross-virus or strong viral host-mechanism terms matched,low,no strong backlog-priority keywords matched,"BACKGROUND: SARS-CoV-2 affects all age groups, but higher mortality rates are recorded in older people, men and with comorbidities, mainly hypertension, diabetes and obesity. AIM: To describe the main clinical characteristics, evolution and prognostic factors for death in olde..."
current-program,pmid-36441765,36441765,2022,CViSB,Expansion of CD8+ T cell population in Lassa virus survivors with low T cell precursor frequency reveals durable immune response in most survivors.,Robert Garry;Donald S Grant,,,,primary_research,candidate,relevant viral/host/pathway terms matched: virus,medium,"older paper with relevant terms: virus, pathogen","INTRODUCTION: Lassa virus is a priority pathogen for vaccine research and development, however the duration of cellular immunity and protection in Lassa fever (LF) survivors remains unclear. METHODS: We investigated Lassa virus specific CD8+ T cell responses in 93 LF survivors..."
current-program,pmid-36288283,36288283,2022,CViSB,A cocktail of protective antibodies subverts the dense glycan shield of Lassa virus.,Robert Garry,,,,primary_research,candidate,relevant viral/host/pathway terms matched: virus,medium,"older paper with relevant terms: virus, pathogen","Developing potent therapeutics and effective vaccines are the ultimate goals in controlling infectious diseases. Lassa virus (LASV), the causative pathogen of Lassa fever (LF), infects hundreds of thousands annually, but effective antivirals or vaccines against LASV infection..."
pi-backlog,pmid-36219456,36219456,2022,,Immunodominance hierarchy after seasonal influenza vaccination.,,influenza,,,primary_research,unknown,no explicit cross-virus or strong viral host-mechanism terms matched,low,no strong backlog-priority keywords matched,"Current influenza vaccines elicit humoral immune responses against the haemagglutinin (HA) protein of influenza viruses. Different antigenic sites have been identified in the HA head as the main target of haemagglutination inhibition (HAI) antibodies (Sb, Sa, Cb, Ca1 and Ca2)...."
current-program,pmid-36211254,36211254,2022,,"BAYESIAN MITIGATION OF SPATIAL COARSENING FOR A HAWKES MODEL APPLIED TO GUNFIRE, WILDFIRE AND VIRAL CONTAGION.",,,,,primary_research,candidate,relevant viral/host/pathway terms matched: viral,medium,older paper with relevant terms: viral,"Self-exciting spatiotemporal Hawkes processes have found increasing use in the study of large-scale public health threats, ranging from gun violence and earthquakes to wildfires and viral contagion. Whereas many such applications feature locational uncertainty, that is, the ex..."
pi-backlog,pmid-36168555,36168555,2022,,"Risk of Long COVID in People Infected With Severe Acute Respiratory Syndrome Coronavirus 2 After 2 Doses of a Coronavirus Disease 2019 Vaccine: Community-Based, Matched Cohort Study.",,sars-cov-2;coronavirus,,,primary_research,unknown,no explicit cross-virus or strong viral host-mechanism terms matched,low,no strong backlog-priority keywords matched,We investigated long COVID incidence by vaccination status in a random sample of UK adults from April 2020 to November 2021. Persistent symptoms were reported by 9.5% of 3090 breakthrough severe acute respiratory syndrome coronavirus 2 infections and 14.6% of unvaccinated cont...
current-program,pmid-36167835,36167835,2022,CViSB,Predicting the evolution of the Lassa virus endemic area and population at risk over the next decades.,Donald S Grant;Robert Garry;Kristian Andersen,,,,primary_research,candidate,"relevant viral/host/pathway terms matched: virus, viral",medium,"older paper with relevant terms: virus, viral","Lassa fever is a severe viral hemorrhagic fever caused by a zoonotic virus that repeatedly spills over to humans from its rodent reservoirs. It is currently not known how climate and land use changes could affect the endemic area of this virus, currently limited to parts of We..."
pi-backlog,pmid-36059549,36059549,2022,,Editorial: Pandemic influenza vaccine approaches: Current status and future directions.,,influenza,,,primary_research,unknown,no explicit cross-virus or strong viral host-mechanism terms matched,low,no strong backlog-priority keywords matched,
current-program,pmid-35919523,35919523,2022,,Stromal Transcription Factor 21 Regulates Development of the Renal Stroma via Interaction with Wnt/β-Catenin Signaling.,,,,,primary_research,candidate,relevant viral/host/pathway terms matched: interaction,medium,older paper with relevant terms: interaction,BACKGROUND: Kidney formation requires coordinated interactions between multiple cell types. Input from the interstitial progenitor cells is implicated in multiple aspects of kidney development. We previously reported that transcription factor 21 (Tcf21) is required for ureteri...
current-program,pmid-35895416,35895416,2022,CViSB,Evaluation of Three Clinical Prediction Tools to Predict Mortality in Hospitalized Patients with Lassa Fever.,Donald S Grant,,,,primary_research,candidate,relevant viral/host/pathway terms matched: viral,medium,older paper with relevant terms: viral,Lassa fever is a viral hemorrhagic illness with a case fatality rate for hospitalized patients as high as 69%. Identifying cases before they progress to serious illness can lead to earlier treatment and improved clinical outcomes. Three existing clinical prediction tools were...
current-program,pmid-35795297,35795297,2022,,Accommodating sampling location uncertainty in continuous phylogeography.,,,,,review,candidate,relevant viral/host/pathway terms matched: viral,medium,older paper with relevant terms: viral,"Phylogeographic inference of the dispersal history of viral lineages offers key opportunities to tackle epidemiological questions about the spread of fast-evolving pathogens across human, animal and plant populations. In continuous space, i.e. when locations are specified by l..."
pi-backlog,pmid-35332335,35332335,2022,,Publisher Correction: Evolution of enhanced innate immune evasion by SARS-CoV-2.,,sars-cov-2;sars-cov,,,primary_research,unknown,no explicit cross-virus or strong viral host-mechanism terms matched,low,no strong backlog-priority keywords matched,
current-program,pmid-35215114,35215114,2022,CViSB,Enterotoxigenic Escherichia coli Heat-Stable Toxin and Ebola Virus Delta Peptide: Similarities and Differences.,Robert Garry,,,,primary_research,candidate,"relevant viral/host/pathway terms matched: virus, viral",medium,"older paper with relevant terms: virus, viral, pathogen",Enterotoxigenic Escherichia coli (ETEC) STb toxin exhibits striking structural similarity to Ebola virus (EBOV) delta peptide. Both ETEC and EBOV delta peptide are enterotoxins. Comparison of the structural and functional similarities and differences of these two toxins illumi...
pi-backlog,pmid-35192922,35192922,2022,,Acquired HIV drug resistance mutations on first-line antiretroviral therapy in Southern Africa: Systematic review and Bayesian evidence synthesis.,,hiv,,,review,unknown,no explicit cross-virus or strong viral host-mechanism terms matched,low,no strong backlog-priority keywords matched,OBJECTIVE: To estimate the prevalence of NRTI and NNRTI drug resistance mutations in patients failing NNRTI-based ART in Southern Africa. STUDY DESIGN: We conducted a systematic review to identify studies reporting drug resistance mutations among adult people living with HIV (...
pi-backlog,pmid-35062328,35062328,2022,,Obesity and Metabolic Dysregulation in Children Provide Protective Influenza Vaccine Responses.,,influenza,,,primary_research,unknown,no explicit cross-virus or strong viral host-mechanism terms matched,low,no strong backlog-priority keywords matched,"The most effective intervention for influenza prevention is vaccination. However, there are conflicting data on influenza vaccine antibody responses in obese children. Cardio-metabolic parameters such as waist circumference, cholesterol, insulin sensitivity, and blood pressure..."
current-program,pmid-35040956,35040956,2022,,From viral evolution to spatial contagion: a biologically modulated Hawkes model.,,,,,primary_research,candidate,relevant viral/host/pathway terms matched: viral,medium,"older paper with relevant terms: viral, pathogen","SUMMARY: Mutations sometimes increase contagiousness for evolving pathogens. During an epidemic, scientists use viral genome data to infer a shared evolutionary history and connect this history to geographic spread. We propose a model that directly relates a pathogen's evoluti..."
current-program,pmid-34951645,34951645,2022,,Phylogeography Reveals Association between Swine Trade and the Spread of Porcine Epidemic Diarrhea Virus in China and across the World.,,,,,primary_research,candidate,relevant viral/host/pathway terms matched: virus,medium,"older paper with relevant terms: virus, coronavirus","The ongoing SARS (severe acute respiratory syndrome)-CoV (coronavirus)-2 pandemic has exposed major gaps in our knowledge on the origin, ecology, evolution, and spread of animal coronaviruses. Porcine epidemic diarrhea virus (PEDV) is a member of the genus Alphacoronavirus in..."
pi-backlog,pmid-37645198,37645198,2021,,A reflection on participatory research methodologies in the light of the COVID-19 - lessons learnt from the European Research Project TRIPS.,,sars-cov-2;coronavirus,,,primary_research,unknown,no explicit cross-virus or strong viral host-mechanism terms matched,low,no strong backlog-priority keywords matched,"The coronavirus disease (COVID-19) outbreak has had considerable impacts on research projects, particularly those adopting participatory approaches. This paper reflects on the methodological adaptations employed by the European research project TRIPS to facilitate co-design an..."
pi-backlog,pmid-34702759,34702759,2021,,Adaptations to general surgery resident education in response to COVID-19.,,sars-cov-2;sars-cov,,,methods,unknown,no explicit cross-virus or strong viral host-mechanism terms matched,low,no strong backlog-priority keywords matched,BACKGROUND: The COVID-19 pandemic led to many new provincial public health measures to reallocate resources in response to an impending surge of cases. These necessary decisions had several downstream effects on general surgery training. We surveyed the actions taken by Canadi...
pi-backlog,pmid-34446935,34446935,2021,,Multivariate analysis of 1.5 million people identifies genetic associations with traits related to self-regulation and addiction.,,hiv,,,primary_research,unknown,no explicit cross-virus or strong viral host-mechanism terms matched,low,no strong backlog-priority keywords matched,"Behaviors and disorders related to self-regulation, such as substance use, antisocial behavior and attention-deficit/hyperactivity disorder, are collectively referred to as externalizing and have shared genetic liability. We applied a multivariate approach that leverages genet..."
pi-backlog,pmid-34358165,34358165,2021,,Stepwise Conformational Stabilization of a HIV-1 Clade C Consensus Envelope Trimer Immunogen Impacts the Profile of Vaccine-Induced Antibody Responses.,,hiv,,,primary_research,unknown,no explicit cross-virus or strong viral host-mechanism terms matched,low,no strong backlog-priority keywords matched,"Stabilization of the HIV-1 Envelope glycoprotein trimer (Env) in its native pre-fusion closed conformation is regarded as one of several requirements for the induction of neutralizing antibody (nAb) responses, which, in turn, will most likely be a prerequisite for the developm..."
current-program,pmid-34354329,34354329,2021,,Scalable Bayesian inference for self-excitatory stochastic processes applied to big American gunfire data.,,,,,primary_research,candidate,relevant viral/host/pathway terms matched: viral,medium,"older paper with relevant terms: viral, host","The Hawkes process and its extensions effectively model self-excitatory phenomena including earthquakes, viral pandemics, financial transactions, neural spike trains and the spread of memes through social networks. The usefulness of these stochastic process models within a hos..."
current-program,pmid-34261800,34261800,2021,CViSB,Ebola vaccine-induced protection in nonhuman primates correlates with antibody specificity and Fc-mediated effects.,Kristian Andersen,,,,primary_research,candidate,relevant viral/host/pathway terms matched: virus,medium,older paper with relevant terms: virus,"Although substantial progress has been made with Ebola virus (EBOV) vaccine measures, the immune correlates of vaccine-mediated protection remain uncertain. Here, five mucosal vaccine vectors based on human and avian paramyxoviruses provided nonhuman primates with varying degr..."
pi-backlog,pmid-34208059,34208059,2021,,Augmenting the Immune Response against a Stabilized HIV-1 Clade C Envelope Trimer by Silica Nanoparticle Delivery.,,hiv,,,primary_research,unknown,no explicit cross-virus or strong viral host-mechanism terms matched,low,no strong backlog-priority keywords matched,"The delivery of HIV-1 envelope (Env) trimer-based immunogens on the surface of nanoparticles holds promise to promote immunogenicity with the aim of inducing a potent, durable and broad neutralizing antibody (bnAb) response. Towards that goal, we examined the covalent conjugat..."
pi-backlog,pmid-34204268,34204268,2021,,Development of a Macrophage-Based ADCC Assay.,,influenza,,,primary_research,unknown,no explicit cross-virus or strong viral host-mechanism terms matched,low,no strong backlog-priority keywords matched,"Fc-dependent effector functions are an important determinant of the in vivo potency of therapeutic antibodies. Effector function is determined by the combination of FcRs bound by the antibody and the cell expressing the relevant FcRs, leading to antibody-dependent cellular cyt..."
pi-backlog,pmid-33948611,33948611,2021,,Curating and translating the evidence about SARS-CoV-2 and COVID-19 for frontline public health and clinical care: The Novel Coronavirus Research Compendium (NCRC).,,sars-cov-2;sars-cov;coronavirus,,,review,unknown,no explicit cross-virus or strong viral host-mechanism terms matched,low,no strong backlog-priority keywords matched,"The public health crisis created by the SARS-CoV-2 pandemic has spurred a deluge of scientific research aimed at informing public health and medical response to the COVID-19 pandemic. However, those working in frontline public health and clinical care had insufficient time to..."
current-program,pmid-33852832,33852832,2021,CViSB,A Fc engineering approach to define functional humoral correlates of immunity against Ebola virus.,Kristian Andersen;Donald S Grant;Robert Garry,,,,primary_research,candidate,relevant viral/host/pathway terms matched: virus,medium,older paper with relevant terms: virus,"Protective Ebola virus (EBOV) antibodies have neutralizing activity and induction of antibody constant domain (Fc)-mediated innate immune effector functions. Efforts to enhance Fc effector functionality often focus on maximizing antibody-dependent cellular cytotoxicity, yet di..."
pi-backlog,pmid-33846703,33846703,2021,,SARS-CoV-2 spike E484K mutation reduces antibody neutralisation.,,sars-cov-2;sars-cov,,,primary_research,unknown,no explicit cross-virus or strong viral host-mechanism terms matched,low,no strong backlog-priority keywords matched,
current-program,pmid-33789012,33789012,2021,CViSB,Ebola Virus Transmission Initiated by Relapse of Systemic Ebola Virus Disease.,Kristian Andersen,,,,primary_research,candidate,relevant viral/host/pathway terms matched: virus,medium,older paper with relevant terms: virus,"During the 2018-2020 Ebola virus disease (EVD) outbreak in North Kivu province in the Democratic Republic of Congo, EVD was diagnosed in a patient who had received the recombinant vesicular stomatitis virus-based vaccine expressing a ZEBOV glycoprotein (rVSV-ZEBOV) (Merck). Hi..."
pi-backlog,pmid-33728501,33728501,2021,,[Pager-supported waiting time management in a university hospital ENT outpatient department : A pilot project for more distance and more comfort].,,sars-cov-2;sars-cov;coronavirus,,,primary_research,unknown,no explicit cross-virus or strong viral host-mechanism terms matched,low,no strong backlog-priority keywords matched,"BACKGROUND: Due to the severe acute respiratory syndrome coronavirus 2 (SARS-CoV-2) pandemic, sufficient distance between people is absolutely necessary, especially in waiting rooms of medical care institutions. This is frequently difficult to realize due to restricted spatial..."
current-program,pmid-32687171,32687171,2021,,Relaxed Random Walks at Scale.,,,,,methods,candidate,relevant viral/host/pathway terms matched: virus,medium,older paper with relevant terms: virus,Relaxed random walk (RRW) models of trait evolution introduce branch-specific rate multipliers to modulate the variance of a standard Brownian diffusion process along a phylogeny and more accurately model overdispersed biological data. Increased taxonomic sampling challenges i...
current-program,pmid-32415977,32415977,2021,,Markov-Modulated Continuous-Time Markov Chains to Identify Site- and Branch-Specific Evolutionary Variation in BEAST.,,,,,primary_research,candidate,relevant viral/host/pathway terms matched: viral,medium,older paper with relevant terms: viral,Markov models of character substitution on phylogenies form the foundation of phylogenetic inference frameworks. Early models made the simplifying assumption that the substitution process is homogeneous over time and across sites in the molecular sequence alignment. While stan...
pi-backlog,pmid-33948251,33948251,2020,,Assessing clinical investigators' perceptions of relevance and competency of clinical trials skills: An international AIDS Malignancy Consortium (AMC) study.,,hiv,,,primary_research,unknown,no explicit cross-virus or strong viral host-mechanism terms matched,low,no strong backlog-priority keywords matched,"INTRODUCTION: The AIDS Malignancy Consortium (AMC) conducts clinical trials of therapeutic and prevention strategies for cancer in people living with HIV. With its recent expansion to Sub-Saharan Africa and Latin America, there was a need to increase the competence of clinical..."
pi-backlog,pmid-33259154,33259154,2020,,Shedding of Viable SARS-CoV-2 after Immunosuppressive Therapy for Cancer.,,sars-cov-2;sars-cov,,,primary_research,unknown,no explicit cross-virus or strong viral host-mechanism terms matched,low,no strong backlog-priority keywords matched,
current-program,pmid-33159066,33159066,2020,CViSB,Epidemiological hypothesis testing using a phylogeographic and phylodynamic framework.,Kristian Andersen,,,,methods,candidate,"relevant viral/host/pathway terms matched: virus, viral",medium,"older paper with relevant terms: virus, viral, pathogen","Computational analyses of pathogen genomes are increasingly used to unravel the dispersal history and transmission dynamics of epidemics. Here, we show how to go beyond historical reconstructions and use spatially-explicit phylogeographic and phylodynamic approaches to formall..."
pi-backlog,pmid-32948375,32948375,2020,,Emergency Department Management of the Covid-19 Pandemic.,,sars-cov-2;coronavirus,,,primary_research,unknown,no explicit cross-virus or strong viral host-mechanism terms matched,low,no strong backlog-priority keywords matched,BACKGROUND: Emergency departments (EDs) need to be prepared to manage crises and disasters in both the short term and the long term. The coronavirus disease 2019 (COVID-19) pandemic has necessitated a rapid overhaul of several aspects of ED operations in preparation for a sust...
pi-backlog,pmid-32876697,32876697,2020,,Effect of Hydrocortisone on Mortality and Organ Support in Patients With Severe COVID-19: The REMAP-CAP COVID-19 Corticosteroid Domain Randomized Clinical Trial.,,sars-cov-2;coronavirus,,,primary_research,unknown,no explicit cross-virus or strong viral host-mechanism terms matched,low,no strong backlog-priority keywords matched,"IMPORTANCE: Evidence regarding corticosteroid use for severe coronavirus disease 2019 (COVID-19) is limited. OBJECTIVE: To determine whether hydrocortisone improves outcome for patients with severe COVID-19. DESIGN, SETTING, AND PARTICIPANTS: An ongoing adaptive platform trial..."
pi-backlog,pmid-32663348,32663348,2020,,Current Status of COVID-19 (Pre)Clinical Vaccine Development.,,sars-cov-2;sars-cov,,,primary_research,unknown,no explicit cross-virus or strong viral host-mechanism terms matched,low,no strong backlog-priority keywords matched,"The current COVID-19 pandemic has a tremendous impact on daily life world-wide. Despite the ability to dampen the spread of SARS-CoV-2, the causative agent of the diseases, through restrictive interventions, it is believed that only effective vaccines will provide sufficient c..."
pi-backlog,pmid-32606243,32606243,2020,,Turning up the heat on HIV-1.,,hiv,,,primary_research,unknown,no explicit cross-virus or strong viral host-mechanism terms matched,low,no strong backlog-priority keywords matched,
pi-backlog,pmid-32592816,32592816,2020,,Coronavirus disease 2019 (COVID-19) hospitalized patients with acute kidney injury treated with acute peritoneal dialysis do not have infectious peritoneal dialysis effluent.,,sars-cov-2;coronavirus;influenza,,,primary_research,unknown,no explicit cross-virus or strong viral host-mechanism terms matched,low,no strong backlog-priority keywords matched,
current-program,pmid-32554594,32554594,2020,,Measles virus and rinderpest virus divergence dated to the sixth century BCE.,,,,,primary_research,candidate,relevant viral/host/pathway terms matched: virus,medium,older paper with relevant terms: virus,"Many infectious diseases are thought to have emerged in humans after the Neolithic revolution. Although it is broadly accepted that this also applies to measles, the exact date of emergence for this disease is controversial. We sequenced the genome of a 1912 measles virus and..."
pi-backlog,pmid-32511541,32511541,2020,,Determinants of Severity in Cancer Patients with COVID-19 Illness.,,sars-cov-2;sars-cov,,,primary_research,unknown,no explicit cross-virus or strong viral host-mechanism terms matched,low,no strong backlog-priority keywords matched,"New York State had 180,458 cases of SARS-CoV-2 and 9385 reported deaths as of April 10th, 2020. Patients with cancer comprised 8.4% of deceased individuals1. Population-based studies from China and Italy suggested a higher COVID-19 death rate in patients with cancer2,3, althou..."
current-program,pmid-32457420,32457420,2020,CViSB,Field evaluation of a Pan-Lassa rapid diagnostic test during the 2018 Nigerian Lassa fever outbreak.,Donald S Grant;Robert Garry,,,,primary_research,candidate,relevant viral/host/pathway terms matched: virus,medium,older paper with relevant terms: virus,"Lassa virus (LASV) is the causative agent of Lassa fever (LF), an often-fatal hemorrhagic disease. LF is endemic in Nigeria, Sierra Leone and other West African countries. Diagnosis of LASV infection is challenged by the genetic diversity of the virus, which is greatest in Nig..."
current-program,pmid-32101295,32101295,2020,,Online Bayesian Phylodynamic Inference in BEAST with Application to Epidemic Reconstruction.,,,,,primary_research,candidate,relevant viral/host/pathway terms matched: virus,medium,"older paper with relevant terms: virus, pathogen","Reconstructing pathogen dynamics from genetic data as they become available during an outbreak or epidemic represents an important statistical scenario in which observations arrive sequentially in time and one is interested in performing inference in an ""online"" fashion. Widel..."
current-program,pmid-31301137,31301137,2020,CViSB,Survivors of Ebola Virus Disease Develop Polyfunctional Antibody Responses.,Kristian Andersen;Robert Garry;Donald S Grant,,,,primary_research,candidate,relevant viral/host/pathway terms matched: virus,medium,older paper with relevant terms: virus,"Monoclonal antibodies can mediate protection against Ebola virus (EBOV) infection through direct neutralization as well as through the recruitment of innate immune effector functions. However, the antibody functional response following survival of acute EBOV disease has not be..."
current-program,pmid-31671157,31671157,2019,CViSB,Twenty years of West Nile virus spread and evolution in the Americas visualized by Nextstrain.,Kristian Andersen,,,,review,candidate,"relevant viral/host/pathway terms matched: virus, viral",medium,"older paper with relevant terms: virus, viral, pathogen","It has been 20 years since West Nile virus first emerged in the Americas, and since then, little progress has been made to control outbreaks caused by this virus. After its first detection in New York in 1999, West Nile virus quickly spread across the continent, causing an epi..."
current-program,pmid-31398326,31398326,2019,CViSB,Convergent Structures Illuminate Features for Germline Antibody Binding and Pan-Lassa Virus Neutralization.,Robert Garry,,,,primary_research,candidate,relevant viral/host/pathway terms matched: virus,medium,older paper with relevant terms: virus,"Lassa virus (LASV) causes hemorrhagic fever and is endemic in West Africa. Protective antibody responses primarily target the LASV surface glycoprotein (GPC), and GPC-B competition group antibodies often show potent neutralizing activity in humans. However, which features conf..."
current-program,pmid-31312805,31312805,2019,CViSB,"Machine-learning Prognostic Models from the 2014-16 Ebola Outbreak: Data-harmonization Challenges, Validation Strategies, and mHealth Applications.",Robert Garry;Donald S Grant,,,,primary_research,candidate,"relevant viral/host/pathway terms matched: virus, viral",medium,"older paper with relevant terms: virus, viral","BACKGROUND: Ebola virus disease (EVD) plagues low-resource and difficult-to-access settings. Machine learning prognostic models and mHealth tools could improve the understanding and use of evidence-based care guidelines in such settings. However, data incompleteness and lack o..."
pi-backlog,pmid-31233494,31233494,2019,,Bridging the gap between HIV epidemiology and antiretroviral resistance evolution: Modelling the spread of resistance in South Africa.,,hiv,,,primary_research,unknown,no explicit cross-virus or strong viral host-mechanism terms matched,low,no strong backlog-priority keywords matched,"The scale-up of antiretroviral therapy (ART) in South Africa substantially reduced AIDS-related deaths and new HIV infections. However, its success is threatened by the emergence of resistance to non-nucleoside reverse-transcriptase inhibitors (NNRTI). The MARISA (Modelling An..."
pi-backlog,pmid-31088600,31088600,2019,,Piloting a surveillance system for HIV drug resistance in the European Union.,,hiv,,,primary_research,unknown,no explicit cross-virus or strong viral host-mechanism terms matched,low,no strong backlog-priority keywords matched,"BackgroundA steady increase in HIV drug resistance (HIVDR) has been demonstrated globally in individuals initiating first-line antiretroviral therapy (ART). To support effective use of ART and prevent spread of HIVDR, monitoring is essential.AimWe piloted a surveillance system..."
current-program,pmid-31004175,31004175,2019,,Bayesian Inference of Evolutionary Histories under Time-Dependent Substitution Rates.,,,,,primary_research,candidate,relevant viral/host/pathway terms matched: virus,medium,older paper with relevant terms: virus,"Many factors complicate the estimation of time scales for phylogenetic histories, requiring increasingly complex evolutionary models and inference procedures. The widespread application of molecular clock dating has led to the insight that evolutionary rate estimates may vary..."
current-program,pmid-30333617,30333617,2018,,Antibody-mediated protection against Ebola virus.,,,,,review,candidate,relevant viral/host/pathway terms matched: virus,medium,older paper with relevant terms: virus,"Recent Ebola virus disease epidemics have highlighted the need for effective vaccines and therapeutics to prevent future outbreaks. Antibodies are clearly critical for control of this deadly disease; however, the specific mechanisms of action of protective antibodies have yet..."
current-program,pmid-30332564,30332564,2018,CViSB,Genomic Analysis of Lassa Virus during an Increase in Cases in Nigeria in 2018.,Robert Garry;Kristian Andersen,,,,primary_research,candidate,"relevant viral/host/pathway terms matched: virus, viral",medium,"older paper with relevant terms: virus, viral","During 2018, an unusual increase in Lassa fever cases occurred in Nigeria, raising concern among national and international public health agencies. We analyzed 220 Lassa virus genomes from infected patients, including 129 from the 2017-2018 transmission season, to understand t..."
current-program,pmid-30092199,30092199,2018,CViSB,A Role for Fc Function in Therapeutic Monoclonal Antibody-Mediated Protection against Ebola Virus.,Kristian Andersen,,,,primary_research,candidate,relevant viral/host/pathway terms matched: virus,medium,"older paper with relevant terms: virus, host","The recent Ebola virus (EBOV) epidemic highlighted the need for effective vaccines and therapeutics to limit and prevent outbreaks. Host antibodies against EBOV are critical for controlling disease, and recombinant monoclonal antibodies (mAbs) can protect from infection. Howev..."
current-program,pmid-30038008,30038008,2018,CViSB,Analysis of CD8(+) T cell response during the 2013-2016 Ebola epidemic in West Africa.,Donald S Grant;Robert Garry;Kristian Andersen,,,,primary_research,candidate,"relevant viral/host/pathway terms matched: virus, viral",medium,"older paper with relevant terms: virus, viral","The recent Ebola epidemic exemplified the importance of understanding and controlling emerging infections. Despite the importance of T cells in clearing virus during acute infection, little is known about Ebola-specific CD8+ T cell responses. We investigated immune responses o..."
pi-backlog,pmid-29927386,29927386,2018,,"Phase I study on safety and pharmacokinetics of a novel influenza endonuclease inhibitor, AL-794 (JNJ-64155806), following single- and multiple-ascending doses in healthy adults.",,influenza,,,primary_research,unknown,no explicit cross-virus or strong viral host-mechanism terms matched,low,no strong backlog-priority keywords matched,"BACKGROUND: This double-blind, first-in-human Phase I study evaluated pharmacokinetics, safety and tolerability of AL-794 (prodrug of ALS-033719), a potent endonuclease inhibitor of influenza A and B in healthy volunteers. METHODS: Healthy adult volunteers were randomized to A..."
current-program,pmid-29908153,29908153,2018,SCRIPT,Testing for Respiratory Viruses in Adults With Severe Lower Respiratory Infection.,Richard Wunderink,,,,primary_research,candidate,relevant viral/host/pathway terms matched: viral,medium,older paper with relevant terms: viral,Viral pathogens are a common cause of severe lower respiratory tract infection in adults. Our ability to rapidly and accurately identify viral infections has dramatically improved as slow culture-based techniques have been largely replaced by multiplex high-throughput systems....
pi-backlog,pmid-27731797,27731797,2016,,Insights into HIV-1 proviral transcription from integrative structure and dynamics of the Tat:AFF4:P-TEFb:TAR complex.,,hiv,,,primary_research,unknown,no explicit cross-virus or strong viral host-mechanism terms matched,low,no strong backlog-priority keywords matched,"HIV-1 Tat hijacks the human superelongation complex (SEC) to promote proviral transcription. Here we report the 5.9 Å structure of HIV-1 TAR in complex with HIV-1 Tat and human AFF4, CDK9, and CycT1. The TAR central loop contacts the CycT1 Tat-TAR recognition motif (TRM) and t..."
pi-backlog,pmid-26859239,26859239,2016,,Active opioid use does not attenuate the humoral responses to inactivated influenza vaccine.,,influenza,,,primary_research,unknown,no explicit cross-virus or strong viral host-mechanism terms matched,low,no strong backlog-priority keywords matched,"BACKGROUND: Influenza vaccination is recommended for vulnerable individuals, including active drug users, to prevent influenza complications and decrease influenza spread. Recent studies suggest that opioids negatively regulate immune responses in experimental models, but the..."
pi-backlog,pmid-26842838,26842838,2016,,Systems vaccinology informs influenza vaccine immunogenicity.,,influenza,,,primary_research,unknown,no explicit cross-virus or strong viral host-mechanism terms matched,low,no strong backlog-priority keywords matched,
pi-backlog,pmid-26042416,26042416,2015,,Expected and Unexpected Features of the Newly Discovered Bat Influenza A-like Viruses.,,influenza,,,primary_research,unknown,no explicit cross-virus or strong viral host-mechanism terms matched,low,no strong backlog-priority keywords matched,
pi-backlog,pmid-25618414,25618414,2015,,"Determinants for degradation of SAMHD1, Mus81 and induction of G2 arrest in HIV-1 Vpr and SIVagm Vpr.",,hiv,,,primary_research,unknown,no explicit cross-virus or strong viral host-mechanism terms matched,low,no strong backlog-priority keywords matched,"Vpr and Vpx are a group of highly related accessory proteins from primate lentiviruses. Despite the high degree of amino acid homology within this group, these proteins can be highly divergent in their functions. In this work, we constructed chimeric and mutant proteins betwee..."
pi-backlog,pmid-24676204,24676204,2014,,Distinct cross-reactive B-cell responses to live attenuated and inactivated influenza vaccines.,,influenza,,,primary_research,unknown,no explicit cross-virus or strong viral host-mechanism terms matched,low,no strong backlog-priority keywords matched,"BACKGROUND: The immunological bases for the efficacies of the 2 currently licensed influenza vaccines, live attenuated influenza vaccine (LAIV) and inactivated influenza vaccine (IIV), are not fully understood. The goal of this study was to identify specific B-cell responses c..."
pi-backlog,pmid-24083927,24083927,2013,,"Knowledge, attitudes, and practice regarding HIV testing among female military family members of childbearing age in Honduras.",,hiv,,,primary_research,unknown,no explicit cross-virus or strong viral host-mechanism terms matched,low,no strong backlog-priority keywords matched,"This is a survey of knowledge, attitudes, and practice regarding HIV testing among 187 female family members affiliated with the Honduran Armed Forces and civilian controls. Prior HIV testing was reported by 45%, and 94% expressed willingness to be tested in the future. Pregna..."
pi-backlog,pmid-24023811,24023811,2013,,"Intermittent preventive therapy with sulfadoxine-pyrimethamine for malaria in pregnancy: a cross-sectional study from Tororo, Uganda.",,hiv,,,primary_research,unknown,no explicit cross-virus or strong viral host-mechanism terms matched,low,no strong backlog-priority keywords matched,"BACKGROUND: Intermittent preventive treatment during pregnancy (IPTp) with sulfadoxine-pyrimethamine (SP) is widely recommended in sub-Saharan Africa to reduce the risk of malaria and improve birth outcomes. However, there are reports that the efficacy of IPTp with SP is wanin..."
pi-backlog,pmid-23719353,23719353,2013,,Bringing it all together: big data and HIV research.,,hiv,,,primary_research,unknown,no explicit cross-virus or strong viral host-mechanism terms matched,low,no strong backlog-priority keywords matched,
pi-backlog,pmid-23405185,23405185,2013,,Hematological changes in women and infants exposed to an AZT-containing regimen for prevention of mother-to-child-transmission of HIV in Tanzania.,,hiv,,,primary_research,unknown,no explicit cross-virus or strong viral host-mechanism terms matched,low,no strong backlog-priority keywords matched,"INTRODUCTION: Tanzanian guidelines for prevention of mother-to-child-transmission of HIV (PMTCT) recommend an antiretroviral combination regimen involving zidovudine (AZT) during pregnancy, single-dosed nevirapine at labor onset, AZT plus Lamivudine (3TC) during delivery, and..."
pi-backlog,pmid-23100536,23100536,2012,,The neuraminidase of bat influenza viruses is not a neuraminidase.,,influenza,,,primary_research,unknown,no explicit cross-virus or strong viral host-mechanism terms matched,low,no strong backlog-priority keywords matched,
pi-backlog,pmid-22722241,22722241,2012,,"Influenza A viruses and PI3K: are there time, place and manner restrictions?",,influenza,,,primary_research,unknown,no explicit cross-virus or strong viral host-mechanism terms matched,low,no strong backlog-priority keywords matched,
pi-backlog,pmid-21412127,21412127,2011,,The cost of providing comprehensive HIV treatment in PEPFAR-supported programs.,,hiv,,,primary_research,unknown,no explicit cross-virus or strong viral host-mechanism terms matched,low,no strong backlog-priority keywords matched,"BACKGROUND: PEPFAR, national governments, and other stakeholders are investing unprecedented resources to provide HIV treatment in developing countries. This study reports empirical data on costs and cost trends in a large sample of HIV treatment sites. DESIGN: In 2006-2007, w..."
pi-backlog,pmid-21251605,21251605,2011,,HIV never ceases to surprise: Innovative methods in the quest for a cure.,,hiv,,,primary_research,unknown,no explicit cross-virus or strong viral host-mechanism terms matched,low,no strong backlog-priority keywords matched,
pi-backlog,pmid-20615470,20615470,2011,,Characterization of HIV Tat modifications using novel methyl-lysine-specific antibodies.,,hiv,,,primary_research,unknown,no explicit cross-virus or strong viral host-mechanism terms matched,low,no strong backlog-priority keywords matched,"Modification-specific antibodies are important tools to examine the dynamics and functions of posttranslational protein modifications in cells. Here, we describe in detail the generation of polyclonal antibodies specific for mono-, di-, and trimethylated lysine 51 within the H..."
pi-backlog,pmid-19387490,19387490,2009,,Acetylation of cyclin T1 regulates the equilibrium between active and inactive P-TEFb in cells.,,hiv,,,primary_research,unknown,no explicit cross-virus or strong viral host-mechanism terms matched,low,no strong backlog-priority keywords matched,"The elongation competence of the RNA polymerase II complex is critically dependent on the positive transcription elongation factor b (P-TEFb). P-TEFb exists in two forms in cells, an active form composed of cyclin T1 and CDK9 and an inactive form, in which cyclin T1/CDK9 is se..."
pi-backlog,pmid-18051673,18051673,2007,,"Lessons learned from the 1918-1919 influenza pandemic in Minneapolis and St. Paul, Minnesota.",,influenza,,,primary_research,unknown,no explicit cross-virus or strong viral host-mechanism terms matched,low,no strong backlog-priority keywords matched,
pi-backlog,pmid-17313509,17313509,2007,,Assessment of a national monitoring and evaluation system for rapid expansion of antiretroviral treatment in Malawi.,,hiv,,,primary_research,unknown,no explicit cross-virus or strong viral host-mechanism terms matched,low,no strong backlog-priority keywords matched,"OBJECTIVES: Monitoring and evaluation of national antiretroviral therapy (ART) programs is vital, but routine, standardized assessment of national ART patient monitoring systems has not been established. Malawi has undertaken an ambitious ART scale-up effort, with over 57,000..."
current-program,pmid-38428427,38428427,2024,,Mediator complex subunit 1 architects a tumorigenic Treg cell program independent of inflammation.,,,,,primary_research,candidate,relevant viral/host/pathway terms matched: pathway,low,no strong literature-priority keywords matched,"While immunotherapy has revolutionized cancer treatment, its safety has been hampered by immunotherapy-related adverse events. Unexpectedly, we show that Mediator complex subunit 1 (MED1) is required for T regulatory (Treg) cell function specifically in the tumor microenvironm..."
