source_collection,paper_id,pmid,doi,year,title,center,pi_candidates,cross_virus_relevance,priority,subset_reason,pmcid,pubmed_url,pmc_url,publisher_url,open_access_status,full_text_source,full_text_status,oa_landing_path,oa_pdf_path,manual_download_needed,manual_download_reason
pi-backlog,pmid-42496972,42496972,10.1001/jamanetworkopen.2026.25141,2026,Glucagon-Like Peptide-1 Receptor Agonists and Fragility Fracture Risk in Type 2 Diabetes.,UCLA-Persistent-BSI,Michael Yeaman,high,low,explicit cross-virus or shared-host framing in title/abstract,PMC13401206,https://pubmed.ncbi.nlm.nih.gov/42496972/,https://pmc.ncbi.nlm.nih.gov/articles/PMC13401206/,https://doi.org/10.1001/jamanetworkopen.2026.25141,pmc_open_access,pmc,oa_pdf_downloaded,papers/fulltext/inventory/oa/pmid-42496972.url,papers/fulltext/inventory/oa/pmid-42496972.pdf,no,
pi-backlog,pmid-42454370,42454370,10.1093/nar/gkag701,2026,A potential RNA-RNA distal interaction competing with a functional pseudoknot in the 3'-untranslated region of SARS-like coronaviruses.,SYBIL,Adolfo Garcia-Sastre,candidate,high,"viral context plus mechanism/resource terms: virus, viral, sars, interaction",PMC13369322,https://pubmed.ncbi.nlm.nih.gov/42454370/,https://pmc.ncbi.nlm.nih.gov/articles/PMC13369322/,https://doi.org/10.1093/nar/gkag701,pmc_open_access,pmc,oa_pdf_downloaded,papers/fulltext/inventory/oa/pmid-42454370.url,papers/fulltext/inventory/oa/pmid-42454370.pdf,no,
pi-backlog,pmid-42409264,42409264,10.1016/j.jbc.2026.113316,2026,Substrate and target selectivity of 4'-fluoroadenosine against viral and host polymerases.,SYBIL,Sumit Chanda,high,high,explicit cross-virus or shared-host framing in title/abstract,,https://pubmed.ncbi.nlm.nih.gov/42409264/,,https://doi.org/10.1016/j.jbc.2026.113316,publisher_or_doi_only,publisher,manual_check_needed,papers/fulltext/inventory/oa/pmid-42409264.url,papers/fulltext/inventory/oa/pmid-42409264.pdf,yes,publisher/DOI link available but OA status not confirmed from current metadata
pi-backlog,pmid-42244653,42244653,10.64898/2026.05.22.727251,2026,Substrate and target selectivity of 4'-fluoroadenosine against viral and host polymerases.,SYBIL,Sumit Chanda,high,high,explicit cross-virus or shared-host framing in title/abstract,PMC13232272,https://pubmed.ncbi.nlm.nih.gov/42244653/,https://pmc.ncbi.nlm.nih.gov/articles/PMC13232272/,https://doi.org/10.64898/2026.05.22.727251,pmc_open_access,pmc,oa_pdf_downloaded,papers/fulltext/inventory/oa/pmid-42244653.url,papers/fulltext/inventory/oa/pmid-42244653.pdf,no,
pi-backlog,pmid-42200562,42200562,10.1177/15473287261450907,2026,Simplified Derivation of Stable Early Passage Murine Embryonic and Parthenogenetic Stem Cells.,SCRIPT,Alan Hauser,high,low,explicit cross-virus or shared-host framing in title/abstract,,https://pubmed.ncbi.nlm.nih.gov/42200562/,,https://doi.org/10.1177/15473287261450907,publisher_or_doi_only,publisher,manual_check_needed,papers/fulltext/inventory/oa/pmid-42200562.url,papers/fulltext/inventory/oa/pmid-42200562.pdf,yes,publisher/DOI link available but OA status not confirmed from current metadata
pi-backlog,pmid-42150007,42150007,10.1021/acs.jmedchem.6c00126,2026,Self-Dimerization Induced Proximity Targeting Chimeras (SDIPTAC) Lead to DCAF1 Loss of Function and Inhibition of HIV Replication.,HPMI,Melanie Ott,candidate,high,"viral context plus mechanism/resource terms: viral, hiv, interaction",PMC13224092,https://pubmed.ncbi.nlm.nih.gov/42150007/,https://pmc.ncbi.nlm.nih.gov/articles/PMC13224092/,https://doi.org/10.1021/acs.jmedchem.6c00126,pmc_open_access,pmc,oa_pdf_downloaded,papers/fulltext/inventory/oa/pmid-42150007.url,papers/fulltext/inventory/oa/pmid-42150007.pdf,no,
pi-backlog,pmid-42067193,42067193,10.1016/j.slasd.2026.100311,2026,Repurposing drug screen for the identification of helicase inhibitors from viruses of pandemic concern.,HPMI,Melanie Ott,candidate,high,"viral context plus mechanism/resource terms: virus, viral, sars, screen",PMC13387393,https://pubmed.ncbi.nlm.nih.gov/42067193/,https://pmc.ncbi.nlm.nih.gov/articles/PMC13387393/,https://doi.org/10.1016/j.slasd.2026.100311,pmc_open_access,pmc,oa_pdf_downloaded,papers/fulltext/inventory/oa/pmid-42067193.url,papers/fulltext/inventory/oa/pmid-42067193.pdf,no,
pi-backlog,pmid-42013838,42013838,10.1016/j.cell.2026.03.046,2026,Systematic discovery of pro- and anti-HIV host factors in primary human CD4+ T cells.,HPMI,Andrej Sali,candidate,high,"viral context plus mechanism/resource terms: virus, viral, hiv, interaction",PMC13105272,https://pubmed.ncbi.nlm.nih.gov/42013838/,https://pmc.ncbi.nlm.nih.gov/articles/PMC13105272/,https://doi.org/10.1016/j.cell.2026.03.046,pmc_open_access,pmc,oa_pdf_downloaded,papers/fulltext/inventory/oa/pmid-42013838.url,papers/fulltext/inventory/oa/pmid-42013838.pdf,no,
pi-backlog,pmid-41917196,41917196,10.1038/s41551-026-01642-6,2026,Programmable kinetic barcoding for multiplexed RNA detection with Cas13a.,HPMI,Melanie Ott,high,high,explicit cross-virus or shared-host framing in title/abstract,,https://pubmed.ncbi.nlm.nih.gov/41917196/,,https://doi.org/10.1038/s41551-026-01642-6,publisher_or_doi_only,publisher,manual_check_needed,papers/fulltext/inventory/oa/pmid-41917196.url,papers/fulltext/inventory/oa/pmid-41917196.pdf,yes,publisher/DOI link available but OA status not confirmed from current metadata
pi-backlog,pmid-41757169,41757169,10.64898/2026.02.18.26346542,2026,Early Fc-effector antibody signatures impact COVID-19 disease trajectory.,SYBIL,Adolfo Garcia-Sastre,candidate,high,"viral context plus mechanism/resource terms: sars, proteomics",PMC12934865,https://pubmed.ncbi.nlm.nih.gov/41757169/,https://pmc.ncbi.nlm.nih.gov/articles/PMC12934865/,https://doi.org/10.64898/2026.02.18.26346542,pmc_open_access,pmc,oa_pdf_downloaded,papers/fulltext/inventory/oa/pmid-41757169.url,papers/fulltext/inventory/oa/pmid-41757169.pdf,no,
pi-backlog,pmid-41654489,41654489,10.1038/s41398-026-03884-z,2026,Prenatal and postnatal effects of gestational immune activation on synaptic and neurodevelopmental pathways via epigenetic mechanisms.,SYBIL,Adolfo Garcia-Sastre,candidate,high,"viral context plus mechanism/resource terms: virus, influenza, transcriptome",PMC12923905,https://pubmed.ncbi.nlm.nih.gov/41654489/,https://pmc.ncbi.nlm.nih.gov/articles/PMC12923905/,https://doi.org/10.1038/s41398-026-03884-z,pmc_open_access,pmc,oa_pdf_downloaded,papers/fulltext/inventory/oa/pmid-41654489.url,papers/fulltext/inventory/oa/pmid-41654489.pdf,no,
pi-backlog,pmid-41554267,41554267,10.1016/S2468-1253(25)00293-6,2026,"ALG-000184 (pevifoscorvir sodium) monotherapy in participants with chronic HBV infection: a phase 1, multicentre, randomised, dose escalation trial.",SYBIL,Sumit Chanda,candidate,high,"viral context plus mechanism/resource terms: virus, pathway",,https://pubmed.ncbi.nlm.nih.gov/41554267/,,https://doi.org/10.1016/S2468-1253(25)00293-6,publisher_or_doi_only,publisher,manual_check_needed,papers/fulltext/inventory/oa/pmid-41554267.url,papers/fulltext/inventory/oa/pmid-41554267.pdf,yes,publisher/DOI link available but OA status not confirmed from current metadata
pi-backlog,pmid-41548573,41548573,10.1002/jbio.70219,2026,Biomolecular Fingerprint of Crohn's Disease: A Comparative Raman Spectroscopic Study of Blood and Tissue Samples.,SYBIL,Sumit Chanda,high,low,explicit cross-virus or shared-host framing in title/abstract,PMC12812440,https://pubmed.ncbi.nlm.nih.gov/41548573/,https://pmc.ncbi.nlm.nih.gov/articles/PMC12812440/,https://doi.org/10.1002/jbio.70219,pmc_open_access,pmc,oa_pdf_downloaded,papers/fulltext/inventory/oa/pmid-41548573.url,papers/fulltext/inventory/oa/pmid-41548573.pdf,no,
pi-backlog,pmid-41459948,41459948,10.1128/jvi.01774-25,2026,Disease modulation by TIV vaccination during secondary pneumococcal infections in influenza-infected mice.,SYBIL,Michael Schotsaert,candidate,high,"viral context plus mechanism/resource terms: virus, viral, influenza, host response",PMC12911902,https://pubmed.ncbi.nlm.nih.gov/41459948/,https://pmc.ncbi.nlm.nih.gov/articles/PMC12911902/,https://doi.org/10.1128/jvi.01774-25,pmc_open_access,pmc,oa_pdf_downloaded,papers/fulltext/inventory/oa/pmid-41459948.url,papers/fulltext/inventory/oa/pmid-41459948.pdf,no,
hpmi,pmid-42149727,42149727,10.7554/eLife.82289,2026,Cas9(+) conditionally immortalized neutrophil progenitors as a tool for genome-wide CRISPR screening for neutrophil differentiation and function.,HPMI,,candidate,high,candidate relevance plus virus/pathogen/assay support,PMC13233066,https://pubmed.ncbi.nlm.nih.gov/42149727/,https://pmc.ncbi.nlm.nih.gov/articles/PMC13233066/,https://doi.org/10.7554/eLife.82289,pmc_open_access,pmc,oa_pdf_downloaded,papers/fulltext/inventory/oa/pmid-42149727.url,papers/fulltext/inventory/oa/pmid-42149727.pdf,no,
hpmi,pmid-42134328,42134328,10.1016/j.chom.2026.04.015,2026,Coronavirus protein interaction mapping in bat and human cells reveals network rewiring governing immune evasion and zoonotic potential.,HPMI,,high,high,explicit cross-virus/shared-host signal,PMC13286030,https://pubmed.ncbi.nlm.nih.gov/42134328/,https://pmc.ncbi.nlm.nih.gov/articles/PMC13286030/,https://doi.org/10.1016/j.chom.2026.04.015,pmc_open_access,pmc,oa_pdf_downloaded,papers/fulltext/inventory/oa/pmid-42134328.url,papers/fulltext/inventory/oa/pmid-42134328.pdf,no,
hpmi,pmid-41797714,41797714,10.1172/jci.insight.198342,2026,Human iPSC-derived alveolar macrophages reveal macrophage subtype functions of itaconate in M. tuberculosis defense.,HPMI,,candidate,high,candidate relevance plus virus/pathogen/assay support,PMC13041677,https://pubmed.ncbi.nlm.nih.gov/41797714/,https://pmc.ncbi.nlm.nih.gov/articles/PMC13041677/,https://doi.org/10.1172/jci.insight.198342,pmc_open_access,pmc,oa_pdf_downloaded,papers/fulltext/inventory/oa/pmid-41797714.url,papers/fulltext/inventory/oa/pmid-41797714.pdf,no,
hpmi,pmid-41688792,41688792,10.1038/s44318-026-00715-1,2026,Membrane-associated effluxosomes coordinate multi-metal resistance in Mycobacterium tuberculosis.,HPMI,,candidate,high,candidate relevance plus virus/pathogen/assay support,PMC13043812,https://pubmed.ncbi.nlm.nih.gov/41688792/,https://pmc.ncbi.nlm.nih.gov/articles/PMC13043812/,https://doi.org/10.1038/s44318-026-00715-1,pmc_open_access,pmc,oa_pdf_downloaded,papers/fulltext/inventory/oa/pmid-41688792.url,papers/fulltext/inventory/oa/pmid-41688792.pdf,no,
hpmi,pmid-41676649,41676649,10.1101/2024.03.05.583578,2026,Regulation of virion production by the ORF8 signal peptide across SARS-CoV-2 variants.,HPMI,,candidate,high,candidate relevance plus virus/pathogen/assay support,PMC12889891,https://pubmed.ncbi.nlm.nih.gov/41676649/,https://pmc.ncbi.nlm.nih.gov/articles/PMC12889891/,https://doi.org/10.1101/2024.03.05.583578,pmc_open_access,pmc,oa_pdf_downloaded,papers/fulltext/inventory/oa/pmid-41676649.url,papers/fulltext/inventory/oa/pmid-41676649.pdf,no,
hpmi,pmid-41555498,41555498,10.1093/bioinformatics/btag031,2026,textToKnowledgeGraph: generation of molecular interaction knowledge graphs using large language models for exploration in Cytoscape.,HPMI,,candidate,medium,candidate relevance plus virus/pathogen/assay support,PMC12916169,https://pubmed.ncbi.nlm.nih.gov/41555498/,https://pmc.ncbi.nlm.nih.gov/articles/PMC12916169/,https://doi.org/10.1093/bioinformatics/btag031,pmc_open_access,pmc,oa_pdf_downloaded,papers/fulltext/inventory/oa/pmid-41555498.url,papers/fulltext/inventory/oa/pmid-41555498.pdf,no,
current-program,pmid-42258748,42258748,10.1172/jci.insight.203056,2026,Longitudinal clinical proteomics reveals pneumonia type-specific protein biomarkers and autoantibodies.,CViSB,Donald S Grant;Richard Wunderink,candidate,high,candidate relevance plus virus/pathogen/assay support,PMC13313542,https://pubmed.ncbi.nlm.nih.gov/42258748/,https://pmc.ncbi.nlm.nih.gov/articles/PMC13313542/,https://doi.org/10.1172/jci.insight.203056,pmc_open_access,pmc,oa_pdf_downloaded,papers/fulltext/inventory/oa/pmid-42258748.url,papers/fulltext/inventory/oa/pmid-42258748.pdf,no,
current-program,pmid-42182519,42182519,10.64898/2026.05.12.724509,2026,Pathogen-specific host responses define distinct pneumonia endotypes in the human lung.,SCRIPT,Richard Wunderink,candidate,high,candidate relevance plus virus/pathogen/assay support,PMC13192929,https://pubmed.ncbi.nlm.nih.gov/42182519/,https://pmc.ncbi.nlm.nih.gov/articles/PMC13192929/,https://doi.org/10.64898/2026.05.12.724509,pmc_open_access,pmc,oa_pdf_downloaded,papers/fulltext/inventory/oa/pmid-42182519.url,papers/fulltext/inventory/oa/pmid-42182519.pdf,no,
current-program,pmid-42179346,42179346,10.1093/jimmun/vkag106,2026,"A multiplexed, systems-based approach for prediction of antibody neutralization breadth for soluble human receptors.",CViSB,Ryan McNamara,candidate,high,candidate relevance plus virus/pathogen/assay support,PMC13200002,https://pubmed.ncbi.nlm.nih.gov/42179346/,https://pmc.ncbi.nlm.nih.gov/articles/PMC13200002/,https://doi.org/10.1093/jimmun/vkag106,pmc_open_access,pmc,oa_pdf_downloaded,papers/fulltext/inventory/oa/pmid-42179346.url,papers/fulltext/inventory/oa/pmid-42179346.pdf,no,
current-program,pmid-41794027,41794027,10.1016/j.cell.2026.02.006,2026,Dynamics of natural selection preceding human viral epidemics and pandemics.,CViSB,Kristian Andersen,candidate,high,candidate relevance plus virus/pathogen/assay support,PMC13092335,https://pubmed.ncbi.nlm.nih.gov/41794027/,https://pmc.ncbi.nlm.nih.gov/articles/PMC13092335/,https://doi.org/10.1016/j.cell.2026.02.006,pmc_open_access,pmc,oa_pdf_downloaded,papers/fulltext/inventory/oa/pmid-41794027.url,papers/fulltext/inventory/oa/pmid-41794027.pdf,no,
current-program,pmid-41646792,41646792,10.64898/2026.01.12.26343938,2026,Longitudinal clinical proteomics reveals pneumonia type-specific protein biomarkers and autoantibodies.,SCRIPT,Richard Wunderink,candidate,high,candidate relevance plus virus/pathogen/assay support,PMC12870487,https://pubmed.ncbi.nlm.nih.gov/41646792/,https://pmc.ncbi.nlm.nih.gov/articles/PMC12870487/,https://doi.org/10.64898/2026.01.12.26343938,pmc_open_access,pmc,oa_pdf_downloaded,papers/fulltext/inventory/oa/pmid-41646792.url,papers/fulltext/inventory/oa/pmid-41646792.pdf,no,
current-program,pmid-41646655,41646655,10.64898/2026.01.26.26344861,2026,Synonymous substitution rate slowdown preceding the emergence of SARS-CoV-2 variants and during persistent infections.,CViSB,Kristian Andersen,candidate,high,candidate relevance plus virus/pathogen/assay support,PMC12870713,https://pubmed.ncbi.nlm.nih.gov/41646655/,https://pmc.ncbi.nlm.nih.gov/articles/PMC12870713/,https://doi.org/10.64898/2026.01.26.26344861,pmc_open_access,pmc,oa_pdf_downloaded,papers/fulltext/inventory/oa/pmid-41646655.url,papers/fulltext/inventory/oa/pmid-41646655.pdf,no,
current-program,pmid-41384839,41384839,10.1093/jimmun/vkaf298,2026,Maternal proteome profiling reveals dynamic gestational age-specific responses to de novo vaccination.,,,candidate,medium,candidate relevance plus virus/pathogen/assay support,,https://pubmed.ncbi.nlm.nih.gov/41384839/,,https://doi.org/10.1093/jimmun/vkaf298,publisher_or_doi_only,publisher,manual_check_needed,papers/fulltext/inventory/oa/pmid-41384839.url,papers/fulltext/inventory/oa/pmid-41384839.pdf,yes,publisher/DOI link available but OA status not confirmed from current metadata
pi-backlog,pmid-41568362,41568362,10.3389/fonc.2025.1717031,2025,Identification of the HMGA2::CIBAR1-DT fusion transcript in two lipomas with chromosomal rearrangements involving chromosomes 8 and 12.,CViSB,Kristian Andersen,high,low,explicit cross-virus or shared-host framing in title/abstract,PMC12815754,https://pubmed.ncbi.nlm.nih.gov/41568362/,https://pmc.ncbi.nlm.nih.gov/articles/PMC12815754/,https://doi.org/10.3389/fonc.2025.1717031,pmc_open_access,pmc,oa_pdf_downloaded,papers/fulltext/inventory/oa/pmid-41568362.url,papers/fulltext/inventory/oa/pmid-41568362.pdf,no,
pi-backlog,pmid-41436260,41436260,10.1136/bmjopen-2025-104843,2025,"Understanding the pathogenesis of uveitis in Ebola virus disease survivors: an observational cohort and cross-sectional study protocol for clinical, molecular virologic and immunologic characterisation.",CViSB,Donald S Grant,candidate,high,"viral context plus mechanism/resource terms: virus, viral, interaction",PMC12730762,https://pubmed.ncbi.nlm.nih.gov/41436260/,https://pmc.ncbi.nlm.nih.gov/articles/PMC12730762/,https://doi.org/10.1136/bmjopen-2025-104843,pmc_open_access,pmc,oa_pdf_downloaded,papers/fulltext/inventory/oa/pmid-41436260.url,papers/fulltext/inventory/oa/pmid-41436260.pdf,no,
pi-backlog,pmid-41279668,41279668,10.1101/2025.10.16.682853,2025,Disease modulation by TIV vaccination during secondary pneumococcal infections in influenza-infected mice.,SYBIL,Michael Schotsaert,candidate,high,"viral context plus mechanism/resource terms: virus, viral, influenza, host response",PMC12632982,https://pubmed.ncbi.nlm.nih.gov/41279668/,https://pmc.ncbi.nlm.nih.gov/articles/PMC12632982/,https://doi.org/10.1101/2025.10.16.682853,pmc_open_access,pmc,oa_pdf_downloaded,papers/fulltext/inventory/oa/pmid-41279668.url,papers/fulltext/inventory/oa/pmid-41279668.pdf,no,
pi-backlog,pmid-41142120,41142120,10.1016/j.isci.2025.113644,2025,Integrative multi-omics analysis in vivo identifies influenza virus host factors.,SYBIL,Adolfo Garcia-Sastre,candidate,high,"viral context plus mechanism/resource terms: virus, viral, influenza, dependency, network",PMC12552919,https://pubmed.ncbi.nlm.nih.gov/41142120/,https://pmc.ncbi.nlm.nih.gov/articles/PMC12552919/,https://doi.org/10.1016/j.isci.2025.113644,pmc_open_access,pmc,oa_pdf_downloaded,papers/fulltext/inventory/oa/pmid-41142120.url,papers/fulltext/inventory/oa/pmid-41142120.pdf,no,
pi-backlog,pmid-41141506,41141506,10.1016/j.ekir.2025.07.021,2025,Liquid Biopsy-Multiomics Link Adhesion Pathway Dysregulation to Kidney Injury Severity.,SYBIL,Adolfo Garcia-Sastre,candidate,high,"viral context plus mechanism/resource terms: sars, pathway, interaction, proteomics",PMC12545944,https://pubmed.ncbi.nlm.nih.gov/41141506/,https://pmc.ncbi.nlm.nih.gov/articles/PMC12545944/,https://doi.org/10.1016/j.ekir.2025.07.021,pmc_open_access,pmc,oa_pdf_downloaded,papers/fulltext/inventory/oa/pmid-41141506.url,papers/fulltext/inventory/oa/pmid-41141506.pdf,no,
pi-backlog,pmid-40909530,40909530,10.1101/2025.08.21.671587,2025,Single-Cell Network Analysis Identifies CLEC4E as a Key Mediator of Proinflammatory mDC Responses in Influenza Infection.,SYBIL,Adolfo Garcia-Sastre;Michael Schotsaert,candidate,high,"viral context plus mechanism/resource terms: virus, viral, influenza, network",PMC12407668,https://pubmed.ncbi.nlm.nih.gov/40909530/,https://pmc.ncbi.nlm.nih.gov/articles/PMC12407668/,https://doi.org/10.1101/2025.08.21.671587,pmc_open_access,pmc,oa_pdf_downloaded,papers/fulltext/inventory/oa/pmid-40909530.url,papers/fulltext/inventory/oa/pmid-40909530.pdf,no,
pi-backlog,pmid-40802739,40802739,10.1126/scitranslmed.adx5758,2025,An mRNA-based broad-spectrum antiviral inspired by ISG15 deficiency protects against viral infections in vitro and in vivo.,SYBIL,Adolfo Garcia-Sastre,high,high,explicit cross-virus or shared-host framing in title/abstract,PMC13458225,https://pubmed.ncbi.nlm.nih.gov/40802739/,https://pmc.ncbi.nlm.nih.gov/articles/PMC13458225/,https://doi.org/10.1126/scitranslmed.adx5758,pmc_open_access,pmc,oa_pdf_downloaded,papers/fulltext/inventory/oa/pmid-40802739.url,papers/fulltext/inventory/oa/pmid-40802739.pdf,no,
pi-backlog,pmid-40766693,40766693,10.1101/2025.07.26.666918,2025,Coronavirus protein interaction mapping in bat and human cells identifies molecular and genetic switches for immune evasion and replication.,SYBIL;HPMI,Adolfo Garcia-Sastre;Melanie Ott,high,high,explicit cross-virus or shared-host framing in title/abstract,PMC12324264,https://pubmed.ncbi.nlm.nih.gov/40766693/,https://pmc.ncbi.nlm.nih.gov/articles/PMC12324264/,https://doi.org/10.1101/2025.07.26.666918,pmc_open_access,pmc,oa_pdf_downloaded,papers/fulltext/inventory/oa/pmid-40766693.url,papers/fulltext/inventory/oa/pmid-40766693.pdf,no,
pi-backlog,pmid-40758871,40758871,10.1073/pnas.2423066122,2025,Influenza A virus NS1 protein mimics oncogenic PI3K resulting in isoform specific cellular redistribution and activation.,SYBIL,Adolfo Garcia-Sastre,candidate,high,"viral context plus mechanism/resource terms: virus, viral, influenza, interaction",PMC12358865,https://pubmed.ncbi.nlm.nih.gov/40758871/,https://pmc.ncbi.nlm.nih.gov/articles/PMC12358865/,https://doi.org/10.1073/pnas.2423066122,pmc_open_access,pmc,oa_pdf_downloaded,papers/fulltext/inventory/oa/pmid-40758871.url,papers/fulltext/inventory/oa/pmid-40758871.pdf,no,
pi-backlog,pmid-40719420,40719420,10.1002/pro.70217,2025,Recognizing amino acid sidechains in a medium-resolution cryo-electron density map.,HPMI,Andrej Sali,unknown,low,"viral context plus mechanism/resource terms: coronavirus, network",PMC12302279,https://pubmed.ncbi.nlm.nih.gov/40719420/,https://pmc.ncbi.nlm.nih.gov/articles/PMC12302279/,https://doi.org/10.1002/pro.70217,pmc_open_access,pmc,oa_pdf_downloaded,papers/fulltext/inventory/oa/pmid-40719420.url,papers/fulltext/inventory/oa/pmid-40719420.pdf,no,
pi-backlog,pmid-40687705,40687705,10.3389/fmed.2025.1604388,2025,Baseline predictors for 28-day COVID-19 severity and mortality among hospitalized patients: results from the IMPACC study.,UCLA-Persistent-BSI,Elaine Reed,candidate,high,"viral context plus mechanism/resource terms: viral, coronavirus, sars, proteomics, host response",PMC12271175,https://pubmed.ncbi.nlm.nih.gov/40687705/,https://pmc.ncbi.nlm.nih.gov/articles/PMC12271175/,https://doi.org/10.3389/fmed.2025.1604388,pmc_open_access,pmc,oa_pdf_downloaded,papers/fulltext/inventory/oa/pmid-40687705.url,papers/fulltext/inventory/oa/pmid-40687705.pdf,no,
pi-backlog,pmid-40654703,40654703,10.1101/2024.12.10.627859,2025,Recognizing amino acid sidechains in a medium resolution cryo-electron density map.,HPMI,Andrej Sali,unknown,low,"viral context plus mechanism/resource terms: sars, network",PMC12247757,https://pubmed.ncbi.nlm.nih.gov/40654703/,https://pmc.ncbi.nlm.nih.gov/articles/PMC12247757/,https://doi.org/10.1101/2024.12.10.627859,pmc_open_access,pmc,oa_pdf_downloaded,papers/fulltext/inventory/oa/pmid-40654703.url,papers/fulltext/inventory/oa/pmid-40654703.pdf,no,
pi-backlog,pmid-40627391,40627391,10.1073/pnas.2424367122,2025,BIK polymorphism and proteasome regulation unveil host risk factor for severe influenza.,SYBIL,Adolfo Garcia-Sastre,candidate,high,"viral context plus mechanism/resource terms: viral, influenza, interaction",PMC12280918,https://pubmed.ncbi.nlm.nih.gov/40627391/,https://pmc.ncbi.nlm.nih.gov/articles/PMC12280918/,https://doi.org/10.1073/pnas.2424367122,pmc_open_access,pmc,oa_pdf_downloaded,papers/fulltext/inventory/oa/pmid-40627391.url,papers/fulltext/inventory/oa/pmid-40627391.pdf,no,
pi-backlog,pmid-40585204,40585204,10.21203/rs.3.rs-6875205/v1,2025,Empiric Azithromycin in COVID-19 Impacts the Respiratory Microbiome and Antimicrobial Resistome without Anti-inflammatory Benefit.,UCLA-Persistent-BSI,Elaine Reed,candidate,high,"viral context plus mechanism/resource terms: viral, sars, transcriptome",PMC12204364,https://pubmed.ncbi.nlm.nih.gov/40585204/,https://pmc.ncbi.nlm.nih.gov/articles/PMC12204364/,https://doi.org/10.21203/rs.3.rs-6875205/v1,pmc_open_access,pmc,oa_pdf_downloaded,papers/fulltext/inventory/oa/pmid-40585204.url,papers/fulltext/inventory/oa/pmid-40585204.pdf,no,
pi-backlog,pmid-40504864,40504864,10.1371/journal.pbio.3002738,2025,Global siRNA screen identifies human host factors critical for SARS-CoV-2 replication and late stages of infection.,SYBIL;HPMI,Adolfo Garcia-Sastre;Trey Ideker,candidate,high,"viral context plus mechanism/resource terms: virus, viral, coronavirus, sars, pathway, dependency",PMC12204624,https://pubmed.ncbi.nlm.nih.gov/40504864/,https://pmc.ncbi.nlm.nih.gov/articles/PMC12204624/,https://doi.org/10.1371/journal.pbio.3002738,pmc_open_access,pmc,oa_pdf_downloaded,papers/fulltext/inventory/oa/pmid-40504864.url,papers/fulltext/inventory/oa/pmid-40504864.pdf,no,
pi-backlog,pmid-40494346,40494346,10.1016/j.cell.2025.05.012,2025,Neuroendocrine cells orchestrate regeneration through Desert hedgehog signaling.,HPMI,Melanie Ott,candidate,high,"viral context plus mechanism/resource terms: influenza, sars, pathway",PMC12232213,https://pubmed.ncbi.nlm.nih.gov/40494346/,https://pmc.ncbi.nlm.nih.gov/articles/PMC12232213/,https://doi.org/10.1016/j.cell.2025.05.012,pmc_open_access,pmc,oa_pdf_downloaded,papers/fulltext/inventory/oa/pmid-40494346.url,papers/fulltext/inventory/oa/pmid-40494346.pdf,no,
pi-backlog,pmid-40475131,40475131,10.1101/2025.05.19.25327799,2025,"Understanding the pathogenesis of uveitis in Ebola virus disease survivors: a study protocol for clinical, molecular virologic, and immunologic characterization.",CViSB,Donald S Grant,candidate,high,"viral context plus mechanism/resource terms: virus, viral, interaction",PMC12140520,https://pubmed.ncbi.nlm.nih.gov/40475131/,https://pmc.ncbi.nlm.nih.gov/articles/PMC12140520/,https://doi.org/10.1101/2025.05.19.25327799,pmc_open_access,pmc,oa_pdf_downloaded,papers/fulltext/inventory/oa/pmid-40475131.url,papers/fulltext/inventory/oa/pmid-40475131.pdf,no,
pi-backlog,pmid-40378209,40378209,10.1126/sciadv.adu2079,2025,Identification and targeting of regulators of SARS-CoV-2-host interactions in the airway epithelium.,SYBIL,Adolfo Garcia-Sastre;Michael Schotsaert,candidate,high,"viral context plus mechanism/resource terms: virus, viral, sars, network, host response",PMC12083520,https://pubmed.ncbi.nlm.nih.gov/40378209/,https://pmc.ncbi.nlm.nih.gov/articles/PMC12083520/,https://doi.org/10.1126/sciadv.adu2079,pmc_open_access,pmc,oa_pdf_downloaded,papers/fulltext/inventory/oa/pmid-40378209.url,papers/fulltext/inventory/oa/pmid-40378209.pdf,no,
pi-backlog,pmid-40267184,40267184,10.1126/sciadv.adt7836,2025,"Structure-based discovery of highly bioavailable, covalent, broad-spectrum coronavirus M(Pro) inhibitors with potent in vivo efficacy.",HPMI,Melanie Ott,high,high,explicit cross-virus or shared-host framing in title/abstract,PMC12017303,https://pubmed.ncbi.nlm.nih.gov/40267184/,https://pmc.ncbi.nlm.nih.gov/articles/PMC12017303/,https://doi.org/10.1126/sciadv.adt7836,pmc_open_access,pmc,oa_pdf_downloaded,papers/fulltext/inventory/oa/pmid-40267184.url,papers/fulltext/inventory/oa/pmid-40267184.pdf,no,
pi-backlog,pmid-40037847,40037847,10.21873/anticanres.17479,2025,Cryptic Rearrangement of the KMT2A Gene in a B-cell Acute Lymphoblastic Leukemia.,CViSB,Kristian Andersen,high,low,explicit cross-virus or shared-host framing in title/abstract,,https://pubmed.ncbi.nlm.nih.gov/40037847/,,https://doi.org/10.21873/anticanres.17479,publisher_or_doi_only,publisher,manual_check_needed,papers/fulltext/inventory/oa/pmid-40037847.url,papers/fulltext/inventory/oa/pmid-40037847.pdf,yes,publisher/DOI link available but OA status not confirmed from current metadata
pi-backlog,pmid-40035960,40035960,10.1007/s11033-025-10378-6,2025,A detailed comparative in silico and functional analysis of ccd1 gene in maize gives new insights of its expression and functions.,SYBIL,Sumit Chanda,high,low,explicit cross-virus or shared-host framing in title/abstract,,https://pubmed.ncbi.nlm.nih.gov/40035960/,,https://doi.org/10.1007/s11033-025-10378-6,publisher_or_doi_only,publisher,manual_check_needed,papers/fulltext/inventory/oa/pmid-40035960.url,papers/fulltext/inventory/oa/pmid-40035960.pdf,yes,publisher/DOI link available but OA status not confirmed from current metadata
pi-backlog,pmid-40013775,40013775,10.1128/jvi.00052-25,2025,Pandemic risk stemming from the bovine H5N1 outbreak: an account of the knowns and unknowns.,SYBIL,Adolfo Garcia-Sastre,candidate,high,"viral context plus mechanism/resource terms: viral, influenza, network",PMC11998519,https://pubmed.ncbi.nlm.nih.gov/40013775/,https://pmc.ncbi.nlm.nih.gov/articles/PMC11998519/,https://doi.org/10.1128/jvi.00052-25,pmc_open_access,pmc,oa_pdf_downloaded,papers/fulltext/inventory/oa/pmid-40013775.url,papers/fulltext/inventory/oa/pmid-40013775.pdf,no,
pi-backlog,pmid-39978373,39978373,10.1016/S1473-3099(25)00068-4,2025,Europe needs a sustainably funded influenza research and response network.,SYBIL,Adolfo Garcia-Sastre,unknown,low,"viral context plus mechanism/resource terms: influenza, network",,https://pubmed.ncbi.nlm.nih.gov/39978373/,,https://doi.org/10.1016/S1473-3099(25)00068-4,publisher_or_doi_only,publisher,manual_check_needed,papers/fulltext/inventory/oa/pmid-39978373.url,papers/fulltext/inventory/oa/pmid-39978373.pdf,yes,publisher/DOI link available but OA status not confirmed from current metadata
pi-backlog,pmid-39975920,39975920,10.21203/rs.3.rs-5760877/v1,2025,Muscle macrophage regenerative response after squalene-adjuvanted influenza vaccination drives Th2-skewed response and is reduced with age.,SYBIL,Michael Schotsaert,candidate,high,"viral context plus mechanism/resource terms: virus, viral, influenza, host response",PMC11838721,https://pubmed.ncbi.nlm.nih.gov/39975920/,https://pmc.ncbi.nlm.nih.gov/articles/PMC11838721/,https://doi.org/10.21203/rs.3.rs-5760877/v1,pmc_open_access,pmc,oa_pdf_downloaded,papers/fulltext/inventory/oa/pmid-39975920.url,papers/fulltext/inventory/oa/pmid-39975920.pdf,no,
pi-backlog,pmid-39652575,39652575,10.1158/0008-5472.CAN-24-0456,2025,HBV Remodels PP2A Complexes to Rewire Kinase Signaling in Hepatocellular Carcinoma.,HPMI,Trey Ideker,candidate,high,"viral context plus mechanism/resource terms: virus, interaction, network",PMC11949624,https://pubmed.ncbi.nlm.nih.gov/39652575/,https://pmc.ncbi.nlm.nih.gov/articles/PMC11949624/,https://doi.org/10.1158/0008-5472.CAN-24-0456,pmc_open_access,pmc,oa_pdf_downloaded,papers/fulltext/inventory/oa/pmid-39652575.url,papers/fulltext/inventory/oa/pmid-39652575.pdf,no,
hpmi,pmid-41392175,41392175,10.1038/s41467-025-67455-4,2025,A non-spike nucleocapsid R204P mutation in SARS-CoV-2 Omicron XEC enhances inflammation and pathogenicity.,HPMI,,candidate,high,candidate relevance plus virus/pathogen/assay support,PMC12819382,https://pubmed.ncbi.nlm.nih.gov/41392175/,https://pmc.ncbi.nlm.nih.gov/articles/PMC12819382/,https://doi.org/10.1038/s41467-025-67455-4,pmc_open_access,pmc,oa_pdf_downloaded,papers/fulltext/inventory/oa/pmid-41392175.url,papers/fulltext/inventory/oa/pmid-41392175.pdf,no,
hpmi,pmid-41256720,41256720,10.1101/2025.09.26.678671,2025,Genome-wide screen in Mycobacterium tuberculosis infected macrophages reveals innate regulation of antibacterial mediators by IRF2.,HPMI,,candidate,high,candidate relevance plus virus/pathogen/assay support,PMC12621954,https://pubmed.ncbi.nlm.nih.gov/41256720/,https://pmc.ncbi.nlm.nih.gov/articles/PMC12621954/,https://doi.org/10.1101/2025.09.26.678671,pmc_open_access,pmc,oa_pdf_downloaded,papers/fulltext/inventory/oa/pmid-41256720.url,papers/fulltext/inventory/oa/pmid-41256720.pdf,no,
hpmi,pmid-41249169,41249169,10.1038/s41467-025-66058-3,2025,Characterizing and controlling CRISPR repair outcomes in nondividing human cells.,HPMI,,candidate,medium,candidate relevance plus virus/pathogen/assay support,PMC12623481,https://pubmed.ncbi.nlm.nih.gov/41249169/,https://pmc.ncbi.nlm.nih.gov/articles/PMC12623481/,https://doi.org/10.1038/s41467-025-66058-3,pmc_open_access,pmc,oa_pdf_downloaded,papers/fulltext/inventory/oa/pmid-41249169.url,papers/fulltext/inventory/oa/pmid-41249169.pdf,no,
hpmi,pmid-41208107,41208107,10.1093/immhor/vlaf051,2025,Shared and distinct responses of human and murine alveolar macrophages and monocyte-derived macrophages to Mycobacterium tuberculosis.,HPMI,,candidate,high,candidate relevance plus virus/pathogen/assay support,PMC12597883,https://pubmed.ncbi.nlm.nih.gov/41208107/,https://pmc.ncbi.nlm.nih.gov/articles/PMC12597883/,https://doi.org/10.1093/immhor/vlaf051,pmc_open_access,pmc,oa_pdf_downloaded,papers/fulltext/inventory/oa/pmid-41208107.url,papers/fulltext/inventory/oa/pmid-41208107.pdf,no,
hpmi,pmid-41171885,41171885,10.1371/journal.ppat.1012829,2025,Mycobacterium tuberculosis triggers reduced inflammatory cytokine responses and virulence in mice lacking Tax1bp1.,HPMI,,candidate,high,candidate relevance plus virus/pathogen/assay support,PMC12588459,https://pubmed.ncbi.nlm.nih.gov/41171885/,https://pmc.ncbi.nlm.nih.gov/articles/PMC12588459/,https://doi.org/10.1371/journal.ppat.1012829,pmc_open_access,pmc,oa_pdf_downloaded,papers/fulltext/inventory/oa/pmid-41171885.url,papers/fulltext/inventory/oa/pmid-41171885.pdf,no,
hpmi,pmid-41165411,41165411,10.1128/jb.00287-25,2025,The mevalonate pathway of isoprenoid biosynthesis supports metabolic flexibility in Mycobacterium marinum.,HPMI,,candidate,high,candidate relevance plus virus/pathogen/assay support,PMC12632256,https://pubmed.ncbi.nlm.nih.gov/41165411/,https://pmc.ncbi.nlm.nih.gov/articles/PMC12632256/,https://doi.org/10.1128/jb.00287-25,pmc_open_access,pmc,oa_pdf_downloaded,papers/fulltext/inventory/oa/pmid-41165411.url,papers/fulltext/inventory/oa/pmid-41165411.pdf,no,
hpmi,pmid-41034576,41034576,10.1038/s41586-025-09569-9,2025,A miniature CRISPR-Cas10 enzyme confers immunity by inhibitory signalling.,HPMI,,candidate,high,candidate relevance plus virus/pathogen/assay support,PMC12657230,https://pubmed.ncbi.nlm.nih.gov/41034576/,https://pmc.ncbi.nlm.nih.gov/articles/PMC12657230/,https://doi.org/10.1038/s41586-025-09569-9,pmc_open_access,pmc,oa_pdf_downloaded,papers/fulltext/inventory/oa/pmid-41034576.url,papers/fulltext/inventory/oa/pmid-41034576.pdf,no,
hpmi,pmid-40777401,40777401,10.1101/2025.07.23.664455,2025,Human iPSC derived alveolar macrophages reveal macrophage subtype specific functions of itaconate in M. tuberculosis host defense.,HPMI,,candidate,high,candidate relevance plus virus/pathogen/assay support,PMC12330731,https://pubmed.ncbi.nlm.nih.gov/40777401/,https://pmc.ncbi.nlm.nih.gov/articles/PMC12330731/,https://doi.org/10.1101/2025.07.23.664455,pmc_open_access,pmc,oa_pdf_downloaded,papers/fulltext/inventory/oa/pmid-40777401.url,papers/fulltext/inventory/oa/pmid-40777401.pdf,no,
hpmi,pmid-40777357,40777357,10.1101/2025.07.17.664328,2025,textToKnowledgeGraph: Generation of Molecular Interaction Knowledge Graphs Using Large Language Models for Exploration in Cytoscape.,HPMI,,candidate,medium,candidate relevance plus virus/pathogen/assay support,PMC12330749,https://pubmed.ncbi.nlm.nih.gov/40777357/,https://pmc.ncbi.nlm.nih.gov/articles/PMC12330749/,https://doi.org/10.1101/2025.07.17.664328,pmc_open_access,pmc,oa_pdf_downloaded,papers/fulltext/inventory/oa/pmid-40777357.url,papers/fulltext/inventory/oa/pmid-40777357.pdf,no,
hpmi,pmid-40766380,40766380,10.1101/2025.07.28.667291,2025,"An unusual genetic switch controls Mycobacterium avium pathogenesis, antibiotic resistance and colony morphology.",HPMI,,candidate,high,candidate relevance plus virus/pathogen/assay support,PMC12324328,https://pubmed.ncbi.nlm.nih.gov/40766380/,https://pmc.ncbi.nlm.nih.gov/articles/PMC12324328/,https://doi.org/10.1101/2025.07.28.667291,pmc_open_access,pmc,oa_pdf_downloaded,papers/fulltext/inventory/oa/pmid-40766380.url,papers/fulltext/inventory/oa/pmid-40766380.pdf,no,
hpmi,pmid-40672248,40672248,10.1101/2025.07.11.664281,2025,The mevalonate pathway of isoprenoid biosynthesis supports metabolic flexibility in Mycobacterium marinum.,HPMI,,candidate,high,candidate relevance plus virus/pathogen/assay support,PMC12265665,https://pubmed.ncbi.nlm.nih.gov/40672248/,https://pmc.ncbi.nlm.nih.gov/articles/PMC12265665/,https://doi.org/10.1101/2025.07.11.664281,pmc_open_access,pmc,oa_pdf_downloaded,papers/fulltext/inventory/oa/pmid-40672248.url,papers/fulltext/inventory/oa/pmid-40672248.pdf,no,
hpmi,pmid-40671523,40671523,10.1093/nar/gkaf649,2025,Directed evolution expands CRISPR-Cas12a genome-editing capacity.,HPMI,,candidate,high,candidate relevance plus virus/pathogen/assay support,PMC12266133,https://pubmed.ncbi.nlm.nih.gov/40671523/,https://pmc.ncbi.nlm.nih.gov/articles/PMC12266133/,https://doi.org/10.1093/nar/gkaf649,pmc_open_access,pmc,oa_pdf_downloaded,papers/fulltext/inventory/oa/pmid-40671523.url,papers/fulltext/inventory/oa/pmid-40671523.pdf,no,
hpmi,pmid-40579228,40579228,10.1093/bioinformatics/btaf349,2025,Inference of differential kinase interaction networks with KINference.,HPMI,,candidate,high,candidate relevance plus virus/pathogen/assay support,PMC12270260,https://pubmed.ncbi.nlm.nih.gov/40579228/,https://pmc.ncbi.nlm.nih.gov/articles/PMC12270260/,https://doi.org/10.1093/bioinformatics/btaf349,pmc_open_access,pmc,oa_pdf_downloaded,papers/fulltext/inventory/oa/pmid-40579228.url,papers/fulltext/inventory/oa/pmid-40579228.pdf,no,
hpmi,pmid-40502047,40502047,10.1101/2025.05.28.656516,2025,A non-spike nucleocapsid R204P mutation in SARS-CoV-2 Omicron XEC enhances inflammation and pathogenicity.,HPMI,,candidate,high,candidate relevance plus virus/pathogen/assay support,PMC12154822,https://pubmed.ncbi.nlm.nih.gov/40502047/,https://pmc.ncbi.nlm.nih.gov/articles/PMC12154822/,https://doi.org/10.1101/2025.05.28.656516,pmc_open_access,pmc,oa_pdf_downloaded,papers/fulltext/inventory/oa/pmid-40502047.url,papers/fulltext/inventory/oa/pmid-40502047.pdf,no,
hpmi,pmid-40402573,40402573,10.1172/JCI179822,2025,Myeloid cell genome-wide screen identifies variants associated with Mycobacterium tuberculosis-induced cytokine transcriptional responses.,HPMI,,candidate,high,candidate relevance plus virus/pathogen/assay support,PMC12259255,https://pubmed.ncbi.nlm.nih.gov/40402573/,https://pmc.ncbi.nlm.nih.gov/articles/PMC12259255/,https://doi.org/10.1172/JCI179822,pmc_open_access,pmc,oa_pdf_downloaded,papers/fulltext/inventory/oa/pmid-40402573.url,papers/fulltext/inventory/oa/pmid-40402573.pdf,no,
hpmi,pmid-40163530,40163530,10.1371/journal.ppat.1013020,2025,Enhanced RNA replication and pathogenesis in recent SARS-CoV-2 variants harboring the L260F mutation in NSP6.,HPMI,,candidate,high,candidate relevance plus virus/pathogen/assay support,PMC11981139,https://pubmed.ncbi.nlm.nih.gov/40163530/,https://pmc.ncbi.nlm.nih.gov/articles/PMC11981139/,https://doi.org/10.1371/journal.ppat.1013020,pmc_open_access,pmc,oa_pdf_downloaded,papers/fulltext/inventory/oa/pmid-40163530.url,papers/fulltext/inventory/oa/pmid-40163530.pdf,no,
hpmi,pmid-40093075,40093075,10.1101/2025.02.28.640814,2025,Shared and distinct responses of human and murine alveolar macrophages and monocyte-derived macrophages to Mycobacterium tuberculosis.,HPMI,,candidate,high,candidate relevance plus virus/pathogen/assay support,PMC11908159,https://pubmed.ncbi.nlm.nih.gov/40093075/,https://pmc.ncbi.nlm.nih.gov/articles/PMC11908159/,https://doi.org/10.1101/2025.02.28.640814,pmc_open_access,pmc,oa_pdf_downloaded,papers/fulltext/inventory/oa/pmid-40093075.url,papers/fulltext/inventory/oa/pmid-40093075.pdf,no,
hpmi,pmid-40025722,40025722,10.1021/acs.jproteome.4c01040,2025,Affinity Purification Mass Spectrometry on the Orbitrap-Astral Mass Spectrometer Enables High-Throughput Protein-Protein Interaction Mapping.,HPMI,,candidate,high,candidate relevance plus virus/pathogen/assay support,PMC11976844,https://pubmed.ncbi.nlm.nih.gov/40025722/,https://pmc.ncbi.nlm.nih.gov/articles/PMC11976844/,https://doi.org/10.1021/acs.jproteome.4c01040,pmc_open_access,pmc,oa_pdf_downloaded,papers/fulltext/inventory/oa/pmid-40025722.url,papers/fulltext/inventory/oa/pmid-40025722.pdf,no,
hpmi,pmid-39990302,39990302,10.1101/2025.02.11.637750,2025,Mutational scanning of TnpB reveals latent activity for genome editing.,HPMI,,candidate,medium,candidate relevance plus virus/pathogen/assay support,PMC11844463,https://pubmed.ncbi.nlm.nih.gov/39990302/,https://pmc.ncbi.nlm.nih.gov/articles/PMC11844463/,https://doi.org/10.1101/2025.02.11.637750,pmc_open_access,pmc,oa_pdf_downloaded,papers/fulltext/inventory/oa/pmid-39990302.url,papers/fulltext/inventory/oa/pmid-39990302.pdf,no,
hpmi,pmid-39969084,39969084,10.1002/pro.70050,2025,Torsional twist of the SARS-CoV and SARS-CoV-2 SUD-N and SUD-M domains.,HPMI,,high,high,explicit cross-virus/shared-host signal,PMC11837046,https://pubmed.ncbi.nlm.nih.gov/39969084/,https://pmc.ncbi.nlm.nih.gov/articles/PMC11837046/,https://doi.org/10.1002/pro.70050,pmc_open_access,pmc,oa_pdf_downloaded,papers/fulltext/inventory/oa/pmid-39969084.url,papers/fulltext/inventory/oa/pmid-39969084.pdf,no,
hpmi,pmid-39966655,39966655,10.1038/s41587-024-02540-5,2025,Single-molecule live-cell RNA imaging with CRISPR-Csm.,HPMI,,candidate,medium,candidate relevance plus virus/pathogen/assay support,PMC12700784,https://pubmed.ncbi.nlm.nih.gov/39966655/,https://pmc.ncbi.nlm.nih.gov/articles/PMC12700784/,https://doi.org/10.1038/s41587-024-02540-5,pmc_open_access,pmc,oa_pdf_downloaded,papers/fulltext/inventory/oa/pmid-39966655.url,papers/fulltext/inventory/oa/pmid-39966655.pdf,no,
hpmi,pmid-39698811,39698811,10.1093/nar/gkae1192,2025,CRISPR-Cas12a bends DNA to destabilize base pairs during target interrogation.,HPMI,,candidate,medium,candidate relevance plus virus/pathogen/assay support,PMC11754666,https://pubmed.ncbi.nlm.nih.gov/39698811/,https://pmc.ncbi.nlm.nih.gov/articles/PMC11754666/,https://doi.org/10.1093/nar/gkae1192,pmc_open_access,pmc,oa_pdf_downloaded,papers/fulltext/inventory/oa/pmid-39698811.url,papers/fulltext/inventory/oa/pmid-39698811.pdf,no,
hpmi,pmid-39415058,39415058,10.1038/s41587-024-02437-3,2025,Lung and liver editing by lipid nanoparticle delivery of a stable CRISPR-Cas9 ribonucleoprotein.,HPMI,,candidate,high,candidate relevance plus virus/pathogen/assay support,PMC12000389,https://pubmed.ncbi.nlm.nih.gov/39415058/,https://pmc.ncbi.nlm.nih.gov/articles/PMC12000389/,https://doi.org/10.1038/s41587-024-02437-3,pmc_open_access,pmc,oa_pdf_downloaded,papers/fulltext/inventory/oa/pmid-39415058.url,papers/fulltext/inventory/oa/pmid-39415058.pdf,no,
hpmi,pmid-38979269,38979269,10.1101/2024.06.25.600517,2025,Neuronal DNA repair reveals strategies to influence CRISPR editing outcomes.,HPMI,,candidate,medium,candidate relevance plus virus/pathogen/assay support,PMC11230251,https://pubmed.ncbi.nlm.nih.gov/38979269/,https://pmc.ncbi.nlm.nih.gov/articles/PMC11230251/,https://doi.org/10.1101/2024.06.25.600517,pmc_open_access,pmc,oa_pdf_downloaded,papers/fulltext/inventory/oa/pmid-38979269.url,papers/fulltext/inventory/oa/pmid-38979269.pdf,no,
current-program,pmid-41415465,41415465,10.64898/2025.12.11.693336,2025,Influenza A infection accelerates disease-associated microglia formation during physiological aging.,CViSB,Donald S Grant,candidate,medium,candidate relevance plus virus/pathogen/assay support,PMC12710644,https://pubmed.ncbi.nlm.nih.gov/41415465/,https://pmc.ncbi.nlm.nih.gov/articles/PMC12710644/,https://doi.org/10.64898/2025.12.11.693336,pmc_open_access,pmc,oa_pdf_downloaded,papers/fulltext/inventory/oa/pmid-41415465.url,papers/fulltext/inventory/oa/pmid-41415465.pdf,no,
current-program,pmid-41332588,41332588,10.1101/2025.11.19.689216,2025,Unconventional linkers facilitate potent stabilized coronavirus stem antibody responses following nanoparticle vaccination.,CViSB,Ryan McNamara,high,medium,explicit cross-virus/shared-host signal,PMC12667850,https://pubmed.ncbi.nlm.nih.gov/41332588/,https://pmc.ncbi.nlm.nih.gov/articles/PMC12667850/,https://doi.org/10.1101/2025.11.19.689216,pmc_open_access,pmc,oa_pdf_downloaded,papers/fulltext/inventory/oa/pmid-41332588.url,papers/fulltext/inventory/oa/pmid-41332588.pdf,no,
current-program,pmid-41157585,41157585,10.3390/v17101313,2025,Intra-Host Evolution of SARS-CoV-2 During Persistent Infection of Pediatric COVID-19 Patients.,,,candidate,medium,candidate relevance plus virus/pathogen/assay support,PMC12567731,https://pubmed.ncbi.nlm.nih.gov/41157585/,https://pmc.ncbi.nlm.nih.gov/articles/PMC12567731/,https://doi.org/10.3390/v17101313,pmc_open_access,pmc,oa_pdf_downloaded,papers/fulltext/inventory/oa/pmid-41157585.url,papers/fulltext/inventory/oa/pmid-41157585.pdf,no,
current-program,pmid-41091914,41091914,10.1126/scitranslmed.ady2282,2025,An intramuscular prime and mucosal boost vaccine regimen protects against lethal clade 2.3.4.4b H5N1 challenge in cynomolgus macaques.,CViSB,Kristian Andersen;Ryan McNamara,candidate,medium,candidate relevance plus virus/pathogen/assay support,,https://pubmed.ncbi.nlm.nih.gov/41091914/,,https://doi.org/10.1126/scitranslmed.ady2282,publisher_or_doi_only,publisher,manual_check_needed,papers/fulltext/inventory/oa/pmid-41091914.url,papers/fulltext/inventory/oa/pmid-41091914.pdf,yes,publisher/DOI link available but OA status not confirmed from current metadata
current-program,pmid-40963760,40963760,10.1101/2025.08.29.25334701,2025,Cryptic spread of SARS-CoV-2 undermined targeted travel restrictions.,CViSB,Kristian Andersen,candidate,medium,candidate relevance plus virus/pathogen/assay support,PMC12440041,https://pubmed.ncbi.nlm.nih.gov/40963760/,https://pmc.ncbi.nlm.nih.gov/articles/PMC12440041/,https://doi.org/10.1101/2025.08.29.25334701,pmc_open_access,pmc,oa_pdf_downloaded,papers/fulltext/inventory/oa/pmid-40963760.url,papers/fulltext/inventory/oa/pmid-40963760.pdf,no,
current-program,pmid-40956625,40956625,10.1172/JCI192925,2025,Maintenance DNA methylation is required for induced Treg reparative function following viral pneumonia in mice.,,,candidate,medium,candidate relevance plus virus/pathogen/assay support,PMC12618063,https://pubmed.ncbi.nlm.nih.gov/40956625/,https://pmc.ncbi.nlm.nih.gov/articles/PMC12618063/,https://doi.org/10.1172/JCI192925,pmc_open_access,pmc,oa_pdf_downloaded,papers/fulltext/inventory/oa/pmid-40956625.url,papers/fulltext/inventory/oa/pmid-40956625.pdf,no,
current-program,pmid-40786117,40786117,10.1080/01621459.2024.2395587,2025,Zigzag path connects two Monte Carlo samplers: Hamiltonian counterpart to a piecewise deterministic Markov process.,,,candidate,medium,candidate relevance plus virus/pathogen/assay support,PMC12330883,https://pubmed.ncbi.nlm.nih.gov/40786117/,https://pmc.ncbi.nlm.nih.gov/articles/PMC12330883/,https://doi.org/10.1080/01621459.2024.2395587,pmc_open_access,pmc,oa_pdf_downloaded,papers/fulltext/inventory/oa/pmid-40786117.url,papers/fulltext/inventory/oa/pmid-40786117.pdf,no,
current-program,pmid-40632835,40632835,10.1126/scitranslmed.adu7646,2025,Adenovirus and mRNA vaccines as well as mucosal boosting improve protective efficacy against influenza virus challenge in macaques.,CViSB,Kristian Andersen;Ryan McNamara,candidate,medium,candidate relevance plus virus/pathogen/assay support,,https://pubmed.ncbi.nlm.nih.gov/40632835/,,https://doi.org/10.1126/scitranslmed.adu7646,publisher_or_doi_only,publisher,manual_check_needed,papers/fulltext/inventory/oa/pmid-40632835.url,papers/fulltext/inventory/oa/pmid-40632835.pdf,yes,publisher/DOI link available but OA status not confirmed from current metadata
current-program,pmid-40569388,40569388,10.1073/pnas.2506743122,2025,Comparative performance of viral landscape phylogeography approaches.,,,high,medium,explicit cross-virus/shared-host signal,PMC12232613,https://pubmed.ncbi.nlm.nih.gov/40569388/,https://pmc.ncbi.nlm.nih.gov/articles/PMC12232613/,https://doi.org/10.1073/pnas.2506743122,pmc_open_access,pmc,oa_pdf_downloaded,papers/fulltext/inventory/oa/pmid-40569388.url,papers/fulltext/inventory/oa/pmid-40569388.pdf,no,
current-program,pmid-40447716,40447716,10.1038/s43856-025-00912-9,2025,"International importance and spread of SARS-CoV-2 variants Alpha, Delta, and Omicron BA.1 into Spain.",,,candidate,medium,candidate relevance plus virus/pathogen/assay support,PMC12125294,https://pubmed.ncbi.nlm.nih.gov/40447716/,https://pmc.ncbi.nlm.nih.gov/articles/PMC12125294/,https://doi.org/10.1038/s43856-025-00912-9,pmc_open_access,pmc,oa_pdf_downloaded,papers/fulltext/inventory/oa/pmid-40447716.url,papers/fulltext/inventory/oa/pmid-40447716.pdf,no,
current-program,pmid-40339581,40339581,10.1016/j.cell.2025.03.035,2025,The recency and geographical origins of the bat viruses ancestral to SARS-CoV and SARS-CoV-2.,,,candidate,medium,candidate relevance plus virus/pathogen/assay support,PMC12230244,https://pubmed.ncbi.nlm.nih.gov/40339581/,https://pmc.ncbi.nlm.nih.gov/articles/PMC12230244/,https://doi.org/10.1016/j.cell.2025.03.035,pmc_open_access,pmc,oa_pdf_downloaded,papers/fulltext/inventory/oa/pmid-40339581.url,papers/fulltext/inventory/oa/pmid-40339581.pdf,no,
current-program,pmid-40196585,40196585,10.1101/2025.03.24.645003,2025,Comparative performance of novel viral landscape phylogeography approaches.,,,high,medium,explicit cross-virus/shared-host signal,PMC11974903,https://pubmed.ncbi.nlm.nih.gov/40196585/,https://pmc.ncbi.nlm.nih.gov/articles/PMC11974903/,https://doi.org/10.1101/2025.03.24.645003,pmc_open_access,pmc,oa_pdf_downloaded,papers/fulltext/inventory/oa/pmid-40196585.url,papers/fulltext/inventory/oa/pmid-40196585.pdf,no,
current-program,pmid-40133528,40133528,10.1038/s41591-025-03526-9,2025,Transmission dynamics of the 2022 mpox epidemic in New York City.,UCLA-Persistent-BSI,Melissa Johnson,high,low,explicit cross-virus/shared-host signal,PMC12092259,https://pubmed.ncbi.nlm.nih.gov/40133528/,https://pmc.ncbi.nlm.nih.gov/articles/PMC12092259/,https://doi.org/10.1038/s41591-025-03526-9,pmc_open_access,pmc,oa_pdf_downloaded,papers/fulltext/inventory/oa/pmid-40133528.url,papers/fulltext/inventory/oa/pmid-40133528.pdf,no,
current-program,pmid-40100289,40100289,10.1172/JCI179572,2025,AMPK is necessary for Treg functional adaptation to microenvironmental stress during malignancy and viral pneumonia.,,,candidate,medium,candidate relevance plus virus/pathogen/assay support,PMC12043082,https://pubmed.ncbi.nlm.nih.gov/40100289/,https://pmc.ncbi.nlm.nih.gov/articles/PMC12043082/,https://doi.org/10.1172/JCI179572,pmc_open_access,pmc,oa_pdf_downloaded,papers/fulltext/inventory/oa/pmid-40100289.url,papers/fulltext/inventory/oa/pmid-40100289.pdf,no,
current-program,pmid-40060513,40060513,10.1101/2025.02.25.640199,2025,Maintenance DNA methylation is required for induced regulatory T cell reparative function following viral pneumonia.,,,candidate,medium,candidate relevance plus virus/pathogen/assay support,PMC11888461,https://pubmed.ncbi.nlm.nih.gov/40060513/,https://pmc.ncbi.nlm.nih.gov/articles/PMC11888461/,https://doi.org/10.1101/2025.02.25.640199,pmc_open_access,pmc,oa_pdf_downloaded,papers/fulltext/inventory/oa/pmid-40060513.url,papers/fulltext/inventory/oa/pmid-40060513.pdf,no,
current-program,pmid-40060453,40060453,10.1101/2025.02.26.640439,2025,Dynamics of natural selection preceding human viral epidemics and pandemics.,CViSB,Kristian Andersen,candidate,medium,candidate relevance plus virus/pathogen/assay support,PMC11888428,https://pubmed.ncbi.nlm.nih.gov/40060453/,https://pmc.ncbi.nlm.nih.gov/articles/PMC11888428/,https://doi.org/10.1101/2025.02.26.640439,pmc_open_access,pmc,oa_pdf_downloaded,papers/fulltext/inventory/oa/pmid-40060453.url,papers/fulltext/inventory/oa/pmid-40060453.pdf,no,
current-program,pmid-39945534,39945534,10.1128/jvi.01575-24,2025,Tracing more than two decades of Japanese encephalitis virus circulation in mainland China.,,,candidate,medium,candidate relevance plus virus/pathogen/assay support,PMC11915822,https://pubmed.ncbi.nlm.nih.gov/39945534/,https://pmc.ncbi.nlm.nih.gov/articles/PMC11915822/,https://doi.org/10.1128/jvi.01575-24,pmc_open_access,pmc,oa_pdf_downloaded,papers/fulltext/inventory/oa/pmid-39945534.url,papers/fulltext/inventory/oa/pmid-39945534.pdf,no,
current-program,pmid-39868236,39868236,10.1101/2025.01.09.631996,2025,Tissue-resident skeletal muscle macrophages promote recovery from viral pneumonia-induced sarcopenia in normal aging.,CViSB,Donald S Grant,candidate,medium,candidate relevance plus virus/pathogen/assay support,PMC11760773,https://pubmed.ncbi.nlm.nih.gov/39868236/,https://pmc.ncbi.nlm.nih.gov/articles/PMC11760773/,https://doi.org/10.1101/2025.01.09.631996,pmc_open_access,pmc,oa_pdf_downloaded,papers/fulltext/inventory/oa/pmid-39868236.url,papers/fulltext/inventory/oa/pmid-39868236.pdf,no,
current-program,pmid-39836474,39836474,10.1172/jci.insight.182376,2025,The impact of remdesivir on SARS-CoV-2 evolution in vivo.,,,candidate,medium,candidate relevance plus virus/pathogen/assay support,PMC11949014,https://pubmed.ncbi.nlm.nih.gov/39836474/,https://pmc.ncbi.nlm.nih.gov/articles/PMC11949014/,https://doi.org/10.1172/jci.insight.182376,pmc_open_access,pmc,oa_pdf_downloaded,papers/fulltext/inventory/oa/pmid-39836474.url,papers/fulltext/inventory/oa/pmid-39836474.pdf,no,
pi-backlog,pmid-39621658,39621658,10.1371/journal.pone.0312880,2024,Structural and hemodynamic analysis of Weaire-Phelan scaffolds made of Ti-alloy as bone replacement component: A preclinical investigation.,SYBIL,Sumit Chanda,high,low,explicit cross-virus or shared-host framing in title/abstract,PMC11611115,https://pubmed.ncbi.nlm.nih.gov/39621658/,https://pmc.ncbi.nlm.nih.gov/articles/PMC11611115/,https://doi.org/10.1371/journal.pone.0312880,pmc_open_access,pmc,oa_pdf_downloaded,papers/fulltext/inventory/oa/pmid-39621658.url,papers/fulltext/inventory/oa/pmid-39621658.pdf,no,
pi-backlog,pmid-39616949,39616949,10.1016/j.jbc.2024.107975,2024,Correction: Diacylglycerol acyltransferase-1 localizes hepatitis C virus NS5A protein to lipid droplets and enhances NS5A interaction with the viral capsid core.,HPMI,Melanie Ott,candidate,high,"viral context plus mechanism/resource terms: virus, viral, interaction",PMC11648214,https://pubmed.ncbi.nlm.nih.gov/39616949/,https://pmc.ncbi.nlm.nih.gov/articles/PMC11648214/,https://doi.org/10.1016/j.jbc.2024.107975,pmc_open_access,pmc,oa_pdf_downloaded,papers/fulltext/inventory/oa/pmid-39616949.url,papers/fulltext/inventory/oa/pmid-39616949.pdf,no,
pi-backlog,pmid-39580801,39580801,10.1016/j.celrep.2024.114960,2024,TRIM65 regulates innate immune signaling by enhancing K6-linked ubiquitination of IRF3 and its chromatin recruitment.,SYBIL,Adolfo Garcia-Sastre,candidate,high,"viral context plus mechanism/resource terms: viral, interaction",,https://pubmed.ncbi.nlm.nih.gov/39580801/,,https://doi.org/10.1016/j.celrep.2024.114960,publisher_or_doi_only,publisher,manual_check_needed,papers/fulltext/inventory/oa/pmid-39580801.url,papers/fulltext/inventory/oa/pmid-39580801.pdf,yes,publisher/DOI link available but OA status not confirmed from current metadata
pi-backlog,pmid-39567630,39567630,10.1038/s41598-024-80263-y,2024,Cell surface marker heterogeneity in human myeloma cell lines for modeling of disease and therapy.,CViSB,Kristian Andersen,high,low,explicit cross-virus or shared-host framing in title/abstract,PMC11579509,https://pubmed.ncbi.nlm.nih.gov/39567630/,https://pmc.ncbi.nlm.nih.gov/articles/PMC11579509/,https://doi.org/10.1038/s41598-024-80263-y,pmc_open_access,pmc,oa_pdf_downloaded,papers/fulltext/inventory/oa/pmid-39567630.url,papers/fulltext/inventory/oa/pmid-39567630.pdf,no,
pi-backlog,pmid-39468980,39468980,10.52198/25.STI.45.GY1826,2024,What Happens to Endometriosis During the Menstrual Cycle?,CViSB,Robert Garry,high,low,explicit cross-virus or shared-host framing in title/abstract,,https://pubmed.ncbi.nlm.nih.gov/39468980/,,https://doi.org/10.52198/25.STI.45.GY1826,publisher_or_doi_only,publisher,manual_check_needed,papers/fulltext/inventory/oa/pmid-39468980.url,papers/fulltext/inventory/oa/pmid-39468980.pdf,yes,publisher/DOI link available but OA status not confirmed from current metadata
pi-backlog,pmid-39466906,39466906,10.1002/jmv.70023,2024,Comparative Analysis of 2022 Outbreak MPXV and Previous Clade II MPXV.,SYBIL,Adolfo Garcia-Sastre,high,high,explicit cross-virus or shared-host framing in title/abstract,PMC11600476,https://pubmed.ncbi.nlm.nih.gov/39466906/,https://pmc.ncbi.nlm.nih.gov/articles/PMC11600476/,https://doi.org/10.1002/jmv.70023,pmc_open_access,pmc,oa_pdf_downloaded,papers/fulltext/inventory/oa/pmid-39466906.url,papers/fulltext/inventory/oa/pmid-39466906.pdf,no,
pi-backlog,pmid-39464067,39464067,10.1101/2024.10.11.617898,2024,Identification and Targeting of Regulators of SARS-CoV-2-Host Interactions in the Airway Epithelium.,SYBIL,Adolfo Garcia-Sastre;Michael Schotsaert,candidate,high,"viral context plus mechanism/resource terms: virus, sars, network, host response",PMC11507692,https://pubmed.ncbi.nlm.nih.gov/39464067/,https://pmc.ncbi.nlm.nih.gov/articles/PMC11507692/,https://doi.org/10.1101/2024.10.11.617898,pmc_open_access,pmc,oa_pdf_downloaded,papers/fulltext/inventory/oa/pmid-39464067.url,papers/fulltext/inventory/oa/pmid-39464067.pdf,no,
pi-backlog,pmid-39391249,39391249,10.3389/fonc.2024.1428984,2024,Molecular genetic characterization of myeloid neoplasms with idic(X)(q13) and i(X)(q10).,CViSB,Kristian Andersen,high,low,explicit cross-virus or shared-host framing in title/abstract,PMC11464256,https://pubmed.ncbi.nlm.nih.gov/39391249/,https://pmc.ncbi.nlm.nih.gov/articles/PMC11464256/,https://doi.org/10.3389/fonc.2024.1428984,pmc_open_access,pmc,oa_pdf_downloaded,papers/fulltext/inventory/oa/pmid-39391249.url,papers/fulltext/inventory/oa/pmid-39391249.pdf,no,
pi-backlog,pmid-39384042,39384042,10.1016/j.jbc.2024.107871,2024,Cellular NS1-BP protein interacts with the mRNA export receptor NXF1 to mediate nuclear export of influenza virus M mRNAs.,SYBIL,Adolfo Garcia-Sastre,candidate,high,"viral context plus mechanism/resource terms: virus, viral, influenza, pathway",PMC11570952,https://pubmed.ncbi.nlm.nih.gov/39384042/,https://pmc.ncbi.nlm.nih.gov/articles/PMC11570952/,https://doi.org/10.1016/j.jbc.2024.107871,pmc_open_access,pmc,oa_pdf_downloaded,papers/fulltext/inventory/oa/pmid-39384042.url,papers/fulltext/inventory/oa/pmid-39384042.pdf,no,
pi-backlog,pmid-39324493,39324493,10.1002/gcc.23272,2024,RUNX1::MIR99AHG Chimera in Acute Myeloid Leukemia.,CViSB,Kristian Andersen,high,low,explicit cross-virus or shared-host framing in title/abstract,,https://pubmed.ncbi.nlm.nih.gov/39324493/,,https://doi.org/10.1002/gcc.23272,publisher_or_doi_only,publisher,manual_check_needed,papers/fulltext/inventory/oa/pmid-39324493.url,papers/fulltext/inventory/oa/pmid-39324493.pdf,yes,publisher/DOI link available but OA status not confirmed from current metadata
pi-backlog,pmid-39185168,39185168,10.1101/2024.08.13.607777,2024,Torsional Twist of the SARS-CoV and SARS-CoV-2 SUD-N and SUD-M domains.,HPMI,Melanie Ott,high,high,explicit cross-virus or shared-host framing in title/abstract,PMC11343135,https://pubmed.ncbi.nlm.nih.gov/39185168/,https://pmc.ncbi.nlm.nih.gov/articles/PMC11343135/,https://doi.org/10.1101/2024.08.13.607777,pmc_open_access,pmc,oa_pdf_downloaded,papers/fulltext/inventory/oa/pmid-39185168.url,papers/fulltext/inventory/oa/pmid-39185168.pdf,no,
pi-backlog,pmid-39149904,39149904,10.1093/nar/gkae704,2024,Sarbecovirus programmed ribosome frameshift RNA element folding studied by NMR spectroscopy and comparative analyses.,SYBIL,Adolfo Garcia-Sastre,high,high,explicit cross-virus or shared-host framing in title/abstract,PMC11514460,https://pubmed.ncbi.nlm.nih.gov/39149904/,https://pmc.ncbi.nlm.nih.gov/articles/PMC11514460/,https://doi.org/10.1093/nar/gkae704,pmc_open_access,pmc,oa_pdf_downloaded,papers/fulltext/inventory/oa/pmid-39149904.url,papers/fulltext/inventory/oa/pmid-39149904.pdf,no,
pi-backlog,pmid-39120141,39120141,10.1002/gcc.23262,2024,Genetic Heterogeneity in Cellular Angiofibromas.,CViSB,Kristian Andersen,high,high,explicit cross-virus or shared-host framing in title/abstract,,https://pubmed.ncbi.nlm.nih.gov/39120141/,,https://doi.org/10.1002/gcc.23262,publisher_or_doi_only,publisher,manual_check_needed,papers/fulltext/inventory/oa/pmid-39120141.url,papers/fulltext/inventory/oa/pmid-39120141.pdf,yes,publisher/DOI link available but OA status not confirmed from current metadata
pi-backlog,pmid-39089348,39089348,10.1016/j.clim.2024.110333,2024,Patient subtyping analysis of baseline multi-omic data reveals distinct pre-immune states associated with antibody response to seasonal influenza vaccination.,SYBIL,Adolfo Garcia-Sastre,unknown,high,"viral context plus mechanism/resource terms: influenza, proteomics",PMC11340208,https://pubmed.ncbi.nlm.nih.gov/39089348/,https://pmc.ncbi.nlm.nih.gov/articles/PMC11340208/,https://doi.org/10.1016/j.clim.2024.110333,pmc_open_access,pmc,oa_pdf_downloaded,papers/fulltext/inventory/oa/pmid-39089348.url,papers/fulltext/inventory/oa/pmid-39089348.pdf,no,
pi-backlog,pmid-39026801,39026801,10.1101/2024.07.10.602835,2024,Global siRNA Screen Reveals Critical Human Host Factors of SARS-CoV-2 Multicycle Replication.,SYBIL;HPMI,Adolfo Garcia-Sastre;Trey Ideker,candidate,high,"viral context plus mechanism/resource terms: virus, viral, coronavirus, sars, pathway, dependency",PMC11257544,https://pubmed.ncbi.nlm.nih.gov/39026801/,https://pmc.ncbi.nlm.nih.gov/articles/PMC11257544/,https://doi.org/10.1101/2024.07.10.602835,pmc_open_access,pmc,oa_pdf_downloaded,papers/fulltext/inventory/oa/pmid-39026801.url,papers/fulltext/inventory/oa/pmid-39026801.pdf,no,
pi-backlog,pmid-38979204,38979204,10.1101/2024.06.24.600468,2024,Broad-spectrum RNA antiviral inspired by ISG15 (-/-) deficiency.,SYBIL,Adolfo Garcia-Sastre,high,high,explicit cross-virus or shared-host framing in title/abstract,PMC11230275,https://pubmed.ncbi.nlm.nih.gov/38979204/,https://pmc.ncbi.nlm.nih.gov/articles/PMC11230275/,https://doi.org/10.1101/2024.06.24.600468,pmc_open_access,pmc,oa_pdf_downloaded,papers/fulltext/inventory/oa/pmid-38979204.url,papers/fulltext/inventory/oa/pmid-38979204.pdf,no,
pi-backlog,pmid-38768348,38768348,10.1073/pnas.2314166121,2024,Inhibition of mRNA nuclear export promotes SARS-CoV-2 pathogenesis.,SYBIL,Adolfo Garcia-Sastre,candidate,high,"viral context plus mechanism/resource terms: viral, coronavirus, sars, pathway, interaction",PMC11145185,https://pubmed.ncbi.nlm.nih.gov/38768348/,https://pmc.ncbi.nlm.nih.gov/articles/PMC11145185/,https://doi.org/10.1073/pnas.2314166121,pmc_open_access,pmc,oa_pdf_downloaded,papers/fulltext/inventory/oa/pmid-38768348.url,papers/fulltext/inventory/oa/pmid-38768348.pdf,no,
pi-backlog,pmid-38648902,38648902,10.1016/j.bbadis.2024.167193,2024,The IRE1α-XBP1 arm of the unfolded protein response is a host factor activated in SARS-CoV-2 infection.,SYBIL,Adolfo Garcia-Sastre;Michael Schotsaert,candidate,high,"viral context plus mechanism/resource terms: viral, sars, pathway, host factor",PMC12191402,https://pubmed.ncbi.nlm.nih.gov/38648902/,https://pmc.ncbi.nlm.nih.gov/articles/PMC12191402/,https://doi.org/10.1016/j.bbadis.2024.167193,pmc_open_access,pmc,oa_pdf_downloaded,papers/fulltext/inventory/oa/pmid-38648902.url,papers/fulltext/inventory/oa/pmid-38648902.pdf,no,
pi-backlog,pmid-38571499,38571499,10.3389/fonc.2024.1371980,2024,NUP214 fusion genes in acute leukemias: genetic characterization of rare cases.,CViSB,Kristian Andersen,high,high,explicit cross-virus or shared-host framing in title/abstract,PMC10987735,https://pubmed.ncbi.nlm.nih.gov/38571499/,https://pmc.ncbi.nlm.nih.gov/articles/PMC10987735/,https://doi.org/10.3389/fonc.2024.1371980,pmc_open_access,pmc,oa_pdf_downloaded,papers/fulltext/inventory/oa/pmid-38571499.url,papers/fulltext/inventory/oa/pmid-38571499.pdf,no,
pi-backlog,pmid-38562892,38562892,10.1101/2024.03.18.24304401,2024,Integrated multiomics implicates dysregulation of ECM and cell adhesion pathways as drivers of severe COVID-associated kidney injury.,SYBIL,Adolfo Garcia-Sastre,candidate,high,"viral context plus mechanism/resource terms: sars, interaction, network, proteomics",PMC10984064,https://pubmed.ncbi.nlm.nih.gov/38562892/,https://pmc.ncbi.nlm.nih.gov/articles/PMC10984064/,https://doi.org/10.1101/2024.03.18.24304401,pmc_open_access,pmc,oa_pdf_downloaded,papers/fulltext/inventory/oa/pmid-38562892.url,papers/fulltext/inventory/oa/pmid-38562892.pdf,no,
pi-backlog,pmid-38537997,38537997,10.21873/anticanres.16935,2024,Acute Lymphoblastic Leukemia With Near-haploid Karyotype and Philadelphia Chromosome.,CViSB,Kristian Andersen,high,low,explicit cross-virus or shared-host framing in title/abstract,,https://pubmed.ncbi.nlm.nih.gov/38537997/,,https://doi.org/10.21873/anticanres.16935,publisher_or_doi_only,publisher,manual_check_needed,papers/fulltext/inventory/oa/pmid-38537997.url,papers/fulltext/inventory/oa/pmid-38537997.pdf,yes,publisher/DOI link available but OA status not confirmed from current metadata
pi-backlog,pmid-38411080,38411080,10.1128/mbio.02222-23,2024,CRISPR-Cas9 screen of E3 ubiquitin ligases identifies TRAF2 and UHRF1 as regulators of HIV latency in primary human T cells.,HPMI,Melanie Ott,candidate,high,"viral context plus mechanism/resource terms: virus, viral, hiv, pathway, proteomics, screen",PMC11005436,https://pubmed.ncbi.nlm.nih.gov/38411080/,https://pmc.ncbi.nlm.nih.gov/articles/PMC11005436/,https://doi.org/10.1128/mbio.02222-23,pmc_open_access,pmc,oa_pdf_downloaded,papers/fulltext/inventory/oa/pmid-38411080.url,papers/fulltext/inventory/oa/pmid-38411080.pdf,no,
pi-backlog,pmid-38387978,38387978,10.1136/bmjopen-2023-080614,2024,PRECISION-TBI: a study protocol for a vanguard prospective cohort study to enhance understanding and management of moderate to severe traumatic brain injury in Australia.,CViSB,Ryan McNamara,high,low,explicit cross-virus or shared-host framing in title/abstract,PMC10882309,https://pubmed.ncbi.nlm.nih.gov/38387978/,https://pmc.ncbi.nlm.nih.gov/articles/PMC10882309/,https://doi.org/10.1136/bmjopen-2023-080614,pmc_open_access,pmc,oa_pdf_downloaded,papers/fulltext/inventory/oa/pmid-38387978.url,papers/fulltext/inventory/oa/pmid-38387978.pdf,no,
pi-backlog,pmid-38375062,38375062,10.1155/2024/6668017,2024,Upper Airway Epithelial Tissue Transcriptome Analysis Reveals Immune Signatures Associated with COVID-19 Severity in Ghanaians.,CViSB,Donald S Grant,candidate,low,"viral context plus mechanism/resource terms: coronavirus, sars, transcriptome",PMC10876312,https://pubmed.ncbi.nlm.nih.gov/38375062/,https://pmc.ncbi.nlm.nih.gov/articles/PMC10876312/,https://doi.org/10.1155/2024/6668017,pmc_open_access,pmc,oa_pdf_downloaded,papers/fulltext/inventory/oa/pmid-38375062.url,papers/fulltext/inventory/oa/pmid-38375062.pdf,no,
pi-backlog,pmid-38328256,38328256,10.1101/2024.01.18.576213,2024,Patient Subtyping Analysis of Baseline Multi-omic Data Reveals Distinct Pre-immune States Predictive of Vaccination Responses.,SYBIL,Adolfo Garcia-Sastre,unknown,high,"viral context plus mechanism/resource terms: influenza, network, proteomics",PMC10849502,https://pubmed.ncbi.nlm.nih.gov/38328256/,https://pmc.ncbi.nlm.nih.gov/articles/PMC10849502/,https://doi.org/10.1101/2024.01.18.576213,pmc_open_access,pmc,oa_pdf_downloaded,papers/fulltext/inventory/oa/pmid-38328256.url,papers/fulltext/inventory/oa/pmid-38328256.pdf,no,
pi-backlog,pmid-38306481,38306481,10.1073/pnas.2300644120,2024,Viral afterlife: SARS-CoV-2 as a reservoir of immunomimetic peptides that reassemble into proinflammatory supramolecular complexes.,UCLA-Persistent-BSI,Michael Yeaman,candidate,high,"viral context plus mechanism/resource terms: viral, coronavirus, sars, transcriptome",PMC10861912,https://pubmed.ncbi.nlm.nih.gov/38306481/,https://pmc.ncbi.nlm.nih.gov/articles/PMC10861912/,https://doi.org/10.1073/pnas.2300644120,pmc_open_access,pmc,oa_pdf_downloaded,papers/fulltext/inventory/oa/pmid-38306481.url,papers/fulltext/inventory/oa/pmid-38306481.pdf,no,
pi-backlog,pmid-38151288,38151288,10.21873/cgp.20424,2024,Genetic Characterization of Pediatric Mixed Phenotype Acute Leukemia (MPAL).,CViSB,Kristian Andersen,high,low,explicit cross-virus or shared-host framing in title/abstract,PMC10756350,https://pubmed.ncbi.nlm.nih.gov/38151288/,https://pmc.ncbi.nlm.nih.gov/articles/PMC10756350/,https://doi.org/10.21873/cgp.20424,pmc_open_access,pmc,oa_pdf_downloaded,papers/fulltext/inventory/oa/pmid-38151288.url,papers/fulltext/inventory/oa/pmid-38151288.pdf,no,
pi-backlog,pmid-37833243,37833243,10.1002/minf.202300262,2024,A community effort in SARS-CoV-2 drug discovery.,SYBIL,Adolfo Garcia-Sastre,candidate,high,"viral context plus mechanism/resource terms: viral, sars, screen",PMC11299051,https://pubmed.ncbi.nlm.nih.gov/37833243/,https://pmc.ncbi.nlm.nih.gov/articles/PMC11299051/,https://doi.org/10.1002/minf.202300262,pmc_open_access,pmc,oa_pdf_downloaded,papers/fulltext/inventory/oa/pmid-37833243.url,papers/fulltext/inventory/oa/pmid-37833243.pdf,no,
hpmi,pmid-39763950,39763950,10.1101/2024.12.16.628616,2024,Tax1bp1 enhances bacterial virulence and promotes inflammatory responses during Mycobacterium tuberculosis infection of alveolar macrophages.,HPMI,,candidate,medium,candidate relevance plus virus/pathogen/assay support,PMC11702572,https://pubmed.ncbi.nlm.nih.gov/39763950/,https://pmc.ncbi.nlm.nih.gov/articles/PMC11702572/,https://doi.org/10.1101/2024.12.16.628616,pmc_open_access,pmc,oa_pdf_downloaded,papers/fulltext/inventory/oa/pmid-39763950.url,papers/fulltext/inventory/oa/pmid-39763950.pdf,no,
hpmi,pmid-39571001,39571001,10.1371/journal.ppat.1012741,2024,SARS-CoV-2 evolution balances conflicting roles of N protein phosphorylation.,HPMI,,candidate,medium,candidate relevance plus virus/pathogen/assay support,PMC11620656,https://pubmed.ncbi.nlm.nih.gov/39571001/,https://pmc.ncbi.nlm.nih.gov/articles/PMC11620656/,https://doi.org/10.1371/journal.ppat.1012741,pmc_open_access,pmc,oa_pdf_downloaded,papers/fulltext/inventory/oa/pmid-39571001.url,papers/fulltext/inventory/oa/pmid-39571001.pdf,no,
hpmi,pmid-39488835,39488835,10.1016/j.xpro.2024.103286,2024,Protocol for mapping differential protein-protein interaction networks using affinity purification-mass spectrometry.,HPMI,,candidate,low,candidate relevance plus virus/pathogen/assay support,PMC11567037,https://pubmed.ncbi.nlm.nih.gov/39488835/,https://pmc.ncbi.nlm.nih.gov/articles/PMC11567037/,https://doi.org/10.1016/j.xpro.2024.103286,pmc_open_access,pmc,oa_pdf_downloaded,papers/fulltext/inventory/oa/pmid-39488835.url,papers/fulltext/inventory/oa/pmid-39488835.pdf,no,
hpmi,pmid-39395413,39395413,10.1016/j.cell.2024.09.020,2024,Genome integrity sensing by the broad-spectrum Hachiman antiphage defense complex.,HPMI,,high,low,explicit cross-virus/shared-host signal,PMC12278908,https://pubmed.ncbi.nlm.nih.gov/39395413/,https://pmc.ncbi.nlm.nih.gov/articles/PMC12278908/,https://doi.org/10.1016/j.cell.2024.09.020,pmc_open_access,pmc,oa_pdf_downloaded,papers/fulltext/inventory/oa/pmid-39395413.url,papers/fulltext/inventory/oa/pmid-39395413.pdf,no,
hpmi,pmid-39198650,39198650,10.1038/s41586-024-07866-3,2024,Tuberculosis in otherwise healthy adults with inherited TNF deficiency.,HPMI,,candidate,medium,candidate relevance plus virus/pathogen/assay support,PMC11390478,https://pubmed.ncbi.nlm.nih.gov/39198650/,https://pmc.ncbi.nlm.nih.gov/articles/PMC11390478/,https://doi.org/10.1038/s41586-024-07866-3,pmc_open_access,pmc,oa_pdf_downloaded,papers/fulltext/inventory/oa/pmid-39198650.url,papers/fulltext/inventory/oa/pmid-39198650.pdf,no,
hpmi,pmid-39197447,39197447,10.1016/j.cell.2024.07.057,2024,Animal and bacterial viruses share conserved mechanisms of immune evasion.,HPMI,,candidate,medium,candidate relevance plus virus/pathogen/assay support,PMC11455605,https://pubmed.ncbi.nlm.nih.gov/39197447/,https://pmc.ncbi.nlm.nih.gov/articles/PMC11455605/,https://doi.org/10.1016/j.cell.2024.07.057,pmc_open_access,pmc,oa_pdf_downloaded,papers/fulltext/inventory/oa/pmid-39197447.url,papers/fulltext/inventory/oa/pmid-39197447.pdf,no,
hpmi,pmid-39187718,39187718,10.1038/s41586-024-07809-y,2024,Birth of protein folds and functions in the virome.,HPMI,,candidate,medium,candidate relevance plus virus/pathogen/assay support,PMC11410667,https://pubmed.ncbi.nlm.nih.gov/39187718/,https://pmc.ncbi.nlm.nih.gov/articles/PMC11410667/,https://doi.org/10.1038/s41586-024-07809-y,pmc_open_access,pmc,oa_pdf_downloaded,papers/fulltext/inventory/oa/pmid-39187718.url,papers/fulltext/inventory/oa/pmid-39187718.pdf,no,
hpmi,pmid-39131396,39131396,10.1101/2024.07.31.606079,2024,CRISPR-Cas12a bends DNA to destabilize base pairs during target interrogation.,HPMI,,candidate,low,candidate relevance plus virus/pathogen/assay support,PMC11312533,https://pubmed.ncbi.nlm.nih.gov/39131396/,https://pmc.ncbi.nlm.nih.gov/articles/PMC11312533/,https://doi.org/10.1101/2024.07.31.606079,pmc_open_access,pmc,oa_pdf_downloaded,papers/fulltext/inventory/oa/pmid-39131396.url,papers/fulltext/inventory/oa/pmid-39131396.pdf,no,
hpmi,pmid-39024454,39024454,10.1126/science.adl5763,2024,Multiscale photocatalytic proximity labeling reveals cell surface neighbors on and between cells.,HPMI,,candidate,low,candidate relevance plus virus/pathogen/assay support,PMC12517702,https://pubmed.ncbi.nlm.nih.gov/39024454/,https://pmc.ncbi.nlm.nih.gov/articles/PMC12517702/,https://doi.org/10.1126/science.adl5763,pmc_open_access,pmc,oa_pdf_downloaded,papers/fulltext/inventory/oa/pmid-39024454.url,papers/fulltext/inventory/oa/pmid-39024454.pdf,no,
hpmi,pmid-38961189,38961189,10.1038/s41598-024-66003-2,2024,NF-κB inhibitor alpha controls SARS-CoV-2 infection in ACE2-overexpressing human airway organoids.,HPMI,,candidate,medium,candidate relevance plus virus/pathogen/assay support,PMC11222426,https://pubmed.ncbi.nlm.nih.gov/38961189/,https://pmc.ncbi.nlm.nih.gov/articles/PMC11222426/,https://doi.org/10.1038/s41598-024-66003-2,pmc_open_access,pmc,oa_pdf_downloaded,papers/fulltext/inventory/oa/pmid-38961189.url,papers/fulltext/inventory/oa/pmid-38961189.pdf,no,
hpmi,pmid-38836816,38836816,10.4049/jimmunol.2300885,2024,Human Alveolar and Monocyte-Derived Human Macrophage Responses to Mycobacterium tuberculosis.,HPMI,,candidate,medium,candidate relevance plus virus/pathogen/assay support,PMC11610518,https://pubmed.ncbi.nlm.nih.gov/38836816/,https://pmc.ncbi.nlm.nih.gov/articles/PMC11610518/,https://doi.org/10.4049/jimmunol.2300885,pmc_open_access,pmc,oa_pdf_downloaded,papers/fulltext/inventory/oa/pmid-38836816.url,papers/fulltext/inventory/oa/pmid-38836816.pdf,no,
hpmi,pmid-38800652,38800652,,2024,Mapping Differential Protein-Protein Interaction Networks using Affinity Purification Mass Spectrometry.,HPMI,,candidate,low,candidate relevance plus virus/pathogen/assay support,PMC11118664,https://pubmed.ncbi.nlm.nih.gov/38800652/,https://pmc.ncbi.nlm.nih.gov/articles/PMC11118664/,,pmc_open_access,pmc,oa_pdf_downloaded,papers/fulltext/inventory/oa/pmid-38800652.url,papers/fulltext/inventory/oa/pmid-38800652.pdf,no,
hpmi,pmid-38781968,38781968,10.1016/j.cell.2024.04.031,2024,Rapid DNA unwinding accelerates genome editing by engineered CRISPR-Cas9.,HPMI,,candidate,low,candidate relevance plus virus/pathogen/assay support,PMC11658890,https://pubmed.ncbi.nlm.nih.gov/38781968/,https://pmc.ncbi.nlm.nih.gov/articles/PMC11658890/,https://doi.org/10.1016/j.cell.2024.04.031,pmc_open_access,pmc,oa_pdf_downloaded,papers/fulltext/inventory/oa/pmid-38781968.url,papers/fulltext/inventory/oa/pmid-38781968.pdf,no,
hpmi,pmid-38587193,38587193,10.1093/nar/gkae256,2024,Assembly of SARS-CoV-2 nucleocapsid protein with nucleic acid.,HPMI,,candidate,medium,candidate relevance plus virus/pathogen/assay support,PMC11194069,https://pubmed.ncbi.nlm.nih.gov/38587193/,https://pmc.ncbi.nlm.nih.gov/articles/PMC11194069/,https://doi.org/10.1093/nar/gkae256,pmc_open_access,pmc,oa_pdf_downloaded,papers/fulltext/inventory/oa/pmid-38587193.url,papers/fulltext/inventory/oa/pmid-38587193.pdf,no,
hpmi,pmid-38464307,38464307,10.1101/2024.02.29.582594,2024,Hachiman is a genome integrity sensor.,HPMI,,high,low,explicit cross-virus/shared-host signal,PMC10925250,https://pubmed.ncbi.nlm.nih.gov/38464307/,https://pmc.ncbi.nlm.nih.gov/articles/PMC10925250/,https://doi.org/10.1101/2024.02.29.582594,pmc_open_access,pmc,oa_pdf_downloaded,papers/fulltext/inventory/oa/pmid-38464307.url,papers/fulltext/inventory/oa/pmid-38464307.pdf,no,
hpmi,pmid-38308100,38308100,10.1038/s41564-024-01605-0,2024,Author Correction: Autophagy restricts Mycobacterium tuberculosis during acute infection in mice.,HPMI,,candidate,medium,candidate relevance plus virus/pathogen/assay support,PMC11222042,https://pubmed.ncbi.nlm.nih.gov/38308100/,https://pmc.ncbi.nlm.nih.gov/articles/PMC11222042/,https://doi.org/10.1038/s41564-024-01605-0,pmc_open_access,pmc,oa_pdf_downloaded,papers/fulltext/inventory/oa/pmid-38308100.url,papers/fulltext/inventory/oa/pmid-38308100.pdf,no,
hpmi,pmid-38117589,38117589,10.1091/mbc.E23-06-0260,2024,Cross-family small GTPase ubiquitination by the intracellular pathogen Legionella pneumophila.,HPMI,,candidate,low,candidate relevance plus virus/pathogen/assay support,PMC10916871,https://pubmed.ncbi.nlm.nih.gov/38117589/,https://pmc.ncbi.nlm.nih.gov/articles/PMC10916871/,https://doi.org/10.1091/mbc.E23-06-0260,pmc_open_access,pmc,oa_pdf_downloaded,papers/fulltext/inventory/oa/pmid-38117589.url,papers/fulltext/inventory/oa/pmid-38117589.pdf,no,
current-program,pmid-39645657,39645657,10.1016/j.celrep.2024.115056,2024,"Vimentin modulates regulatory T cell receptor-ligand interactions at distal pole complex, leading to dysregulated host response to viral pneumonia.",,,candidate,medium,candidate relevance plus virus/pathogen/assay support,PMC11804169,https://pubmed.ncbi.nlm.nih.gov/39645657/,https://pmc.ncbi.nlm.nih.gov/articles/PMC11804169/,https://doi.org/10.1016/j.celrep.2024.115056,pmc_open_access,pmc,oa_pdf_downloaded,papers/fulltext/inventory/oa/pmid-39645657.url,papers/fulltext/inventory/oa/pmid-39645657.pdf,no,
current-program,pmid-39625970,39625970,10.1371/journal.pbio.3002914,2024,How fast are viruses spreading in the wild?,,,high,medium,explicit cross-virus/shared-host signal,PMC11614233,https://pubmed.ncbi.nlm.nih.gov/39625970/,https://pmc.ncbi.nlm.nih.gov/articles/PMC11614233/,https://doi.org/10.1371/journal.pbio.3002914,pmc_open_access,pmc,oa_pdf_downloaded,papers/fulltext/inventory/oa/pmid-39625970.url,papers/fulltext/inventory/oa/pmid-39625970.pdf,no,
current-program,pmid-39576825,39576825,10.1371/journal.pntd.0012662,2024,Long-term visual outcomes and histopathologic findings after cataract surgery in Ebola virus disease survivors in the Ebola virus RNA persistence in ocular tissues and fluids (EVICT) study.,CViSB,Robert Garry;Donald S Grant,candidate,medium,candidate relevance plus virus/pathogen/assay support,PMC11623560,https://pubmed.ncbi.nlm.nih.gov/39576825/,https://pmc.ncbi.nlm.nih.gov/articles/PMC11623560/,https://doi.org/10.1371/journal.pntd.0012662,pmc_open_access,pmc,oa_pdf_downloaded,papers/fulltext/inventory/oa/pmid-39576825.url,papers/fulltext/inventory/oa/pmid-39576825.pdf,no,
current-program,pmid-39488529,39488529,10.1038/s41467-024-53791-4,2024,Live imaging of airway epithelium reveals that mucociliary clearance modulates SARS-CoV-2 spread.,SYBIL,Sumit Chanda,candidate,medium,candidate relevance plus virus/pathogen/assay support,PMC11531594,https://pubmed.ncbi.nlm.nih.gov/39488529/,https://pmc.ncbi.nlm.nih.gov/articles/PMC11531594/,https://doi.org/10.1038/s41467-024-53791-4,pmc_open_access,pmc,oa_pdf_downloaded,papers/fulltext/inventory/oa/pmid-39488529.url,papers/fulltext/inventory/oa/pmid-39488529.pdf,no,
current-program,pmid-39303692,39303692,10.1016/j.cell.2024.08.010,2024,Genetic tracing of market wildlife and viruses at the epicenter of the COVID-19 pandemic.,CViSB,Robert Garry;Kristian Andersen,candidate,medium,candidate relevance plus virus/pathogen/assay support,PMC11427129,https://pubmed.ncbi.nlm.nih.gov/39303692/,https://pmc.ncbi.nlm.nih.gov/articles/PMC11427129/,https://doi.org/10.1016/j.cell.2024.08.010,pmc_open_access,pmc,oa_pdf_downloaded,papers/fulltext/inventory/oa/pmid-39303692.url,papers/fulltext/inventory/oa/pmid-39303692.pdf,no,
current-program,pmid-39255040,39255040,10.1172/JCI180986,2024,Antibiotic use during influenza infection augments lung eosinophils that impair immunity against secondary bacterial pneumonia.,SCRIPT,Richard Wunderink,candidate,medium,candidate relevance plus virus/pathogen/assay support,PMC11527449,https://pubmed.ncbi.nlm.nih.gov/39255040/,https://pmc.ncbi.nlm.nih.gov/articles/PMC11527449/,https://doi.org/10.1172/JCI180986,pmc_open_access,pmc,oa_pdf_downloaded,papers/fulltext/inventory/oa/pmid-39255040.url,papers/fulltext/inventory/oa/pmid-39255040.pdf,no,
current-program,pmid-39179693,39179693,10.1038/s41564-024-01786-8,2024,Evolution of SARS-CoV-2 in the murine central nervous system drives viral diversification.,,,candidate,medium,candidate relevance plus virus/pathogen/assay support,PMC12863430,https://pubmed.ncbi.nlm.nih.gov/39179693/,https://pmc.ncbi.nlm.nih.gov/articles/PMC12863430/,https://doi.org/10.1038/s41564-024-01786-8,pmc_open_access,pmc,oa_pdf_downloaded,papers/fulltext/inventory/oa/pmid-39179693.url,papers/fulltext/inventory/oa/pmid-39179693.pdf,no,
current-program,pmid-39138384,39138384,10.1038/s41590-024-01914-w,2024,Distinctive evolution of alveolar T cell responses is associated with clinical outcomes in unvaccinated patients with SARS-CoV-2 pneumonia.,CViSB,Donald S Grant;Richard Wunderink,candidate,medium,candidate relevance plus virus/pathogen/assay support,PMC11490290,https://pubmed.ncbi.nlm.nih.gov/39138384/,https://pmc.ncbi.nlm.nih.gov/articles/PMC11490290/,https://doi.org/10.1038/s41590-024-01914-w,pmc_open_access,pmc,oa_pdf_downloaded,papers/fulltext/inventory/oa/pmid-39138384.url,papers/fulltext/inventory/oa/pmid-39138384.pdf,no,
current-program,pmid-39006420,39006420,10.1101/2024.07.01.24309632,2024,"Dispersal history of SARS-CoV-2 variants Alpha, Delta, and Omicron (BA.1) in Spain.",,,candidate,medium,candidate relevance plus virus/pathogen/assay support,PMC11245079,https://pubmed.ncbi.nlm.nih.gov/39006420/,https://pmc.ncbi.nlm.nih.gov/articles/PMC11245079/,https://doi.org/10.1101/2024.07.01.24309632,pmc_open_access,pmc,oa_pdf_downloaded,papers/fulltext/inventory/oa/pmid-39006420.url,papers/fulltext/inventory/oa/pmid-39006420.pdf,no,
current-program,pmid-38947010,38947010,10.1101/2024.06.21.24309280,2024,Evolution of the Umbilical Cord Blood Proteome Across Gestational Development.,,,candidate,low,candidate relevance plus virus/pathogen/assay support,PMC11213116,https://pubmed.ncbi.nlm.nih.gov/38947010/,https://pmc.ncbi.nlm.nih.gov/articles/PMC11213116/,https://doi.org/10.1101/2024.06.21.24309280,pmc_open_access,pmc,oa_pdf_downloaded,papers/fulltext/inventory/oa/pmid-38947010.url,papers/fulltext/inventory/oa/pmid-38947010.pdf,no,
current-program,pmid-38940448,38940448,10.1002/jmv.29773,2024,"Dispersal history of SARS-CoV-2 in Galicia, Spain.",,,candidate,medium,candidate relevance plus virus/pathogen/assay support,PMC11742125,https://pubmed.ncbi.nlm.nih.gov/38940448/,https://pmc.ncbi.nlm.nih.gov/articles/PMC11742125/,https://doi.org/10.1002/jmv.29773,pmc_open_access,pmc,oa_pdf_downloaded,papers/fulltext/inventory/oa/pmid-38940448.url,papers/fulltext/inventory/oa/pmid-38940448.pdf,no,
current-program,pmid-38853959,38853959,10.1101/2024.05.30.596295,2024,FOXP3+ Regulatory T Cells Require TBET to Regulate Activated CD8+ T Cells During Recovery from Influenza Infection.,,,candidate,medium,candidate relevance plus virus/pathogen/assay support,PMC11160713,https://pubmed.ncbi.nlm.nih.gov/38853959/,https://pmc.ncbi.nlm.nih.gov/articles/PMC11160713/,https://doi.org/10.1101/2024.05.30.596295,pmc_open_access,pmc,oa_pdf_downloaded,papers/fulltext/inventory/oa/pmid-38853959.url,papers/fulltext/inventory/oa/pmid-38853959.pdf,no,
current-program,pmid-38643200,38643200,10.1038/s41467-024-47757-9,2024,Deviations in RSV epidemiological patterns and population structures in the United States following the COVID-19 pandemic.,,,candidate,medium,candidate relevance plus virus/pathogen/assay support,PMC11032338,https://pubmed.ncbi.nlm.nih.gov/38643200/,https://pmc.ncbi.nlm.nih.gov/articles/PMC11032338/,https://doi.org/10.1038/s41467-024-47757-9,pmc_open_access,pmc,oa_pdf_downloaded,papers/fulltext/inventory/oa/pmid-38643200.url,papers/fulltext/inventory/oa/pmid-38643200.pdf,no,
current-program,pmid-38551979,38551979,10.1371/journal.pcbi.1011640,2024,Scalable gradients enable Hamiltonian Monte Carlo sampling for phylodynamic inference under episodic birth-death-sampling models.,,,candidate,medium,candidate relevance plus virus/pathogen/assay support,PMC11006205,https://pubmed.ncbi.nlm.nih.gov/38551979/,https://pmc.ncbi.nlm.nih.gov/articles/PMC11006205/,https://doi.org/10.1371/journal.pcbi.1011640,pmc_open_access,pmc,oa_pdf_downloaded,papers/fulltext/inventory/oa/pmid-38551979.url,papers/fulltext/inventory/oa/pmid-38551979.pdf,no,
current-program,pmid-38463998,38463998,10.1101/2024.02.27.24303385,2024,"Dispersal history of SARS-CoV-2 in Galicia, Spain.",,,candidate,medium,candidate relevance plus virus/pathogen/assay support,PMC10925372,https://pubmed.ncbi.nlm.nih.gov/38463998/,https://pmc.ncbi.nlm.nih.gov/articles/PMC10925372/,https://doi.org/10.1101/2024.02.27.24303385,pmc_open_access,pmc,oa_pdf_downloaded,papers/fulltext/inventory/oa/pmid-38463998.url,papers/fulltext/inventory/oa/pmid-38463998.pdf,no,
current-program,pmid-38453939,38453939,10.1038/s41467-024-46492-5,2024,A SWI/SNF-dependent transcriptional regulation mediated by POU2AF2/C11orf53 at enhancer.,,,candidate,medium,candidate relevance plus virus/pathogen/assay support,PMC10920751,https://pubmed.ncbi.nlm.nih.gov/38453939/,https://pmc.ncbi.nlm.nih.gov/articles/PMC10920751/,https://doi.org/10.1038/s41467-024-46492-5,pmc_open_access,pmc,oa_pdf_downloaded,papers/fulltext/inventory/oa/pmid-38453939.url,papers/fulltext/inventory/oa/pmid-38453939.pdf,no,
current-program,pmid-38446806,38446806,10.1371/journal.pone.0299082,2024,"Genomic characterization of SARS-CoV-2 in Guinea, West Africa.",,,candidate,medium,candidate relevance plus virus/pathogen/assay support,PMC10917296,https://pubmed.ncbi.nlm.nih.gov/38446806/,https://pmc.ncbi.nlm.nih.gov/articles/PMC10917296/,https://doi.org/10.1371/journal.pone.0299082,pmc_open_access,pmc,oa_pdf_downloaded,papers/fulltext/inventory/oa/pmid-38446806.url,papers/fulltext/inventory/oa/pmid-38446806.pdf,no,
current-program,pmid-38301954,38301954,10.1016/j.slasd.2024.01.006,2024,Activity and inhibition of the SARS-CoV-2 Omicron nsp13 R392C variant using RNA duplex unwinding assays.,,,candidate,medium,candidate relevance plus virus/pathogen/assay support,PMC11160173,https://pubmed.ncbi.nlm.nih.gov/38301954/,https://pmc.ncbi.nlm.nih.gov/articles/PMC11160173/,https://doi.org/10.1016/j.slasd.2024.01.006,pmc_open_access,pmc,oa_pdf_downloaded,papers/fulltext/inventory/oa/pmid-38301954.url,papers/fulltext/inventory/oa/pmid-38301954.pdf,no,
current-program,pmid-38243701,38243701,10.1093/bioinformatics/btae030,2024,Many-core algorithms for high-dimensional gradients on phylogenetic trees.,,,candidate,medium,candidate relevance plus virus/pathogen/assay support,PMC10868298,https://pubmed.ncbi.nlm.nih.gov/38243701/,https://pmc.ncbi.nlm.nih.gov/articles/PMC10868298/,https://doi.org/10.1093/bioinformatics/btae030,pmc_open_access,pmc,oa_pdf_downloaded,papers/fulltext/inventory/oa/pmid-38243701.url,papers/fulltext/inventory/oa/pmid-38243701.pdf,no,
current-program,pmid-38232695,38232695,10.1016/j.xcrm.2023.101361,2024,Integration of individualized and population-level molecular epidemiology data to model COVID-19 outcomes.,,,candidate,medium,candidate relevance plus virus/pathogen/assay support,PMC10829796,https://pubmed.ncbi.nlm.nih.gov/38232695/,https://pmc.ncbi.nlm.nih.gov/articles/PMC10829796/,https://doi.org/10.1016/j.xcrm.2023.101361,pmc_open_access,pmc,oa_pdf_downloaded,papers/fulltext/inventory/oa/pmid-38232695.url,papers/fulltext/inventory/oa/pmid-38232695.pdf,no,
current-program,pmid-38112418,38112418,10.1128/mbio.03036-23,2024,Understanding Fc function for rational vaccine design against pathogens.,CViSB,Ryan McNamara,candidate,medium,candidate relevance plus virus/pathogen/assay support,PMC10790774,https://pubmed.ncbi.nlm.nih.gov/38112418/,https://pmc.ncbi.nlm.nih.gov/articles/PMC10790774/,https://doi.org/10.1128/mbio.03036-23,pmc_open_access,pmc,oa_pdf_downloaded,papers/fulltext/inventory/oa/pmid-38112418.url,papers/fulltext/inventory/oa/pmid-38112418.pdf,no,
current-program,pmid-38078770,38078770,10.1128/mbio.02649-23,2024,Comparative evolution of influenza A virus H1 and H3 head and stalk domains across host species.,,,high,medium,explicit cross-virus/shared-host signal,PMC10886446,https://pubmed.ncbi.nlm.nih.gov/38078770/,https://pmc.ncbi.nlm.nih.gov/articles/PMC10886446/,https://doi.org/10.1128/mbio.02649-23,pmc_open_access,pmc,oa_pdf_downloaded,papers/fulltext/inventory/oa/pmid-38078770.url,papers/fulltext/inventory/oa/pmid-38078770.pdf,no,
current-program,pmid-37804247,37804247,10.1093/gerona/glad239,2024,The Third Annual Symposium of the Midwest Aging Consortium.,,,candidate,medium,candidate relevance plus virus/pathogen/assay support,PMC10799755,https://pubmed.ncbi.nlm.nih.gov/37804247/,https://pmc.ncbi.nlm.nih.gov/articles/PMC10799755/,https://doi.org/10.1093/gerona/glad239,pmc_open_access,pmc,oa_pdf_downloaded,papers/fulltext/inventory/oa/pmid-37804247.url,papers/fulltext/inventory/oa/pmid-37804247.pdf,no,
pi-backlog,pmid-37983398,37983398,10.1097/ACM.0000000000005355,2023,Set Up to Fail? Barriers Impeding Resident Communication Training in Neonatal Intensive Care Units.,HPMI,Melanie Ott,high,low,explicit cross-virus or shared-host framing in title/abstract,,https://pubmed.ncbi.nlm.nih.gov/37983398/,,https://doi.org/10.1097/ACM.0000000000005355,publisher_or_doi_only,publisher,manual_check_needed,papers/fulltext/inventory/oa/pmid-37983398.url,papers/fulltext/inventory/oa/pmid-37983398.pdf,yes,publisher/DOI link available but OA status not confirmed from current metadata
pi-backlog,pmid-37889065,37889065,10.21873/cgp.20405,2023,Pathogenetic Dichotomy in Angioleiomyoma.,CViSB,Kristian Andersen,high,low,explicit cross-virus or shared-host framing in title/abstract,PMC10614064,https://pubmed.ncbi.nlm.nih.gov/37889065/,https://pmc.ncbi.nlm.nih.gov/articles/PMC10614064/,https://doi.org/10.21873/cgp.20405,pmc_open_access,pmc,oa_pdf_downloaded,papers/fulltext/inventory/oa/pmid-37889065.url,papers/fulltext/inventory/oa/pmid-37889065.pdf,no,
pi-backlog,pmid-37886564,37886564,10.21203/rs.3.rs-3390128/v1,2023,Transcriptomic Analysis Pipeline (TAP) for quality control and functional assessment of transcriptomes.,UCLA-Persistent-BSI,Scott Filler,high,low,explicit cross-virus or shared-host framing in title/abstract,PMC10602190,https://pubmed.ncbi.nlm.nih.gov/37886564/,https://pmc.ncbi.nlm.nih.gov/articles/PMC10602190/,https://doi.org/10.21203/rs.3.rs-3390128/v1,pmc_open_access,pmc,oa_pdf_downloaded,papers/fulltext/inventory/oa/pmid-37886564.url,papers/fulltext/inventory/oa/pmid-37886564.pdf,no,
pi-backlog,pmid-37693943,37693943,10.1016/j.omtm.2023.08.015,2023,Modifying immune responses to adeno-associated virus vectors by capsid engineering.,HPMI,Melanie Ott,candidate,medium,"viral context plus mechanism/resource terms: virus, interaction",PMC10485635,https://pubmed.ncbi.nlm.nih.gov/37693943/,https://pmc.ncbi.nlm.nih.gov/articles/PMC10485635/,https://doi.org/10.1016/j.omtm.2023.08.015,pmc_open_access,pmc,oa_pdf_downloaded,papers/fulltext/inventory/oa/pmid-37693943.url,papers/fulltext/inventory/oa/pmid-37693943.pdf,no,
pi-backlog,pmid-37400148,37400148,10.21873/cgp.20388,2023,Genetic Pathways in Peritoneal Mesothelioma Tumorigenesis.,CViSB,Kristian Andersen,high,medium,explicit cross-virus or shared-host framing in title/abstract,PMC10320557,https://pubmed.ncbi.nlm.nih.gov/37400148/,https://pmc.ncbi.nlm.nih.gov/articles/PMC10320557/,https://doi.org/10.21873/cgp.20388,pmc_open_access,pmc,oa_pdf_downloaded,papers/fulltext/inventory/oa/pmid-37400148.url,papers/fulltext/inventory/oa/pmid-37400148.pdf,no,
pi-backlog,pmid-37400142,37400142,10.21873/cgp.20387,2023,Acute Undifferentiated Leukemia With a Balanced t(5;10)(q35;p12) Resulting in Fusion of HNRNPH1 With MLLT10.,CViSB,Kristian Andersen,high,low,explicit cross-virus or shared-host framing in title/abstract,PMC10320562,https://pubmed.ncbi.nlm.nih.gov/37400142/,https://pmc.ncbi.nlm.nih.gov/articles/PMC10320562/,https://doi.org/10.21873/cgp.20387,pmc_open_access,pmc,oa_pdf_downloaded,papers/fulltext/inventory/oa/pmid-37400142.url,papers/fulltext/inventory/oa/pmid-37400142.pdf,no,
pi-backlog,pmid-37289427,37289427,10.2807/1560-7917.ES.2023.28.23.2200740,2023,"Establishing severe acute respiratory infection (SARI) surveillance in a sentinel hospital, Ireland, 2021 to 2022.",CViSB,Ryan McNamara,candidate,medium,"viral context plus mechanism/resource terms: virus, viral, influenza, sars, rsv, network",PMC10318943,https://pubmed.ncbi.nlm.nih.gov/37289427/,https://pmc.ncbi.nlm.nih.gov/articles/PMC10318943/,https://doi.org/10.2807/1560-7917.ES.2023.28.23.2200740,pmc_open_access,pmc,oa_pdf_downloaded,papers/fulltext/inventory/oa/pmid-37289427.url,papers/fulltext/inventory/oa/pmid-37289427.pdf,no,
pi-backlog,pmid-37025664,37025664,10.1039/d3ra00426k,2023,A covalent inhibitor targeting the papain-like protease from SARS-CoV-2 inhibits viral replication.,HPMI,Melanie Ott,candidate,medium,"viral context plus mechanism/resource terms: viral, sars, screen",PMC10072198,https://pubmed.ncbi.nlm.nih.gov/37025664/,https://pmc.ncbi.nlm.nih.gov/articles/PMC10072198/,https://doi.org/10.1039/d3ra00426k,pmc_open_access,pmc,oa_pdf_downloaded,papers/fulltext/inventory/oa/pmid-37025664.url,papers/fulltext/inventory/oa/pmid-37025664.pdf,no,
pi-backlog,pmid-36897778,36897778,10.1016/j.celrep.2023.112234,2023,The lysine methyltransferase SMYD5 amplifies HIV-1 transcription and is post-transcriptionally upregulated by Tat and USP11.,HPMI,Melanie Ott,candidate,medium,"viral context plus mechanism/resource terms: viral, hiv, host factor",PMC10124996,https://pubmed.ncbi.nlm.nih.gov/36897778/,https://pmc.ncbi.nlm.nih.gov/articles/PMC10124996/,https://doi.org/10.1016/j.celrep.2023.112234,pmc_open_access,pmc,oa_pdf_downloaded,papers/fulltext/inventory/oa/pmid-36897778.url,papers/fulltext/inventory/oa/pmid-36897778.pdf,no,
pi-backlog,pmid-36832096,36832096,10.3390/diagnostics13040608,2023,Comparative Study of the Impact of Human Leukocyte Antigens on Renal Transplant Survival in Andalusia and the United States.,SYBIL,Rafael Medina,high,low,explicit cross-virus or shared-host framing in title/abstract,PMC9954912,https://pubmed.ncbi.nlm.nih.gov/36832096/,https://pmc.ncbi.nlm.nih.gov/articles/PMC9954912/,https://doi.org/10.3390/diagnostics13040608,pmc_open_access,pmc,oa_pdf_downloaded,papers/fulltext/inventory/oa/pmid-36832096.url,papers/fulltext/inventory/oa/pmid-36832096.pdf,no,
pi-backlog,pmid-36827975,36827975,10.1016/j.stemcr.2023.01.011,2023,"SARS-CoV-2 infection of airway organoids reveals conserved use of Tetraspanin-8 by Ancestral, Delta, and Omicron variants.",HPMI,Melanie Ott,candidate,medium,"viral context plus mechanism/resource terms: viral, coronavirus, sars, interaction",PMC9948283,https://pubmed.ncbi.nlm.nih.gov/36827975/,https://pmc.ncbi.nlm.nih.gov/articles/PMC9948283/,https://doi.org/10.1016/j.stemcr.2023.01.011,pmc_open_access,pmc,oa_pdf_downloaded,papers/fulltext/inventory/oa/pmid-36827975.url,papers/fulltext/inventory/oa/pmid-36827975.pdf,no,
pi-backlog,pmid-36581344,36581344,10.21873/cgp.20364,2023,Novel MYCBP::EHD2 and RUNX1::ZNF780A Fusion Genes in T-cell Acute Lymphoblastic Leukemia.,CViSB,Kristian Andersen,high,low,explicit cross-virus or shared-host framing in title/abstract,PMC9806666,https://pubmed.ncbi.nlm.nih.gov/36581344/,https://pmc.ncbi.nlm.nih.gov/articles/PMC9806666/,https://doi.org/10.21873/cgp.20364,pmc_open_access,pmc,oa_pdf_downloaded,papers/fulltext/inventory/oa/pmid-36581344.url,papers/fulltext/inventory/oa/pmid-36581344.pdf,no,
pi-backlog,pmid-36241425,36241425,10.26508/lsa.202201449,2023,Low expression of EXOSC2 protects against clinical COVID-19 and impedes SARS-CoV-2 replication.,HPMI,Nevan Krogan,candidate,medium,"viral context plus mechanism/resource terms: virus, viral, sars, interaction",PMC9585911,https://pubmed.ncbi.nlm.nih.gov/36241425/,https://pmc.ncbi.nlm.nih.gov/articles/PMC9585911/,https://doi.org/10.26508/lsa.202201449,pmc_open_access,pmc,oa_pdf_downloaded,papers/fulltext/inventory/oa/pmid-36241425.url,papers/fulltext/inventory/oa/pmid-36241425.pdf,no,
pi-backlog,pmid-35976053,35976053,10.1002/hep.32733,2023,Adeno-associated virus serotype 2 capsid variants for improved liver-directed gene therapy.,HPMI,Melanie Ott,candidate,medium,"viral context plus mechanism/resource terms: virus, screen",PMC9936986,https://pubmed.ncbi.nlm.nih.gov/35976053/,https://pmc.ncbi.nlm.nih.gov/articles/PMC9936986/,https://doi.org/10.1002/hep.32733,pmc_open_access,pmc,oa_pdf_downloaded,papers/fulltext/inventory/oa/pmid-35976053.url,papers/fulltext/inventory/oa/pmid-35976053.pdf,no,
hpmi,pmid-38045338,38045338,10.1101/2023.11.22.568361,2023,Assembly reactions of SARS-CoV-2 nucleocapsid protein with nucleic acid.,HPMI,,candidate,medium,candidate relevance plus virus/pathogen/assay support,PMC10690241,https://pubmed.ncbi.nlm.nih.gov/38045338/,https://pmc.ncbi.nlm.nih.gov/articles/PMC10690241/,https://doi.org/10.1101/2023.11.22.568361,pmc_open_access,pmc,oa_pdf_downloaded,papers/fulltext/inventory/oa/pmid-38045338.url,papers/fulltext/inventory/oa/pmid-38045338.pdf,no,
hpmi,pmid-37857833,37857833,10.1038/s41556-023-01248-z,2023,A Legionella toxin exhibits tRNA mimicry and glycosyl transferase activity to target the translation machinery and trigger a ribotoxic stress response.,HPMI,,candidate,low,candidate relevance plus virus/pathogen/assay support,PMC11005034,https://pubmed.ncbi.nlm.nih.gov/37857833/,https://pmc.ncbi.nlm.nih.gov/articles/PMC11005034/,https://doi.org/10.1038/s41556-023-01248-z,pmc_open_access,pmc,oa_pdf_downloaded,papers/fulltext/inventory/oa/pmid-37857833.url,papers/fulltext/inventory/oa/pmid-37857833.pdf,no,
hpmi,pmid-37758692,37758692,10.1038/s41467-023-41442-z,2023,Proteomic and genetic analyses of influenza A viruses identify pan-viral host targets.,HPMI,,high,medium,explicit cross-virus/shared-host signal,PMC10533562,https://pubmed.ncbi.nlm.nih.gov/37758692/,https://pmc.ncbi.nlm.nih.gov/articles/PMC10533562/,https://doi.org/10.1038/s41467-023-41442-z,pmc_open_access,pmc,oa_pdf_downloaded,papers/fulltext/inventory/oa/pmid-37758692.url,papers/fulltext/inventory/oa/pmid-37758692.pdf,no,
hpmi,pmid-37738983,37738983,10.1016/j.chom.2023.08.003,2023,Impact of SARS-CoV-2 ORF6 and its variant polymorphisms on host responses and viral pathogenesis.,HPMI,,candidate,medium,candidate relevance plus virus/pathogen/assay support,PMC10750313,https://pubmed.ncbi.nlm.nih.gov/37738983/,https://pmc.ncbi.nlm.nih.gov/articles/PMC10750313/,https://doi.org/10.1016/j.chom.2023.08.003,pmc_open_access,pmc,oa_pdf_downloaded,papers/fulltext/inventory/oa/pmid-37738983.url,papers/fulltext/inventory/oa/pmid-37738983.pdf,no,
hpmi,pmid-37738970,37738970,10.1016/j.cell.2023.08.026,2023,SARS-CoV-2 variants evolve convergent strategies to remodel the host response.,HPMI,,candidate,medium,candidate relevance plus virus/pathogen/assay support,PMC10604369,https://pubmed.ncbi.nlm.nih.gov/37738970/,https://pmc.ncbi.nlm.nih.gov/articles/PMC10604369/,https://doi.org/10.1016/j.cell.2023.08.026,pmc_open_access,pmc,oa_pdf_downloaded,papers/fulltext/inventory/oa/pmid-37738970.url,papers/fulltext/inventory/oa/pmid-37738970.pdf,no,
hpmi,pmid-37651466,37651466,10.1371/journal.ppat.1011614,2023,A single inactivating amino acid change in the SARS-CoV-2 NSP3 Mac1 domain attenuates viral replication in vivo.,HPMI,,candidate,medium,candidate relevance plus virus/pathogen/assay support,PMC10499221,https://pubmed.ncbi.nlm.nih.gov/37651466/,https://pmc.ncbi.nlm.nih.gov/articles/PMC10499221/,https://doi.org/10.1371/journal.ppat.1011614,pmc_open_access,pmc,oa_pdf_downloaded,papers/fulltext/inventory/oa/pmid-37651466.url,papers/fulltext/inventory/oa/pmid-37651466.pdf,no,
hpmi,pmid-37577546,37577546,10.1101/2023.08.03.551750,2023,Cross-family small GTPase ubiquitination by the intracellular pathogen Legionella pneumophila.,HPMI,,candidate,low,candidate relevance plus virus/pathogen/assay support,PMC10418220,https://pubmed.ncbi.nlm.nih.gov/37577546/,https://pmc.ncbi.nlm.nih.gov/articles/PMC10418220/,https://doi.org/10.1101/2023.08.03.551750,pmc_open_access,pmc,oa_pdf_downloaded,papers/fulltext/inventory/oa/pmid-37577546.url,papers/fulltext/inventory/oa/pmid-37577546.pdf,no,
hpmi,pmid-37352334,37352334,10.1371/journal.ppat.1011088,2023,"Deficiency in Galectin-3, -8, and -9 impairs immunity to chronic Mycobacterium tuberculosis infection but not acute infection with multiple intracellular pathogens.",HPMI,,candidate,medium,candidate relevance plus virus/pathogen/assay support,PMC10325092,https://pubmed.ncbi.nlm.nih.gov/37352334/,https://pmc.ncbi.nlm.nih.gov/articles/PMC10325092/,https://doi.org/10.1371/journal.ppat.1011088,pmc_open_access,pmc,oa_pdf_downloaded,papers/fulltext/inventory/oa/pmid-37352334.url,papers/fulltext/inventory/oa/pmid-37352334.pdf,no,
hpmi,pmid-37037941,37037941,10.1038/s41564-023-01354-6,2023,Autophagy restricts Mycobacterium tuberculosis during acute infection in mice.,HPMI,,candidate,medium,candidate relevance plus virus/pathogen/assay support,PMC11027733,https://pubmed.ncbi.nlm.nih.gov/37037941/,https://pmc.ncbi.nlm.nih.gov/articles/PMC11027733/,https://doi.org/10.1038/s41564-023-01354-6,pmc_open_access,pmc,oa_pdf_downloaded,papers/fulltext/inventory/oa/pmid-37037941.url,papers/fulltext/inventory/oa/pmid-37037941.pdf,no,
hpmi,pmid-36782050,36782050,10.1038/s41594-022-00918-0,2023,Structure and dynamics of the essential endogenous mycobacterial polyketide synthase Pks13.,HPMI,,candidate,medium,candidate relevance plus virus/pathogen/assay support,PMC10312659,https://pubmed.ncbi.nlm.nih.gov/36782050/,https://pmc.ncbi.nlm.nih.gov/articles/PMC10312659/,https://doi.org/10.1038/s41594-022-00918-0,pmc_open_access,pmc,oa_pdf_downloaded,papers/fulltext/inventory/oa/pmid-36782050.url,papers/fulltext/inventory/oa/pmid-36782050.pdf,no,
hpmi,pmid-35298864,35298864,10.1111/febs.16435,2023,Integrative structure determination of histones H3 and H4 using genetic interactions.,HPMI,,candidate,medium,candidate relevance plus virus/pathogen/assay support,PMC9481981,https://pubmed.ncbi.nlm.nih.gov/35298864/,https://pmc.ncbi.nlm.nih.gov/articles/PMC9481981/,https://doi.org/10.1111/febs.16435,pmc_open_access,pmc,oa_pdf_downloaded,papers/fulltext/inventory/oa/pmid-35298864.url,papers/fulltext/inventory/oa/pmid-35298864.pdf,no,
current-program,pmid-38168164,38168164,10.21203/rs.3.rs-3712859/v1,2023,Altered RSV Epidemiology and Genetic Diversity Following the COVID-19 Pandemic.,,,candidate,medium,candidate relevance plus virus/pathogen/assay support,PMC10760306,https://pubmed.ncbi.nlm.nih.gov/38168164/,https://pmc.ncbi.nlm.nih.gov/articles/PMC10760306/,https://doi.org/10.21203/rs.3.rs-3712859/v1,pmc_open_access,pmc,oa_pdf_downloaded,papers/fulltext/inventory/oa/pmid-38168164.url,papers/fulltext/inventory/oa/pmid-38168164.pdf,no,
current-program,pmid-38076988,38076988,10.1101/2023.11.29.568904,2023,AMP-activated protein kinase is necessary for Treg cell functional adaptation to microenvironmental stress.,,,candidate,medium,candidate relevance plus virus/pathogen/assay support,PMC10705412,https://pubmed.ncbi.nlm.nih.gov/38076988/,https://pmc.ncbi.nlm.nih.gov/articles/PMC10705412/,https://doi.org/10.1101/2023.11.29.568904,pmc_open_access,pmc,oa_pdf_downloaded,papers/fulltext/inventory/oa/pmid-38076988.url,papers/fulltext/inventory/oa/pmid-38076988.pdf,no,
current-program,pmid-37995357,37995357,10.1093/jac/dkad309,2023,SARS-CoV-2 genomics and impact on clinical care for COVID-19.,,,candidate,medium,candidate relevance plus virus/pathogen/assay support,PMC10667012,https://pubmed.ncbi.nlm.nih.gov/37995357/,https://pmc.ncbi.nlm.nih.gov/articles/PMC10667012/,https://doi.org/10.1093/jac/dkad309,pmc_open_access,pmc,oa_pdf_downloaded,papers/fulltext/inventory/oa/pmid-37995357.url,papers/fulltext/inventory/oa/pmid-37995357.pdf,no,
current-program,pmid-37961423,37961423,10.1101/2023.10.31.564882,2023,Scalable gradients enable Hamiltonian Monte Carlo sampling for phylodynamic inference under episodic birth-death-sampling models.,,,candidate,medium,candidate relevance plus virus/pathogen/assay support,PMC10634968,https://pubmed.ncbi.nlm.nih.gov/37961423/,https://pmc.ncbi.nlm.nih.gov/articles/PMC10634968/,https://doi.org/10.1101/2023.10.31.564882,pmc_open_access,pmc,oa_pdf_downloaded,papers/fulltext/inventory/oa/pmid-37961423.url,papers/fulltext/inventory/oa/pmid-37961423.pdf,no,
current-program,pmid-37950885,37950885,10.1093/molbev/msad242,2023,Shrinkage-based Random Local Clocks with Scalable Inference.,,,candidate,medium,candidate relevance plus virus/pathogen/assay support,PMC10665039,https://pubmed.ncbi.nlm.nih.gov/37950885/,https://pmc.ncbi.nlm.nih.gov/articles/PMC10665039/,https://doi.org/10.1093/molbev/msad242,pmc_open_access,pmc,oa_pdf_downloaded,papers/fulltext/inventory/oa/pmid-37950885.url,papers/fulltext/inventory/oa/pmid-37950885.pdf,no,
current-program,pmid-37901225,37901225,10.3389/fimmu.2023.1251120,2023,Hypercapnia increases ACE2 expression and pseudo-SARS-CoV-2 entry in bronchial epithelial cells by augmenting cellular cholesterol.,,,candidate,medium,candidate relevance plus virus/pathogen/assay support,PMC10600497,https://pubmed.ncbi.nlm.nih.gov/37901225/,https://pmc.ncbi.nlm.nih.gov/articles/PMC10600497/,https://doi.org/10.3389/fimmu.2023.1251120,pmc_open_access,pmc,oa_pdf_downloaded,papers/fulltext/inventory/oa/pmid-37901225.url,papers/fulltext/inventory/oa/pmid-37901225.pdf,no,
current-program,pmid-37891657,37891657,10.1186/s12985-023-02186-w,2023,Resurgence of SARS-CoV-2 Delta after Omicron variant superinfection in an immunocompromised pediatric patient.,,,candidate,medium,candidate relevance plus virus/pathogen/assay support,PMC10604949,https://pubmed.ncbi.nlm.nih.gov/37891657/,https://pmc.ncbi.nlm.nih.gov/articles/PMC10604949/,https://doi.org/10.1186/s12985-023-02186-w,pmc_open_access,pmc,oa_pdf_downloaded,papers/fulltext/inventory/oa/pmid-37891657.url,papers/fulltext/inventory/oa/pmid-37891657.pdf,no,
current-program,pmid-37790412,37790412,10.21203/rs.3.rs-3220157/v1,2023,SARS-CoV-2 Bottlenecks and Tissue-Specific Adaptation in the Central Nervous System.,,,candidate,medium,candidate relevance plus virus/pathogen/assay support,PMC10543031,https://pubmed.ncbi.nlm.nih.gov/37790412/,https://pmc.ncbi.nlm.nih.gov/articles/PMC10543031/,https://doi.org/10.21203/rs.3.rs-3220157/v1,pmc_open_access,pmc,oa_pdf_downloaded,papers/fulltext/inventory/oa/pmid-37790412.url,papers/fulltext/inventory/oa/pmid-37790412.pdf,no,
current-program,pmid-37745602,37745602,10.1101/2023.09.13.557637,2023,Genetic tracing of market wildlife and viruses at the epicenter of the COVID-19 pandemic.,CViSB,Robert Garry;Kristian Andersen,candidate,medium,candidate relevance plus virus/pathogen/assay support,PMC10515900,https://pubmed.ncbi.nlm.nih.gov/37745602/,https://pmc.ncbi.nlm.nih.gov/articles/PMC10515900/,https://doi.org/10.1101/2023.09.13.557637,pmc_open_access,pmc,oa_pdf_downloaded,papers/fulltext/inventory/oa/pmid-37745602.url,papers/fulltext/inventory/oa/pmid-37745602.pdf,no,
current-program,pmid-37720034,37720034,10.21203/rs.3.rs-3246773/v1,2023,Live imaging of the airway epithelium reveals that mucociliary clearance modulates SARS-CoV-2 spread.,SYBIL,Sumit Chanda,candidate,medium,candidate relevance plus virus/pathogen/assay support,PMC10503848,https://pubmed.ncbi.nlm.nih.gov/37720034/,https://pmc.ncbi.nlm.nih.gov/articles/PMC10503848/,https://doi.org/10.21203/rs.3.rs-3246773/v1,pmc_open_access,pmc,oa_pdf_downloaded,papers/fulltext/inventory/oa/pmid-37720034.url,papers/fulltext/inventory/oa/pmid-37720034.pdf,no,
current-program,pmid-37672567,37672567,10.1126/scitranslmed.adf6598,2023,Humoral immunity to an endemic coronavirus is associated with postacute sequelae of COVID-19 in individuals with rheumatic diseases.,,,candidate,medium,candidate relevance plus virus/pathogen/assay support,PMC10764151,https://pubmed.ncbi.nlm.nih.gov/37672567/,https://pmc.ncbi.nlm.nih.gov/articles/PMC10764151/,https://doi.org/10.1126/scitranslmed.adf6598,pmc_open_access,pmc,oa_pdf_downloaded,papers/fulltext/inventory/oa/pmid-37672567.url,papers/fulltext/inventory/oa/pmid-37672567.pdf,no,
current-program,pmid-37639445,37639445,10.1371/journal.pcbi.1011419,2023,Accelerating Bayesian inference of dependency between mixed-type biological traits.,,,candidate,medium,candidate relevance plus virus/pathogen/assay support,PMC10491301,https://pubmed.ncbi.nlm.nih.gov/37639445/,https://pmc.ncbi.nlm.nih.gov/articles/PMC10491301/,https://doi.org/10.1371/journal.pcbi.1011419,pmc_open_access,pmc,oa_pdf_downloaded,papers/fulltext/inventory/oa/pmid-37639445.url,papers/fulltext/inventory/oa/pmid-37639445.pdf,no,
current-program,pmid-37620306,37620306,10.1038/s41467-023-40699-8,2023,Antibody-mediated NK cell activation as a correlate of immunity against influenza infection.,,,candidate,medium,candidate relevance plus virus/pathogen/assay support,PMC10449820,https://pubmed.ncbi.nlm.nih.gov/37620306/,https://pmc.ncbi.nlm.nih.gov/articles/PMC10449820/,https://doi.org/10.1038/s41467-023-40699-8,pmc_open_access,pmc,oa_pdf_downloaded,papers/fulltext/inventory/oa/pmid-37620306.url,papers/fulltext/inventory/oa/pmid-37620306.pdf,no,
current-program,pmid-37535402,37535402,10.1128/mbio.00902-23,2023,Anamnestic humoral correlates of immunity across SARS-CoV-2 variants of concern.,CViSB,Ryan McNamara,candidate,medium,candidate relevance plus virus/pathogen/assay support,PMC10470538,https://pubmed.ncbi.nlm.nih.gov/37535402/,https://pmc.ncbi.nlm.nih.gov/articles/PMC10470538/,https://doi.org/10.1128/mbio.00902-23,pmc_open_access,pmc,oa_pdf_downloaded,papers/fulltext/inventory/oa/pmid-37535402.url,papers/fulltext/inventory/oa/pmid-37535402.pdf,no,
current-program,pmid-37502985,37502985,10.1101/2023.07.12.548617,2023,The recency and geographical origins of the bat viruses ancestral to SARS-CoV and SARS-CoV-2.,,,candidate,medium,candidate relevance plus virus/pathogen/assay support,PMC10369958,https://pubmed.ncbi.nlm.nih.gov/37502985/,https://pmc.ncbi.nlm.nih.gov/articles/PMC10369958/,https://doi.org/10.1101/2023.07.12.548617,pmc_open_access,pmc,oa_pdf_downloaded,papers/fulltext/inventory/oa/pmid-37502985.url,papers/fulltext/inventory/oa/pmid-37502985.pdf,no,
current-program,pmid-37443074,37443074,10.1038/s41467-023-39189-8,2023,Waning and boosting of antibody Fc-effector functions upon SARS-CoV-2 vaccination.,SYBIL,Ryan McNamara;Rafael Medina,candidate,medium,candidate relevance plus virus/pathogen/assay support,PMC10345146,https://pubmed.ncbi.nlm.nih.gov/37443074/,https://pmc.ncbi.nlm.nih.gov/articles/PMC10345146/,https://doi.org/10.1038/s41467-023-39189-8,pmc_open_access,pmc,oa_pdf_downloaded,papers/fulltext/inventory/oa/pmid-37443074.url,papers/fulltext/inventory/oa/pmid-37443074.pdf,no,
current-program,pmid-37384622,37384622,10.1371/journal.ppat.1011416,2023,Antigen pressure from two founder viruses induces multiple insertions at a single antibody position to generate broadly neutralizing HIV antibodies.,,,candidate,medium,candidate relevance plus virus/pathogen/assay support,PMC10309625,https://pubmed.ncbi.nlm.nih.gov/37384622/,https://pmc.ncbi.nlm.nih.gov/articles/PMC10309625/,https://doi.org/10.1371/journal.ppat.1011416,pmc_open_access,pmc,oa_pdf_downloaded,papers/fulltext/inventory/oa/pmid-37384622.url,papers/fulltext/inventory/oa/pmid-37384622.pdf,no,
current-program,pmid-37252360,37252360,10.1021/acscentsci.2c01471,2023,Lectin Fingerprinting Distinguishes Antibody Neutralization in SARS-CoV-2.,SCRIPT,Alan Hauser,high,medium,explicit cross-virus/shared-host signal,PMC10214521,https://pubmed.ncbi.nlm.nih.gov/37252360/,https://pmc.ncbi.nlm.nih.gov/articles/PMC10214521/,https://doi.org/10.1021/acscentsci.2c01471,pmc_open_access,pmc,oa_pdf_downloaded,papers/fulltext/inventory/oa/pmid-37252360.url,papers/fulltext/inventory/oa/pmid-37252360.pdf,no,
current-program,pmid-37249415,37249415,10.1002/pbc.30473,2023,Humoral profiling of pediatric patients with cancer reveals robust immunity following anti-SARS-CoV-2 vaccination superior to natural infection.,,,candidate,medium,candidate relevance plus virus/pathogen/assay support,PMC10321888,https://pubmed.ncbi.nlm.nih.gov/37249415/,https://pmc.ncbi.nlm.nih.gov/articles/PMC10321888/,https://doi.org/10.1002/pbc.30473,pmc_open_access,pmc,oa_pdf_downloaded,papers/fulltext/inventory/oa/pmid-37249415.url,papers/fulltext/inventory/oa/pmid-37249415.pdf,no,
current-program,pmid-37191546,37191546,10.1128/spectrum.00324-23,2023,Serodominant SARS-CoV-2 Nucleocapsid Peptides Map to Unstructured Protein Regions.,,,candidate,medium,candidate relevance plus virus/pathogen/assay support,PMC10269789,https://pubmed.ncbi.nlm.nih.gov/37191546/,https://pmc.ncbi.nlm.nih.gov/articles/PMC10269789/,https://doi.org/10.1128/spectrum.00324-23,pmc_open_access,pmc,oa_pdf_downloaded,papers/fulltext/inventory/oa/pmid-37191546.url,papers/fulltext/inventory/oa/pmid-37191546.pdf,no,
current-program,pmid-37161609,37161609,10.1093/brain/awad155,2023,Neurologic sequelae of COVID-19 are determined by immunologic imprinting from previous coronaviruses.,,,candidate,medium,candidate relevance plus virus/pathogen/assay support,PMC11004923,https://pubmed.ncbi.nlm.nih.gov/37161609/,https://pmc.ncbi.nlm.nih.gov/articles/PMC11004923/,https://doi.org/10.1093/brain/awad155,pmc_open_access,pmc,oa_pdf_downloaded,papers/fulltext/inventory/oa/pmid-37161609.url,papers/fulltext/inventory/oa/pmid-37161609.pdf,no,
current-program,pmid-37034676,37034676,10.1101/2023.03.28.534602,2023,Deep repertoire mining uncovers ultra-broad coronavirus neutralizing antibodies targeting multiple spike epitopes.,,,candidate,medium,candidate relevance plus virus/pathogen/assay support,PMC10081229,https://pubmed.ncbi.nlm.nih.gov/37034676/,https://pmc.ncbi.nlm.nih.gov/articles/PMC10081229/,https://doi.org/10.1101/2023.03.28.534602,pmc_open_access,pmc,oa_pdf_downloaded,papers/fulltext/inventory/oa/pmid-37034676.url,papers/fulltext/inventory/oa/pmid-37034676.pdf,no,
current-program,pmid-37000623,37000623,10.1016/j.celrep.2023.112326,2023,Fc-mediated pan-sarbecovirus protection after alphavirus vector vaccination.,CViSB,Ryan McNamara,high,medium,explicit cross-virus/shared-host signal,PMC10063157,https://pubmed.ncbi.nlm.nih.gov/37000623/,https://pmc.ncbi.nlm.nih.gov/articles/PMC10063157/,https://doi.org/10.1016/j.celrep.2023.112326,pmc_open_access,pmc,oa_pdf_downloaded,papers/fulltext/inventory/oa/pmid-37000623.url,papers/fulltext/inventory/oa/pmid-37000623.pdf,no,
current-program,pmid-36823332,36823332,10.1038/s41592-023-01769-3,2023,Outbreak.info genomic reports: scalable and dynamic surveillance of SARS-CoV-2 variants and mutations.,CViSB,Kristian Andersen,candidate,medium,candidate relevance plus virus/pathogen/assay support,PMC10399614,https://pubmed.ncbi.nlm.nih.gov/36823332/,https://pmc.ncbi.nlm.nih.gov/articles/PMC10399614/,https://doi.org/10.1038/s41592-023-01769-3,pmc_open_access,pmc,oa_pdf_downloaded,papers/fulltext/inventory/oa/pmid-36823332.url,papers/fulltext/inventory/oa/pmid-36823332.pdf,no,
current-program,pmid-36472425,36472425,10.1128/aac.01023-22,2023,Machine Learning To Stratify Methicillin-Resistant Staphylococcus aureus Risk among Hospitalized Patients with Community-Acquired Pneumonia.,SCRIPT,Richard Wunderink,high,low,explicit cross-virus/shared-host signal,PMC9872682,https://pubmed.ncbi.nlm.nih.gov/36472425/,https://pmc.ncbi.nlm.nih.gov/articles/PMC9872682/,https://doi.org/10.1128/aac.01023-22,pmc_open_access,pmc,oa_pdf_downloaded,papers/fulltext/inventory/oa/pmid-36472425.url,papers/fulltext/inventory/oa/pmid-36472425.pdf,no,
pi-backlog,pmid-38046840,38046840,10.51893/2022.1.OA5,2022,"The Monitoring with Advanced Sensors, Transmission and E-Resuscitation in Traumatic Brain Injury (MASTER-TBI) collaborative: bringing data science to the ICU bedside.",CViSB,Ryan McNamara,high,low,explicit cross-virus or shared-host framing in title/abstract,PMC10692591,https://pubmed.ncbi.nlm.nih.gov/38046840/,https://pmc.ncbi.nlm.nih.gov/articles/PMC10692591/,https://doi.org/10.51893/2022.1.OA5,pmc_open_access,pmc,oa_pdf_downloaded,papers/fulltext/inventory/oa/pmid-38046840.url,papers/fulltext/inventory/oa/pmid-38046840.pdf,no,
pi-backlog,pmid-36532738,36532738,10.3389/fphar.2022.1029093,2022,Inhibition of coronavirus HCoV-OC43 by targeting the eIF4F complex.,SYBIL,Sumit Chanda,candidate,medium,"viral context plus mechanism/resource terms: coronavirus, screen",PMC9751428,https://pubmed.ncbi.nlm.nih.gov/36532738/,https://pmc.ncbi.nlm.nih.gov/articles/PMC9751428/,https://doi.org/10.3389/fphar.2022.1029093,pmc_open_access,pmc,oa_pdf_downloaded,papers/fulltext/inventory/oa/pmid-36532738.url,papers/fulltext/inventory/oa/pmid-36532738.pdf,no,
pi-backlog,pmid-36519174,36519174,10.3389/fmicb.2022.1068328,2022,Interaction between chicken TRIM25 and MDA5 and their role in mediated antiviral activity against IBDV infection.,SYBIL,Adolfo Garcia-Sastre,candidate,medium,"viral context plus mechanism/resource terms: virus, viral, pathway, interaction",PMC9742432,https://pubmed.ncbi.nlm.nih.gov/36519174/,https://pmc.ncbi.nlm.nih.gov/articles/PMC9742432/,https://doi.org/10.3389/fmicb.2022.1068328,pmc_open_access,pmc,oa_pdf_downloaded,papers/fulltext/inventory/oa/pmid-36519174.url,papers/fulltext/inventory/oa/pmid-36519174.pdf,no,
pi-backlog,pmid-36496417,36496417,10.1038/s41541-022-00583-w,2022,Transcriptome signatures preceding the induction of anti-stalk antibodies elicited after universal influenza vaccination.,SYBIL,Adolfo Garcia-Sastre,candidate,medium,"viral context plus mechanism/resource terms: virus, influenza, transcriptome",PMC9741632,https://pubmed.ncbi.nlm.nih.gov/36496417/,https://pmc.ncbi.nlm.nih.gov/articles/PMC9741632/,https://doi.org/10.1038/s41541-022-00583-w,pmc_open_access,pmc,oa_pdf_downloaded,papers/fulltext/inventory/oa/pmid-36496417.url,papers/fulltext/inventory/oa/pmid-36496417.pdf,no,
pi-backlog,pmid-36299428,36299428,10.1101/2022.10.18.512708,2022,Impact of SARS-CoV-2 ORF6 and its variant polymorphisms on host responses and viral pathogenesis.,SYBIL,Adolfo Garcia-Sastre,candidate,medium,"viral context plus mechanism/resource terms: viral, sars, pathway, interaction",PMC9603824,https://pubmed.ncbi.nlm.nih.gov/36299428/,https://pmc.ncbi.nlm.nih.gov/articles/PMC9603824/,https://doi.org/10.1101/2022.10.18.512708,pmc_open_access,pmc,oa_pdf_downloaded,papers/fulltext/inventory/oa/pmid-36299428.url,papers/fulltext/inventory/oa/pmid-36299428.pdf,no,
pi-backlog,pmid-36298829,36298829,10.3390/v14102274,2022,Viral Hijacking of BET Proteins.,HPMI,Melanie Ott,candidate,medium,"viral context plus mechanism/resource terms: virus, viral, network",PMC9609653,https://pubmed.ncbi.nlm.nih.gov/36298829/,https://pmc.ncbi.nlm.nih.gov/articles/PMC9609653/,https://doi.org/10.3390/v14102274,pmc_open_access,pmc,oa_pdf_downloaded,papers/fulltext/inventory/oa/pmid-36298829.url,papers/fulltext/inventory/oa/pmid-36298829.pdf,no,
pi-backlog,pmid-36274774,36274774,10.4300/JGME-D-22-00050.1,2022,"""The Most Crushing Thing"": Understanding Resident Assessment Burden in a Competency-Based Curriculum.",HPMI,Melanie Ott,high,low,explicit cross-virus or shared-host framing in title/abstract,PMC9580312,https://pubmed.ncbi.nlm.nih.gov/36274774/,https://pmc.ncbi.nlm.nih.gov/articles/PMC9580312/,https://doi.org/10.4300/JGME-D-22-00050.1,pmc_open_access,pmc,oa_pdf_downloaded,papers/fulltext/inventory/oa/pmid-36274774.url,papers/fulltext/inventory/oa/pmid-36274774.pdf,no,
pi-backlog,pmid-36197970,36197970,10.1126/sciadv.abm5859,2022,"Common and species-specific molecular signatures, networks, and regulators of influenza virus infection in mice, ferrets, and humans.",SYBIL,Adolfo Garcia-Sastre,high,medium,explicit cross-virus or shared-host framing in title/abstract,PMC9534503,https://pubmed.ncbi.nlm.nih.gov/36197970/,https://pmc.ncbi.nlm.nih.gov/articles/PMC9534503/,https://doi.org/10.1126/sciadv.abm5859,pmc_open_access,pmc,oa_pdf_downloaded,papers/fulltext/inventory/oa/pmid-36197970.url,papers/fulltext/inventory/oa/pmid-36197970.pdf,no,
pi-backlog,pmid-36095012,36095012,10.1371/journal.ppat.1010811,2022,SIRT5 is a proviral factor that interacts with SARS-CoV-2 Nsp14 protein.,HPMI,Melanie Ott,candidate,medium,"viral context plus mechanism/resource terms: viral, sars, interactome, interaction",PMC9499238,https://pubmed.ncbi.nlm.nih.gov/36095012/,https://pmc.ncbi.nlm.nih.gov/articles/PMC9499238/,https://doi.org/10.1371/journal.ppat.1010811,pmc_open_access,pmc,oa_pdf_downloaded,papers/fulltext/inventory/oa/pmid-36095012.url,papers/fulltext/inventory/oa/pmid-36095012.pdf,no,
pi-backlog,pmid-36044897,36044897,10.1016/j.medj.2022.08.002,2022,Discovery and intranasal administration of a SARS-CoV-2 broadly acting neutralizing antibody with activity against multiple Omicron subvariants.,SYBIL,Adolfo Garcia-Sastre;Michael Schotsaert,high,medium,explicit cross-virus or shared-host framing in title/abstract,PMC9359501,https://pubmed.ncbi.nlm.nih.gov/36044897/,https://pmc.ncbi.nlm.nih.gov/articles/PMC9359501/,https://doi.org/10.1016/j.medj.2022.08.002,pmc_open_access,pmc,oa_pdf_downloaded,papers/fulltext/inventory/oa/pmid-36044897.url,papers/fulltext/inventory/oa/pmid-36044897.pdf,no,
pi-backlog,pmid-35985686,35985686,10.21873/cgp.20348,2022,A Novel Cryptic t(2;3)(p21;q25) Translocation Fuses the WWTR1 and PRKCE Genes in Uterine Leiomyoma With 3q- as the Sole Visible Chromosome Abnormality.,CViSB,Kristian Andersen,high,low,explicit cross-virus or shared-host framing in title/abstract,PMC9353729,https://pubmed.ncbi.nlm.nih.gov/35985686/,https://pmc.ncbi.nlm.nih.gov/articles/PMC9353729/,https://doi.org/10.21873/cgp.20348,pmc_open_access,pmc,oa_pdf_downloaded,papers/fulltext/inventory/oa/pmid-35985686.url,papers/fulltext/inventory/oa/pmid-35985686.pdf,no,
pi-backlog,pmid-35985635,35985635,10.1016/j.bbagrm.2022.194859,2022,Catching BETs by viruses.,HPMI,Melanie Ott,candidate,medium,"viral context plus mechanism/resource terms: viral, sars, interaction",PMC9381978,https://pubmed.ncbi.nlm.nih.gov/35985635/,https://pmc.ncbi.nlm.nih.gov/articles/PMC9381978/,https://doi.org/10.1016/j.bbagrm.2022.194859,pmc_open_access,pmc,oa_pdf_downloaded,papers/fulltext/inventory/oa/pmid-35985635.url,papers/fulltext/inventory/oa/pmid-35985635.pdf,no,
pi-backlog,pmid-35969644,35969644,10.1371/journal.ppat.1010543,2022,Nonlytic cellular release of hepatitis A virus requires dual capsid recruitment of the ESCRT-associated Bro1 domain proteins HD-PTP and ALIX.,CViSB,Ryan McNamara,candidate,medium,"viral context plus mechanism/resource terms: virus, viral, proteomics",PMC9410543,https://pubmed.ncbi.nlm.nih.gov/35969644/,https://pmc.ncbi.nlm.nih.gov/articles/PMC9410543/,https://doi.org/10.1371/journal.ppat.1010543,pmc_open_access,pmc,oa_pdf_downloaded,papers/fulltext/inventory/oa/pmid-35969644.url,papers/fulltext/inventory/oa/pmid-35969644.pdf,no,
pi-backlog,pmid-35967877,35967877,10.3389/fcimb.2022.960138,2022,eIF5A is activated by virus infection or dsRNA and facilitates virus replication through modulation of interferon production.,SYBIL,Adolfo Garcia-Sastre,high,medium,explicit cross-virus or shared-host framing in title/abstract,PMC9363599,https://pubmed.ncbi.nlm.nih.gov/35967877/,https://pmc.ncbi.nlm.nih.gov/articles/PMC9363599/,https://doi.org/10.3389/fcimb.2022.960138,pmc_open_access,pmc,oa_pdf_downloaded,papers/fulltext/inventory/oa/pmid-35967877.url,papers/fulltext/inventory/oa/pmid-35967877.pdf,no,
pi-backlog,pmid-35867415,35867415,10.1128/spectrum.00921-22,2022,Proteomic Identification of Potential Target Proteins of Cathepsin W for Its Development as a Drug Target for Influenza.,SYBIL,Adolfo Garcia-Sastre,candidate,medium,"viral context plus mechanism/resource terms: virus, viral, influenza, host factor",PMC9431242,https://pubmed.ncbi.nlm.nih.gov/35867415/,https://pmc.ncbi.nlm.nih.gov/articles/PMC9431242/,https://doi.org/10.1128/spectrum.00921-22,pmc_open_access,pmc,oa_pdf_downloaded,papers/fulltext/inventory/oa/pmid-35867415.url,papers/fulltext/inventory/oa/pmid-35867415.pdf,no,
pi-backlog,pmid-35862388,35862388,10.1371/journal.pone.0271061,2022,A preclinical model of post-surgery secondary bone healing for subtrochanteric femoral fracture based on fuzzy interpretations.,SYBIL,Sumit Chanda,high,low,explicit cross-virus or shared-host framing in title/abstract,PMC9302822,https://pubmed.ncbi.nlm.nih.gov/35862388/,https://pmc.ncbi.nlm.nih.gov/articles/PMC9302822/,https://doi.org/10.1371/journal.pone.0271061,pmc_open_access,pmc,oa_pdf_downloaded,papers/fulltext/inventory/oa/pmid-35862388.url,papers/fulltext/inventory/oa/pmid-35862388.pdf,no,
pi-backlog,pmid-35766385,35766385,10.1021/acsinfecdis.2c00008,2022,Sec61 Inhibitor Apratoxin S4 Potently Inhibits SARS-CoV-2 and Exhibits Broad-Spectrum Antiviral Activity.,SYBIL,Adolfo Garcia-Sastre,high,medium,explicit cross-virus or shared-host framing in title/abstract,PMC9260726,https://pubmed.ncbi.nlm.nih.gov/35766385/,https://pmc.ncbi.nlm.nih.gov/articles/PMC9260726/,https://doi.org/10.1021/acsinfecdis.2c00008,pmc_open_access,pmc,oa_pdf_downloaded,papers/fulltext/inventory/oa/pmid-35766385.url,papers/fulltext/inventory/oa/pmid-35766385.pdf,no,
pi-backlog,pmid-35632848,35632848,10.3390/v14051107,2022,"Type I and Type II Interferon Antagonism Strategies Used by Paramyxoviridae: Previous and New Discoveries, in Comparison.",SYBIL,Adolfo Garcia-Sastre,candidate,medium,"viral context plus mechanism/resource terms: viral, pathway",PMC9145045,https://pubmed.ncbi.nlm.nih.gov/35632848/,https://pmc.ncbi.nlm.nih.gov/articles/PMC9145045/,https://doi.org/10.3390/v14051107,pmc_open_access,pmc,oa_pdf_downloaded,papers/fulltext/inventory/oa/pmid-35632848.url,papers/fulltext/inventory/oa/pmid-35632848.pdf,no,
pi-backlog,pmid-35291294,35291294,10.1101/2022.03.06.483172,2022,Low expression of EXOSC2 protects against clinical COVID-19 and impedes SARS-CoV-2 replication.,HPMI,Nevan Krogan,candidate,medium,"viral context plus mechanism/resource terms: virus, viral, sars, interaction",PMC8923113,https://pubmed.ncbi.nlm.nih.gov/35291294/,https://pmc.ncbi.nlm.nih.gov/articles/PMC8923113/,https://doi.org/10.1101/2022.03.06.483172,pmc_open_access,pmc,oa_pdf_downloaded,papers/fulltext/inventory/oa/pmid-35291294.url,papers/fulltext/inventory/oa/pmid-35291294.pdf,no,
pi-backlog,pmid-35215907,35215907,10.3390/v14020314,2022,Human SUMOylation Pathway Is Critical for Influenza B Virus.,SYBIL,Adolfo Garcia-Sastre,candidate,medium,"viral context plus mechanism/resource terms: virus, viral, influenza, pathway, host factor",PMC8876058,https://pubmed.ncbi.nlm.nih.gov/35215907/,https://pmc.ncbi.nlm.nih.gov/articles/PMC8876058/,https://doi.org/10.3390/v14020314,pmc_open_access,pmc,oa_pdf_downloaded,papers/fulltext/inventory/oa/pmid-35215907.url,papers/fulltext/inventory/oa/pmid-35215907.pdf,no,
pi-backlog,pmid-35186917,35186917,10.3389/fcell.2022.768356,2022,Profiling Selective Packaging of Host RNA and Viral RNA Modification in SARS-CoV-2 Viral Preparations.,SYBIL,Adolfo Garcia-Sastre,candidate,medium,"viral context plus mechanism/resource terms: viral, sars, transcriptome",PMC8851031,https://pubmed.ncbi.nlm.nih.gov/35186917/,https://pmc.ncbi.nlm.nih.gov/articles/PMC8851031/,https://doi.org/10.3389/fcell.2022.768356,pmc_open_access,pmc,oa_pdf_downloaded,papers/fulltext/inventory/oa/pmid-35186917.url,papers/fulltext/inventory/oa/pmid-35186917.pdf,no,
pi-backlog,pmid-35128980,35128980,10.1177/01926233211072767,2022,Modeling SARS-CoV-2: Comparative Pathology in Rhesus Macaque and Golden Syrian Hamster Models.,SYBIL,Adolfo Garcia-Sastre;Michael Schotsaert,high,medium,explicit cross-virus or shared-host framing in title/abstract,PMC8819578,https://pubmed.ncbi.nlm.nih.gov/35128980/,https://pmc.ncbi.nlm.nih.gov/articles/PMC8819578/,https://doi.org/10.1177/01926233211072767,pmc_open_access,pmc,oa_pdf_downloaded,papers/fulltext/inventory/oa/pmid-35128980.url,papers/fulltext/inventory/oa/pmid-35128980.pdf,no,
pi-backlog,pmid-35062015,35062015,10.1038/s41586-022-04441-6,2022,SARS-CoV-2 Omicron virus causes attenuated disease in mice and hamsters.,SYBIL,Adolfo Garcia-Sastre;Michael Schotsaert,candidate,medium,"viral context plus mechanism/resource terms: virus, viral, sars, network",PMC8942849,https://pubmed.ncbi.nlm.nih.gov/35062015/,https://pmc.ncbi.nlm.nih.gov/articles/PMC8942849/,https://doi.org/10.1038/s41586-022-04441-6,pmc_open_access,pmc,oa_pdf_downloaded,papers/fulltext/inventory/oa/pmid-35062015.url,papers/fulltext/inventory/oa/pmid-35062015.pdf,no,
pi-backlog,pmid-35036924,35036924,10.1097/CCE.0000000000000615,2022,What Is the Effect of Organ Donation Authorization Rates When Utilizing a Standardized Effective Request Process?,HPMI,Melanie Ott,high,low,explicit cross-virus or shared-host framing in title/abstract,PMC8754178,https://pubmed.ncbi.nlm.nih.gov/35036924/,https://pmc.ncbi.nlm.nih.gov/articles/PMC8754178/,https://doi.org/10.1097/CCE.0000000000000615,pmc_open_access,pmc,oa_pdf_downloaded,papers/fulltext/inventory/oa/pmid-35036924.url,papers/fulltext/inventory/oa/pmid-35036924.pdf,no,
pi-backlog,pmid-35032865,35032865,10.1016/j.virol.2021.12.010,2022,Rift Valley fever virus Gn V5-epitope tagged virus enables identification of UBR4 as a Gn interacting protein that facilitates Rift Valley fever virus production.,SYBIL,Adolfo Garcia-Sastre,candidate,medium,"viral context plus mechanism/resource terms: virus, viral, proteomics",PMC8877469,https://pubmed.ncbi.nlm.nih.gov/35032865/,https://pmc.ncbi.nlm.nih.gov/articles/PMC8877469/,https://doi.org/10.1016/j.virol.2021.12.010,pmc_open_access,pmc,oa_pdf_downloaded,papers/fulltext/inventory/oa/pmid-35032865.url,papers/fulltext/inventory/oa/pmid-35032865.pdf,no,
pi-backlog,pmid-35018374,35018374,10.1101/2022.01.04.474979,2022,SIRT5 is a proviral factor that interacts with SARS-CoV-2 Nsp14 protein.,HPMI,Melanie Ott,candidate,medium,"viral context plus mechanism/resource terms: viral, sars, interactome, interaction",PMC8750649,https://pubmed.ncbi.nlm.nih.gov/35018374/,https://pmc.ncbi.nlm.nih.gov/articles/PMC8750649/,https://doi.org/10.1101/2022.01.04.474979,pmc_open_access,pmc,oa_pdf_downloaded,papers/fulltext/inventory/oa/pmid-35018374.url,papers/fulltext/inventory/oa/pmid-35018374.pdf,no,
hpmi,pmid-36075902,36075902,10.1038/s41467-022-32758-3,2022,Structure-function analysis of enterovirus protease 2A in complex with its essential host factor SETD3.,HPMI,,candidate,medium,candidate relevance plus virus/pathogen/assay support,PMC9453702,https://pubmed.ncbi.nlm.nih.gov/36075902/,https://pmc.ncbi.nlm.nih.gov/articles/PMC9453702/,https://doi.org/10.1038/s41467-022-32758-3,pmc_open_access,pmc,oa_pdf_downloaded,papers/fulltext/inventory/oa/pmid-36075902.url,papers/fulltext/inventory/oa/pmid-36075902.pdf,no,
hpmi,pmid-35982664,35982664,10.1101/2022.08.02.502100,2022,NF-κB inhibitor alpha has a cross-variant role during SARS-CoV-2 infection in ACE2-overexpressing human airway organoids.,HPMI,,candidate,medium,candidate relevance plus virus/pathogen/assay support,PMC9387123,https://pubmed.ncbi.nlm.nih.gov/35982664/,https://pmc.ncbi.nlm.nih.gov/articles/PMC9387123/,https://doi.org/10.1101/2022.08.02.502100,pmc_open_access,pmc,oa_pdf_downloaded,papers/fulltext/inventory/oa/pmid-35982664.url,papers/fulltext/inventory/oa/pmid-35982664.pdf,no,
hpmi,pmid-35877763,35877763,10.1371/journal.ppat.1010721,2022,IFN-γ-independent control of M. tuberculosis requires CD4 T cell-derived GM-CSF and activation of HIF-1α.,HPMI,,candidate,medium,candidate relevance plus virus/pathogen/assay support,PMC9352196,https://pubmed.ncbi.nlm.nih.gov/35877763/,https://pmc.ncbi.nlm.nih.gov/articles/PMC9352196/,https://doi.org/10.1371/journal.ppat.1010721,pmc_open_access,pmc,oa_pdf_downloaded,papers/fulltext/inventory/oa/pmid-35877763.url,papers/fulltext/inventory/oa/pmid-35877763.pdf,no,
hpmi,pmid-35417684,35417684,10.1016/j.celrep.2022.110690,2022,Global post-translational modification profiling of HIV-1-infected cells reveals mechanisms of host cellular pathway remodeling.,HPMI,,candidate,low,candidate relevance plus virus/pathogen/assay support,PMC9429972,https://pubmed.ncbi.nlm.nih.gov/35417684/,https://pmc.ncbi.nlm.nih.gov/articles/PMC9429972/,https://doi.org/10.1016/j.celrep.2022.110690,pmc_open_access,pmc,oa_pdf_downloaded,papers/fulltext/inventory/oa/pmid-35417684.url,papers/fulltext/inventory/oa/pmid-35417684.pdf,no,
hpmi,pmid-35337019,35337019,10.3390/v14030611,2022,A BioID-Derived Proximity Interactome for SARS-CoV-2 Proteins.,HPMI,,candidate,medium,candidate relevance plus virus/pathogen/assay support,PMC8951556,https://pubmed.ncbi.nlm.nih.gov/35337019/,https://pmc.ncbi.nlm.nih.gov/articles/PMC8951556/,https://doi.org/10.3390/v14030611,pmc_open_access,pmc,oa_pdf_downloaded,papers/fulltext/inventory/oa/pmid-35337019.url,papers/fulltext/inventory/oa/pmid-35337019.pdf,no,
hpmi,pmid-35150638,35150638,10.1016/j.chom.2022.01.006,2022,Mutations in SARS-CoV-2 variants of concern link to increased spike cleavage and virus transmission.,HPMI,,candidate,medium,candidate relevance plus virus/pathogen/assay support,PMC8776496,https://pubmed.ncbi.nlm.nih.gov/35150638/,https://pmc.ncbi.nlm.nih.gov/articles/PMC8776496/,https://doi.org/10.1016/j.chom.2022.01.006,pmc_open_access,pmc,oa_pdf_downloaded,papers/fulltext/inventory/oa/pmid-35150638.url,papers/fulltext/inventory/oa/pmid-35150638.pdf,no,
hpmi,pmid-35017099,35017099,10.1016/j.mcpro.2022.100194,2022,Comparative Analysis of T-Cell Spatial Proteomics and the Influence of HIV Expression.,HPMI,,high,medium,explicit cross-virus/shared-host signal,PMC8956815,https://pubmed.ncbi.nlm.nih.gov/35017099/,https://pmc.ncbi.nlm.nih.gov/articles/PMC8956815/,https://doi.org/10.1016/j.mcpro.2022.100194,pmc_open_access,pmc,oa_pdf_downloaded,papers/fulltext/inventory/oa/pmid-35017099.url,papers/fulltext/inventory/oa/pmid-35017099.pdf,no,
hpmi,pmid-35013567,35013567,10.1038/s41576-021-00441-w,2022,From systems to structure - using genetic data to model protein structures.,HPMI,,candidate,low,candidate relevance plus virus/pathogen/assay support,PMC8744059,https://pubmed.ncbi.nlm.nih.gov/35013567/,https://pmc.ncbi.nlm.nih.gov/articles/PMC8744059/,https://doi.org/10.1038/s41576-021-00441-w,pmc_open_access,pmc,oa_pdf_downloaded,papers/fulltext/inventory/oa/pmid-35013567.url,papers/fulltext/inventory/oa/pmid-35013567.pdf,no,
hpmi,pmid-35012962,35012962,10.26508/lsa.202101200,2022,Preclinical and randomized phase I studies of plitidepsin in adults hospitalized with COVID-19.,HPMI,,candidate,medium,candidate relevance plus virus/pathogen/assay support,PMC8761492,https://pubmed.ncbi.nlm.nih.gov/35012962/,https://pmc.ncbi.nlm.nih.gov/articles/PMC8761492/,https://doi.org/10.26508/lsa.202101200,pmc_open_access,pmc,oa_pdf_downloaded,papers/fulltext/inventory/oa/pmid-35012962.url,papers/fulltext/inventory/oa/pmid-35012962.pdf,no,
hpmi,pmid-34942634,34942634,10.1038/s41586-021-04352-y,2022,Evolution of enhanced innate immune evasion by SARS-CoV-2.,HPMI,,candidate,medium,candidate relevance plus virus/pathogen/assay support,PMC8850198,https://pubmed.ncbi.nlm.nih.gov/34942634/,https://pmc.ncbi.nlm.nih.gov/articles/PMC8850198/,https://doi.org/10.1038/s41586-021-04352-y,pmc_open_access,pmc,oa_pdf_downloaded,papers/fulltext/inventory/oa/pmid-34942634.url,papers/fulltext/inventory/oa/pmid-34942634.pdf,no,
current-program,pmid-36523403,36523403,10.1101/2022.12.05.519032,2022,Superiority of intranasal over systemic administration of bioengineered soluble ACE2 for survival and brain protection against SARS-CoV-2 infection.,,,candidate,medium,candidate relevance plus virus/pathogen/assay support,PMC9753780,https://pubmed.ncbi.nlm.nih.gov/36523403/,https://pmc.ncbi.nlm.nih.gov/articles/PMC9753780/,https://doi.org/10.1101/2022.12.05.519032,pmc_open_access,pmc,oa_available_not_downloaded,https://pmc.ncbi.nlm.nih.gov/articles/PMC9753780/,https://pmc.ncbi.nlm.nih.gov/articles/PMC9753780/pdf/,no,
current-program,pmid-36463314,36463314,10.1038/s41541-022-00575-w,2022,BNT162b2 induces robust cross-variant SARS-CoV-2 immunity in children.,,,candidate,medium,candidate relevance plus virus/pathogen/assay support,PMC9719544,https://pubmed.ncbi.nlm.nih.gov/36463314/,https://pmc.ncbi.nlm.nih.gov/articles/PMC9719544/,https://doi.org/10.1038/s41541-022-00575-w,pmc_open_access,pmc,oa_pdf_downloaded,papers/fulltext/inventory/oa/pmid-36463314.url,papers/fulltext/inventory/oa/pmid-36463314.pdf,no,
current-program,pmid-36423141,36423141,10.3390/v14112532,2022,Challenges and Opportunities for Global Genomic Surveillance Strategies in the COVID-19 Era.,,,candidate,medium,candidate relevance plus virus/pathogen/assay support,PMC9698389,https://pubmed.ncbi.nlm.nih.gov/36423141/,https://pmc.ncbi.nlm.nih.gov/articles/PMC9698389/,https://doi.org/10.3390/v14112532,pmc_open_access,pmc,oa_pdf_downloaded,papers/fulltext/inventory/oa/pmid-36423141.url,papers/fulltext/inventory/oa/pmid-36423141.pdf,no,
current-program,pmid-36203557,36203557,10.1101/2022.09.25.22280335,2022,Impact of cross-coronavirus immunity in post-acute sequelae of COVID-19.,,,candidate,medium,candidate relevance plus virus/pathogen/assay support,PMC9536039,https://pubmed.ncbi.nlm.nih.gov/36203557/,https://pmc.ncbi.nlm.nih.gov/articles/PMC9536039/,https://doi.org/10.1101/2022.09.25.22280335,pmc_open_access,pmc,oa_pdf_downloaded,papers/fulltext/inventory/oa/pmid-36203557.url,papers/fulltext/inventory/oa/pmid-36203557.pdf,no,
current-program,pmid-36060555,36060555,10.1080/01621459.2020.1799812,2022,Inferring Phenotypic Trait Evolution on Large Trees With Many Incomplete Measurements.,,,high,low,explicit cross-virus/shared-host signal,PMC9438787,https://pubmed.ncbi.nlm.nih.gov/36060555/,https://pmc.ncbi.nlm.nih.gov/articles/PMC9438787/,https://doi.org/10.1080/01621459.2020.1799812,pmc_open_access,pmc,oa_pdf_downloaded,papers/fulltext/inventory/oa/pmid-36060555.url,papers/fulltext/inventory/oa/pmid-36060555.pdf,no,
current-program,pmid-36000735,36000735,10.1128/mbio.01647-22,2022,Hybrid Immunity Shifts the Fc-Effector Quality of SARS-CoV-2 mRNA Vaccine-Induced Immunity.,,,candidate,medium,candidate relevance plus virus/pathogen/assay support,PMC9600672,https://pubmed.ncbi.nlm.nih.gov/36000735/,https://pmc.ncbi.nlm.nih.gov/articles/PMC9600672/,https://doi.org/10.1128/mbio.01647-22,pmc_open_access,pmc,oa_pdf_downloaded,papers/fulltext/inventory/oa/pmid-36000735.url,papers/fulltext/inventory/oa/pmid-36000735.pdf,no,
current-program,pmid-35973352,35973352,10.1016/j.coi.2022.102234,2022,The next frontier in vaccine design: blending immune correlates of protection into rational vaccine design.,,,candidate,medium,candidate relevance plus virus/pathogen/assay support,PMC9612370,https://pubmed.ncbi.nlm.nih.gov/35973352/,https://pmc.ncbi.nlm.nih.gov/articles/PMC9612370/,https://doi.org/10.1016/j.coi.2022.102234,pmc_open_access,pmc,oa_pdf_downloaded,papers/fulltext/inventory/oa/pmid-35973352.url,papers/fulltext/inventory/oa/pmid-35973352.pdf,no,
current-program,pmid-35952712,35952712,10.1038/s41586-022-05200-3,2022,Context-specific emergence and growth of the SARS-CoV-2 Delta variant.,,,candidate,medium,candidate relevance plus virus/pathogen/assay support,PMC9534748,https://pubmed.ncbi.nlm.nih.gov/35952712/,https://pmc.ncbi.nlm.nih.gov/articles/PMC9534748/,https://doi.org/10.1038/s41586-022-05200-3,pmc_open_access,pmc,oa_pdf_downloaded,papers/fulltext/inventory/oa/pmid-35952712.url,papers/fulltext/inventory/oa/pmid-35952712.pdf,no,
current-program,pmid-35923313,35923313,10.1101/2022.07.22.501163,2022,Waning and boosting of functional humoral immunity to SARS-CoV-2.,SYBIL,Ryan McNamara;Rafael Medina,candidate,medium,candidate relevance plus virus/pathogen/assay support,PMC9347272,https://pubmed.ncbi.nlm.nih.gov/35923313/,https://pmc.ncbi.nlm.nih.gov/articles/PMC9347272/,https://doi.org/10.1101/2022.07.22.501163,pmc_open_access,pmc,oa_pdf_downloaded,papers/fulltext/inventory/oa/pmid-35923313.url,papers/fulltext/inventory/oa/pmid-35923313.pdf,no,
current-program,pmid-35899968,35899968,10.1111/tid.13914,2022,De novo emergence of SARS-CoV-2 spike mutations in immunosuppressed patients.,,,candidate,medium,candidate relevance plus virus/pathogen/assay support,PMC9353292,https://pubmed.ncbi.nlm.nih.gov/35899968/,https://pmc.ncbi.nlm.nih.gov/articles/PMC9353292/,https://doi.org/10.1111/tid.13914,pmc_open_access,pmc,oa_pdf_downloaded,papers/fulltext/inventory/oa/pmid-35899968.url,papers/fulltext/inventory/oa/pmid-35899968.pdf,no,
current-program,pmid-35881005,35881005,10.1126/science.abp8337,2022,The molecular epidemiology of multiple zoonotic origins of SARS-CoV-2.,CViSB,Robert Garry;Kristian Andersen,candidate,medium,candidate relevance plus virus/pathogen/assay support,PMC9348752,https://pubmed.ncbi.nlm.nih.gov/35881005/,https://pmc.ncbi.nlm.nih.gov/articles/PMC9348752/,https://doi.org/10.1126/science.abp8337,pmc_open_access,pmc,oa_pdf_downloaded,papers/fulltext/inventory/oa/pmid-35881005.url,papers/fulltext/inventory/oa/pmid-35881005.pdf,no,
current-program,pmid-35798029,35798029,10.1038/s41586-022-05049-6,2022,Wastewater sequencing reveals early cryptic SARS-CoV-2 variant transmission.,CViSB,Melissa Johnson;Elaine Reed;Kristian Andersen,candidate,medium,candidate relevance plus virus/pathogen/assay support,PMC9433318,https://pubmed.ncbi.nlm.nih.gov/35798029/,https://pmc.ncbi.nlm.nih.gov/articles/PMC9433318/,https://doi.org/10.1038/s41586-022-05049-6,pmc_open_access,pmc,oa_pdf_downloaded,papers/fulltext/inventory/oa/pmid-35798029.url,papers/fulltext/inventory/oa/pmid-35798029.pdf,no,
current-program,pmid-35794893,35794893,10.21203/rs.3.rs-1723829/v1,2022,Outbreak.info genomic reports: scalable and dynamic surveillance of SARS-CoV-2 variants and mutations.,CViSB,Kristian Andersen,candidate,medium,candidate relevance plus virus/pathogen/assay support,PMC9258294,https://pubmed.ncbi.nlm.nih.gov/35794893/,https://pmc.ncbi.nlm.nih.gov/articles/PMC9258294/,https://doi.org/10.21203/rs.3.rs-1723829/v1,pmc_open_access,pmc,oa_pdf_downloaded,papers/fulltext/inventory/oa/pmid-35794893.url,papers/fulltext/inventory/oa/pmid-35794893.pdf,no,
current-program,pmid-35771664,35771664,10.1093/infdis/jiac265,2022,Introduction and Establishment of SARS-CoV-2 Gamma Variant in New York City in Early 2021.,CViSB,Kristian Andersen,candidate,medium,candidate relevance plus virus/pathogen/assay support,PMC9278250,https://pubmed.ncbi.nlm.nih.gov/35771664/,https://pmc.ncbi.nlm.nih.gov/articles/PMC9278250/,https://doi.org/10.1093/infdis/jiac265,pmc_open_access,pmc,oa_pdf_downloaded,papers/fulltext/inventory/oa/pmid-35771664.url,papers/fulltext/inventory/oa/pmid-35771664.pdf,no,
current-program,pmid-35767652,35767652,10.1126/scitranslmed.abm3151,2022,Antibody Fc characteristics and effector functions correlate with protection from symptomatic dengue virus type 3 infection.,,,candidate,medium,candidate relevance plus virus/pathogen/assay support,PMC10115655,https://pubmed.ncbi.nlm.nih.gov/35767652/,https://pmc.ncbi.nlm.nih.gov/articles/PMC10115655/,https://doi.org/10.1126/scitranslmed.abm3151,pmc_open_access,pmc,oa_pdf_downloaded,papers/fulltext/inventory/oa/pmid-35767652.url,papers/fulltext/inventory/oa/pmid-35767652.pdf,no,
current-program,pmid-35538057,35538057,10.1038/s41467-022-29614-9,2022,Archival influenza virus genomes from Europe reveal genomic variability during the 1918 pandemic.,,,candidate,medium,candidate relevance plus virus/pathogen/assay support,PMC9090925,https://pubmed.ncbi.nlm.nih.gov/35538057/,https://pmc.ncbi.nlm.nih.gov/articles/PMC9090925/,https://doi.org/10.1038/s41467-022-29614-9,pmc_open_access,pmc,oa_pdf_downloaded,papers/fulltext/inventory/oa/pmid-35538057.url,papers/fulltext/inventory/oa/pmid-35538057.pdf,no,
current-program,pmid-35411350,35411350,10.1101/2021.12.21.21268143,2022,"Wastewater sequencing uncovers early, cryptic SARS-CoV-2 variant transmission.",CViSB,Melissa Johnson;Elaine Reed;Kristian Andersen,candidate,medium,candidate relevance plus virus/pathogen/assay support,PMC8996633,https://pubmed.ncbi.nlm.nih.gov/35411350/,https://pmc.ncbi.nlm.nih.gov/articles/PMC8996633/,https://doi.org/10.1101/2021.12.21.21268143,pmc_open_access,pmc,oa_pdf_downloaded,papers/fulltext/inventory/oa/pmid-35411350.url,papers/fulltext/inventory/oa/pmid-35411350.pdf,no,
current-program,pmid-35411346,35411346,10.21203/rs.3.rs-1479315/v1,2022,An immunoPET probe to SARS-CoV-2 reveals early infection of the male genital tract in rhesus macaques.,,,candidate,medium,candidate relevance plus virus/pathogen/assay support,PMC8996619,https://pubmed.ncbi.nlm.nih.gov/35411346/,https://pmc.ncbi.nlm.nih.gov/articles/PMC8996619/,https://doi.org/10.21203/rs.3.rs-1479315/v1,pmc_open_access,pmc,oa_pdf_downloaded,papers/fulltext/inventory/oa/pmid-35411346.url,papers/fulltext/inventory/oa/pmid-35411346.pdf,no,
current-program,pmid-35396471,35396471,10.1038/s41592-022-01444-z,2022,Unlocking capacities of genomics for the COVID-19 response and future pandemics.,,,candidate,medium,candidate relevance plus virus/pathogen/assay support,PMC9467803,https://pubmed.ncbi.nlm.nih.gov/35396471/,https://pmc.ncbi.nlm.nih.gov/articles/PMC9467803/,https://doi.org/10.1038/s41592-022-01444-z,pmc_open_access,pmc,oa_pdf_downloaded,papers/fulltext/inventory/oa/pmid-35396471.url,papers/fulltext/inventory/oa/pmid-35396471.pdf,no,
current-program,pmid-35361968,35361968,10.1038/s41586-022-04690-5,2022,Defining the risk of SARS-CoV-2 variants on immune protection.,SYBIL,Melissa Johnson;Michael Schotsaert,candidate,medium,candidate relevance plus virus/pathogen/assay support,PMC9345323,https://pubmed.ncbi.nlm.nih.gov/35361968/,https://pmc.ncbi.nlm.nih.gov/articles/PMC9345323/,https://doi.org/10.1038/s41586-022-04690-5,pmc_open_access,pmc,oa_pdf_downloaded,papers/fulltext/inventory/oa/pmid-35361968.url,papers/fulltext/inventory/oa/pmid-35361968.pdf,no,
current-program,pmid-35357886,35357886,10.1126/sciimmunol.abo0226,2022,A modified vaccinia Ankara vaccine expressing spike and nucleocapsid protects rhesus macaques against SARS-CoV-2 Delta infection.,,,candidate,medium,candidate relevance plus virus/pathogen/assay support,PMC8995033,https://pubmed.ncbi.nlm.nih.gov/35357886/,https://pmc.ncbi.nlm.nih.gov/articles/PMC8995033/,https://doi.org/10.1126/sciimmunol.abo0226,pmc_open_access,pmc,oa_pdf_downloaded,papers/fulltext/inventory/oa/pmid-35357886.url,papers/fulltext/inventory/oa/pmid-35357886.pdf,no,
current-program,pmid-35348368,35348368,10.1126/scitranslmed.abm2311,2022,mRNA-1273 and BNT162b2 COVID-19 vaccines elicit antibodies with differences in Fc-mediated effector functions.,,,candidate,medium,candidate relevance plus virus/pathogen/assay support,PMC8995030,https://pubmed.ncbi.nlm.nih.gov/35348368/,https://pmc.ncbi.nlm.nih.gov/articles/PMC8995030/,https://doi.org/10.1126/scitranslmed.abm2311,pmc_open_access,pmc,oa_pdf_downloaded,papers/fulltext/inventory/oa/pmid-35348368.url,papers/fulltext/inventory/oa/pmid-35348368.pdf,no,
current-program,pmid-35325204,35325204,10.1093/molbev/msac061,2022,Selection Analysis Identifies Clusters of Unusual Mutational Changes in Omicron Lineage BA.1 That Likely Impact Spike Function.,,,candidate,medium,candidate relevance plus virus/pathogen/assay support,PMC9037384,https://pubmed.ncbi.nlm.nih.gov/35325204/,https://pmc.ncbi.nlm.nih.gov/articles/PMC9037384/,https://doi.org/10.1093/molbev/msac061,pmc_open_access,pmc,oa_pdf_downloaded,papers/fulltext/inventory/oa/pmid-35325204.url,papers/fulltext/inventory/oa/pmid-35325204.pdf,no,
current-program,pmid-35289637,35289637,10.1126/scitranslmed.abn9243,2022,Omicron variant Spike-specific antibody binding and Fc activity are preserved in recipients of mRNA or inactivated COVID-19 vaccines.,SYBIL,Rafael Medina,candidate,medium,candidate relevance plus virus/pathogen/assay support,PMC8995028,https://pubmed.ncbi.nlm.nih.gov/35289637/,https://pmc.ncbi.nlm.nih.gov/articles/PMC8995028/,https://doi.org/10.1126/scitranslmed.abn9243,pmc_open_access,pmc,oa_pdf_downloaded,papers/fulltext/inventory/oa/pmid-35289637.url,papers/fulltext/inventory/oa/pmid-35289637.pdf,no,
current-program,pmid-35262081,35262081,10.1101/2022.02.25.481974,2022,An immunoPET probe to SARS-CoV-2 reveals early infection of the male genital tract in rhesus macaques.,,,candidate,medium,candidate relevance plus virus/pathogen/assay support,PMC8902882,https://pubmed.ncbi.nlm.nih.gov/35262081/,https://pmc.ncbi.nlm.nih.gov/articles/PMC8902882/,https://doi.org/10.1101/2022.02.25.481974,pmc_open_access,pmc,oa_pdf_downloaded,papers/fulltext/inventory/oa/pmid-35262081.url,papers/fulltext/inventory/oa/pmid-35262081.pdf,no,
current-program,pmid-35245365,35245365,10.1093/cid/ciac156,2022,Altered Maternal Antibody Profiles in Women With Human Immunodeficiency Virus Drive Changes in Transplacental Antibody Transfer.,,,candidate,medium,candidate relevance plus virus/pathogen/assay support,PMC9555842,https://pubmed.ncbi.nlm.nih.gov/35245365/,https://pmc.ncbi.nlm.nih.gov/articles/PMC9555842/,https://doi.org/10.1093/cid/ciac156,pmc_open_access,pmc,oa_pdf_downloaded,papers/fulltext/inventory/oa/pmid-35245365.url,papers/fulltext/inventory/oa/pmid-35245365.pdf,no,
current-program,pmid-35198645,35198645,10.1093/ofid/ofac027,2022,Assessment of Virological Contributions to COVID-19 Outcomes in a Longitudinal Cohort of Hospitalized Adults.,,,candidate,medium,candidate relevance plus virus/pathogen/assay support,PMC8860154,https://pubmed.ncbi.nlm.nih.gov/35198645/,https://pmc.ncbi.nlm.nih.gov/articles/PMC8860154/,https://doi.org/10.1093/ofid/ofac027,pmc_open_access,pmc,oa_pdf_downloaded,papers/fulltext/inventory/oa/pmid-35198645.url,papers/fulltext/inventory/oa/pmid-35198645.pdf,no,
current-program,pmid-35115515,35115515,10.1038/s41467-022-28317-5,2022,Multiple expansions of globally uncommon SARS-CoV-2 lineages in Nigeria.,,,candidate,medium,candidate relevance plus virus/pathogen/assay support,PMC8813984,https://pubmed.ncbi.nlm.nih.gov/35115515/,https://pmc.ncbi.nlm.nih.gov/articles/PMC8813984/,https://doi.org/10.1038/s41467-022-28317-5,pmc_open_access,pmc,oa_pdf_downloaded,papers/fulltext/inventory/oa/pmid-35115515.url,papers/fulltext/inventory/oa/pmid-35115515.pdf,no,
current-program,pmid-35073738,35073738,10.1128/mbio.02141-21,2022,Serological Markers of SARS-CoV-2 Reinfection.,,,candidate,medium,candidate relevance plus virus/pathogen/assay support,PMC8787477,https://pubmed.ncbi.nlm.nih.gov/35073738/,https://pmc.ncbi.nlm.nih.gov/articles/PMC8787477/,https://doi.org/10.1128/mbio.02141-21,pmc_open_access,pmc,oa_pdf_downloaded,papers/fulltext/inventory/oa/pmid-35073738.url,papers/fulltext/inventory/oa/pmid-35073738.pdf,no,
current-program,pmid-35018376,35018376,10.1101/2021.10.07.463592,2022,Comprehensive antibody profiling of mRNA vaccination in children.,UCLA-Persistent-BSI,Melissa Johnson,candidate,medium,candidate relevance plus virus/pathogen/assay support,PMC8750651,https://pubmed.ncbi.nlm.nih.gov/35018376/,https://pmc.ncbi.nlm.nih.gov/articles/PMC8750651/,https://doi.org/10.1101/2021.10.07.463592,pmc_open_access,pmc,oa_pdf_downloaded,papers/fulltext/inventory/oa/pmid-35018376.url,papers/fulltext/inventory/oa/pmid-35018376.pdf,no,
current-program,pmid-34986351,34986351,10.1016/j.celrep.2021.110172,2022,Ebola virus delta peptide is an enterotoxin.,CViSB,Robert Garry,candidate,medium,candidate relevance plus virus/pathogen/assay support,,https://pubmed.ncbi.nlm.nih.gov/34986351/,,https://doi.org/10.1016/j.celrep.2021.110172,publisher_or_doi_only,publisher,manual_check_needed,papers/fulltext/inventory/oa/pmid-34986351.url,papers/fulltext/inventory/oa/pmid-34986351.pdf,yes,publisher/DOI link available but OA status not confirmed from current metadata
current-program,pmid-34937051,34937051,10.1038/s41586-021-04345-x,2022,Local and systemic responses to SARS-CoV-2 infection in children and adults.,SCRIPT,Richard Wunderink,candidate,medium,candidate relevance plus virus/pathogen/assay support,PMC8828466,https://pubmed.ncbi.nlm.nih.gov/34937051/,https://pmc.ncbi.nlm.nih.gov/articles/PMC8828466/,https://doi.org/10.1038/s41586-021-04345-x,pmc_open_access,pmc,oa_pdf_downloaded,papers/fulltext/inventory/oa/pmid-34937051.url,papers/fulltext/inventory/oa/pmid-34937051.pdf,no,
current-program,pmid-34841975,34841975,10.1177/09622802211060518,2022,Combining cox regressions across a heterogeneous distributed research network facing small and zero counts.,,,high,low,explicit cross-virus/shared-host signal,,https://pubmed.ncbi.nlm.nih.gov/34841975/,,https://doi.org/10.1177/09622802211060518,publisher_or_doi_only,publisher,manual_check_needed,papers/fulltext/inventory/oa/pmid-34841975.url,papers/fulltext/inventory/oa/pmid-34841975.pdf,yes,publisher/DOI link available but OA status not confirmed from current metadata
current-program,pmid-34731594,34731594,10.1165/rcmb.2021-0292OC,2022,Age-related Differences in the Nasal Mucosal Immune Response to SARS-CoV-2.,,,candidate,medium,candidate relevance plus virus/pathogen/assay support,PMC8845137,https://pubmed.ncbi.nlm.nih.gov/34731594/,https://pmc.ncbi.nlm.nih.gov/articles/PMC8845137/,https://doi.org/10.1165/rcmb.2021-0292OC,pmc_open_access,pmc,oa_pdf_downloaded,papers/fulltext/inventory/oa/pmid-34731594.url,papers/fulltext/inventory/oa/pmid-34731594.pdf,no,
pi-backlog,pmid-34981044,34981044,10.21203/rs.3.rs-1211792/v1,2021,The SARS-CoV-2 B.1.1.529 Omicron virus causes attenuated infection and disease in mice and hamsters.,SYBIL,Adolfo Garcia-Sastre;Michael Schotsaert,candidate,medium,"viral context plus mechanism/resource terms: virus, viral, sars, network",PMC8722607,https://pubmed.ncbi.nlm.nih.gov/34981044/,https://pmc.ncbi.nlm.nih.gov/articles/PMC8722607/,https://doi.org/10.21203/rs.3.rs-1211792/v1,pmc_open_access,pmc,oa_pdf_downloaded,papers/fulltext/inventory/oa/pmid-34981044.url,papers/fulltext/inventory/oa/pmid-34981044.pdf,no,
pi-backlog,pmid-34785885,34785885,10.2147/OPTH.S338894,2021,Surgical Management of Unilateral Partial Limbal Stem Cell Deficiency: Conjunctival Autografts versus Simple Limbal Epithelial Transplantation.,SYBIL,Sumit Chanda,high,low,explicit cross-virus or shared-host framing in title/abstract,PMC8590448,https://pubmed.ncbi.nlm.nih.gov/34785885/,https://pmc.ncbi.nlm.nih.gov/articles/PMC8590448/,https://doi.org/10.2147/OPTH.S338894,pmc_open_access,pmc,oa_pdf_downloaded,papers/fulltext/inventory/oa/pmid-34785885.url,papers/fulltext/inventory/oa/pmid-34785885.pdf,no,
pi-backlog,pmid-34697065,34697065,10.21873/cgp.20293,2021,Fusion of the Paired Box 3 (PAX3) and Myocardin (MYOCD) Genes in Pediatric Rhabdomyosarcoma.,CViSB,Kristian Andersen,high,low,explicit cross-virus or shared-host framing in title/abstract,PMC8569814,https://pubmed.ncbi.nlm.nih.gov/34697065/,https://pmc.ncbi.nlm.nih.gov/articles/PMC8569814/,https://doi.org/10.21873/cgp.20293,pmc_open_access,pmc,oa_pdf_downloaded,papers/fulltext/inventory/oa/pmid-34697065.url,papers/fulltext/inventory/oa/pmid-34697065.pdf,no,
pi-backlog,pmid-34512601,34512601,10.3389/fmicb.2021.722952,2021,African Swine Fever Virus Induces STAT1 and STAT2 Degradation to Counteract IFN-I Signaling.,SYBIL,Adolfo Garcia-Sastre,candidate,medium,"viral context plus mechanism/resource terms: virus, viral, pathway",PMC8427279,https://pubmed.ncbi.nlm.nih.gov/34512601/,https://pmc.ncbi.nlm.nih.gov/articles/PMC8427279/,https://doi.org/10.3389/fmicb.2021.722952,pmc_open_access,pmc,oa_pdf_downloaded,papers/fulltext/inventory/oa/pmid-34512601.url,papers/fulltext/inventory/oa/pmid-34512601.pdf,no,
pi-backlog,pmid-34443354,34443354,10.3390/molecules26164762,2021,Comparative Study of Natural Terpenoid Precursors in Reactive Plasmas for Thin Film Deposition.,CViSB,Donald S Grant,high,low,explicit cross-virus or shared-host framing in title/abstract,PMC8402203,https://pubmed.ncbi.nlm.nih.gov/34443354/,https://pmc.ncbi.nlm.nih.gov/articles/PMC8402203/,https://doi.org/10.3390/molecules26164762,pmc_open_access,pmc,oa_pdf_downloaded,papers/fulltext/inventory/oa/pmid-34443354.url,papers/fulltext/inventory/oa/pmid-34443354.pdf,no,
pi-backlog,pmid-34426811,34426811,10.1101/2021.08.15.456341,2021,Infection and transmission of ancestral SARS-CoV-2 and its alpha variant in pregnant white-tailed deer.,SYBIL,Adolfo Garcia-Sastre,candidate,medium,"viral context plus mechanism/resource terms: virus, viral, coronavirus, sars, interaction",PMC8382122,https://pubmed.ncbi.nlm.nih.gov/34426811/,https://pmc.ncbi.nlm.nih.gov/articles/PMC8382122/,https://doi.org/10.1101/2021.08.15.456341,pmc_open_access,pmc,oa_pdf_downloaded,papers/fulltext/inventory/oa/pmid-34426811.url,papers/fulltext/inventory/oa/pmid-34426811.pdf,no,
pi-backlog,pmid-34292969,34292969,10.1371/journal.pone.0253594,2021,Ending the HIV epidemic using National HIV Behavioral Surveillance (NHBS): Recommendations based on DC model.,SYBIL,Rafael Medina,unknown,low,"viral context plus mechanism/resource terms: hiv, network",PMC8297872,https://pubmed.ncbi.nlm.nih.gov/34292969/,https://pmc.ncbi.nlm.nih.gov/articles/PMC8297872/,https://doi.org/10.1371/journal.pone.0253594,pmc_open_access,pmc,oa_pdf_downloaded,papers/fulltext/inventory/oa/pmid-34292969.url,papers/fulltext/inventory/oa/pmid-34292969.pdf,no,
pi-backlog,pmid-34225493,34225493,10.1128/mBio.00972-21,2021,Expression of the Ebola Virus VP24 Protein Compromises the Integrity of the Nuclear Envelope and Induces a Laminopathy-Like Cellular Phenotype.,SYBIL,Adolfo Garcia-Sastre,candidate,medium,"viral context plus mechanism/resource terms: virus, interactome, interaction",PMC8406168,https://pubmed.ncbi.nlm.nih.gov/34225493/,https://pmc.ncbi.nlm.nih.gov/articles/PMC8406168/,https://doi.org/10.1128/mBio.00972-21,pmc_open_access,pmc,oa_pdf_downloaded,papers/fulltext/inventory/oa/pmid-34225493.url,papers/fulltext/inventory/oa/pmid-34225493.pdf,no,
pi-backlog,pmid-34183386,34183386,10.21873/cgp.20278,2021,Several Fusion Genes Identified in a Spermatic Cord Leiomyoma With Rearrangements of Chromosome Arms 3p and 21q.,CViSB,Kristian Andersen,high,low,explicit cross-virus or shared-host framing in title/abstract,PMC8404732,https://pubmed.ncbi.nlm.nih.gov/34183386/,https://pmc.ncbi.nlm.nih.gov/articles/PMC8404732/,https://doi.org/10.21873/cgp.20278,pmc_open_access,pmc,oa_pdf_downloaded,papers/fulltext/inventory/oa/pmid-34183386.url,papers/fulltext/inventory/oa/pmid-34183386.pdf,no,
pi-backlog,pmid-34129317,34129317,10.1021/acsinfecdis.1c00017,2021,Screening a Library of FDA-Approved and Bioactive Compounds for Antiviral Activity against SARS-CoV-2.,HPMI,Melanie Ott,high,medium,explicit cross-virus or shared-host framing in title/abstract,,https://pubmed.ncbi.nlm.nih.gov/34129317/,,https://doi.org/10.1021/acsinfecdis.1c00017,publisher_or_doi_only,publisher,manual_check_needed,papers/fulltext/inventory/oa/pmid-34129317.url,papers/fulltext/inventory/oa/pmid-34129317.pdf,yes,publisher/DOI link available but OA status not confirmed from current metadata
pi-backlog,pmid-33918000,33918000,10.3390/antibiotics10040404,2021,Mechanistic Fingerprinting Reveals Kinetic Signatures of Resistance to Daptomycin and Host Defense Peptides in Streptococcus mitis-oralis.,UCLA-Persistent-BSI,Michael Yeaman,high,medium,explicit cross-virus or shared-host framing in title/abstract,PMC8068394,https://pubmed.ncbi.nlm.nih.gov/33918000/,https://pmc.ncbi.nlm.nih.gov/articles/PMC8068394/,https://doi.org/10.3390/antibiotics10040404,pmc_open_access,pmc,oa_pdf_downloaded,papers/fulltext/inventory/oa/pmid-33918000.url,papers/fulltext/inventory/oa/pmid-33918000.pdf,no,
pi-backlog,pmid-33730579,33730579,10.1016/j.celrep.2021.108859,2021,A genome-wide CRISPR screen identifies UFMylation and TRAMP-like complexes as host factors required for hepatitis A virus infection.,HPMI,Melanie Ott,candidate,medium,"viral context plus mechanism/resource terms: virus, viral, screen",PMC8893346,https://pubmed.ncbi.nlm.nih.gov/33730579/,https://pmc.ncbi.nlm.nih.gov/articles/PMC8893346/,https://doi.org/10.1016/j.celrep.2021.108859,pmc_open_access,pmc,oa_pdf_downloaded,papers/fulltext/inventory/oa/pmid-33730579.url,papers/fulltext/inventory/oa/pmid-33730579.pdf,no,
pi-backlog,pmid-33676971,33676971,10.1053/j.gastro.2021.02.056,2021,Intestinal Host Response to SARS-CoV-2 Infection and COVID-19 Outcomes in Patients With Gastrointestinal Symptoms.,SYBIL,Adolfo Garcia-Sastre,candidate,medium,"viral context plus mechanism/resource terms: viral, sars, host response",PMC7931673,https://pubmed.ncbi.nlm.nih.gov/33676971/,https://pmc.ncbi.nlm.nih.gov/articles/PMC7931673/,https://doi.org/10.1053/j.gastro.2021.02.056,pmc_open_access,pmc,oa_pdf_downloaded,papers/fulltext/inventory/oa/pmid-33676971.url,papers/fulltext/inventory/oa/pmid-33676971.pdf,no,
pi-backlog,pmid-33510473,33510473,10.1038/s41564-020-00850-3,2021,Zika virus NS3 protease induces bone morphogenetic protein-dependent brain calcification in human fetuses.,SYBIL,Adolfo Garcia-Sastre,candidate,medium,"viral context plus mechanism/resource terms: virus, zika, pathway",PMC8012254,https://pubmed.ncbi.nlm.nih.gov/33510473/,https://pmc.ncbi.nlm.nih.gov/articles/PMC8012254/,https://doi.org/10.1038/s41564-020-00850-3,pmc_open_access,pmc,oa_pdf_downloaded,papers/fulltext/inventory/oa/pmid-33510473.url,papers/fulltext/inventory/oa/pmid-33510473.pdf,no,
pi-backlog,pmid-33417126,33417126,10.1007/s11517-020-02306-6,2021,Biomechanical design prognosis of two extramedullary fixation devices for subtrochanteric femur fracture: a finite element study.,SYBIL,Sumit Chanda,high,medium,explicit cross-virus or shared-host framing in title/abstract,,https://pubmed.ncbi.nlm.nih.gov/33417126/,,https://doi.org/10.1007/s11517-020-02306-6,publisher_or_doi_only,publisher,manual_check_needed,papers/fulltext/inventory/oa/pmid-33417126.url,papers/fulltext/inventory/oa/pmid-33417126.pdf,yes,publisher/DOI link available but OA status not confirmed from current metadata
pi-backlog,pmid-33125654,33125654,10.1007/978-1-0716-0892-0_14,2021,Protein Structure Modeling with MODELLER.,HPMI,Andrej Sali,high,low,explicit cross-virus or shared-host framing in title/abstract,,https://pubmed.ncbi.nlm.nih.gov/33125654/,,https://doi.org/10.1007/978-1-0716-0892-0_14,publisher_or_doi_only,publisher,manual_check_needed,papers/fulltext/inventory/oa/pmid-33125654.url,papers/fulltext/inventory/oa/pmid-33125654.pdf,yes,publisher/DOI link available but OA status not confirmed from current metadata
pi-backlog,pmid-32661015,32661015,10.1101/cshperspect.a038414,2021,Induction and Evasion of Type-I Interferon Responses during Influenza A Virus Infection.,SYBIL,Adolfo Garcia-Sastre,candidate,medium,"viral context plus mechanism/resource terms: virus, viral, influenza, pathway",PMC8485741,https://pubmed.ncbi.nlm.nih.gov/32661015/,https://pmc.ncbi.nlm.nih.gov/articles/PMC8485741/,https://doi.org/10.1101/cshperspect.a038414,pmc_open_access,pmc,oa_pdf_downloaded,papers/fulltext/inventory/oa/pmid-32661015.url,papers/fulltext/inventory/oa/pmid-32661015.pdf,no,
pi-backlog,pmid-32553580,32553580,10.1016/j.semcdb.2020.05.018,2021,An 'Arms Race' between the Nonsense-mediated mRNA Decay Pathway and Viral Infections.,HPMI,Melanie Ott,candidate,medium,"viral context plus mechanism/resource terms: viral, pathway",PMC7295464,https://pubmed.ncbi.nlm.nih.gov/32553580/,https://pmc.ncbi.nlm.nih.gov/articles/PMC7295464/,https://doi.org/10.1016/j.semcdb.2020.05.018,pmc_open_access,pmc,oa_pdf_downloaded,papers/fulltext/inventory/oa/pmid-32553580.url,papers/fulltext/inventory/oa/pmid-32553580.pdf,no,
hpmi,pmid-34556855,34556855,10.1038/s41564-021-00964-2,2021,Restriction factor compendium for influenza A virus reveals a mechanism for evasion of autophagy.,HPMI,,candidate,medium,candidate relevance plus virus/pathogen/assay support,PMC9683089,https://pubmed.ncbi.nlm.nih.gov/34556855/,https://pmc.ncbi.nlm.nih.gov/articles/PMC9683089/,https://doi.org/10.1038/s41564-021-00964-2,pmc_open_access,pmc,oa_pdf_downloaded,papers/fulltext/inventory/oa/pmid-34556855.url,papers/fulltext/inventory/oa/pmid-34556855.pdf,no,
hpmi,pmid-34519533,34519533,10.1128/mSystems.00388-21,2021,Target Discovery for Host-Directed Antiviral Therapies: Application of Proteomics Approaches.,HPMI,,candidate,medium,candidate relevance plus virus/pathogen/assay support,PMC8547474,https://pubmed.ncbi.nlm.nih.gov/34519533/,https://pmc.ncbi.nlm.nih.gov/articles/PMC8547474/,https://doi.org/10.1128/mSystems.00388-21,pmc_open_access,pmc,oa_pdf_downloaded,papers/fulltext/inventory/oa/pmid-34519533.url,papers/fulltext/inventory/oa/pmid-34519533.pdf,no,
hpmi,pmid-34389466,34389466,10.1016/j.mcpro.2021.100132,2021,Characterization of an A3G-Vif(HIV-1)-CRL5-CBFβ Structure Using a Cross-linking Mass Spectrometry Pipeline for Integrative Modeling of Host-Pathogen Complexes.,HPMI,,candidate,medium,candidate relevance plus virus/pathogen/assay support,PMC8459920,https://pubmed.ncbi.nlm.nih.gov/34389466/,https://pmc.ncbi.nlm.nih.gov/articles/PMC8459920/,https://doi.org/10.1016/j.mcpro.2021.100132,pmc_open_access,pmc,oa_pdf_downloaded,papers/fulltext/inventory/oa/pmid-34389466.url,papers/fulltext/inventory/oa/pmid-34389466.pdf,no,
hpmi,pmid-34225486,34225486,10.1128/mBio.01871-20,2021,Galectin-8 Senses Phagosomal Damage and Recruits Selective Autophagy Adapter TAX1BP1 To Control Mycobacterium tuberculosis Infection in Macrophages.,HPMI,,candidate,medium,candidate relevance plus virus/pathogen/assay support,PMC8406326,https://pubmed.ncbi.nlm.nih.gov/34225486/,https://pmc.ncbi.nlm.nih.gov/articles/PMC8406326/,https://doi.org/10.1128/mBio.01871-20,pmc_open_access,pmc,oa_pdf_downloaded,papers/fulltext/inventory/oa/pmid-34225486.url,papers/fulltext/inventory/oa/pmid-34225486.pdf,no,
hpmi,pmid-34171302,34171302,10.1016/j.cub.2021.05.067,2021,"An ancient viral epidemic involving host coronavirus interacting genes more than 20,000 years ago in East Asia.",HPMI,,candidate,medium,candidate relevance plus virus/pathogen/assay support,PMC8223470,https://pubmed.ncbi.nlm.nih.gov/34171302/,https://pmc.ncbi.nlm.nih.gov/articles/PMC8223470/,https://doi.org/10.1016/j.cub.2021.05.067,pmc_open_access,pmc,oa_pdf_downloaded,papers/fulltext/inventory/oa/pmid-34171302.url,papers/fulltext/inventory/oa/pmid-34171302.pdf,no,
hpmi,pmid-34127972,34127972,10.1101/2021.06.06.446826,2021,Evolution of enhanced innate immune evasion by the SARS-CoV-2 B.1.1.7 UK variant.,HPMI,,candidate,medium,candidate relevance plus virus/pathogen/assay support,PMC8202424,https://pubmed.ncbi.nlm.nih.gov/34127972/,https://pmc.ncbi.nlm.nih.gov/articles/PMC8202424/,https://doi.org/10.1101/2021.06.06.446826,pmc_open_access,pmc,oa_pdf_downloaded,papers/fulltext/inventory/oa/pmid-34127972.url,papers/fulltext/inventory/oa/pmid-34127972.pdf,no,
hpmi,pmid-34031651,34031651,10.21203/rs.3.rs-515215/v1,2021,"CryoEM and AI reveal a structure of SARS-CoV-2 Nsp2, a multifunctional protein involved in key host processes.",HPMI,,candidate,medium,candidate relevance plus virus/pathogen/assay support,PMC8142659,https://pubmed.ncbi.nlm.nih.gov/34031651/,https://pmc.ncbi.nlm.nih.gov/articles/PMC8142659/,https://doi.org/10.21203/rs.3.rs-515215/v1,pmc_open_access,pmc,oa_pdf_downloaded,papers/fulltext/inventory/oa/pmid-34031651.url,papers/fulltext/inventory/oa/pmid-34031651.pdf,no,
hpmi,pmid-34013269,34013269,10.1101/2021.05.10.443524,2021,"CryoEM and AI reveal a structure of SARS-CoV-2 Nsp2, a multifunctional protein involved in key host processes.",HPMI,,candidate,medium,candidate relevance plus virus/pathogen/assay support,PMC8132225,https://pubmed.ncbi.nlm.nih.gov/34013269/,https://pmc.ncbi.nlm.nih.gov/articles/PMC8132225/,https://doi.org/10.1101/2021.05.10.443524,pmc_open_access,pmc,oa_pdf_downloaded,papers/fulltext/inventory/oa/pmid-34013269.url,papers/fulltext/inventory/oa/pmid-34013269.pdf,no,
hpmi,pmid-33979618,33979618,10.1016/j.celrep.2021.109105,2021,Efficient generation of isogenic primary human myeloid cells using CRISPR-Cas9 ribonucleoproteins.,HPMI,,candidate,medium,candidate relevance plus virus/pathogen/assay support,PMC8188731,https://pubmed.ncbi.nlm.nih.gov/33979618/,https://pmc.ncbi.nlm.nih.gov/articles/PMC8188731/,https://doi.org/10.1016/j.celrep.2021.109105,pmc_open_access,pmc,oa_pdf_downloaded,papers/fulltext/inventory/oa/pmid-33979618.url,papers/fulltext/inventory/oa/pmid-33979618.pdf,no,
hpmi,pmid-33930332,33930332,10.1016/j.molcel.2021.04.008,2021,Functional landscape of SARS-CoV-2 cellular restriction.,HPMI,,candidate,medium,candidate relevance plus virus/pathogen/assay support,PMC8043580,https://pubmed.ncbi.nlm.nih.gov/33930332/,https://pmc.ncbi.nlm.nih.gov/articles/PMC8043580/,https://doi.org/10.1016/j.molcel.2021.04.008,pmc_open_access,pmc,oa_pdf_downloaded,papers/fulltext/inventory/oa/pmid-33930332.url,papers/fulltext/inventory/oa/pmid-33930332.pdf,no,
hpmi,pmid-33501437,33501437,10.1101/2021.01.24.427991,2021,Host-directed therapies against early-lineage SARS-CoV-2 retain efficacy against B.1.1.7 variant.,HPMI,,candidate,medium,candidate relevance plus virus/pathogen/assay support,PMC7836107,https://pubmed.ncbi.nlm.nih.gov/33501437/,https://pmc.ncbi.nlm.nih.gov/articles/PMC7836107/,https://doi.org/10.1101/2021.01.24.427991,pmc_open_access,pmc,oa_pdf_downloaded,papers/fulltext/inventory/oa/pmid-33501437.url,papers/fulltext/inventory/oa/pmid-33501437.pdf,no,
hpmi,pmid-33495306,33495306,10.1126/science.abf4058,2021,Plitidepsin has potent preclinical efficacy against SARS-CoV-2 by targeting the host protein eEF1A.,HPMI,,candidate,medium,candidate relevance plus virus/pathogen/assay support,PMC7963220,https://pubmed.ncbi.nlm.nih.gov/33495306/,https://pmc.ncbi.nlm.nih.gov/articles/PMC7963220/,https://doi.org/10.1126/science.abf4058,pmc_open_access,pmc,oa_pdf_downloaded,papers/fulltext/inventory/oa/pmid-33495306.url,papers/fulltext/inventory/oa/pmid-33495306.pdf,no,
hpmi,pmid-33464917,33464917,10.1021/acs.jproteome.0c00764,2021,Proteomic Approaches to Study SARS-CoV-2 Biology and COVID-19 Pathology.,HPMI,,candidate,medium,candidate relevance plus virus/pathogen/assay support,PMC7839417,https://pubmed.ncbi.nlm.nih.gov/33464917/,https://pmc.ncbi.nlm.nih.gov/articles/PMC7839417/,https://doi.org/10.1021/acs.jproteome.0c00764,pmc_open_access,pmc,oa_pdf_downloaded,papers/fulltext/inventory/oa/pmid-33464917.url,papers/fulltext/inventory/oa/pmid-33464917.pdf,no,
hpmi,pmid-33434350,33434350,10.15252/msb.20188792,2021,Mass spectrometry-based protein-protein interaction networks for the study of human diseases.,HPMI,,candidate,low,candidate relevance plus virus/pathogen/assay support,PMC7803364,https://pubmed.ncbi.nlm.nih.gov/33434350/,https://pmc.ncbi.nlm.nih.gov/articles/PMC7803364/,https://doi.org/10.15252/msb.20188792,pmc_open_access,pmc,oa_pdf_downloaded,papers/fulltext/inventory/oa/pmid-33434350.url,papers/fulltext/inventory/oa/pmid-33434350.pdf,no,
hpmi,pmid-33333024,33333024,10.1016/j.cell.2020.12.004,2021,Genetic Screens Identify Host Factors for SARS-CoV-2 and Common Cold Coronaviruses.,HPMI,,candidate,medium,candidate relevance plus virus/pathogen/assay support,PMC7723770,https://pubmed.ncbi.nlm.nih.gov/33333024/,https://pmc.ncbi.nlm.nih.gov/articles/PMC7723770/,https://doi.org/10.1016/j.cell.2020.12.004,pmc_open_access,pmc,oa_pdf_downloaded,papers/fulltext/inventory/oa/pmid-33333024.url,papers/fulltext/inventory/oa/pmid-33333024.pdf,no,
hpmi,pmid-33328654,33328654,10.1038/s41589-020-00700-7,2021,Controlling and enhancing CRISPR systems.,HPMI,,candidate,low,candidate relevance plus virus/pathogen/assay support,PMC8101458,https://pubmed.ncbi.nlm.nih.gov/33328654/,https://pmc.ncbi.nlm.nih.gov/articles/PMC8101458/,https://doi.org/10.1038/s41589-020-00700-7,pmc_open_access,pmc,oa_pdf_downloaded,papers/fulltext/inventory/oa/pmid-33328654.url,papers/fulltext/inventory/oa/pmid-33328654.pdf,no,
hpmi,pmid-33082574,33082574,10.1038/s41589-020-00679-1,2021,Bi-paratopic and multivalent VH domains block ACE2 binding and neutralize SARS-CoV-2.,HPMI,,candidate,medium,candidate relevance plus virus/pathogen/assay support,PMC8356808,https://pubmed.ncbi.nlm.nih.gov/33082574/,https://pmc.ncbi.nlm.nih.gov/articles/PMC8356808/,https://doi.org/10.1038/s41589-020-00679-1,pmc_open_access,pmc,oa_pdf_downloaded,papers/fulltext/inventory/oa/pmid-33082574.url,papers/fulltext/inventory/oa/pmid-33082574.pdf,no,
current-program,pmid-34981072,34981072,10.1101/2021.12.24.21268378,2021,Preserved Omicron Spike specific antibody binding and Fc-recognition across COVID-19 vaccine platforms.,SYBIL,Rafael Medina,candidate,medium,candidate relevance plus virus/pathogen/assay support,PMC8722615,https://pubmed.ncbi.nlm.nih.gov/34981072/,https://pmc.ncbi.nlm.nih.gov/articles/PMC8722615/,https://doi.org/10.1101/2021.12.24.21268378,pmc_open_access,pmc,oa_pdf_downloaded,papers/fulltext/inventory/oa/pmid-34981072.url,papers/fulltext/inventory/oa/pmid-34981072.pdf,no,
current-program,pmid-34981069,34981069,10.1101/2021.12.14.21267606,2021,Context-specific emergence and growth of the SARS-CoV-2 Delta variant.,,,candidate,medium,candidate relevance plus virus/pathogen/assay support,PMC8722612,https://pubmed.ncbi.nlm.nih.gov/34981069/,https://pmc.ncbi.nlm.nih.gov/articles/PMC8722612/,https://doi.org/10.1101/2021.12.14.21267606,pmc_open_access,pmc,oa_pdf_downloaded,papers/fulltext/inventory/oa/pmid-34981069.url,papers/fulltext/inventory/oa/pmid-34981069.pdf,no,
current-program,pmid-34981043,34981043,10.21203/rs.3.rs-1159614/v1,2021,Context-specific emergence and growth of the SARS-CoV-2 Delta variant.,,,candidate,medium,candidate relevance plus virus/pathogen/assay support,PMC8722606,https://pubmed.ncbi.nlm.nih.gov/34981043/,https://pmc.ncbi.nlm.nih.gov/articles/PMC8722606/,https://doi.org/10.21203/rs.3.rs-1159614/v1,pmc_open_access,pmc,oa_pdf_downloaded,papers/fulltext/inventory/oa/pmid-34981043.url,papers/fulltext/inventory/oa/pmid-34981043.pdf,no,
current-program,pmid-34835041,34835041,10.3390/v13112235,2021,Epidemiological and Immunological Features of Obesity and SARS-CoV-2.,,,candidate,medium,candidate relevance plus virus/pathogen/assay support,PMC8624148,https://pubmed.ncbi.nlm.nih.gov/34835041/,https://pmc.ncbi.nlm.nih.gov/articles/PMC8624148/,https://doi.org/10.3390/v13112235,pmc_open_access,pmc,oa_pdf_downloaded,papers/fulltext/inventory/oa/pmid-34835041.url,papers/fulltext/inventory/oa/pmid-34835041.pdf,no,
current-program,pmid-34812429,34812429,10.1016/j.medj.2021.11.004,2021,Reduced antibody activity against SARS-CoV-2 B.1.617.2 delta virus in serum of mRNA-vaccinated individuals receiving tumor necrosis factor-α inhibitors.,,,candidate,medium,candidate relevance plus virus/pathogen/assay support,PMC8599018,https://pubmed.ncbi.nlm.nih.gov/34812429/,https://pmc.ncbi.nlm.nih.gov/articles/PMC8599018/,https://doi.org/10.1016/j.medj.2021.11.004,pmc_open_access,pmc,oa_pdf_downloaded,papers/fulltext/inventory/oa/pmid-34812429.url,papers/fulltext/inventory/oa/pmid-34812429.pdf,no,
current-program,pmid-34729568,34729568,10.1101/2021.10.23.21265402,2021,Severity of Illness Caused by Severe Acute Respiratory Syndrome Coronavirus 2 Variants of Concern in Children: A Single-Center Retrospective Cohort Study.,,,candidate,medium,candidate relevance plus virus/pathogen/assay support,PMC8562552,https://pubmed.ncbi.nlm.nih.gov/34729568/,https://pmc.ncbi.nlm.nih.gov/articles/PMC8562552/,https://doi.org/10.1101/2021.10.23.21265402,pmc_open_access,pmc,oa_pdf_downloaded,papers/fulltext/inventory/oa/pmid-34729568.url,papers/fulltext/inventory/oa/pmid-34729568.pdf,no,
current-program,pmid-34664987,34664987,10.1126/scitranslmed.abi7428,2021,Maternal SARS-CoV-2 infection elicits sexually dimorphic placental immune responses.,,,candidate,medium,candidate relevance plus virus/pathogen/assay support,PMC8784281,https://pubmed.ncbi.nlm.nih.gov/34664987/,https://pmc.ncbi.nlm.nih.gov/articles/PMC8784281/,https://doi.org/10.1126/scitranslmed.abi7428,pmc_open_access,pmc,oa_pdf_downloaded,papers/fulltext/inventory/oa/pmid-34664987.url,papers/fulltext/inventory/oa/pmid-34664987.pdf,no,
current-program,pmid-34652962,34652962,10.1126/sciimmunol.abj2901,2021,Early cross-coronavirus reactive signatures of humoral immunity against COVID-19.,,,candidate,medium,candidate relevance plus virus/pathogen/assay support,PMC8943686,https://pubmed.ncbi.nlm.nih.gov/34652962/,https://pmc.ncbi.nlm.nih.gov/articles/PMC8943686/,https://doi.org/10.1126/sciimmunol.abj2901,pmc_open_access,pmc,oa_pdf_downloaded,papers/fulltext/inventory/oa/pmid-34652962.url,papers/fulltext/inventory/oa/pmid-34652962.pdf,no,
current-program,pmid-34578352,34578352,10.3390/v13091771,2021,Zika Virus Non-Structural Protein 1 Antigen-Capture Immunoassay.,CViSB,Kristian Andersen;Robert Garry,candidate,medium,candidate relevance plus virus/pathogen/assay support,PMC8473068,https://pubmed.ncbi.nlm.nih.gov/34578352/,https://pmc.ncbi.nlm.nih.gov/articles/PMC8473068/,https://doi.org/10.3390/v13091771,pmc_open_access,pmc,oa_pdf_downloaded,papers/fulltext/inventory/oa/pmid-34578352.url,papers/fulltext/inventory/oa/pmid-34578352.pdf,no,
current-program,pmid-34494026,34494026,10.1101/2021.08.31.458247,2021,Subtle immunological differences in mRNA-1273 and BNT162b2 COVID-19 vaccine induced Fc-functional profiles.,,,candidate,medium,candidate relevance plus virus/pathogen/assay support,PMC8423223,https://pubmed.ncbi.nlm.nih.gov/34494026/,https://pmc.ncbi.nlm.nih.gov/articles/PMC8423223/,https://doi.org/10.1101/2021.08.31.458247,pmc_open_access,pmc,oa_pdf_downloaded,papers/fulltext/inventory/oa/pmid-34494026.url,papers/fulltext/inventory/oa/pmid-34494026.pdf,no,
current-program,pmid-34416262,34416262,10.1016/j.jpeds.2021.08.017,2021,Screening Students and Staff for Asymptomatic Coronavirus Disease 2019 in Chicago Schools.,,,candidate,medium,candidate relevance plus virus/pathogen/assay support,PMC8372436,https://pubmed.ncbi.nlm.nih.gov/34416262/,https://pmc.ncbi.nlm.nih.gov/articles/PMC8372436/,https://doi.org/10.1016/j.jpeds.2021.08.017,pmc_open_access,pmc,oa_pdf_downloaded,papers/fulltext/inventory/oa/pmid-34416262.url,papers/fulltext/inventory/oa/pmid-34416262.pdf,no,
current-program,pmid-34304580,34304580,10.1161/HYPERTENSIONAHA.120.16667,2021,Comparative First-Line Effectiveness and Safety of ACE (Angiotensin-Converting Enzyme) Inhibitors and Angiotensin Receptor Blockers: A Multinational Cohort Study.,,,high,low,explicit cross-virus/shared-host signal,PMC8363588,https://pubmed.ncbi.nlm.nih.gov/34304580/,https://pmc.ncbi.nlm.nih.gov/articles/PMC8363588/,https://doi.org/10.1161/HYPERTENSIONAHA.120.16667,pmc_open_access,pmc,oa_pdf_downloaded,papers/fulltext/inventory/oa/pmid-34304580.url,papers/fulltext/inventory/oa/pmid-34304580.pdf,no,
current-program,pmid-34201591,34201591,10.3390/v13071202,2021,Successful Clearance of 300 Day SARS-CoV-2 Infection in a Subject with B-Cell Depletion Associated Prolonged (B-DEAP) COVID by REGEN-COV Anti-Spike Monoclonal Antibody Cocktail.,CViSB,Kristian Andersen;Robert Garry,candidate,medium,candidate relevance plus virus/pathogen/assay support,PMC8310246,https://pubmed.ncbi.nlm.nih.gov/34201591/,https://pmc.ncbi.nlm.nih.gov/articles/PMC8310246/,https://doi.org/10.3390/v13071202,pmc_open_access,pmc,oa_pdf_downloaded,papers/fulltext/inventory/oa/pmid-34201591.url,papers/fulltext/inventory/oa/pmid-34201591.pdf,no,
current-program,pmid-34192736,34192736,10.1038/s41586-021-03754-2,2021,Untangling introductions and persistence in COVID-19 resurgence in Europe.,,,candidate,medium,candidate relevance plus virus/pathogen/assay support,PMC8324533,https://pubmed.ncbi.nlm.nih.gov/34192736/,https://pmc.ncbi.nlm.nih.gov/articles/PMC8324533/,https://doi.org/10.1038/s41586-021-03754-2,pmc_open_access,pmc,oa_pdf_downloaded,papers/fulltext/inventory/oa/pmid-34192736.url,papers/fulltext/inventory/oa/pmid-34192736.pdf,no,
current-program,pmid-34031078,34031078,10.1136/bcr-2020-241327,2021,First report of Pseudomonas nitroreducens cultured from the lungs of a patient with pneumonia.,SCRIPT,Richard Wunderink;Alan Hauser,candidate,medium,candidate relevance plus virus/pathogen/assay support,PMC8154954,https://pubmed.ncbi.nlm.nih.gov/34031078/,https://pmc.ncbi.nlm.nih.gov/articles/PMC8154954/,https://doi.org/10.1136/bcr-2020-241327,pmc_open_access,pmc,oa_pdf_downloaded,papers/fulltext/inventory/oa/pmid-34031078.url,papers/fulltext/inventory/oa/pmid-34031078.pdf,no,
current-program,pmid-34013263,34013263,10.1101/2021.05.11.443609,2021,Early cross-coronavirus reactive signatures of protective humoral immunity against COVID-19.,,,candidate,medium,candidate relevance plus virus/pathogen/assay support,PMC8132219,https://pubmed.ncbi.nlm.nih.gov/34013263/,https://pmc.ncbi.nlm.nih.gov/articles/PMC8132219/,https://doi.org/10.1101/2021.05.11.443609,pmc_open_access,pmc,oa_pdf_downloaded,papers/fulltext/inventory/oa/pmid-34013263.url,papers/fulltext/inventory/oa/pmid-34013263.pdf,no,
current-program,pmid-33929301,33929301,10.1164/rccm.202102-0498ST,2021,Nucleic Acid-based Testing for Noninfluenza Viral Pathogens in Adults with Suspected Community-acquired Pneumonia. An Official American Thoracic Society Clinical Practice Guideline.,SCRIPT,Richard Wunderink,candidate,medium,candidate relevance plus virus/pathogen/assay support,PMC8314899,https://pubmed.ncbi.nlm.nih.gov/33929301/,https://pmc.ncbi.nlm.nih.gov/articles/PMC8314899/,https://doi.org/10.1164/rccm.202102-0498ST,pmc_open_access,pmc,oa_pdf_downloaded,papers/fulltext/inventory/oa/pmid-33929301.url,papers/fulltext/inventory/oa/pmid-33929301.pdf,no,
current-program,pmid-33905777,33905777,10.1016/j.humpath.2021.04.010,2021,Comprehensive evaluation of bronchoalveolar lavage from patients with severe COVID-19 and correlation with clinical outcomes.,SCRIPT,Richard Wunderink,candidate,medium,candidate relevance plus virus/pathogen/assay support,PMC8159767,https://pubmed.ncbi.nlm.nih.gov/33905777/,https://pmc.ncbi.nlm.nih.gov/articles/PMC8159767/,https://doi.org/10.1016/j.humpath.2021.04.010,pmc_open_access,pmc,oa_pdf_downloaded,papers/fulltext/inventory/oa/pmid-33905777.url,papers/fulltext/inventory/oa/pmid-33905777.pdf,no,
current-program,pmid-33880483,33880483,10.1101/2021.04.09.21255206,2021,Coincident rapid expansion of two SARS-CoV-2 lineages with enhanced infectivity in Nigeria.,,,candidate,medium,candidate relevance plus virus/pathogen/assay support,PMC8057251,https://pubmed.ncbi.nlm.nih.gov/33880483/,https://pmc.ncbi.nlm.nih.gov/articles/PMC8057251/,https://doi.org/10.1101/2021.04.09.21255206,pmc_open_access,pmc,oa_pdf_downloaded,papers/fulltext/inventory/oa/pmid-33880483.url,papers/fulltext/inventory/oa/pmid-33880483.pdf,no,
current-program,pmid-33875439,33875439,10.1128/AAC.00417-21,2021,Characterizing Risk Factors for Clostridioides difficile Infection among Hospitalized Patients with Community-Acquired Pneumonia.,SCRIPT,Richard Wunderink,high,medium,explicit cross-virus/shared-host signal,PMC8373232,https://pubmed.ncbi.nlm.nih.gov/33875439/,https://pmc.ncbi.nlm.nih.gov/articles/PMC8373232/,https://doi.org/10.1128/AAC.00417-21,pmc_open_access,pmc,oa_pdf_downloaded,papers/fulltext/inventory/oa/pmid-33875439.url,papers/fulltext/inventory/oa/pmid-33875439.pdf,no,
current-program,pmid-33852858,33852858,10.1016/j.celrep.2021.108986,2021,Cellular mRNA triggers structural transformation of Ebola virus matrix protein VP40 to its essential regulatory form.,CViSB,Kristian Andersen,candidate,medium,candidate relevance plus virus/pathogen/assay support,PMC8568338,https://pubmed.ncbi.nlm.nih.gov/33852858/,https://pmc.ncbi.nlm.nih.gov/articles/PMC8568338/,https://doi.org/10.1016/j.celrep.2021.108986,pmc_open_access,pmc,oa_pdf_downloaded,papers/fulltext/inventory/oa/pmid-33852858.url,papers/fulltext/inventory/oa/pmid-33852858.pdf,no,
current-program,pmid-33780443,33780443,10.1371/journal.pcbi.1008837,2021,Pandemic velocity: Forecasting COVID-19 in the US with a machine learning & Bayesian time series compartmental model.,,,candidate,medium,candidate relevance plus virus/pathogen/assay support,PMC8031749,https://pubmed.ncbi.nlm.nih.gov/33780443/,https://pmc.ncbi.nlm.nih.gov/articles/PMC8031749/,https://doi.org/10.1371/journal.pcbi.1008837,pmc_open_access,pmc,oa_pdf_downloaded,papers/fulltext/inventory/oa/pmid-33780443.url,papers/fulltext/inventory/oa/pmid-33780443.pdf,no,
current-program,pmid-33654293,33654293,10.1038/s41591-020-01227-z,2021,Single-cell meta-analysis of SARS-CoV-2 entry genes across tissues and demographics.,,,candidate,medium,candidate relevance plus virus/pathogen/assay support,PMC9469728,https://pubmed.ncbi.nlm.nih.gov/33654293/,https://pmc.ncbi.nlm.nih.gov/articles/PMC9469728/,https://doi.org/10.1038/s41591-020-01227-z,pmc_open_access,pmc,oa_pdf_downloaded,papers/fulltext/inventory/oa/pmid-33654293.url,papers/fulltext/inventory/oa/pmid-33654293.pdf,no,
current-program,pmid-33600379,33600379,10.1172/jci.insight.141690,2021,Aging imparts cell-autonomous dysfunction to regulatory T cells during recovery from influenza pneumonia.,,,candidate,medium,candidate relevance plus virus/pathogen/assay support,PMC8026188,https://pubmed.ncbi.nlm.nih.gov/33600379/,https://pmc.ncbi.nlm.nih.gov/articles/PMC8026188/,https://doi.org/10.1172/jci.insight.141690,pmc_open_access,pmc,oa_pdf_downloaded,papers/fulltext/inventory/oa/pmid-33600379.url,papers/fulltext/inventory/oa/pmid-33600379.pdf,no,
current-program,pmid-33594355,33594355,10.21203/rs.3.rs-208849/v1,2021,SARS-CoV-2 European resurgence foretold: interplay of introductions and persistence by leveraging genomic and mobility data.,,,candidate,medium,candidate relevance plus virus/pathogen/assay support,PMC7885927,https://pubmed.ncbi.nlm.nih.gov/33594355/,https://pmc.ncbi.nlm.nih.gov/articles/PMC7885927/,https://doi.org/10.21203/rs.3.rs-208849/v1,pmc_open_access,pmc,oa_pdf_downloaded,papers/fulltext/inventory/oa/pmid-33594355.url,papers/fulltext/inventory/oa/pmid-33594355.pdf,no,
current-program,pmid-33586677,33586677,10.1172/JCI140299,2021,The lung microenvironment shapes a dysfunctional response of alveolar macrophages in aging.,,,candidate,medium,candidate relevance plus virus/pathogen/assay support,PMC7919859,https://pubmed.ncbi.nlm.nih.gov/33586677/,https://pmc.ncbi.nlm.nih.gov/articles/PMC7919859/,https://doi.org/10.1172/JCI140299,pmc_open_access,pmc,oa_pdf_downloaded,papers/fulltext/inventory/oa/pmid-33586677.url,papers/fulltext/inventory/oa/pmid-33586677.pdf,no,
current-program,pmid-33564763,33564763,10.1101/2021.02.05.429759,2021,Collaboration between the Fab and Fc contribute to maximal protection against SARS-CoV-2 in nonhuman primates following NVX-CoV2373 subunit vaccine with Matrix-M™ vaccination.,,,candidate,medium,candidate relevance plus virus/pathogen/assay support,PMC7872351,https://pubmed.ncbi.nlm.nih.gov/33564763/,https://pmc.ncbi.nlm.nih.gov/articles/PMC7872351/,https://doi.org/10.1101/2021.02.05.429759,pmc_open_access,pmc,oa_pdf_downloaded,papers/fulltext/inventory/oa/pmid-33564763.url,papers/fulltext/inventory/oa/pmid-33564763.pdf,no,
current-program,pmid-33532801,33532801,10.1101/2021.01.26.21250269,2021,Immune response to SARS-CoV-2 in the nasal mucosa in children and adults.,,,candidate,medium,candidate relevance plus virus/pathogen/assay support,PMC7852252,https://pubmed.ncbi.nlm.nih.gov/33532801/,https://pmc.ncbi.nlm.nih.gov/articles/PMC7852252/,https://doi.org/10.1101/2021.01.26.21250269,pmc_open_access,pmc,oa_pdf_downloaded,papers/fulltext/inventory/oa/pmid-33532801.url,papers/fulltext/inventory/oa/pmid-33532801.pdf,no,
current-program,pmid-33455849,33455849,10.1016/j.tim.2020.12.002,2021,Forest and Trees: Exploring Bacterial Virulence with Genome-wide Association Studies and Machine Learning.,SCRIPT,Alan Hauser,high,low,explicit cross-virus/shared-host signal,PMC8187264,https://pubmed.ncbi.nlm.nih.gov/33455849/,https://pmc.ncbi.nlm.nih.gov/articles/PMC8187264/,https://doi.org/10.1016/j.tim.2020.12.002,pmc_open_access,pmc,oa_pdf_downloaded,papers/fulltext/inventory/oa/pmid-33455849.url,papers/fulltext/inventory/oa/pmid-33455849.pdf,no,
current-program,pmid-33429418,33429418,10.1038/s41586-020-03148-w,2021,Circuits between infected macrophages and T cells in SARS-CoV-2 pneumonia.,CViSB,Donald S Grant;Richard Wunderink,candidate,medium,candidate relevance plus virus/pathogen/assay support,PMC7987233,https://pubmed.ncbi.nlm.nih.gov/33429418/,https://pmc.ncbi.nlm.nih.gov/articles/PMC7987233/,https://doi.org/10.1038/s41586-020-03148-w,pmc_open_access,pmc,oa_pdf_downloaded,papers/fulltext/inventory/oa/pmid-33429418.url,papers/fulltext/inventory/oa/pmid-33429418.pdf,no,
current-program,pmid-33427208,33427208,10.1172/jci.insight.143129,2021,Dissecting strategies to tune the therapeutic potential of SARS-CoV-2-specific monoclonal antibody CR3022.,UCLA-Persistent-BSI,Melissa Johnson,candidate,medium,candidate relevance plus virus/pathogen/assay support,PMC7821590,https://pubmed.ncbi.nlm.nih.gov/33427208/,https://pmc.ncbi.nlm.nih.gov/articles/PMC7821590/,https://doi.org/10.1172/jci.insight.143129,pmc_open_access,pmc,oa_pdf_downloaded,papers/fulltext/inventory/oa/pmid-33427208.url,papers/fulltext/inventory/oa/pmid-33427208.pdf,no,
pi-backlog,pmid-33305155,33305155,10.1002/hep4.1597,2020,MicroRNA-125b-5p Regulates Hepatocyte Proliferation During the Termination Phase of Liver Regeneration.,HPMI,Melanie Ott,candidate,medium,"viral context plus mechanism/resource terms: virus, pathway",PMC7706294,https://pubmed.ncbi.nlm.nih.gov/33305155/,https://pmc.ncbi.nlm.nih.gov/articles/PMC7706294/,https://doi.org/10.1002/hep4.1597,pmc_open_access,pmc,oa_pdf_downloaded,papers/fulltext/inventory/oa/pmid-33305155.url,papers/fulltext/inventory/oa/pmid-33305155.pdf,no,
pi-backlog,pmid-33052331,33052331,10.21203/rs.3.rs-86169/v1,2020,Clofazimine is a broad-spectrum coronavirus inhibitor that antagonizes SARS-CoV-2 replication in primary human cell culture and hamsters.,SYBIL,Sumit Chanda,high,medium,explicit cross-virus or shared-host framing in title/abstract,PMC7553155,https://pubmed.ncbi.nlm.nih.gov/33052331/,https://pmc.ncbi.nlm.nih.gov/articles/PMC7553155/,https://doi.org/10.21203/rs.3.rs-86169/v1,pmc_open_access,pmc,oa_pdf_downloaded,papers/fulltext/inventory/oa/pmid-33052331.url,papers/fulltext/inventory/oa/pmid-33052331.pdf,no,
pi-backlog,pmid-32839770,32839770,10.1101/2020.08.18.256776,2020,SARS-CoV-2 ORF9c Is a Membrane-Associated Protein that Suppresses Antiviral Responses in Cells.,HPMI,Nevan Krogan,candidate,medium,"viral context plus mechanism/resource terms: viral, coronavirus, sars, interactome",PMC7444281,https://pubmed.ncbi.nlm.nih.gov/32839770/,https://pmc.ncbi.nlm.nih.gov/articles/PMC7444281/,https://doi.org/10.1101/2020.08.18.256776,pmc_open_access,pmc,oa_pdf_downloaded,papers/fulltext/inventory/oa/pmid-32839770.url,papers/fulltext/inventory/oa/pmid-32839770.pdf,no,
pi-backlog,pmid-32822681,32822681,10.1016/j.jbiotec.2020.08.009,2020,A novel SUMOylation site in the influenza a virus NS1 protein identified with a highly sensitive FRET assay.,SYBIL,Adolfo Garcia-Sastre,candidate,medium,"viral context plus mechanism/resource terms: virus, viral, influenza, interaction",,https://pubmed.ncbi.nlm.nih.gov/32822681/,,https://doi.org/10.1016/j.jbiotec.2020.08.009,publisher_or_doi_only,publisher,manual_check_needed,papers/fulltext/inventory/oa/pmid-32822681.url,papers/fulltext/inventory/oa/pmid-32822681.pdf,yes,publisher/DOI link available but OA status not confirmed from current metadata
pi-backlog,pmid-32817938,32817938,10.1101/2020.08.08.238469,2020,An ultra-potent synthetic nanobody neutralizes SARS-CoV-2 by locking Spike into an inactive conformation.,SYBIL;HPMI,Adolfo Garcia-Sastre;Melanie Ott,candidate,medium,"viral context plus mechanism/resource terms: viral, sars, interaction",PMC7430568,https://pubmed.ncbi.nlm.nih.gov/32817938/,https://pmc.ncbi.nlm.nih.gov/articles/PMC7430568/,https://doi.org/10.1101/2020.08.08.238469,pmc_open_access,pmc,oa_pdf_downloaded,papers/fulltext/inventory/oa/pmid-32817938.url,papers/fulltext/inventory/oa/pmid-32817938.pdf,no,
pi-backlog,pmid-32522852,32522852,10.1128/JVI.00752-20,2020,A Genome-Wide CRISPR-Cas9 Screen Reveals the Requirement of Host Cell Sulfation for Schmallenberg Virus Infection.,SYBIL,Adolfo Garcia-Sastre,candidate,medium,"viral context plus mechanism/resource terms: virus, viral, dependency, screen",PMC7431805,https://pubmed.ncbi.nlm.nih.gov/32522852/,https://pmc.ncbi.nlm.nih.gov/articles/PMC7431805/,https://doi.org/10.1128/JVI.00752-20,pmc_open_access,pmc,oa_pdf_downloaded,papers/fulltext/inventory/oa/pmid-32522852.url,papers/fulltext/inventory/oa/pmid-32522852.pdf,no,
pi-backlog,pmid-32415096,32415096,10.1038/s41467-020-16140-9,2020,mRNA display with library of even-distribution reveals cellular interactors of influenza virus NS1.,SYBIL,Sumit Chanda,candidate,medium,"viral context plus mechanism/resource terms: virus, influenza, interaction",PMC7229031,https://pubmed.ncbi.nlm.nih.gov/32415096/,https://pmc.ncbi.nlm.nih.gov/articles/PMC7229031/,https://doi.org/10.1038/s41467-020-16140-9,pmc_open_access,pmc,oa_pdf_downloaded,papers/fulltext/inventory/oa/pmid-32415096.url,papers/fulltext/inventory/oa/pmid-32415096.pdf,no,
pi-backlog,pmid-32345665,32345665,10.21873/cgp.20184,2020,NDRG1-PLAG1 and TRPS1-PLAG1 Fusion Genes in Chondroid Syringoma.,CViSB,Kristian Andersen,high,low,explicit cross-virus or shared-host framing in title/abstract,PMC7259886,https://pubmed.ncbi.nlm.nih.gov/32345665/,https://pmc.ncbi.nlm.nih.gov/articles/PMC7259886/,https://doi.org/10.21873/cgp.20184,pmc_open_access,pmc,oa_pdf_downloaded,papers/fulltext/inventory/oa/pmid-32345665.url,papers/fulltext/inventory/oa/pmid-32345665.pdf,no,
pi-backlog,pmid-32287326,32287326,10.1371/journal.ppat.1008409,2020,Characterizing Emerging Canine H3 Influenza Viruses.,SYBIL,Adolfo Garcia-Sastre,unknown,low,"viral context plus mechanism/resource terms: influenza, network",PMC7182277,https://pubmed.ncbi.nlm.nih.gov/32287326/,https://pmc.ncbi.nlm.nih.gov/articles/PMC7182277/,https://doi.org/10.1371/journal.ppat.1008409,pmc_open_access,pmc,oa_pdf_downloaded,papers/fulltext/inventory/oa/pmid-32287326.url,papers/fulltext/inventory/oa/pmid-32287326.pdf,no,
pi-backlog,pmid-32240278,32240278,10.1371/journal.ppat.1008407,2020,Chemical intervention of influenza virus mRNA nuclear export.,SYBIL,Adolfo Garcia-Sastre,candidate,medium,"viral context plus mechanism/resource terms: virus, viral, influenza, pathway, screen",PMC7117665,https://pubmed.ncbi.nlm.nih.gov/32240278/,https://pmc.ncbi.nlm.nih.gov/articles/PMC7117665/,https://doi.org/10.1371/journal.ppat.1008407,pmc_open_access,pmc,oa_pdf_downloaded,papers/fulltext/inventory/oa/pmid-32240278.url,papers/fulltext/inventory/oa/pmid-32240278.pdf,no,
pi-backlog,pmid-32092305,32092305,10.1016/j.antiviral.2020.104747,2020,Influenza virus NS1- C/EBPβ gene regulatory complex inhibits RIG-I transcription.,SYBIL,Adolfo Garcia-Sastre,candidate,medium,"viral context plus mechanism/resource terms: virus, influenza, interaction",PMC10773002,https://pubmed.ncbi.nlm.nih.gov/32092305/,https://pmc.ncbi.nlm.nih.gov/articles/PMC10773002/,https://doi.org/10.1016/j.antiviral.2020.104747,pmc_open_access,pmc,oa_pdf_downloaded,papers/fulltext/inventory/oa/pmid-32092305.url,papers/fulltext/inventory/oa/pmid-32092305.pdf,no,
pi-backlog,pmid-32023470,32023470,10.1016/j.celrep.2020.01.015,2020,OTUB1 Is a Key Regulator of RIG-I-Dependent Immune Signaling and Is Targeted for Proteasomal Degradation by Influenza A NS1.,SYBIL,Adolfo Garcia-Sastre,candidate,medium,"viral context plus mechanism/resource terms: virus, viral, influenza, pathway",,https://pubmed.ncbi.nlm.nih.gov/32023470/,,https://doi.org/10.1016/j.celrep.2020.01.015,publisher_or_doi_only,publisher,manual_check_needed,papers/fulltext/inventory/oa/pmid-32023470.url,papers/fulltext/inventory/oa/pmid-32023470.pdf,yes,publisher/DOI link available but OA status not confirmed from current metadata
pi-backlog,pmid-31959425,31959425,10.1016/j.vaccine.2020.01.008,2020,Activity of human serum antibodies in an influenza virus hemagglutinin stalk-based ADCC reporter assay correlates with activity in a CD107a degranulation assay.,SYBIL,Adolfo Garcia-Sastre,candidate,medium,"viral context plus mechanism/resource terms: virus, influenza, interaction",PMC7117648,https://pubmed.ncbi.nlm.nih.gov/31959425/,https://pmc.ncbi.nlm.nih.gov/articles/PMC7117648/,https://doi.org/10.1016/j.vaccine.2020.01.008,pmc_open_access,pmc,oa_pdf_downloaded,papers/fulltext/inventory/oa/pmid-31959425.url,papers/fulltext/inventory/oa/pmid-31959425.pdf,no,
pi-backlog,pmid-31776276,31776276,10.1128/JVI.01410-19,2020,Viral Determinants in H5N1 Influenza A Virus Enable Productive Infection of HeLa Cells.,SYBIL,Adolfo Garcia-Sastre,candidate,medium,"viral context plus mechanism/resource terms: virus, viral, influenza, host factor",PMC6997754,https://pubmed.ncbi.nlm.nih.gov/31776276/,https://pmc.ncbi.nlm.nih.gov/articles/PMC6997754/,https://doi.org/10.1128/JVI.01410-19,pmc_open_access,pmc,oa_pdf_downloaded,papers/fulltext/inventory/oa/pmid-31776276.url,papers/fulltext/inventory/oa/pmid-31776276.pdf,no,
pi-backlog,pmid-31774362,31774362,10.1177/0954411919890998,2020,A comparative assessment of two designs of hip stem using rule-based simulation of combined osseointegration and remodelling.,SYBIL,Sumit Chanda,high,low,explicit cross-virus or shared-host framing in title/abstract,,https://pubmed.ncbi.nlm.nih.gov/31774362/,,https://doi.org/10.1177/0954411919890998,publisher_or_doi_only,publisher,manual_check_needed,papers/fulltext/inventory/oa/pmid-31774362.url,papers/fulltext/inventory/oa/pmid-31774362.pdf,yes,publisher/DOI link available but OA status not confirmed from current metadata
hpmi,pmid-33303586,33303586,10.1126/science.aaz4910,2020,Genetic interaction mapping informs integrative structure determination of protein complexes.,HPMI,,candidate,low,candidate relevance plus virus/pathogen/assay support,PMC7946025,https://pubmed.ncbi.nlm.nih.gov/33303586/,https://pmc.ncbi.nlm.nih.gov/articles/PMC7946025/,https://doi.org/10.1126/science.aaz4910,pmc_open_access,pmc,oa_pdf_downloaded,papers/fulltext/inventory/oa/pmid-33303586.url,papers/fulltext/inventory/oa/pmid-33303586.pdf,no,
hpmi,pmid-33154106,33154106,10.1126/science.abe3255,2020,An ultrapotent synthetic nanobody neutralizes SARS-CoV-2 by stabilizing inactive Spike.,HPMI,,candidate,medium,candidate relevance plus virus/pathogen/assay support,PMC7857409,https://pubmed.ncbi.nlm.nih.gov/33154106/,https://pmc.ncbi.nlm.nih.gov/articles/PMC7857409/,https://doi.org/10.1126/science.abe3255,pmc_open_access,pmc,oa_pdf_downloaded,papers/fulltext/inventory/oa/pmid-33154106.url,papers/fulltext/inventory/oa/pmid-33154106.pdf,no,
hpmi,pmid-33097660,33097660,10.1073/pnas.2016650117,2020,SARS-CoV-2 Orf6 hijacks Nup98 to block STAT nuclear import and antagonize interferon signaling.,HPMI,,candidate,medium,candidate relevance plus virus/pathogen/assay support,PMC7668094,https://pubmed.ncbi.nlm.nih.gov/33097660/,https://pmc.ncbi.nlm.nih.gov/articles/PMC7668094/,https://doi.org/10.1073/pnas.2016650117,pmc_open_access,pmc,oa_pdf_downloaded,papers/fulltext/inventory/oa/pmid-33097660.url,papers/fulltext/inventory/oa/pmid-33097660.pdf,no,
hpmi,pmid-33060197,33060197,10.1126/science.abe9403,2020,Comparative host-coronavirus protein interaction networks reveal pan-viral disease mechanisms.,HPMI,,high,medium,explicit cross-virus/shared-host signal,PMC7808408,https://pubmed.ncbi.nlm.nih.gov/33060197/,https://pmc.ncbi.nlm.nih.gov/articles/PMC7808408/,https://doi.org/10.1126/science.abe9403,pmc_open_access,pmc,oa_pdf_downloaded,papers/fulltext/inventory/oa/pmid-33060197.url,papers/fulltext/inventory/oa/pmid-33060197.pdf,no,
hpmi,pmid-32995787,32995787,10.1101/2020.09.24.312298,2020,Functional genomic screens identify human host factors for SARS-CoV-2 and common cold coronaviruses.,HPMI,,candidate,medium,candidate relevance plus virus/pathogen/assay support,PMC7523113,https://pubmed.ncbi.nlm.nih.gov/32995787/,https://pmc.ncbi.nlm.nih.gov/articles/PMC7523113/,https://doi.org/10.1101/2020.09.24.312298,pmc_open_access,pmc,oa_pdf_downloaded,papers/fulltext/inventory/oa/pmid-32995787.url,papers/fulltext/inventory/oa/pmid-32995787.pdf,no,
hpmi,pmid-32785687,32785687,10.1083/jcb.202006159,2020,Crippling life support for SARS-CoV-2 and other viruses through synthetic lethality.,HPMI,,candidate,medium,candidate relevance plus virus/pathogen/assay support,PMC7659715,https://pubmed.ncbi.nlm.nih.gov/32785687/,https://pmc.ncbi.nlm.nih.gov/articles/PMC7659715/,https://doi.org/10.1083/jcb.202006159,pmc_open_access,pmc,oa_pdf_downloaded,papers/fulltext/inventory/oa/pmid-32785687.url,papers/fulltext/inventory/oa/pmid-32785687.pdf,no,
hpmi,pmid-32763915,32763915,10.1126/science.abd3629,2020,A molecular pore spans the double membrane of the coronavirus replication organelle.,HPMI,,candidate,medium,candidate relevance plus virus/pathogen/assay support,PMC7665310,https://pubmed.ncbi.nlm.nih.gov/32763915/,https://pmc.ncbi.nlm.nih.gov/articles/PMC7665310/,https://doi.org/10.1126/science.abd3629,pmc_open_access,pmc,oa_pdf_downloaded,papers/fulltext/inventory/oa/pmid-32763915.url,papers/fulltext/inventory/oa/pmid-32763915.pdf,no,
hpmi,pmid-32719457,32719457,10.1038/s41594-020-0463-z,2020,Structural basis of CD4 downregulation by HIV-1 Nef.,HPMI,,candidate,medium,candidate relevance plus virus/pathogen/assay support,PMC7483821,https://pubmed.ncbi.nlm.nih.gov/32719457/,https://pmc.ncbi.nlm.nih.gov/articles/PMC7483821/,https://doi.org/10.1038/s41594-020-0463-z,pmc_open_access,pmc,oa_pdf_downloaded,papers/fulltext/inventory/oa/pmid-32719457.url,papers/fulltext/inventory/oa/pmid-32719457.pdf,no,
hpmi,pmid-32645325,32645325,10.1016/j.cell.2020.06.034,2020,The Global Phosphorylation Landscape of SARS-CoV-2 Infection.,HPMI,,candidate,medium,candidate relevance plus virus/pathogen/assay support,PMC7321036,https://pubmed.ncbi.nlm.nih.gov/32645325/,https://pmc.ncbi.nlm.nih.gov/articles/PMC7321036/,https://doi.org/10.1016/j.cell.2020.06.034,pmc_open_access,pmc,oa_pdf_downloaded,papers/fulltext/inventory/oa/pmid-32645325.url,papers/fulltext/inventory/oa/pmid-32645325.pdf,no,
hpmi,pmid-32511329,32511329,10.1101/2020.03.22.002386,2020,A SARS-CoV-2-Human Protein-Protein Interaction Map Reveals Drug Targets and Potential Drug-Repurposing.,HPMI,,candidate,medium,candidate relevance plus virus/pathogen/assay support,PMC7239059,https://pubmed.ncbi.nlm.nih.gov/32511329/,https://pmc.ncbi.nlm.nih.gov/articles/PMC7239059/,https://doi.org/10.1101/2020.03.22.002386,pmc_open_access,pmc,oa_pdf_downloaded,papers/fulltext/inventory/oa/pmid-32511329.url,papers/fulltext/inventory/oa/pmid-32511329.pdf,no,
hpmi,pmid-32444466,32444466,10.1158/2159-8290.CD-20-0559,2020,The Landscape of Human Cancer Proteins Targeted by SARS-CoV-2.,HPMI,,candidate,medium,candidate relevance plus virus/pathogen/assay support,PMC7357668,https://pubmed.ncbi.nlm.nih.gov/32444466/,https://pmc.ncbi.nlm.nih.gov/articles/PMC7357668/,https://doi.org/10.1158/2159-8290.CD-20-0559,pmc_open_access,pmc,oa_pdf_downloaded,papers/fulltext/inventory/oa/pmid-32444466.url,papers/fulltext/inventory/oa/pmid-32444466.pdf,no,
hpmi,pmid-32353859,32353859,10.1038/s41586-020-2286-9,2020,A SARS-CoV-2 protein interaction map reveals targets for drug repurposing.,HPMI,,candidate,medium,candidate relevance plus virus/pathogen/assay support,PMC7431030,https://pubmed.ncbi.nlm.nih.gov/32353859/,https://pmc.ncbi.nlm.nih.gov/articles/PMC7431030/,https://doi.org/10.1038/s41586-020-2286-9,pmc_open_access,pmc,oa_pdf_downloaded,papers/fulltext/inventory/oa/pmid-32353859.url,papers/fulltext/inventory/oa/pmid-32353859.pdf,no,
hpmi,pmid-32084337,32084337,10.1016/j.molcel.2020.02.004,2020,A Quantitative Genetic Interaction Map of HIV Infection.,HPMI,,candidate,medium,candidate relevance plus virus/pathogen/assay support,PMC7462049,https://pubmed.ncbi.nlm.nih.gov/32084337/,https://pmc.ncbi.nlm.nih.gov/articles/PMC7462049/,https://doi.org/10.1016/j.molcel.2020.02.004,pmc_open_access,pmc,oa_pdf_downloaded,papers/fulltext/inventory/oa/pmid-32084337.url,papers/fulltext/inventory/oa/pmid-32084337.pdf,no,
hpmi,pmid-31951200,31951200,10.7554/eLife.51461,2020,Dynamic post-translational modification profiling of Mycobacterium tuberculosis-infected primary macrophages.,HPMI,,candidate,medium,candidate relevance plus virus/pathogen/assay support,PMC7030789,https://pubmed.ncbi.nlm.nih.gov/31951200/,https://pmc.ncbi.nlm.nih.gov/articles/PMC7030789/,https://doi.org/10.7554/eLife.51461,pmc_open_access,pmc,oa_pdf_downloaded,papers/fulltext/inventory/oa/pmid-31951200.url,papers/fulltext/inventory/oa/pmid-31951200.pdf,no,
current-program,pmid-34013276,34013276,10.1101/2020.08.05.238188,2020,Alveolitis in severe SARS-CoV-2 pneumonia is driven by self-sustaining circuits between infected alveolar macrophages and T cells.,CViSB,Donald S Grant;Richard Wunderink,candidate,medium,candidate relevance plus virus/pathogen/assay support,PMC8132268,https://pubmed.ncbi.nlm.nih.gov/34013276/,https://pmc.ncbi.nlm.nih.gov/articles/PMC8132268/,https://doi.org/10.1101/2020.08.05.238188,pmc_open_access,pmc,oa_pdf_downloaded,papers/fulltext/inventory/oa/pmid-34013276.url,papers/fulltext/inventory/oa/pmid-34013276.pdf,no,
current-program,pmid-33257409,33257409,10.1126/scitranslmed.abe4282,2020,Lung transplantation for patients with severe COVID-19.,,,candidate,medium,candidate relevance plus virus/pathogen/assay support,PMC8050952,https://pubmed.ncbi.nlm.nih.gov/33257409/,https://pmc.ncbi.nlm.nih.gov/articles/PMC8050952/,https://doi.org/10.1126/scitranslmed.abe4282,pmc_open_access,pmc,oa_pdf_downloaded,papers/fulltext/inventory/oa/pmid-33257409.url,papers/fulltext/inventory/oa/pmid-33257409.pdf,no,
current-program,pmid-33243278,33243278,10.1186/s12985-020-01459-y,2020,Elevated L-threonine is a biomarker for Lassa fever and Ebola.,CViSB,Robert Garry;Donald S Grant,candidate,medium,candidate relevance plus virus/pathogen/assay support,PMC7690152,https://pubmed.ncbi.nlm.nih.gov/33243278/,https://pmc.ncbi.nlm.nih.gov/articles/PMC7690152/,https://doi.org/10.1186/s12985-020-01459-y,pmc_open_access,pmc,oa_pdf_downloaded,papers/fulltext/inventory/oa/pmid-33243278.url,papers/fulltext/inventory/oa/pmid-33243278.pdf,no,
current-program,pmid-33200139,33200139,10.1101/2020.11.11.20229724,2020,Epidemiological and immunological features of obesity and SARS-CoV-2.,,,candidate,medium,candidate relevance plus virus/pathogen/assay support,PMC7668749,https://pubmed.ncbi.nlm.nih.gov/33200139/,https://pmc.ncbi.nlm.nih.gov/articles/PMC7668749/,https://doi.org/10.1101/2020.11.11.20229724,pmc_open_access,pmc,oa_pdf_downloaded,papers/fulltext/inventory/oa/pmid-33200139.url,papers/fulltext/inventory/oa/pmid-33200139.pdf,no,
current-program,pmid-33171099,33171099,10.1016/j.cell.2020.10.051,2020,Quick COVID-19 Healers Sustain Anti-SARS-CoV-2 Antibody Production.,SCRIPT,Alan Hauser,candidate,medium,candidate relevance plus virus/pathogen/assay support,PMC7608032,https://pubmed.ncbi.nlm.nih.gov/33171099/,https://pmc.ncbi.nlm.nih.gov/articles/PMC7608032/,https://doi.org/10.1016/j.cell.2020.10.051,pmc_open_access,pmc,oa_pdf_downloaded,papers/fulltext/inventory/oa/pmid-33171099.url,papers/fulltext/inventory/oa/pmid-33171099.pdf,no,
current-program,pmid-33127906,33127906,10.1038/s41467-020-19057-5,2020,SARS-CoV-2 viral load is associated with increased disease severity and mortality.,,,candidate,medium,candidate relevance plus virus/pathogen/assay support,PMC7603483,https://pubmed.ncbi.nlm.nih.gov/33127906/,https://pmc.ncbi.nlm.nih.gov/articles/PMC7603483/,https://doi.org/10.1038/s41467-020-19057-5,pmc_open_access,pmc,oa_pdf_downloaded,papers/fulltext/inventory/oa/pmid-33127906.url,papers/fulltext/inventory/oa/pmid-33127906.pdf,no,
current-program,pmid-33037213,33037213,10.1038/s41467-020-18877-9,2020,Accommodating individual travel history and unsampled diversity in Bayesian phylogeographic inference of SARS-CoV-2.,CViSB,Kristian Andersen,candidate,medium,candidate relevance plus virus/pathogen/assay support,PMC7547076,https://pubmed.ncbi.nlm.nih.gov/33037213/,https://pmc.ncbi.nlm.nih.gov/articles/PMC7547076/,https://doi.org/10.1038/s41467-020-18877-9,pmc_open_access,pmc,oa_pdf_downloaded,papers/fulltext/inventory/oa/pmid-33037213.url,papers/fulltext/inventory/oa/pmid-33037213.pdf,no,
current-program,pmid-32912998,32912998,10.1126/science.abc8169,2020,The emergence of SARS-CoV-2 in Europe and North America.,,,candidate,medium,candidate relevance plus virus/pathogen/assay support,PMC7810038,https://pubmed.ncbi.nlm.nih.gov/32912998/,https://pmc.ncbi.nlm.nih.gov/articles/PMC7810038/,https://doi.org/10.1126/science.abc8169,pmc_open_access,pmc,oa_pdf_downloaded,papers/fulltext/inventory/oa/pmid-32912998.url,papers/fulltext/inventory/oa/pmid-32912998.pdf,no,
current-program,pmid-32907984,32907984,10.1128/JVI.01682-20,2020,Broad-Spectrum Antiviral Entry Inhibition by Interfacially Active Peptides.,CViSB,Robert Garry,high,medium,explicit cross-virus/shared-host signal,PMC7654261,https://pubmed.ncbi.nlm.nih.gov/32907984/,https://pmc.ncbi.nlm.nih.gov/articles/PMC7654261/,https://doi.org/10.1128/JVI.01682-20,pmc_open_access,pmc,oa_pdf_downloaded,papers/fulltext/inventory/oa/pmid-32907984.url,papers/fulltext/inventory/oa/pmid-32907984.pdf,no,
current-program,pmid-32878931,32878931,10.1128/mSphere.00622-20,2020,Evolution of Early SARS-CoV-2 and Cross-Coronavirus Immunity.,,,candidate,medium,candidate relevance plus virus/pathogen/assay support,PMC7471005,https://pubmed.ncbi.nlm.nih.gov/32878931/,https://pmc.ncbi.nlm.nih.gov/articles/PMC7471005/,https://doi.org/10.1128/mSphere.00622-20,pmc_open_access,pmc,oa_pdf_downloaded,papers/fulltext/inventory/oa/pmid-32878931.url,papers/fulltext/inventory/oa/pmid-32878931.pdf,no,
current-program,pmid-32755751,32755751,10.1016/j.coi.2020.06.003,2020,"Dissecting the antibody-OME: past, present, and future.",,,candidate,medium,candidate relevance plus virus/pathogen/assay support,,https://pubmed.ncbi.nlm.nih.gov/32755751/,,https://doi.org/10.1016/j.coi.2020.06.003,publisher_or_doi_only,publisher,manual_check_needed,papers/fulltext/inventory/oa/pmid-32755751.url,papers/fulltext/inventory/oa/pmid-32755751.pdf,yes,publisher/DOI link available but OA status not confirmed from current metadata
current-program,pmid-32747391,32747391,10.1183/13993003.02049-2020,2020,Pathogenesis of COVID-19-induced ARDS: implications for an ageing population.,,,candidate,medium,candidate relevance plus virus/pathogen/assay support,PMC7397945,https://pubmed.ncbi.nlm.nih.gov/32747391/,https://pmc.ncbi.nlm.nih.gov/articles/PMC7397945/,https://doi.org/10.1183/13993003.02049-2020,pmc_open_access,pmc,oa_pdf_downloaded,papers/fulltext/inventory/oa/pmid-32747391.url,papers/fulltext/inventory/oa/pmid-32747391.pdf,no,
current-program,pmid-32720752,32720752,10.1111/acel.13180,2020,Impaired phagocytic function in CX3CR1(+) tissue-resident skeletal muscle macrophages prevents muscle recovery after influenza A virus-induced pneumonia in old mice.,,,candidate,medium,candidate relevance plus virus/pathogen/assay support,PMC7587460,https://pubmed.ncbi.nlm.nih.gov/32720752/,https://pmc.ncbi.nlm.nih.gov/articles/PMC7587460/,https://doi.org/10.1111/acel.13180,pmc_open_access,pmc,oa_pdf_downloaded,papers/fulltext/inventory/oa/pmid-32720752.url,papers/fulltext/inventory/oa/pmid-32720752.pdf,no,
current-program,pmid-32609537,32609537,10.1165/rcmb.2020-0169TR,2020,Age-Dependent Differences in T-Cell Responses to Influenza A Virus.,,,candidate,medium,candidate relevance plus virus/pathogen/assay support,PMC7528914,https://pubmed.ncbi.nlm.nih.gov/32609537/,https://pmc.ncbi.nlm.nih.gov/articles/PMC7528914/,https://doi.org/10.1165/rcmb.2020-0169TR,pmc_open_access,pmc,oa_pdf_downloaded,papers/fulltext/inventory/oa/pmid-32609537.url,papers/fulltext/inventory/oa/pmid-32609537.pdf,no,
current-program,pmid-32596695,32596695,10.1101/2020.06.22.165464,2020,"Accommodating individual travel history, global mobility, and unsampled diversity in phylogeography: a SARS-CoV-2 case study.",CViSB,Kristian Andersen,candidate,medium,candidate relevance plus virus/pathogen/assay support,PMC7315996,https://pubmed.ncbi.nlm.nih.gov/32596695/,https://pmc.ncbi.nlm.nih.gov/articles/PMC7315996/,https://doi.org/10.1101/2020.06.22.165464,pmc_open_access,pmc,oa_pdf_downloaded,papers/fulltext/inventory/oa/pmid-32596695.url,papers/fulltext/inventory/oa/pmid-32596695.pdf,no,
current-program,pmid-32550242,32550242,,2020,SARS-CoV-2 Entry Genes Are Most Highly Expressed in Nasal Goblet and Ciliated Cells within Human Airways.,,,candidate,medium,candidate relevance plus virus/pathogen/assay support,PMC7280877,https://pubmed.ncbi.nlm.nih.gov/32550242/,https://pmc.ncbi.nlm.nih.gov/articles/PMC7280877/,,pmc_open_access,pmc,oa_pdf_downloaded,papers/fulltext/inventory/oa/pmid-32550242.url,papers/fulltext/inventory/oa/pmid-32550242.pdf,no,
current-program,pmid-32540903,32540903,10.1126/science.abc7520,2020,Isolation of potent SARS-CoV-2 neutralizing antibodies and protection from disease in a small animal model.,,,candidate,medium,candidate relevance plus virus/pathogen/assay support,PMC7299280,https://pubmed.ncbi.nlm.nih.gov/32540903/,https://pmc.ncbi.nlm.nih.gov/articles/PMC7299280/,https://doi.org/10.1126/science.abc7520,pmc_open_access,pmc,oa_pdf_downloaded,papers/fulltext/inventory/oa/pmid-32540903.url,papers/fulltext/inventory/oa/pmid-32540903.pdf,no,
current-program,pmid-32513865,32513865,10.1126/science.abb9263,2020,Genomic surveillance reveals multiple introductions of SARS-CoV-2 into Northern California.,CViSB,Kristian Andersen,candidate,medium,candidate relevance plus virus/pathogen/assay support,PMC7286545,https://pubmed.ncbi.nlm.nih.gov/32513865/,https://pmc.ncbi.nlm.nih.gov/articles/PMC7286545/,https://doi.org/10.1126/science.abb9263,pmc_open_access,pmc,oa_pdf_downloaded,papers/fulltext/inventory/oa/pmid-32513865.url,papers/fulltext/inventory/oa/pmid-32513865.pdf,no,
current-program,pmid-32511558,32511558,10.1101/2020.05.19.20107144,2020,A Unique Clade of SARS-CoV-2 Viruses is Associated with Lower Viral Loads in Patient Upper Airways.,SCRIPT,Alan Hauser,candidate,medium,candidate relevance plus virus/pathogen/assay support,PMC7274239,https://pubmed.ncbi.nlm.nih.gov/32511558/,https://pmc.ncbi.nlm.nih.gov/articles/PMC7274239/,https://doi.org/10.1101/2020.05.19.20107144,pmc_open_access,pmc,oa_pdf_downloaded,papers/fulltext/inventory/oa/pmid-32511558.url,papers/fulltext/inventory/oa/pmid-32511558.pdf,no,
current-program,pmid-32511433,32511433,10.1101/2020.04.13.20063784,2020,Comparative dynamic aerosol efficiencies of three emergent coronaviruses and the unusual persistence of SARS-CoV-2 in aerosol suspensions.,CViSB,Melissa Johnson;Robert Garry;Elaine Reed,high,low,explicit cross-virus/shared-host signal,PMC7217084,https://pubmed.ncbi.nlm.nih.gov/32511433/,https://pmc.ncbi.nlm.nih.gov/articles/PMC7217084/,https://doi.org/10.1101/2020.04.13.20063784,pmc_open_access,pmc,oa_pdf_downloaded,papers/fulltext/inventory/oa/pmid-32511433.url,papers/fulltext/inventory/oa/pmid-32511433.pdf,no,
current-program,pmid-32511416,32511416,10.1101/2020.05.21.109322,2020,The emergence of SARS-CoV-2 in Europe and the US.,,,candidate,medium,candidate relevance plus virus/pathogen/assay support,PMC7265688,https://pubmed.ncbi.nlm.nih.gov/32511416/,https://pmc.ncbi.nlm.nih.gov/articles/PMC7265688/,https://doi.org/10.1101/2020.05.21.109322,pmc_open_access,pmc,oa_pdf_downloaded,papers/fulltext/inventory/oa/pmid-32511416.url,papers/fulltext/inventory/oa/pmid-32511416.pdf,no,
current-program,pmid-32458974,32458974,10.1093/molbev/msaa130,2020,Gradients Do Grow on Trees: A Linear-Time O(N)-Dimensional Gradient for Statistical Phylogenetics.,,,candidate,medium,candidate relevance plus virus/pathogen/assay support,PMC7530611,https://pubmed.ncbi.nlm.nih.gov/32458974/,https://pmc.ncbi.nlm.nih.gov/articles/PMC7530611/,https://doi.org/10.1093/molbev/msaa130,pmc_open_access,pmc,oa_pdf_downloaded,papers/fulltext/inventory/oa/pmid-32458974.url,papers/fulltext/inventory/oa/pmid-32458974.pdf,no,
current-program,pmid-32407507,32407507,10.1093/molbev/msaa117,2020,"Genomic Epidemiology, Evolution, and Transmission Dynamics of Porcine Deltacoronavirus.",,,candidate,medium,candidate relevance plus virus/pathogen/assay support,PMC7454817,https://pubmed.ncbi.nlm.nih.gov/32407507/,https://pmc.ncbi.nlm.nih.gov/articles/PMC7454817/,https://doi.org/10.1093/molbev/msaa117,pmc_open_access,pmc,oa_pdf_downloaded,papers/fulltext/inventory/oa/pmid-32407507.url,papers/fulltext/inventory/oa/pmid-32407507.pdf,no,
current-program,pmid-32359479,32359479,10.1016/j.molmed.2020.02.008,2020,"COVID-19: Epidemiology, Evolution, and Cross-Disciplinary Perspectives.",,,candidate,medium,candidate relevance plus virus/pathogen/assay support,PMC7118693,https://pubmed.ncbi.nlm.nih.gov/32359479/,https://pmc.ncbi.nlm.nih.gov/articles/PMC7118693/,https://doi.org/10.1016/j.molmed.2020.02.008,pmc_open_access,pmc,oa_pdf_downloaded,papers/fulltext/inventory/oa/pmid-32359479.url,papers/fulltext/inventory/oa/pmid-32359479.pdf,no,
current-program,pmid-32327758,32327758,10.1038/s41591-020-0868-6,2020,SARS-CoV-2 entry factors are highly expressed in nasal epithelial cells together with innate immune genes.,,,candidate,medium,candidate relevance plus virus/pathogen/assay support,PMC8637938,https://pubmed.ncbi.nlm.nih.gov/32327758/,https://pmc.ncbi.nlm.nih.gov/articles/PMC8637938/,https://doi.org/10.1038/s41591-020-0868-6,pmc_open_access,pmc,oa_pdf_downloaded,papers/fulltext/inventory/oa/pmid-32327758.url,papers/fulltext/inventory/oa/pmid-32327758.pdf,no,
current-program,pmid-32156726,32156726,10.1073/pnas.1919198117,2020,A comparative genomics approach identifies contact-dependent growth inhibition as a virulence determinant.,SCRIPT,Alan Hauser,high,medium,explicit cross-virus/shared-host signal,PMC7104216,https://pubmed.ncbi.nlm.nih.gov/32156726/,https://pmc.ncbi.nlm.nih.gov/articles/PMC7104216/,https://doi.org/10.1073/pnas.1919198117,pmc_open_access,pmc,oa_pdf_downloaded,papers/fulltext/inventory/oa/pmid-32156726.url,papers/fulltext/inventory/oa/pmid-32156726.pdf,no,
current-program,pmid-32123088,32123088,10.1073/pnas.1906954117,2020,Assessing the role of live poultry trade in community-structured transmission of avian influenza in China.,,,candidate,medium,candidate relevance plus virus/pathogen/assay support,PMC7084072,https://pubmed.ncbi.nlm.nih.gov/32123088/,https://pmc.ncbi.nlm.nih.gov/articles/PMC7084072/,https://doi.org/10.1073/pnas.1906954117,pmc_open_access,pmc,oa_pdf_downloaded,papers/fulltext/inventory/oa/pmid-32123088.url,papers/fulltext/inventory/oa/pmid-32123088.pdf,no,
current-program,pmid-32120884,32120884,10.3390/v12030260,2020,Proteomics Computational Analyses Suggest That the Envelope Glycoproteins of Segmented Jingmen Flavi-Like Viruses are Class II Viral Fusion Proteins (b-Penetrenes) with Mucin-Like Domains.,CViSB,Robert Garry,candidate,medium,candidate relevance plus virus/pathogen/assay support,PMC7150890,https://pubmed.ncbi.nlm.nih.gov/32120884/,https://pmc.ncbi.nlm.nih.gov/articles/PMC7150890/,https://doi.org/10.3390/v12030260,pmc_open_access,pmc,oa_pdf_downloaded,papers/fulltext/inventory/oa/pmid-32120884.url,papers/fulltext/inventory/oa/pmid-32120884.pdf,no,
current-program,pmid-32065600,32065600,10.1001/jamainternmed.2019.7454,2020,Comparison of Cardiovascular and Safety Outcomes of Chlorthalidone vs Hydrochlorothiazide to Treat Hypertension.,,,high,low,explicit cross-virus/shared-host signal,PMC7042845,https://pubmed.ncbi.nlm.nih.gov/32065600/,https://pmc.ncbi.nlm.nih.gov/articles/PMC7042845/,https://doi.org/10.1001/jamainternmed.2019.7454,pmc_open_access,pmc,oa_pdf_downloaded,papers/fulltext/inventory/oa/pmid-32065600.url,papers/fulltext/inventory/oa/pmid-32065600.pdf,no,
current-program,pmid-31714898,31714898,10.1172/JCI128368,2020,Linear ubiquitin assembly complex regulates lung epithelial-driven responses during influenza infection.,,,candidate,medium,candidate relevance plus virus/pathogen/assay support,PMC7269564,https://pubmed.ncbi.nlm.nih.gov/31714898/,https://pmc.ncbi.nlm.nih.gov/articles/PMC7269564/,https://doi.org/10.1172/JCI128368,pmc_open_access,pmc,oa_pdf_downloaded,papers/fulltext/inventory/oa/pmid-31714898.url,papers/fulltext/inventory/oa/pmid-31714898.pdf,no,
pi-backlog,pmid-31921042,31921042,10.3389/fmicb.2019.02862,2019,"Functional Characterization and Direct Comparison of Influenza A, B, C, and D NS1 Proteins in vitro and in vivo.",SYBIL,Adolfo Garcia-Sastre,candidate,medium,"viral context plus mechanism/resource terms: viral, influenza, interaction",PMC6927920,https://pubmed.ncbi.nlm.nih.gov/31921042/,https://pmc.ncbi.nlm.nih.gov/articles/PMC6927920/,https://doi.org/10.3389/fmicb.2019.02862,pmc_open_access,pmc,oa_pdf_downloaded,papers/fulltext/inventory/oa/pmid-31921042.url,papers/fulltext/inventory/oa/pmid-31921042.pdf,no,
pi-backlog,pmid-31851929,31851929,10.1016/j.celrep.2019.11.070,2019,Viral Fitness Landscapes in Diverse Host Species Reveal Multiple Evolutionary Lines for the NS1 Gene of Influenza A Viruses.,SYBIL,Adolfo Garcia-Sastre,candidate,medium,"viral context plus mechanism/resource terms: viral, influenza, host response",PMC7010214,https://pubmed.ncbi.nlm.nih.gov/31851929/,https://pmc.ncbi.nlm.nih.gov/articles/PMC7010214/,https://doi.org/10.1016/j.celrep.2019.11.070,pmc_open_access,pmc,oa_pdf_downloaded,papers/fulltext/inventory/oa/pmid-31851929.url,papers/fulltext/inventory/oa/pmid-31851929.pdf,no,
pi-backlog,pmid-31697957,31697957,10.1016/j.antiviral.2019.104645,2019,2019 meeting of the global virus network.,CViSB,Robert Garry,candidate,medium,"viral context plus mechanism/resource terms: virus, viral, network",PMC7127664,https://pubmed.ncbi.nlm.nih.gov/31697957/,https://pmc.ncbi.nlm.nih.gov/articles/PMC7127664/,https://doi.org/10.1016/j.antiviral.2019.104645,pmc_open_access,pmc,oa_pdf_downloaded,papers/fulltext/inventory/oa/pmid-31697957.url,papers/fulltext/inventory/oa/pmid-31697957.pdf,no,
pi-backlog,pmid-31682641,31682641,10.1371/journal.ppat.1007634,2019,The ETS transcription factor ELF1 regulates a broadly antiviral program distinct from the type I interferon response.,SYBIL,Adolfo Garcia-Sastre,high,medium,explicit cross-virus or shared-host framing in title/abstract,PMC6932815,https://pubmed.ncbi.nlm.nih.gov/31682641/,https://pmc.ncbi.nlm.nih.gov/articles/PMC6932815/,https://doi.org/10.1371/journal.ppat.1007634,pmc_open_access,pmc,oa_pdf_downloaded,papers/fulltext/inventory/oa/pmid-31682641.url,papers/fulltext/inventory/oa/pmid-31682641.pdf,no,
pi-backlog,pmid-31603272,31603272,10.15252/embr.201948766,2019,Virus-induced autophagic degradation of STAT2 as a mechanism for interferon signaling blockade.,SYBIL,Adolfo Garcia-Sastre,candidate,medium,"viral context plus mechanism/resource terms: virus, viral, pathway",PMC6831997,https://pubmed.ncbi.nlm.nih.gov/31603272/,https://pmc.ncbi.nlm.nih.gov/articles/PMC6831997/,https://doi.org/10.15252/embr.201948766,pmc_open_access,pmc,oa_pdf_downloaded,papers/fulltext/inventory/oa/pmid-31603272.url,papers/fulltext/inventory/oa/pmid-31603272.pdf,no,
pi-backlog,pmid-31424151,31424151,10.1111/cmi.13101,2019,Biphasic regulation of RNA interference during rotavirus infection by modulation of Argonaute2.,SYBIL,Sumit Chanda,candidate,medium,"viral context plus mechanism/resource terms: virus, viral, pathway",PMC7162324,https://pubmed.ncbi.nlm.nih.gov/31424151/,https://pmc.ncbi.nlm.nih.gov/articles/PMC7162324/,https://doi.org/10.1111/cmi.13101,pmc_open_access,pmc,oa_pdf_downloaded,papers/fulltext/inventory/oa/pmid-31424151.url,papers/fulltext/inventory/oa/pmid-31424151.pdf,no,
pi-backlog,pmid-31375585,31375585,10.1128/JVI.00559-19,2019,Innate Immune Response to Influenza Virus at Single-Cell Resolution in Human Epithelial Cells Revealed Paracrine Induction of Interferon Lambda 1.,SYBIL,Adolfo Garcia-Sastre,candidate,medium,"viral context plus mechanism/resource terms: virus, viral, influenza, interaction",PMC6798124,https://pubmed.ncbi.nlm.nih.gov/31375585/,https://pmc.ncbi.nlm.nih.gov/articles/PMC6798124/,https://doi.org/10.1128/JVI.00559-19,pmc_open_access,pmc,oa_pdf_downloaded,papers/fulltext/inventory/oa/pmid-31375585.url,papers/fulltext/inventory/oa/pmid-31375585.pdf,no,
pi-backlog,pmid-31161074,31161074,10.1186/s40164-019-0136-y,2019,Novel GTF2I-PDGFRB and IKZF1-TYW1 fusions in pediatric leukemia with normal karyotype.,CViSB,Kristian Andersen,high,low,explicit cross-virus or shared-host framing in title/abstract,PMC6542082,https://pubmed.ncbi.nlm.nih.gov/31161074/,https://pmc.ncbi.nlm.nih.gov/articles/PMC6542082/,https://doi.org/10.1186/s40164-019-0136-y,pmc_open_access,pmc,oa_pdf_downloaded,papers/fulltext/inventory/oa/pmid-31161074.url,papers/fulltext/inventory/oa/pmid-31161074.pdf,no,
pi-backlog,pmid-31043530,31043530,10.1128/JVI.00151-19,2019,Host-Specific NS5 Ubiquitination Determines Yellow Fever Virus Tropism.,SYBIL,Adolfo Garcia-Sastre,candidate,medium,"viral context plus mechanism/resource terms: virus, viral, dengue, zika, pathway, interaction",PMC6600188,https://pubmed.ncbi.nlm.nih.gov/31043530/,https://pmc.ncbi.nlm.nih.gov/articles/PMC6600188/,https://doi.org/10.1128/JVI.00151-19,pmc_open_access,pmc,oa_pdf_downloaded,papers/fulltext/inventory/oa/pmid-31043530.url,papers/fulltext/inventory/oa/pmid-31043530.pdf,no,
pi-backlog,pmid-31015836,31015836,10.1155/2019/8512363,2019,Poly-ADP Ribosyl Polymerase 1 (PARP1) Regulates Influenza A Virus Polymerase.,SYBIL,Adolfo Garcia-Sastre,candidate,medium,"viral context plus mechanism/resource terms: virus, viral, influenza, host factor, interaction",PMC6444269,https://pubmed.ncbi.nlm.nih.gov/31015836/,https://pmc.ncbi.nlm.nih.gov/articles/PMC6444269/,https://doi.org/10.1155/2019/8512363,pmc_open_access,pmc,oa_pdf_downloaded,papers/fulltext/inventory/oa/pmid-31015836.url,papers/fulltext/inventory/oa/pmid-31015836.pdf,no,
pi-backlog,pmid-30716099,30716099,10.1371/journal.pone.0211746,2019,The inhibitor apoptosis protein antagonist Debio 1143 Is an attractive HIV-1 latency reversal candidate.,SYBIL,Sumit Chanda,candidate,medium,"viral context plus mechanism/resource terms: virus, viral, hiv, pathway",PMC6361451,https://pubmed.ncbi.nlm.nih.gov/30716099/,https://pmc.ncbi.nlm.nih.gov/articles/PMC6361451/,https://doi.org/10.1371/journal.pone.0211746,pmc_open_access,pmc,oa_pdf_downloaded,papers/fulltext/inventory/oa/pmid-30716099.url,papers/fulltext/inventory/oa/pmid-30716099.pdf,no,
pi-backlog,pmid-30626682,30626682,10.1128/JVI.01696-18,2019,"Broadly Cross-Reactive, Nonneutralizing Antibodies against Influenza B Virus Hemagglutinin Demonstrate Effector Function-Dependent Protection against Lethal Viral Challenge in Mice.",SYBIL,Adolfo Garcia-Sastre,candidate,medium,"viral context plus mechanism/resource terms: virus, viral, influenza, interaction",PMC6401450,https://pubmed.ncbi.nlm.nih.gov/30626682/,https://pmc.ncbi.nlm.nih.gov/articles/PMC6401450/,https://doi.org/10.1128/JVI.01696-18,pmc_open_access,pmc,oa_pdf_downloaded,papers/fulltext/inventory/oa/pmid-30626682.url,papers/fulltext/inventory/oa/pmid-30626682.pdf,no,
pi-backlog,pmid-30463968,30463968,10.1128/JVI.01861-18,2019,Packaging of the Influenza Virus Genome Is Governed by a Plastic Network of RNA- and Nucleoprotein-Mediated Interactions.,SYBIL,Adolfo Garcia-Sastre,candidate,medium,"viral context plus mechanism/resource terms: virus, viral, influenza, interaction, network",PMC6363987,https://pubmed.ncbi.nlm.nih.gov/30463968/,https://pmc.ncbi.nlm.nih.gov/articles/PMC6363987/,https://doi.org/10.1128/JVI.01861-18,pmc_open_access,pmc,oa_pdf_downloaded,papers/fulltext/inventory/oa/pmid-30463968.url,papers/fulltext/inventory/oa/pmid-30463968.pdf,no,
hpmi,pmid-31886769,31886769,10.7554/eLife.52983,2019,The structure of the endogenous ESX-3 secretion system.,HPMI,,candidate,medium,candidate relevance plus virus/pathogen/assay support,PMC6986878,https://pubmed.ncbi.nlm.nih.gov/31886769/,https://pmc.ncbi.nlm.nih.gov/articles/PMC6986878/,https://doi.org/10.7554/eLife.52983,pmc_open_access,pmc,oa_pdf_downloaded,papers/fulltext/inventory/oa/pmid-31886769.url,papers/fulltext/inventory/oa/pmid-31886769.pdf,no,
hpmi,pmid-31540829,31540829,10.1016/j.chom.2019.08.017,2019,Systematic Identification of Host Cell Regulators of Legionella pneumophila Pathogenesis Using a Genome-wide CRISPR Screen.,HPMI,,candidate,medium,candidate relevance plus virus/pathogen/assay support,PMC6800164,https://pubmed.ncbi.nlm.nih.gov/31540829/,https://pmc.ncbi.nlm.nih.gov/articles/PMC6800164/,https://doi.org/10.1016/j.chom.2019.08.017,pmc_open_access,pmc,oa_pdf_downloaded,papers/fulltext/inventory/oa/pmid-31540829.url,papers/fulltext/inventory/oa/pmid-31540829.pdf,no,
hpmi,pmid-31359007,31359007,10.1038/s41587-019-0203-2,2019,Large dataset enables prediction of repair after CRISPR-Cas9 editing in primary T cells.,HPMI,,candidate,low,candidate relevance plus virus/pathogen/assay support,PMC7388783,https://pubmed.ncbi.nlm.nih.gov/31359007/,https://pmc.ncbi.nlm.nih.gov/articles/PMC7388783/,https://doi.org/10.1038/s41587-019-0203-2,pmc_open_access,pmc,oa_pdf_downloaded,papers/fulltext/inventory/oa/pmid-31359007.url,papers/fulltext/inventory/oa/pmid-31359007.pdf,no,
hpmi,pmid-31253590,31253590,10.1016/j.chom.2019.05.008,2019,ARIH2 Is a Vif-Dependent Regulator of CUL5-Mediated APOBEC3G Degradation in HIV Infection.,HPMI,,candidate,medium,candidate relevance plus virus/pathogen/assay support,PMC7153695,https://pubmed.ncbi.nlm.nih.gov/31253590/,https://pmc.ncbi.nlm.nih.gov/articles/PMC7153695/,https://doi.org/10.1016/j.chom.2019.05.008,pmc_open_access,pmc,oa_pdf_downloaded,papers/fulltext/inventory/oa/pmid-31253590.url,papers/fulltext/inventory/oa/pmid-31253590.pdf,no,
hpmi,pmid-31239378,31239378,10.1128/mBio.00850-19,2019,Two Accessory Proteins Govern MmpL3 Mycolic Acid Transport in Mycobacteria.,HPMI,,candidate,medium,candidate relevance plus virus/pathogen/assay support,PMC6593404,https://pubmed.ncbi.nlm.nih.gov/31239378/,https://pmc.ncbi.nlm.nih.gov/articles/PMC6593404/,https://doi.org/10.1128/mBio.00850-19,pmc_open_access,pmc,oa_pdf_downloaded,papers/fulltext/inventory/oa/pmid-31239378.url,papers/fulltext/inventory/oa/pmid-31239378.pdf,no,
hpmi,pmid-31204998,31204998,10.7554/eLife.45957,2019,Cas9(+) conditionally-immortalized macrophages as a tool for bacterial pathogenesis and beyond.,HPMI,,candidate,medium,candidate relevance plus virus/pathogen/assay support,PMC6579556,https://pubmed.ncbi.nlm.nih.gov/31204998/,https://pmc.ncbi.nlm.nih.gov/articles/PMC6579556/,https://doi.org/10.7554/eLife.45957,pmc_open_access,pmc,oa_pdf_downloaded,papers/fulltext/inventory/oa/pmid-31204998.url,papers/fulltext/inventory/oa/pmid-31204998.pdf,no,
hpmi,pmid-30833725,30833725,10.1038/s41564-019-0375-z,2019,Identification of antiviral roles for the exon-junction complex and nonsense-mediated decay in flaviviral infection.,HPMI,,candidate,medium,candidate relevance plus virus/pathogen/assay support,PMC6533143,https://pubmed.ncbi.nlm.nih.gov/30833725/,https://pmc.ncbi.nlm.nih.gov/articles/PMC6533143/,https://doi.org/10.1038/s41564-019-0375-z,pmc_open_access,pmc,oa_pdf_downloaded,papers/fulltext/inventory/oa/pmid-30833725.url,papers/fulltext/inventory/oa/pmid-30833725.pdf,no,
current-program,pmid-31720009,31720009,10.1093/ve/vez036,2019,Divergence dating using mixed effects clock modelling: An application to HIV-1.,,,candidate,medium,candidate relevance plus virus/pathogen/assay support,PMC6830409,https://pubmed.ncbi.nlm.nih.gov/31720009/,https://pmc.ncbi.nlm.nih.gov/articles/PMC6830409/,https://doi.org/10.1093/ve/vez036,pmc_open_access,pmc,oa_pdf_downloaded,papers/fulltext/inventory/oa/pmid-31720009.url,papers/fulltext/inventory/oa/pmid-31720009.pdf,no,
current-program,pmid-31668726,31668726,10.1016/S0140-6736(19)32317-7,2019,"Comprehensive comparative effectiveness and safety of first-line antihypertensive drug classes: a systematic, multinational, large-scale analysis.",,,high,low,explicit cross-virus/shared-host signal,PMC6924620,https://pubmed.ncbi.nlm.nih.gov/31668726/,https://pmc.ncbi.nlm.nih.gov/articles/PMC6924620/,https://doi.org/10.1016/S0140-6736(19)32317-7,pmc_open_access,pmc,oa_pdf_downloaded,papers/fulltext/inventory/oa/pmid-31668726.url,papers/fulltext/inventory/oa/pmid-31668726.pdf,no,
current-program,pmid-31442400,31442400,10.1016/j.cell.2019.07.018,2019,Travel Surveillance and Genomics Uncover a Hidden Zika Outbreak during the Waning Epidemic.,CViSB,Kristian Andersen,candidate,medium,candidate relevance plus virus/pathogen/assay support,PMC6716374,https://pubmed.ncbi.nlm.nih.gov/31442400/,https://pmc.ncbi.nlm.nih.gov/articles/PMC6716374/,https://doi.org/10.1016/j.cell.2019.07.018,pmc_open_access,pmc,oa_pdf_downloaded,papers/fulltext/inventory/oa/pmid-31442400.url,papers/fulltext/inventory/oa/pmid-31442400.pdf,no,
current-program,pmid-31416162,31416162,10.3390/v11080750,2019,Proteomics Computational Analyses Suggest that the Antennavirus Glycoprotein Complex Includes a Class I Viral Fusion Protein (α-Penetrene) with an Internal Zinc-Binding Domain and a Stable Signal Peptide.,CViSB,Robert Garry,candidate,medium,candidate relevance plus virus/pathogen/assay support,PMC6722660,https://pubmed.ncbi.nlm.nih.gov/31416162/,https://pmc.ncbi.nlm.nih.gov/articles/PMC6722660/,https://doi.org/10.3390/v11080750,pmc_open_access,pmc,oa_pdf_downloaded,papers/fulltext/inventory/oa/pmid-31416162.url,papers/fulltext/inventory/oa/pmid-31416162.pdf,no,
current-program,pmid-31326608,31326608,10.1016/j.bbmt.2019.07.019,2019,Gut Colonization Preceding Mucosal Barrier Injury Bloodstream Infection in Pediatric Hematopoietic Stem Cell Transplantation Recipients.,,,high,low,explicit cross-virus/shared-host signal,PMC6861666,https://pubmed.ncbi.nlm.nih.gov/31326608/,https://pmc.ncbi.nlm.nih.gov/articles/PMC6861666/,https://doi.org/10.1016/j.bbmt.2019.07.019,pmc_open_access,pmc,oa_pdf_downloaded,papers/fulltext/inventory/oa/pmid-31326608.url,papers/fulltext/inventory/oa/pmid-31326608.pdf,no,
current-program,pmid-30992445,30992445,10.1038/s41467-019-09764-z,2019,Microbial and metabolic succession on common building materials under high humidity conditions.,,,candidate,medium,candidate relevance plus virus/pathogen/assay support,PMC6467912,https://pubmed.ncbi.nlm.nih.gov/30992445/,https://pmc.ncbi.nlm.nih.gov/articles/PMC6467912/,https://doi.org/10.1038/s41467-019-09764-z,pmc_open_access,pmc,oa_pdf_downloaded,papers/fulltext/inventory/oa/pmid-30992445.url,papers/fulltext/inventory/oa/pmid-30992445.pdf,no,
current-program,pmid-30921383,30921383,10.1371/journal.pone.0214284,2019,"A medical records and data capture and management system for Lassa fever in Sierra Leone: Approach, implementation, and challenges.",CViSB,Donald S Grant;Robert Garry,candidate,medium,candidate relevance plus virus/pathogen/assay support,PMC6438490,https://pubmed.ncbi.nlm.nih.gov/30921383/,https://pmc.ncbi.nlm.nih.gov/articles/PMC6438490/,https://doi.org/10.1371/journal.pone.0214284,pmc_open_access,pmc,oa_pdf_downloaded,papers/fulltext/inventory/oa/pmid-30921383.url,papers/fulltext/inventory/oa/pmid-30921383.pdf,no,
current-program,pmid-30706119,30706119,10.1007/s00134-019-05519-y,2019,Challenges in severe community-acquired pneumonia: a point-of-view review.,SCRIPT,Richard Wunderink,candidate,medium,candidate relevance plus virus/pathogen/assay support,PMC7094947,https://pubmed.ncbi.nlm.nih.gov/30706119/,https://pmc.ncbi.nlm.nih.gov/articles/PMC7094947/,https://doi.org/10.1007/s00134-019-05519-y,pmc_open_access,pmc,oa_pdf_downloaded,papers/fulltext/inventory/oa/pmid-30706119.url,papers/fulltext/inventory/oa/pmid-30706119.pdf,no,
current-program,pmid-30621750,30621750,10.1186/s13059-018-1618-7,2019,An amplicon-based sequencing framework for accurately measuring intrahost virus diversity using PrimalSeq and iVar.,CViSB,Kristian Andersen,candidate,medium,candidate relevance plus virus/pathogen/assay support,PMC6325816,https://pubmed.ncbi.nlm.nih.gov/30621750/,https://pmc.ncbi.nlm.nih.gov/articles/PMC6325816/,https://doi.org/10.1186/s13059-018-1618-7,pmc_open_access,pmc,oa_pdf_downloaded,papers/fulltext/inventory/oa/pmid-30621750.url,papers/fulltext/inventory/oa/pmid-30621750.pdf,no,
pi-backlog,pmid-30538201,30538201,10.1073/pnas.1818012115,2018,Structural-functional interactions of NS1-BP protein with the splicing and mRNA export machineries for viral and host gene expression.,SYBIL,Adolfo Garcia-Sastre,candidate,medium,"viral context plus mechanism/resource terms: viral, influenza, interaction, proteomics",PMC6310826,https://pubmed.ncbi.nlm.nih.gov/30538201/,https://pmc.ncbi.nlm.nih.gov/articles/PMC6310826/,https://doi.org/10.1073/pnas.1818012115,pmc_open_access,pmc,oa_pdf_downloaded,papers/fulltext/inventory/oa/pmid-30538201.url,papers/fulltext/inventory/oa/pmid-30538201.pdf,no,
pi-backlog,pmid-30401782,30401782,10.1128/mBio.02126-18,2018,The Cellular NMD Pathway Restricts Zika Virus Infection and Is Targeted by the Viral Capsid Protein.,HPMI,Melanie Ott,candidate,medium,"viral context plus mechanism/resource terms: virus, viral, zika, pathway, interaction",PMC6222128,https://pubmed.ncbi.nlm.nih.gov/30401782/,https://pmc.ncbi.nlm.nih.gov/articles/PMC6222128/,https://doi.org/10.1128/mBio.02126-18,pmc_open_access,pmc,oa_pdf_downloaded,papers/fulltext/inventory/oa/pmid-30401782.url,papers/fulltext/inventory/oa/pmid-30401782.pdf,no,
pi-backlog,pmid-30293731,30293731,10.1016/j.jvir.2018.05.014,2018,Comparison between Surgical and Endovascular Hemodialysis Arteriovenous Fistula Interventions and Associated Costs.,HPMI,Michael Glickman,high,low,explicit cross-virus or shared-host framing in title/abstract,,https://pubmed.ncbi.nlm.nih.gov/30293731/,,https://doi.org/10.1016/j.jvir.2018.05.014,publisher_or_doi_only,publisher,manual_check_needed,papers/fulltext/inventory/oa/pmid-30293731.url,papers/fulltext/inventory/oa/pmid-30293731.pdf,yes,publisher/DOI link available but OA status not confirmed from current metadata
pi-backlog,pmid-30258002,30258002,10.1128/JVI.01634-18,2018,Influenza Virus NS1 Protein-RNA Interactome Reveals Intron Targeting.,SYBIL,Adolfo Garcia-Sastre,candidate,medium,"viral context plus mechanism/resource terms: virus, viral, influenza, interactome, interaction",PMC6258958,https://pubmed.ncbi.nlm.nih.gov/30258002/,https://pmc.ncbi.nlm.nih.gov/articles/PMC6258958/,https://doi.org/10.1128/JVI.01634-18,pmc_open_access,pmc,oa_pdf_downloaded,papers/fulltext/inventory/oa/pmid-30258002.url,papers/fulltext/inventory/oa/pmid-30258002.pdf,no,
pi-backlog,pmid-30209081,30209081,10.1158/2159-8290.CD-17-1018,2018,Multiple Routes to Oncogenesis Are Promoted by the Human Papillomavirus-Host Protein Network.,HPMI,Trey Ideker,candidate,medium,"viral context plus mechanism/resource terms: virus, viral, pathway, interaction, network",PMC6375299,https://pubmed.ncbi.nlm.nih.gov/30209081/,https://pmc.ncbi.nlm.nih.gov/articles/PMC6375299/,https://doi.org/10.1158/2159-8290.CD-17-1018,pmc_open_access,pmc,oa_pdf_downloaded,papers/fulltext/inventory/oa/pmid-30209081.url,papers/fulltext/inventory/oa/pmid-30209081.pdf,no,
pi-backlog,pmid-30118682,30118682,10.1016/j.molcel.2018.07.010,2018,An Mtb-Human Protein-Protein Interaction Map Identifies a Switch between Host Antiviral and Antibacterial Responses.,HPMI,Jeffrey Cox,candidate,medium,"viral context plus mechanism/resource terms: viral, interaction",PMC6329589,https://pubmed.ncbi.nlm.nih.gov/30118682/,https://pmc.ncbi.nlm.nih.gov/articles/PMC6329589/,https://doi.org/10.1016/j.molcel.2018.07.010,pmc_open_access,pmc,oa_pdf_downloaded,papers/fulltext/inventory/oa/pmid-30118682.url,papers/fulltext/inventory/oa/pmid-30118682.pdf,no,
pi-backlog,pmid-30111569,30111569,10.1128/JVI.01325-18,2018,Transcriptome Analysis of Infected and Bystander Type 2 Alveolar Epithelial Cells during Influenza A Virus Infection Reveals In Vivo Wnt Pathway Downregulation.,SYBIL,Adolfo Garcia-Sastre,candidate,medium,"viral context plus mechanism/resource terms: virus, viral, influenza, pathway, transcriptome",PMC6189488,https://pubmed.ncbi.nlm.nih.gov/30111569/,https://pmc.ncbi.nlm.nih.gov/articles/PMC6189488/,https://doi.org/10.1128/JVI.01325-18,pmc_open_access,pmc,oa_pdf_downloaded,papers/fulltext/inventory/oa/pmid-30111569.url,papers/fulltext/inventory/oa/pmid-30111569.pdf,no,
pi-backlog,pmid-29958302,29958302,10.1371/journal.ppat.1007135,2018,Innate immune sensor LGP2 is cleaved by the Leader protease of foot-and-mouth disease virus.,SYBIL,Adolfo Garcia-Sastre,candidate,medium,"viral context plus mechanism/resource terms: virus, interaction",PMC6042790,https://pubmed.ncbi.nlm.nih.gov/29958302/,https://pmc.ncbi.nlm.nih.gov/articles/PMC6042790/,https://doi.org/10.1371/journal.ppat.1007135,pmc_open_access,pmc,oa_pdf_downloaded,papers/fulltext/inventory/oa/pmid-29958302.url,papers/fulltext/inventory/oa/pmid-29958302.pdf,no,
pi-backlog,pmid-29874595,29874595,10.1016/j.celrep.2018.05.021,2018,Prediction of Adipose Browning Capacity by Systematic Integration of Transcriptional Profiles.,SCRIPT,Alan Hauser,high,low,explicit cross-virus or shared-host framing in title/abstract,,https://pubmed.ncbi.nlm.nih.gov/29874595/,,https://doi.org/10.1016/j.celrep.2018.05.021,publisher_or_doi_only,publisher,manual_check_needed,papers/fulltext/inventory/oa/pmid-29874595.url,papers/fulltext/inventory/oa/pmid-29874595.pdf,yes,publisher/DOI link available but OA status not confirmed from current metadata
pi-backlog,pmid-29624387,29624387,10.1021/acs.jmedchem.8b00035,2018,Computer-Aided Discovery and Characterization of Novel Ebola Virus Inhibitors.,SYBIL,Adolfo Garcia-Sastre,candidate,medium,"viral context plus mechanism/resource terms: virus, screen",PMC6548547,https://pubmed.ncbi.nlm.nih.gov/29624387/,https://pmc.ncbi.nlm.nih.gov/articles/PMC6548547/,https://doi.org/10.1021/acs.jmedchem.8b00035,pmc_open_access,pmc,oa_pdf_downloaded,papers/fulltext/inventory/oa/pmid-29624387.url,papers/fulltext/inventory/oa/pmid-29624387.pdf,no,
pi-backlog,pmid-29488088,29488088,10.1007/s00384-018-2988-8,2018,The presence of occipital hair in the pilonidal sinus cavity-a triple approach to proof.,SCRIPT,Alan Hauser,high,low,explicit cross-virus or shared-host framing in title/abstract,,https://pubmed.ncbi.nlm.nih.gov/29488088/,,https://doi.org/10.1007/s00384-018-2988-8,publisher_or_doi_only,publisher,manual_check_needed,papers/fulltext/inventory/oa/pmid-29488088.url,papers/fulltext/inventory/oa/pmid-29488088.pdf,yes,publisher/DOI link available but OA status not confirmed from current metadata
pi-backlog,pmid-29391557,29391557,10.1038/s41598-018-20458-2,2018,SMARCA2-regulated host cell factors are required for MxA restriction of influenza A viruses.,SYBIL,Adolfo Garcia-Sastre,candidate,medium,"viral context plus mechanism/resource terms: virus, influenza, screen, transcriptome",PMC5794779,https://pubmed.ncbi.nlm.nih.gov/29391557/,https://pmc.ncbi.nlm.nih.gov/articles/PMC5794779/,https://doi.org/10.1038/s41598-018-20458-2,pmc_open_access,pmc,oa_pdf_downloaded,papers/fulltext/inventory/oa/pmid-29391557.url,papers/fulltext/inventory/oa/pmid-29391557.pdf,no,
pi-backlog,pmid-29370303,29370303,10.1371/journal.ppat.1006838,2018,MERS-CoV 4b protein interferes with the NF-κB-dependent innate immune response during infection.,SYBIL,Adolfo Garcia-Sastre,candidate,medium,"viral context plus mechanism/resource terms: virus, coronavirus, interaction",PMC5800688,https://pubmed.ncbi.nlm.nih.gov/29370303/,https://pmc.ncbi.nlm.nih.gov/articles/PMC5800688/,https://doi.org/10.1371/journal.ppat.1006838,pmc_open_access,pmc,oa_pdf_downloaded,papers/fulltext/inventory/oa/pmid-29370303.url,papers/fulltext/inventory/oa/pmid-29370303.pdf,no,
pi-backlog,pmid-29321315,29321315,10.1128/JVI.01960-17,2018,Paramyxovirus V Proteins Interact with the RIG-I/TRIM25 Regulatory Complex and Inhibit RIG-I Signaling.,SYBIL,Adolfo Garcia-Sastre,candidate,medium,"viral context plus mechanism/resource terms: virus, pathway, interaction",PMC5827389,https://pubmed.ncbi.nlm.nih.gov/29321315/,https://pmc.ncbi.nlm.nih.gov/articles/PMC5827389/,https://doi.org/10.1128/JVI.01960-17,pmc_open_access,pmc,oa_pdf_downloaded,papers/fulltext/inventory/oa/pmid-29321315.url,papers/fulltext/inventory/oa/pmid-29321315.pdf,no,
pi-backlog,pmid-29268608,29268608,10.1021/acsinfecdis.7b00120,2018,Broad Spectrum Inhibitor of Influenza A and B Viruses Targeting the Viral Nucleoprotein.,SYBIL,Adolfo Garcia-Sastre,candidate,medium,"viral context plus mechanism/resource terms: virus, viral, influenza, screen",PMC6145453,https://pubmed.ncbi.nlm.nih.gov/29268608/,https://pmc.ncbi.nlm.nih.gov/articles/PMC6145453/,https://doi.org/10.1021/acsinfecdis.7b00120,pmc_open_access,pmc,oa_pdf_downloaded,papers/fulltext/inventory/oa/pmid-29268608.url,papers/fulltext/inventory/oa/pmid-29268608.pdf,no,
hpmi,pmid-30550790,30550790,10.1016/j.cell.2018.11.028,2018,Comparative Flavivirus-Host Protein Interaction Mapping Reveals Mechanisms of Dengue and Zika Virus Pathogenesis.,HPMI,,high,medium,explicit cross-virus/shared-host signal,PMC6474419,https://pubmed.ncbi.nlm.nih.gov/30550790/,https://pmc.ncbi.nlm.nih.gov/articles/PMC6474419/,https://doi.org/10.1016/j.cell.2018.11.028,pmc_open_access,pmc,oa_pdf_downloaded,papers/fulltext/inventory/oa/pmid-30550790.url,papers/fulltext/inventory/oa/pmid-30550790.pdf,no,
hpmi,pmid-30550789,30550789,10.1016/j.cell.2018.08.044,2018,Protein Interaction Mapping Identifies RBBP6 as a Negative Regulator of Ebola Virus Replication.,HPMI,,candidate,medium,candidate relevance plus virus/pathogen/assay support,PMC6366944,https://pubmed.ncbi.nlm.nih.gov/30550789/,https://pmc.ncbi.nlm.nih.gov/articles/PMC6366944/,https://doi.org/10.1016/j.cell.2018.08.044,pmc_open_access,pmc,oa_pdf_downloaded,papers/fulltext/inventory/oa/pmid-30550789.url,papers/fulltext/inventory/oa/pmid-30550789.pdf,no,
hpmi,pmid-30174294,30174294,10.1016/j.molcel.2018.07.037,2018,Mycobacterial Mutagenesis and Drug Resistance Are Controlled by Phosphorylation- and Cardiolipin-Mediated Inhibition of the RecA Coprotease.,HPMI,,candidate,medium,candidate relevance plus virus/pathogen/assay support,PMC6389330,https://pubmed.ncbi.nlm.nih.gov/30174294/,https://pmc.ncbi.nlm.nih.gov/articles/PMC6389330/,https://doi.org/10.1016/j.molcel.2018.07.037,pmc_open_access,pmc,oa_pdf_downloaded,papers/fulltext/inventory/oa/pmid-30174294.url,papers/fulltext/inventory/oa/pmid-30174294.pdf,no,
current-program,pmid-30477498,30477498,10.1186/s12931-018-0932-7,2018,Inflammatory pathways are upregulated in the nasal epithelium in patients with idiopathic pulmonary fibrosis.,,,candidate,low,candidate relevance plus virus/pathogen/assay support,PMC6257973,https://pubmed.ncbi.nlm.nih.gov/30477498/,https://pmc.ncbi.nlm.nih.gov/articles/PMC6257973/,https://doi.org/10.1186/s12931-018-0932-7,pmc_open_access,pmc,oa_pdf_downloaded,papers/fulltext/inventory/oa/pmid-30477498.url,papers/fulltext/inventory/oa/pmid-30477498.pdf,no,
current-program,pmid-30096313,30096313,10.1016/j.cell.2018.07.033,2018,Systematic Analysis of Monoclonal Antibodies against Ebola Virus GP Defines Features that Contribute to Protection.,CViSB,Kristian Andersen,candidate,medium,candidate relevance plus virus/pathogen/assay support,PMC6102396,https://pubmed.ncbi.nlm.nih.gov/30096313/,https://pmc.ncbi.nlm.nih.gov/articles/PMC6102396/,https://doi.org/10.1016/j.cell.2018.07.033,pmc_open_access,pmc,oa_pdf_downloaded,papers/fulltext/inventory/oa/pmid-30096313.url,papers/fulltext/inventory/oa/pmid-30096313.pdf,no,
current-program,pmid-29866884,29866884,10.1074/jbc.RA118.003589,2018,DNA methylation regulates the neonatal CD4(+) T-cell response to pneumonia in mice.,,,candidate,low,candidate relevance plus virus/pathogen/assay support,PMC6066312,https://pubmed.ncbi.nlm.nih.gov/29866884/,https://pmc.ncbi.nlm.nih.gov/articles/PMC6066312/,https://doi.org/10.1074/jbc.RA118.003589,pmc_open_access,pmc,oa_pdf_downloaded,papers/fulltext/inventory/oa/pmid-29866884.url,papers/fulltext/inventory/oa/pmid-29866884.pdf,no,
current-program,pmid-29786110,29786110,10.3892/ijmm.2018.3689,2018,"Multi‑layered prevention and treatment of chronic inflammation, organ fibrosis and cancer associated with canonical WNT/β‑catenin signaling activation (Review).",,,candidate,medium,candidate relevance plus virus/pathogen/assay support,PMC6034925,https://pubmed.ncbi.nlm.nih.gov/29786110/,https://pmc.ncbi.nlm.nih.gov/articles/PMC6034925/,https://doi.org/10.3892/ijmm.2018.3689,pmc_open_access,pmc,oa_pdf_downloaded,papers/fulltext/inventory/oa/pmid-29786110.url,papers/fulltext/inventory/oa/pmid-29786110.pdf,no,
pi-backlog,pmid-28986782,28986782,10.1007/978-1-4939-7231-9_4,2017,Protein Structure Modeling with MODELLER.,HPMI,Andrej Sali,high,low,explicit cross-virus or shared-host framing in title/abstract,,https://pubmed.ncbi.nlm.nih.gov/28986782/,,https://doi.org/10.1007/978-1-4939-7231-9_4,publisher_or_doi_only,publisher,manual_check_needed,papers/fulltext/inventory/oa/pmid-28986782.url,papers/fulltext/inventory/oa/pmid-28986782.pdf,yes,publisher/DOI link available but OA status not confirmed from current metadata
pi-backlog,pmid-28972995,28972995,10.1371/journal.pone.0185545,2017,The mitochondrial genome of the plant-pathogenic fungus Stemphylium lycopersici uncovers a dynamic structure due to repetitive and mobile elements.,SYBIL,Rafael Medina,high,low,explicit cross-virus or shared-host framing in title/abstract,PMC5626475,https://pubmed.ncbi.nlm.nih.gov/28972995/,https://pmc.ncbi.nlm.nih.gov/articles/PMC5626475/,https://doi.org/10.1371/journal.pone.0185545,pmc_open_access,pmc,oa_pdf_downloaded,papers/fulltext/inventory/oa/pmid-28972995.url,papers/fulltext/inventory/oa/pmid-28972995.pdf,no,
pi-backlog,pmid-28869005,28869005,10.1099/jgv.0.000909,2017,Human interactome of the influenza B virus NS1 protein.,SYBIL,Adolfo Garcia-Sastre,candidate,medium,"viral context plus mechanism/resource terms: virus, influenza, interactome",PMC5656757,https://pubmed.ncbi.nlm.nih.gov/28869005/,https://pmc.ncbi.nlm.nih.gov/articles/PMC5656757/,https://doi.org/10.1099/jgv.0.000909,pmc_open_access,pmc,oa_pdf_downloaded,papers/fulltext/inventory/oa/pmid-28869005.url,papers/fulltext/inventory/oa/pmid-28869005.pdf,no,
pi-backlog,pmid-28661652,28661652,10.1021/acs.biochem.7b00339,2017,"Human Concentrative Nucleoside Transporter 3 (hCNT3, SLC28A3) Forms a Cyclic Homotrimer.",HPMI,Andrej Sali,high,low,explicit cross-virus or shared-host framing in title/abstract,PMC6917504,https://pubmed.ncbi.nlm.nih.gov/28661652/,https://pmc.ncbi.nlm.nih.gov/articles/PMC6917504/,https://doi.org/10.1021/acs.biochem.7b00339,pmc_open_access,pmc,oa_pdf_downloaded,papers/fulltext/inventory/oa/pmid-28661652.url,papers/fulltext/inventory/oa/pmid-28661652.pdf,no,
pi-backlog,pmid-28607166,28607166,10.1523/JNEUROSCI.0125-17.2017,2017,Unique versus Redundant Functions of Neuroligin Genes in Shaping Excitatory and Inhibitory Synapse Properties.,SYBIL,Sumit Chanda,high,low,explicit cross-virus or shared-host framing in title/abstract,PMC5518416,https://pubmed.ncbi.nlm.nih.gov/28607166/,https://pmc.ncbi.nlm.nih.gov/articles/PMC5518416/,https://doi.org/10.1523/JNEUROSCI.0125-17.2017,pmc_open_access,pmc,oa_pdf_downloaded,papers/fulltext/inventory/oa/pmid-28607166.url,papers/fulltext/inventory/oa/pmid-28607166.pdf,no,
pi-backlog,pmid-28584171,28584171,10.1098/rstb.2016.0163,2017,Local disease-ecosystem-livelihood dynamics: reflections from comparative case studies in Africa.,CViSB,Donald S Grant,high,low,explicit cross-virus or shared-host framing in title/abstract,PMC5468688,https://pubmed.ncbi.nlm.nih.gov/28584171/,https://pmc.ncbi.nlm.nih.gov/articles/PMC5468688/,https://doi.org/10.1098/rstb.2016.0163,pmc_open_access,pmc,oa_pdf_downloaded,papers/fulltext/inventory/oa/pmid-28584171.url,papers/fulltext/inventory/oa/pmid-28584171.pdf,no,
pi-backlog,pmid-28562037,28562037,10.1021/acs.jcim.6b00720,2017,Computational Discovery and Experimental Validation of Inhibitors of the Human Intestinal Transporter OATP2B1.,HPMI,Andrej Sali,high,low,explicit cross-virus or shared-host framing in title/abstract,,https://pubmed.ncbi.nlm.nih.gov/28562037/,,https://doi.org/10.1021/acs.jcim.6b00720,publisher_or_doi_only,publisher,manual_check_needed,papers/fulltext/inventory/oa/pmid-28562037.url,papers/fulltext/inventory/oa/pmid-28562037.pdf,yes,publisher/DOI link available but OA status not confirmed from current metadata
pi-backlog,pmid-28494238,28494238,10.1016/j.chom.2017.04.011,2017,SMYD2-Mediated Histone Methylation Contributes to HIV-1 Latency.,HPMI,Melanie Ott,candidate,medium,"viral context plus mechanism/resource terms: viral, hiv, screen",PMC5490666,https://pubmed.ncbi.nlm.nih.gov/28494238/,https://pmc.ncbi.nlm.nih.gov/articles/PMC5490666/,https://doi.org/10.1016/j.chom.2017.04.011,pmc_open_access,pmc,oa_pdf_downloaded,papers/fulltext/inventory/oa/pmid-28494238.url,papers/fulltext/inventory/oa/pmid-28494238.pdf,no,
pi-backlog,pmid-28377530,28377530,10.1128/mBio.00368-17,2017,Topoisomerase II Inhibitors Induce DNA Damage-Dependent Interferon Responses Circumventing Ebola Virus Immune Evasion.,SYBIL,Adolfo Garcia-Sastre,high,medium,explicit cross-virus or shared-host framing in title/abstract,PMC5380843,https://pubmed.ncbi.nlm.nih.gov/28377530/,https://pmc.ncbi.nlm.nih.gov/articles/PMC5380843/,https://doi.org/10.1128/mBio.00368-17,pmc_open_access,pmc,oa_pdf_downloaded,papers/fulltext/inventory/oa/pmid-28377530.url,papers/fulltext/inventory/oa/pmid-28377530.pdf,no,
pi-backlog,pmid-28362044,28362044,10.5301/jva.5000723,2017,Comparison of post-creation procedures and costs between surgical and an endovascular approach to arteriovenous fistula creation.,HPMI,Michael Glickman,high,low,explicit cross-virus or shared-host framing in title/abstract,,https://pubmed.ncbi.nlm.nih.gov/28362044/,,https://doi.org/10.5301/jva.5000723,publisher_or_doi_only,publisher,manual_check_needed,papers/fulltext/inventory/oa/pmid-28362044.url,papers/fulltext/inventory/oa/pmid-28362044.pdf,yes,publisher/DOI link available but OA status not confirmed from current metadata
pi-backlog,pmid-28248290,28248290,10.1038/nmicrobiol.2017.22,2017,Systems-based analysis of RIG-I-dependent signalling identifies KHSRP as an inhibitor of RIG-I receptor activation.,SYBIL,Adolfo Garcia-Sastre,candidate,medium,"viral context plus mechanism/resource terms: virus, viral, pathway, interactome, interaction, network",PMC5338947,https://pubmed.ncbi.nlm.nih.gov/28248290/,https://pmc.ncbi.nlm.nih.gov/articles/PMC5338947/,https://doi.org/10.1038/nmicrobiol.2017.22,pmc_open_access,pmc,oa_pdf_downloaded,papers/fulltext/inventory/oa/pmid-28248290.url,papers/fulltext/inventory/oa/pmid-28248290.pdf,no,
pi-backlog,pmid-28230985,28230985,10.1021/acs.jmedchem.6b01317,2017,Discovery of Competitive and Noncompetitive Ligands of the Organic Cation Transporter 1 (OCT1; SLC22A1).,HPMI,Andrej Sali,high,low,explicit cross-virus or shared-host framing in title/abstract,,https://pubmed.ncbi.nlm.nih.gov/28230985/,,https://doi.org/10.1021/acs.jmedchem.6b01317,publisher_or_doi_only,publisher,manual_check_needed,papers/fulltext/inventory/oa/pmid-28230985.url,papers/fulltext/inventory/oa/pmid-28230985.pdf,yes,publisher/DOI link available but OA status not confirmed from current metadata
pi-backlog,pmid-28220929,28220929,10.3414/ME16-01-0091,2017,Increasing the Efficiency on Producing Radiology Reports for Breast Cancer Diagnosis by Means of Structured Reports. A Comparative Study.,SYBIL,Rafael Medina,high,low,explicit cross-virus or shared-host framing in title/abstract,,https://pubmed.ncbi.nlm.nih.gov/28220929/,,https://doi.org/10.3414/ME16-01-0091,publisher_or_doi_only,publisher,manual_check_needed,papers/fulltext/inventory/oa/pmid-28220929.url,papers/fulltext/inventory/oa/pmid-28220929.pdf,yes,publisher/DOI link available but OA status not confirmed from current metadata
pi-backlog,pmid-27965017,27965017,10.1016/j.dci.2016.12.001,2017,Structure and functionalities of the human c-reactive protein compared to the zebrafish multigene family of c-reactive-like proteins.,SYBIL,Rafael Medina,high,medium,explicit cross-virus or shared-host framing in title/abstract,,https://pubmed.ncbi.nlm.nih.gov/27965017/,,https://doi.org/10.1016/j.dci.2016.12.001,publisher_or_doi_only,publisher,manual_check_needed,papers/fulltext/inventory/oa/pmid-27965017.url,papers/fulltext/inventory/oa/pmid-27965017.pdf,yes,publisher/DOI link available but OA status not confirmed from current metadata
pi-backlog,pmid-27807226,27807226,10.1128/JVI.01155-16,2017,"Subcellular Localizations of RIG-I, TRIM25, and MAVS Complexes.",SYBIL,Adolfo Garcia-Sastre,candidate,medium,"viral context plus mechanism/resource terms: virus, viral, influenza, pathway",PMC5215348,https://pubmed.ncbi.nlm.nih.gov/27807226/,https://pmc.ncbi.nlm.nih.gov/articles/PMC5215348/,https://doi.org/10.1128/JVI.01155-16,pmc_open_access,pmc,oa_pdf_downloaded,papers/fulltext/inventory/oa/pmid-27807226.url,papers/fulltext/inventory/oa/pmid-27807226.pdf,no,
pi-backlog,pmid-27978436,27978436,10.1016/j.chom.2016.11.001,2016,The mTOR Complex Controls HIV Latency.,HPMI,Melanie Ott,candidate,medium,"viral context plus mechanism/resource terms: viral, hiv, pathway, screen",PMC5354304,https://pubmed.ncbi.nlm.nih.gov/27978436/,https://pmc.ncbi.nlm.nih.gov/articles/PMC5354304/,https://doi.org/10.1016/j.chom.2016.11.001,pmc_open_access,pmc,oa_pdf_downloaded,papers/fulltext/inventory/oa/pmid-27978436.url,papers/fulltext/inventory/oa/pmid-27978436.pdf,no,
pi-backlog,pmid-27801516,27801516,10.1002/cpps.20,2016,Comparative Protein Structure Modeling Using MODELLER.,HPMI,Andrej Sali,high,low,explicit cross-virus or shared-host framing in title/abstract,,https://pubmed.ncbi.nlm.nih.gov/27801516/,,https://doi.org/10.1002/cpps.20,publisher_or_doi_only,publisher,manual_check_needed,papers/fulltext/inventory/oa/pmid-27801516.url,papers/fulltext/inventory/oa/pmid-27801516.pdf,yes,publisher/DOI link available but OA status not confirmed from current metadata
pi-backlog,pmid-27783955,27783955,10.1016/j.celrep.2016.09.080,2016,A Cas9 Ribonucleoprotein Platform for Functional Genetic Studies of HIV-Host Interactions in Primary Human T Cells.,HPMI,Jennifer Doudna,candidate,medium,"viral context plus mechanism/resource terms: viral, hiv, dependency, screen",PMC5123761,https://pubmed.ncbi.nlm.nih.gov/27783955/,https://pmc.ncbi.nlm.nih.gov/articles/PMC5123761/,https://doi.org/10.1016/j.celrep.2016.09.080,pmc_open_access,pmc,oa_pdf_downloaded,papers/fulltext/inventory/oa/pmid-27783955.url,papers/fulltext/inventory/oa/pmid-27783955.pdf,no,
pi-backlog,pmid-27575636,27575636,10.1371/journal.ppat.1005841,2016,The Dengue Virus NS5 Protein Intrudes in the Cellular Spliceosome and Modulates Splicing.,HPMI,Nevan Krogan,candidate,medium,"viral context plus mechanism/resource terms: virus, viral, dengue, transcriptome",PMC5004807,https://pubmed.ncbi.nlm.nih.gov/27575636/,https://pmc.ncbi.nlm.nih.gov/articles/PMC5004807/,https://doi.org/10.1371/journal.ppat.1005841,pmc_open_access,pmc,oa_pdf_downloaded,papers/fulltext/inventory/oa/pmid-27575636.url,papers/fulltext/inventory/oa/pmid-27575636.pdf,no,
pi-backlog,pmid-27572970,27572970,10.1038/nmicrobiol.2016.69,2016,Influenza virus mRNA trafficking through host nuclear speckles.,SYBIL,Adolfo Garcia-Sastre,candidate,medium,"viral context plus mechanism/resource terms: virus, viral, influenza, pathway",PMC4917225,https://pubmed.ncbi.nlm.nih.gov/27572970/,https://pmc.ncbi.nlm.nih.gov/articles/PMC4917225/,https://doi.org/10.1038/nmicrobiol.2016.69,pmc_open_access,pmc,oa_pdf_downloaded,papers/fulltext/inventory/oa/pmid-27572970.url,papers/fulltext/inventory/oa/pmid-27572970.pdf,no,
pi-backlog,pmid-27336362,27336362,10.1038/ncomms11916,2016,MicroRNA-125b-5p mimic inhibits acute liver failure.,HPMI,Melanie Ott,high,low,explicit cross-virus or shared-host framing in title/abstract,PMC4931005,https://pubmed.ncbi.nlm.nih.gov/27336362/,https://pmc.ncbi.nlm.nih.gov/articles/PMC4931005/,https://doi.org/10.1038/ncomms11916,pmc_open_access,pmc,oa_pdf_downloaded,papers/fulltext/inventory/oa/pmid-27336362.url,papers/fulltext/inventory/oa/pmid-27336362.pdf,no,
pi-backlog,pmid-27322406,27322406,10.1002/cpbi.3,2016,Comparative Protein Structure Modeling Using MODELLER.,HPMI,Andrej Sali,high,low,explicit cross-virus or shared-host framing in title/abstract,PMC5031415,https://pubmed.ncbi.nlm.nih.gov/27322406/,https://pmc.ncbi.nlm.nih.gov/articles/PMC5031415/,https://doi.org/10.1002/cpbi.3,pmc_open_access,pmc,oa_pdf_downloaded,papers/fulltext/inventory/oa/pmid-27322406.url,papers/fulltext/inventory/oa/pmid-27322406.pdf,no,
pi-backlog,pmid-27127234,27127234,10.1126/science.aad7993,2016,Topoisomerase 1 inhibition suppresses inflammatory genes and protects from death by inflammation.,SYBIL,Adolfo Garcia-Sastre,unknown,medium,"viral context plus mechanism/resource terms: influenza, host response",PMC5193222,https://pubmed.ncbi.nlm.nih.gov/27127234/,https://pmc.ncbi.nlm.nih.gov/articles/PMC5193222/,https://doi.org/10.1126/science.aad7993,pmc_open_access,pmc,oa_pdf_downloaded,papers/fulltext/inventory/oa/pmid-27127234.url,papers/fulltext/inventory/oa/pmid-27127234.pdf,no,
pi-backlog,pmid-27120583,27120583,10.1021/acs.jmedchem.5b01933,2016,"Synthesis and Anti-Influenza Activity of Pyridine, Pyridazine, and Pyrimidine C-Nucleosides as Favipiravir (T-705) Analogues.",SYBIL,Sumit Chanda,high,medium,explicit cross-virus or shared-host framing in title/abstract,,https://pubmed.ncbi.nlm.nih.gov/27120583/,,https://doi.org/10.1021/acs.jmedchem.5b01933,publisher_or_doi_only,publisher,manual_check_needed,papers/fulltext/inventory/oa/pmid-27120583.url,papers/fulltext/inventory/oa/pmid-27120583.pdf,yes,publisher/DOI link available but OA status not confirmed from current metadata
pi-backlog,pmid-27116236,27116236,10.1371/journal.pone.0154366,2016,Antiviral Role of IFITM Proteins in African Swine Fever Virus Infection.,SYBIL,Adolfo Garcia-Sastre,candidate,medium,"viral context plus mechanism/resource terms: virus, viral, pathway",PMC4846163,https://pubmed.ncbi.nlm.nih.gov/27116236/,https://pmc.ncbi.nlm.nih.gov/articles/PMC4846163/,https://doi.org/10.1371/journal.pone.0154366,pmc_open_access,pmc,oa_pdf_downloaded,papers/fulltext/inventory/oa/pmid-27116236.url,papers/fulltext/inventory/oa/pmid-27116236.pdf,no,
pi-backlog,pmid-26845514,26845514,10.1021/acschembio.5b00999,2016,Therapeutics Targeting Protein Acetylation Perturb Latency of Human Viruses.,HPMI,Melanie Ott,candidate,medium,"viral context plus mechanism/resource terms: viral, hiv, pathway",PMC5477850,https://pubmed.ncbi.nlm.nih.gov/26845514/,https://pmc.ncbi.nlm.nih.gov/articles/PMC5477850/,https://doi.org/10.1021/acschembio.5b00999,pmc_open_access,pmc,oa_pdf_downloaded,papers/fulltext/inventory/oa/pmid-26845514.url,papers/fulltext/inventory/oa/pmid-26845514.pdf,no,
pi-backlog,pmid-26799564,26799564,10.1371/journal.pone.0147271,2016,Infection in Health Personnel with High and Low Levels of Exposure in a Hospital Setting during the H1N1 2009 Influenza A Pandemic.,SYBIL,Adolfo Garcia-Sastre,high,medium,explicit cross-virus or shared-host framing in title/abstract,PMC4723060,https://pubmed.ncbi.nlm.nih.gov/26799564/,https://pmc.ncbi.nlm.nih.gov/articles/PMC4723060/,https://doi.org/10.1371/journal.pone.0147271,pmc_open_access,pmc,oa_pdf_downloaded,papers/fulltext/inventory/oa/pmid-26799564.url,papers/fulltext/inventory/oa/pmid-26799564.pdf,no,
pi-backlog,pmid-26789921,26789921,10.1016/j.immuni.2015.12.017,2016,"Targeting Viral Proteostasis Limits Influenza Virus, HIV, and Dengue Virus Infection.",SYBIL,Adolfo Garcia-Sastre,high,medium,explicit cross-virus or shared-host framing in title/abstract,PMC4878455,https://pubmed.ncbi.nlm.nih.gov/26789921/,https://pmc.ncbi.nlm.nih.gov/articles/PMC4878455/,https://doi.org/10.1016/j.immuni.2015.12.017,pmc_open_access,pmc,oa_pdf_downloaded,papers/fulltext/inventory/oa/pmid-26789921.url,papers/fulltext/inventory/oa/pmid-26789921.pdf,no,
pi-backlog,pmid-26546155,26546155,10.1016/j.virusres.2015.10.027,2016,La Piedad Michoacán Mexico Virus V protein antagonizes type I interferon response by binding STAT2 protein and preventing STATs nuclear translocation.,SYBIL,Adolfo Garcia-Sastre,candidate,medium,"viral context plus mechanism/resource terms: virus, pathway",PMC5538256,https://pubmed.ncbi.nlm.nih.gov/26546155/,https://pmc.ncbi.nlm.nih.gov/articles/PMC5538256/,https://doi.org/10.1016/j.virusres.2015.10.027,pmc_open_access,pmc,oa_pdf_downloaded,papers/fulltext/inventory/oa/pmid-26546155.url,papers/fulltext/inventory/oa/pmid-26546155.pdf,no,
pi-backlog,pmid-26651948,26651948,10.1016/j.chom.2015.11.002,2015,"Meta- and Orthogonal Integration of Influenza ""OMICs"" Data Defines a Role for UBR4 in Virus Budding.",SYBIL;HPMI,Adolfo Garcia-Sastre;Nevan Krogan,candidate,medium,"viral context plus mechanism/resource terms: virus, viral, influenza, interaction, network",PMC4829074,https://pubmed.ncbi.nlm.nih.gov/26651948/,https://pmc.ncbi.nlm.nih.gov/articles/PMC4829074/,https://doi.org/10.1016/j.chom.2015.11.002,pmc_open_access,pmc,oa_pdf_downloaded,papers/fulltext/inventory/oa/pmid-26651948.url,papers/fulltext/inventory/oa/pmid-26651948.pdf,no,
pi-backlog,pmid-26443011,26443011,10.1021/acs.jmedchem.5b01216,2015,Small-Molecule Allosteric Modulators of the Protein Kinase PDK1 from Structure-Based Docking.,HPMI,Andrej Sali,high,low,explicit cross-virus or shared-host framing in title/abstract,PMC5099076,https://pubmed.ncbi.nlm.nih.gov/26443011/,https://pmc.ncbi.nlm.nih.gov/articles/PMC5099076/,https://doi.org/10.1021/acs.jmedchem.5b01216,pmc_open_access,pmc,oa_pdf_downloaded,papers/fulltext/inventory/oa/pmid-26443011.url,papers/fulltext/inventory/oa/pmid-26443011.pdf,no,
pi-backlog,pmid-26435392,26435392,10.1021/acs.jproteome.5b00827,2015,Integrated Proteomic and Genomic Analysis of Gastric Cancer Patient Tissues.,HPMI,Trey Ideker,candidate,medium,"viral context plus mechanism/resource terms: viral, pathway, interaction",PMC5706558,https://pubmed.ncbi.nlm.nih.gov/26435392/,https://pmc.ncbi.nlm.nih.gov/articles/PMC5706558/,https://doi.org/10.1021/acs.jproteome.5b00827,pmc_open_access,pmc,oa_pdf_downloaded,papers/fulltext/inventory/oa/pmid-26435392.url,papers/fulltext/inventory/oa/pmid-26435392.pdf,no,
pi-backlog,pmid-26362267,26362267,10.1016/j.immuni.2015.08.014,2015,Interactive Big Data Resource to Elucidate Human Immune Pathways and Diseases.,SYBIL,Adolfo Garcia-Sastre,candidate,medium,"viral context plus mechanism/resource terms: virus, pathway, interaction",PMC4753773,https://pubmed.ncbi.nlm.nih.gov/26362267/,https://pmc.ncbi.nlm.nih.gov/articles/PMC4753773/,https://doi.org/10.1016/j.immuni.2015.08.014,pmc_open_access,pmc,oa_pdf_downloaded,papers/fulltext/inventory/oa/pmid-26362267.url,papers/fulltext/inventory/oa/pmid-26362267.pdf,no,
pi-backlog,pmid-26329395,26329395,10.3109/10409238.2015.1061973,2015,Manipulation of the host protein acetylation network by human immunodeficiency virus type 1.,HPMI,Melanie Ott,candidate,medium,"viral context plus mechanism/resource terms: virus, viral, hiv, network",PMC4816045,https://pubmed.ncbi.nlm.nih.gov/26329395/,https://pmc.ncbi.nlm.nih.gov/articles/PMC4816045/,https://doi.org/10.3109/10409238.2015.1061973,pmc_open_access,pmc,oa_pdf_downloaded,papers/fulltext/inventory/oa/pmid-26329395.url,papers/fulltext/inventory/oa/pmid-26329395.pdf,no,
pi-backlog,pmid-26312481,26312481,10.1371/journal.pcbi.1004362,2015,Prediction of Functionally Important Phospho-Regulatory Events in Xenopus laevis Oocytes.,HPMI,Andrej Sali,high,low,explicit cross-virus or shared-host framing in title/abstract,PMC4552029,https://pubmed.ncbi.nlm.nih.gov/26312481/,https://pmc.ncbi.nlm.nih.gov/articles/PMC4552029/,https://doi.org/10.1371/journal.pcbi.1004362,pmc_open_access,pmc,oa_pdf_downloaded,papers/fulltext/inventory/oa/pmid-26312481.url,papers/fulltext/inventory/oa/pmid-26312481.pdf,no,
pi-backlog,pmid-26265177,26265177,10.1099/jgv.0.000262,2015,Subcellular trafficking and functional importance of herpes simplex virus type 1 glycoprotein M domains.,HPMI,Melanie Ott,candidate,medium,"viral context plus mechanism/resource terms: virus, viral, network",,https://pubmed.ncbi.nlm.nih.gov/26265177/,,https://doi.org/10.1099/jgv.0.000262,publisher_or_doi_only,publisher,manual_check_needed,papers/fulltext/inventory/oa/pmid-26265177.url,papers/fulltext/inventory/oa/pmid-26265177.pdf,yes,publisher/DOI link available but OA status not confirmed from current metadata
pi-backlog,pmid-26223644,26223644,10.1128/JVI.01643-15,2015,RIG-I Mediates an Antiviral Response to Crimean-Congo Hemorrhagic Fever Virus.,SYBIL,Adolfo Garcia-Sastre,candidate,medium,"viral context plus mechanism/resource terms: virus, viral, pathway",PMC4580164,https://pubmed.ncbi.nlm.nih.gov/26223644/,https://pmc.ncbi.nlm.nih.gov/articles/PMC4580164/,https://doi.org/10.1128/JVI.01643-15,pmc_open_access,pmc,oa_pdf_downloaded,papers/fulltext/inventory/oa/pmid-26223644.url,papers/fulltext/inventory/oa/pmid-26223644.pdf,no,
pi-backlog,pmid-26223639,26223639,10.1128/JVI.01523-15,2015,"Human Dendritic Cell Response Signatures Distinguish 1918, Pandemic, and Seasonal H1N1 Influenza Viruses.",SYBIL,Adolfo Garcia-Sastre,high,medium,explicit cross-virus or shared-host framing in title/abstract,PMC4580178,https://pubmed.ncbi.nlm.nih.gov/26223639/,https://pmc.ncbi.nlm.nih.gov/articles/PMC4580178/,https://doi.org/10.1128/JVI.01523-15,pmc_open_access,pmc,oa_pdf_downloaded,papers/fulltext/inventory/oa/pmid-26223639.url,papers/fulltext/inventory/oa/pmid-26223639.pdf,no,
pi-backlog,pmid-26178989,26178989,10.1128/JVI.01596-15,2015,HIV Vpu Interferes with NF-κB Activity but Not with Interferon Regulatory Factor 3.,SYBIL,Adolfo Garcia-Sastre,candidate,medium,"viral context plus mechanism/resource terms: viral, hiv, pathway, host response",PMC4577919,https://pubmed.ncbi.nlm.nih.gov/26178989/,https://pmc.ncbi.nlm.nih.gov/articles/PMC4577919/,https://doi.org/10.1128/JVI.01596-15,pmc_open_access,pmc,oa_pdf_downloaded,papers/fulltext/inventory/oa/pmid-26178989.url,papers/fulltext/inventory/oa/pmid-26178989.pdf,no,
pi-backlog,pmid-26153856,26153856,10.1038/nature14555,2015,Corrigendum: Pan-viral specificity of IFN-induced genes reveals new roles for cGAS in innate immunity.,SYBIL,Adolfo Garcia-Sastre,high,medium,explicit cross-virus or shared-host framing in title/abstract,PMC8323779,https://pubmed.ncbi.nlm.nih.gov/26153856/,https://pmc.ncbi.nlm.nih.gov/articles/PMC8323779/,https://doi.org/10.1038/nature14555,pmc_open_access,pmc,oa_pdf_downloaded,papers/fulltext/inventory/oa/pmid-26153856.url,papers/fulltext/inventory/oa/pmid-26153856.pdf,no,
pi-backlog,pmid-26118995,26118995,10.1016/j.chom.2015.06.004,2015,Global Mapping of the Inc-Human Interactome Reveals that Retromer Restricts Chlamydia Infection.,HPMI,Jeffrey Cox,candidate,medium,"viral context plus mechanism/resource terms: viral, interactome, proteomics",PMC4540348,https://pubmed.ncbi.nlm.nih.gov/26118995/,https://pmc.ncbi.nlm.nih.gov/articles/PMC4540348/,https://doi.org/10.1016/j.chom.2015.06.004,pmc_open_access,pmc,oa_pdf_downloaded,papers/fulltext/inventory/oa/pmid-26118995.url,papers/fulltext/inventory/oa/pmid-26118995.pdf,no,
pi-backlog,pmid-26083367,26083367,10.1371/journal.ppat.1004957,2015,"The Herpes Simplex Virus Protein pUL31 Escorts Nucleocapsids to Sites of Nuclear Egress, a Process Coordinated by Its N-Terminal Domain.",HPMI,Melanie Ott,candidate,medium,"viral context plus mechanism/resource terms: virus, viral, interaction",PMC4471197,https://pubmed.ncbi.nlm.nih.gov/26083367/,https://pmc.ncbi.nlm.nih.gov/articles/PMC4471197/,https://doi.org/10.1371/journal.ppat.1004957,pmc_open_access,pmc,oa_pdf_downloaded,papers/fulltext/inventory/oa/pmid-26083367.url,papers/fulltext/inventory/oa/pmid-26083367.pdf,no,
pi-backlog,pmid-26046437,26046437,10.1016/j.cell.2015.04.050,2015,PQBP1 Is a Proximal Sensor of the cGAS-Dependent Innate Response to HIV-1.,SYBIL,Adolfo Garcia-Sastre,candidate,medium,"viral context plus mechanism/resource terms: viral, hiv, screen",PMC4503237,https://pubmed.ncbi.nlm.nih.gov/26046437/,https://pmc.ncbi.nlm.nih.gov/articles/PMC4503237/,https://doi.org/10.1016/j.cell.2015.04.050,pmc_open_access,pmc,oa_pdf_downloaded,papers/fulltext/inventory/oa/pmid-26046437.url,papers/fulltext/inventory/oa/pmid-26046437.pdf,no,
pi-backlog,pmid-25984567,25984567,10.1021/id500022h,2015,A Potent Anti-influenza Compound Blocks Fusion through Stabilization of the Prefusion Conformation of the Hemagglutinin Protein.,SYBIL,Adolfo Garcia-Sastre,candidate,medium,"viral context plus mechanism/resource terms: virus, viral, influenza, interaction, screen",PMC4426349,https://pubmed.ncbi.nlm.nih.gov/25984567/,https://pmc.ncbi.nlm.nih.gov/articles/PMC4426349/,https://doi.org/10.1021/id500022h,pmc_open_access,pmc,oa_pdf_downloaded,papers/fulltext/inventory/oa/pmid-25984567.url,papers/fulltext/inventory/oa/pmid-25984567.pdf,no,
pi-backlog,pmid-25966783,25966783,10.1159/000375262,2015,A RIG-I 2CARD-MAVS200 Chimeric Protein Reconstitutes IFN-β Induction and Antiviral Response in Models Deficient in Type I IFN Response.,SYBIL,Adolfo Garcia-Sastre,candidate,medium,"viral context plus mechanism/resource terms: virus, viral, influenza, pathway",PMC4553127,https://pubmed.ncbi.nlm.nih.gov/25966783/,https://pmc.ncbi.nlm.nih.gov/articles/PMC4553127/,https://doi.org/10.1159/000375262,pmc_open_access,pmc,oa_pdf_downloaded,papers/fulltext/inventory/oa/pmid-25966783.url,papers/fulltext/inventory/oa/pmid-25966783.pdf,no,
pi-backlog,pmid-25616068,25616068,10.1016/j.molcel.2014.12.028,2015,A combined proteomics/genomics approach links hepatitis C virus infection with nonsense-mediated mRNA decay.,HPMI,Melanie Ott,candidate,medium,"viral context plus mechanism/resource terms: virus, viral, pathway, interaction, proteomics",PMC4305532,https://pubmed.ncbi.nlm.nih.gov/25616068/,https://pmc.ncbi.nlm.nih.gov/articles/PMC4305532/,https://doi.org/10.1016/j.molcel.2014.12.028,pmc_open_access,pmc,oa_pdf_downloaded,papers/fulltext/inventory/oa/pmid-25616068.url,papers/fulltext/inventory/oa/pmid-25616068.pdf,no,
pi-backlog,pmid-25590154,25590154,10.1164/rccm.201410-1894OE,2015,Novel approaches are needed to develop tomorrow's antibacterial therapies.,SCRIPT,Richard Wunderink,candidate,medium,"viral context plus mechanism/resource terms: viral, screen",PMC4347440,https://pubmed.ncbi.nlm.nih.gov/25590154/,https://pmc.ncbi.nlm.nih.gov/articles/PMC4347440/,https://doi.org/10.1164/rccm.201410-1894OE,pmc_open_access,pmc,oa_pdf_downloaded,papers/fulltext/inventory/oa/pmid-25590154.url,papers/fulltext/inventory/oa/pmid-25590154.pdf,no,
pi-backlog,pmid-25511110,25511110,10.1007/s10534-014-9813-9,2015,A comparative immunological analysis of CoCl2 treated cells with in vitro hypoxic exposure.,SYBIL,Sumit Chanda,high,medium,explicit cross-virus or shared-host framing in title/abstract,,https://pubmed.ncbi.nlm.nih.gov/25511110/,,https://doi.org/10.1007/s10534-014-9813-9,publisher_or_doi_only,publisher,manual_check_needed,papers/fulltext/inventory/oa/pmid-25511110.url,papers/fulltext/inventory/oa/pmid-25511110.pdf,yes,publisher/DOI link available but OA status not confirmed from current metadata
pi-backlog,pmid-25403732,25403732,10.1007/s11103-014-0266-x,2015,Comparative assessments of CRISPR-Cas nucleases' cleavage efficiency in planta.,UCLA-Persistent-BSI,Scott Filler,high,medium,explicit cross-virus or shared-host framing in title/abstract,,https://pubmed.ncbi.nlm.nih.gov/25403732/,,https://doi.org/10.1007/s11103-014-0266-x,publisher_or_doi_only,publisher,manual_check_needed,papers/fulltext/inventory/oa/pmid-25403732.url,papers/fulltext/inventory/oa/pmid-25403732.pdf,yes,publisher/DOI link available but OA status not confirmed from current metadata
pi-backlog,pmid-25389186,25389186,10.1099/vir.0.071332-0,2015,Mapping of the interaction domains of the Crimean-Congo hemorrhagic fever virus nucleocapsid protein.,SYBIL,Adolfo Garcia-Sastre,candidate,medium,"viral context plus mechanism/resource terms: virus, viral, interaction",PMC4336859,https://pubmed.ncbi.nlm.nih.gov/25389186/,https://pmc.ncbi.nlm.nih.gov/articles/PMC4336859/,https://doi.org/10.1099/vir.0.071332-0,pmc_open_access,pmc,oa_pdf_downloaded,papers/fulltext/inventory/oa/pmid-25389186.url,papers/fulltext/inventory/oa/pmid-25389186.pdf,no,
pi-backlog,pmid-25007846,25007846,10.1007/82_2014_400,2015,The NS1 protein: a multitasking virulence factor.,SYBIL,Adolfo Garcia-Sastre,candidate,medium,"viral context plus mechanism/resource terms: virus, viral, influenza, network",,https://pubmed.ncbi.nlm.nih.gov/25007846/,,https://doi.org/10.1007/82_2014_400,publisher_or_doi_only,publisher,manual_check_needed,papers/fulltext/inventory/oa/pmid-25007846.url,papers/fulltext/inventory/oa/pmid-25007846.pdf,yes,publisher/DOI link available but OA status not confirmed from current metadata
pi-backlog,pmid-26038505,26038505,10.1038/emi.2014.88,2014,Identification of 53 compounds that block Ebola virus-like particle entry via a repurposing screen of approved drugs.,SYBIL,Adolfo Garcia-Sastre,candidate,medium,"viral context plus mechanism/resource terms: virus, screen",PMC4317638,https://pubmed.ncbi.nlm.nih.gov/26038505/,https://pmc.ncbi.nlm.nih.gov/articles/PMC4317638/,https://doi.org/10.1038/emi.2014.88,pmc_open_access,pmc,oa_pdf_downloaded,papers/fulltext/inventory/oa/pmid-26038505.url,papers/fulltext/inventory/oa/pmid-26038505.pdf,no,
pi-backlog,pmid-25381252,25381252,10.1074/jbc.M114.587816,2014,The hepatitis C virus core protein inhibits adipose triglyceride lipase (ATGL)-mediated lipid mobilization and enhances the ATGL interaction with comparative gene identification 58 (CGI-58) and lipid droplets.,HPMI,Melanie Ott,high,medium,explicit cross-virus or shared-host framing in title/abstract,PMC4276846,https://pubmed.ncbi.nlm.nih.gov/25381252/,https://pmc.ncbi.nlm.nih.gov/articles/PMC4276846/,https://doi.org/10.1074/jbc.M114.587816,pmc_open_access,pmc,oa_pdf_downloaded,papers/fulltext/inventory/oa/pmid-25381252.url,papers/fulltext/inventory/oa/pmid-25381252.pdf,no,
pi-backlog,pmid-25378627,25378627,10.1126/science.1257570,2014,Phylogenomics resolves the timing and pattern of insect evolution.,HPMI,Melanie Ott,high,low,explicit cross-virus or shared-host framing in title/abstract,,https://pubmed.ncbi.nlm.nih.gov/25378627/,,https://doi.org/10.1126/science.1257570,publisher_or_doi_only,publisher,manual_check_needed,papers/fulltext/inventory/oa/pmid-25378627.url,papers/fulltext/inventory/oa/pmid-25378627.pdf,yes,publisher/DOI link available but OA status not confirmed from current metadata
pi-backlog,pmid-25211074,25211074,10.1016/j.chom.2014.07.015,2014,The interferon signaling antagonist function of yellow fever virus NS5 protein is activated by type I interferon.,SYBIL,Adolfo Garcia-Sastre,candidate,medium,"viral context plus mechanism/resource terms: virus, viral, pathway, interaction",PMC4176702,https://pubmed.ncbi.nlm.nih.gov/25211074/,https://pmc.ncbi.nlm.nih.gov/articles/PMC4176702/,https://doi.org/10.1016/j.chom.2014.07.015,pmc_open_access,pmc,oa_pdf_downloaded,papers/fulltext/inventory/oa/pmid-25211074.url,papers/fulltext/inventory/oa/pmid-25211074.pdf,no,
pi-backlog,pmid-25201897,25201897,10.1177/1091581814545245,2014,"Tavaborole, a novel boron-containing small molecule for the topical treatment of onychomycosis, is noncarcinogenic in 2-year carcinogenicity studies.",SYBIL,Sumit Chanda,high,low,explicit cross-virus or shared-host framing in title/abstract,,https://pubmed.ncbi.nlm.nih.gov/25201897/,,https://doi.org/10.1177/1091581814545245,publisher_or_doi_only,publisher,manual_check_needed,papers/fulltext/inventory/oa/pmid-25201897.url,papers/fulltext/inventory/oa/pmid-25201897.pdf,yes,publisher/DOI link available but OA status not confirmed from current metadata
pi-backlog,pmid-25199792,25199792,10.1002/0471250953.bi0506s47,2014,Comparative Protein Structure Modeling Using MODELLER.,HPMI,Andrej Sali,high,low,explicit cross-virus or shared-host framing in title/abstract,,https://pubmed.ncbi.nlm.nih.gov/25199792/,,https://doi.org/10.1002/0471250953.bi0506s47,publisher_or_doi_only,publisher,manual_check_needed,papers/fulltext/inventory/oa/pmid-25199792.url,papers/fulltext/inventory/oa/pmid-25199792.pdf,yes,publisher/DOI link available but OA status not confirmed from current metadata
pi-backlog,pmid-25161197,25161197,10.1074/mcp.M114.041673,2014,Structural characterization by cross-linking reveals the detailed architecture of a coatomer-related heptameric module from the nuclear pore complex.,HPMI,Andrej Sali,high,low,explicit cross-virus or shared-host framing in title/abstract,PMC4223482,https://pubmed.ncbi.nlm.nih.gov/25161197/,https://pmc.ncbi.nlm.nih.gov/articles/PMC4223482/,https://doi.org/10.1074/mcp.M114.041673,pmc_open_access,pmc,oa_pdf_downloaded,papers/fulltext/inventory/oa/pmid-25161197.url,papers/fulltext/inventory/oa/pmid-25161197.pdf,no,
pi-backlog,pmid-25057006,25057006,10.4049/jimmunol.1400675,2014,Differential requirement for the IKKβ/NF-κB signaling module in regulating TLR- versus RLR-induced type 1 IFN expression in dendritic cells.,SYBIL,Adolfo Garcia-Sastre,candidate,medium,"viral context plus mechanism/resource terms: virus, pathway",PMC4134964,https://pubmed.ncbi.nlm.nih.gov/25057006/,https://pmc.ncbi.nlm.nih.gov/articles/PMC4134964/,https://doi.org/10.4049/jimmunol.1400675,pmc_open_access,pmc,oa_pdf_downloaded,papers/fulltext/inventory/oa/pmid-25057006.url,papers/fulltext/inventory/oa/pmid-25057006.pdf,no,
pi-backlog,pmid-24843188,24843188,,2014,Comparative Study of Hydroalcoholic Extracts of Momordica charantia L. against Foodborne Pathogens.,SYBIL,Sumit Chanda,high,low,explicit cross-virus or shared-host framing in title/abstract,PMC4023284,https://pubmed.ncbi.nlm.nih.gov/24843188/,https://pmc.ncbi.nlm.nih.gov/articles/PMC4023284/,,pmc_open_access,pmc,oa_pdf_downloaded,papers/fulltext/inventory/oa/pmid-24843188.url,papers/fulltext/inventory/oa/pmid-24843188.pdf,no,
pi-backlog,pmid-24817247,24817247,10.1371/journal.pone.0096687,2014,An integrated map of HIV-human protein complexes that facilitate viral infection.,HPMI,Trey Ideker,candidate,medium,"viral context plus mechanism/resource terms: viral, hiv, interaction, network",PMC4016004,https://pubmed.ncbi.nlm.nih.gov/24817247/,https://pmc.ncbi.nlm.nih.gov/articles/PMC4016004/,https://doi.org/10.1371/journal.pone.0096687,pmc_open_access,pmc,oa_pdf_downloaded,papers/fulltext/inventory/oa/pmid-24817247.url,papers/fulltext/inventory/oa/pmid-24817247.pdf,no,
pi-backlog,pmid-24802635,24802635,10.1021/ci5001554,2014,Prediction of substrates for glutathione transferases by covalent docking.,HPMI,Andrej Sali,high,low,explicit cross-virus or shared-host framing in title/abstract,PMC4068255,https://pubmed.ncbi.nlm.nih.gov/24802635/,https://pmc.ncbi.nlm.nih.gov/articles/PMC4068255/,https://doi.org/10.1021/ci5001554,pmc_open_access,pmc,oa_pdf_downloaded,papers/fulltext/inventory/oa/pmid-24802635.url,papers/fulltext/inventory/oa/pmid-24802635.pdf,no,
pi-backlog,pmid-24760882,24760882,10.1128/JVI.00239-14,2014,Tumor suppressor cylindromatosis (CYLD) controls HIV transcription in an NF-κB-dependent manner.,SYBIL,Adolfo Garcia-Sastre,candidate,medium,"viral context plus mechanism/resource terms: viral, hiv, pathway",PMC4054419,https://pubmed.ncbi.nlm.nih.gov/24760882/,https://pmc.ncbi.nlm.nih.gov/articles/PMC4054419/,https://doi.org/10.1128/JVI.00239-14,pmc_open_access,pmc,oa_pdf_downloaded,papers/fulltext/inventory/oa/pmid-24760882.url,papers/fulltext/inventory/oa/pmid-24760882.pdf,no,
pi-backlog,pmid-24725954,24725954,10.1016/j.virol.2014.03.001,2014,Rotavirus infection induces G1 to S phase transition in MA104 cells via Ca⁺²/Calmodulin pathway.,SYBIL,Sumit Chanda,candidate,medium,"viral context plus mechanism/resource terms: viral, pathway",PMC7111987,https://pubmed.ncbi.nlm.nih.gov/24725954/,https://pmc.ncbi.nlm.nih.gov/articles/PMC7111987/,https://doi.org/10.1016/j.virol.2014.03.001,pmc_open_access,pmc,oa_pdf_downloaded,papers/fulltext/inventory/oa/pmid-24725954.url,papers/fulltext/inventory/oa/pmid-24725954.pdf,no,
pi-backlog,pmid-24692634,24692634,10.1128/mBio.01006-14,2014,RIG-I detects mRNA of intracellular Salmonella enterica serovar Typhimurium during bacterial infection.,SYBIL,Adolfo Garcia-Sastre,high,medium,explicit cross-virus or shared-host framing in title/abstract,PMC3977358,https://pubmed.ncbi.nlm.nih.gov/24692634/,https://pmc.ncbi.nlm.nih.gov/articles/PMC3977358/,https://doi.org/10.1128/mBio.01006-14,pmc_open_access,pmc,oa_pdf_downloaded,papers/fulltext/inventory/oa/pmid-24692634.url,papers/fulltext/inventory/oa/pmid-24692634.pdf,no,
pi-backlog,pmid-24643253,24643253,10.1371/journal.pone.0092126,2014,MAVS protein is attenuated by rotavirus nonstructural protein 1.,SYBIL,Sumit Chanda,candidate,medium,"viral context plus mechanism/resource terms: virus, viral, interaction",PMC3958477,https://pubmed.ncbi.nlm.nih.gov/24643253/,https://pmc.ncbi.nlm.nih.gov/articles/PMC3958477/,https://doi.org/10.1371/journal.pone.0092126,pmc_open_access,pmc,oa_pdf_downloaded,papers/fulltext/inventory/oa/pmid-24643253.url,papers/fulltext/inventory/oa/pmid-24643253.pdf,no,
pi-backlog,pmid-24586175,24586175,10.1371/journal.ppat.1003981,2014,Human genome-wide RNAi screen identifies an essential role for inositol pyrophosphates in Type-I interferon response.,SYBIL,Adolfo Garcia-Sastre,candidate,medium,"viral context plus mechanism/resource terms: viral, influenza, pathway, screen",PMC3937324,https://pubmed.ncbi.nlm.nih.gov/24586175/,https://pmc.ncbi.nlm.nih.gov/articles/PMC3937324/,https://doi.org/10.1371/journal.ppat.1003981,pmc_open_access,pmc,oa_pdf_downloaded,papers/fulltext/inventory/oa/pmid-24586175.url,papers/fulltext/inventory/oa/pmid-24586175.pdf,no,
pi-backlog,pmid-24573470,24573470,10.1007/978-1-4939-0366-5_1,2014,Protein structure modeling with MODELLER.,HPMI,Andrej Sali,high,low,explicit cross-virus or shared-host framing in title/abstract,,https://pubmed.ncbi.nlm.nih.gov/24573470/,,https://doi.org/10.1007/978-1-4939-0366-5_1,publisher_or_doi_only,publisher,manual_check_needed,papers/fulltext/inventory/oa/pmid-24573470.url,papers/fulltext/inventory/oa/pmid-24573470.pdf,yes,publisher/DOI link available but OA status not confirmed from current metadata
pi-backlog,pmid-24284630,24284630,10.1038/nature12862,2014,Pan-viral specificity of IFN-induced genes reveals new roles for cGAS in innate immunity.,SYBIL,Adolfo Garcia-Sastre,high,medium,explicit cross-virus or shared-host framing in title/abstract,PMC4077721,https://pubmed.ncbi.nlm.nih.gov/24284630/,https://pmc.ncbi.nlm.nih.gov/articles/PMC4077721/,https://doi.org/10.1038/nature12862,pmc_open_access,pmc,oa_pdf_downloaded,papers/fulltext/inventory/oa/pmid-24284630.url,papers/fulltext/inventory/oa/pmid-24284630.pdf,no,
pi-backlog,pmid-24271400,24271400,10.1093/nar/gkt1144,2014,"ModBase, a database of annotated comparative protein structure models and associated resources.",HPMI,Andrej Sali,high,medium,explicit cross-virus or shared-host framing in title/abstract,PMC3965011,https://pubmed.ncbi.nlm.nih.gov/24271400/,https://pmc.ncbi.nlm.nih.gov/articles/PMC3965011/,https://doi.org/10.1093/nar/gkt1144,pmc_open_access,pmc,oa_pdf_downloaded,papers/fulltext/inventory/oa/pmid-24271400.url,papers/fulltext/inventory/oa/pmid-24271400.pdf,no,
pi-backlog,pmid-24237697,24237697,10.1016/j.chom.2013.10.011,2013,Type I interferon imposes a TSG101/ISG15 checkpoint at the Golgi for glycoprotein trafficking during influenza virus infection.,SYBIL,Adolfo Garcia-Sastre,candidate,medium,"viral context plus mechanism/resource terms: virus, influenza, pathway",PMC3904747,https://pubmed.ncbi.nlm.nih.gov/24237697/,https://pmc.ncbi.nlm.nih.gov/articles/PMC3904747/,https://doi.org/10.1016/j.chom.2013.10.011,pmc_open_access,pmc,oa_pdf_downloaded,papers/fulltext/inventory/oa/pmid-24237697.url,papers/fulltext/inventory/oa/pmid-24237697.pdf,no,
pi-backlog,pmid-24098102,24098102,10.1371/journal.pcbi.1003253,2013,Target prediction for an open access set of compounds active against Mycobacterium tuberculosis.,HPMI,Andrej Sali,candidate,medium,"viral context plus mechanism/resource terms: hiv, screen",PMC3789770,https://pubmed.ncbi.nlm.nih.gov/24098102/,https://pmc.ncbi.nlm.nih.gov/articles/PMC3789770/,https://doi.org/10.1371/journal.pcbi.1003253,pmc_open_access,pmc,oa_pdf_downloaded,papers/fulltext/inventory/oa/pmid-24098102.url,papers/fulltext/inventory/oa/pmid-24098102.pdf,no,
pi-backlog,pmid-23903830,23903830,10.1128/JVI.01433-13,2013,Mice lacking functional STAT1 are highly susceptible to lethal infection with Lassa virus.,CViSB,Donald S Grant,candidate,medium,"viral context plus mechanism/resource terms: virus, pathway",PMC3807383,https://pubmed.ncbi.nlm.nih.gov/23903830/,https://pmc.ncbi.nlm.nih.gov/articles/PMC3807383/,https://doi.org/10.1128/JVI.01433-13,pmc_open_access,pmc,oa_pdf_downloaded,papers/fulltext/inventory/oa/pmid-23903830.url,papers/fulltext/inventory/oa/pmid-23903830.pdf,no,
pi-backlog,pmid-23825951,23825951,10.1371/journal.ppat.1003460,2013,Cellular RNA binding proteins NS1-BP and hnRNP K regulate influenza A virus RNA splicing.,SYBIL,Adolfo Garcia-Sastre,candidate,medium,"viral context plus mechanism/resource terms: virus, viral, influenza, proteomics",PMC3694860,https://pubmed.ncbi.nlm.nih.gov/23825951/,https://pmc.ncbi.nlm.nih.gov/articles/PMC3694860/,https://doi.org/10.1371/journal.ppat.1003460,pmc_open_access,pmc,oa_pdf_downloaded,papers/fulltext/inventory/oa/pmid-23825951.url,papers/fulltext/inventory/oa/pmid-23825951.pdf,no,
pi-backlog,pmid-23749869,23749869,10.1073/pnas.1304380110,2013,Landscape of protein-protein interactions in Drosophila immune deficiency signaling during bacterial challenge.,HPMI,Trey Ideker,high,medium,explicit cross-virus or shared-host framing in title/abstract,PMC3696746,https://pubmed.ncbi.nlm.nih.gov/23749869/,https://pmc.ncbi.nlm.nih.gov/articles/PMC3696746/,https://doi.org/10.1073/pnas.1304380110,pmc_open_access,pmc,oa_pdf_downloaded,papers/fulltext/inventory/oa/pmid-23749869.url,papers/fulltext/inventory/oa/pmid-23749869.pdf,no,
pi-backlog,pmid-23593007,23593007,10.1371/journal.ppat.1003302,2013,Lipid droplet-binding protein TIP47 regulates hepatitis C Virus RNA replication through interaction with the viral NS5A protein.,HPMI,Melanie Ott,candidate,medium,"viral context plus mechanism/resource terms: virus, viral, interaction, screen",PMC3623766,https://pubmed.ncbi.nlm.nih.gov/23593007/,https://pmc.ncbi.nlm.nih.gov/articles/PMC3623766/,https://doi.org/10.1371/journal.ppat.1003302,pmc_open_access,pmc,oa_pdf_downloaded,papers/fulltext/inventory/oa/pmid-23593007.url,papers/fulltext/inventory/oa/pmid-23593007.pdf,no,
pi-backlog,pmid-23578028,23578028,10.2174/1568026611313070007,2013,Molecular modeling and ligand docking for solute carrier (SLC) transporters.,HPMI,Andrej Sali,high,low,explicit cross-virus or shared-host framing in title/abstract,PMC4056341,https://pubmed.ncbi.nlm.nih.gov/23578028/,https://pmc.ncbi.nlm.nih.gov/articles/PMC4056341/,https://doi.org/10.2174/1568026611313070007,pmc_open_access,pmc,oa_pdf_downloaded,papers/fulltext/inventory/oa/pmid-23578028.url,papers/fulltext/inventory/oa/pmid-23578028.pdf,no,
pi-backlog,pmid-23509259,23509259,10.1073/pnas.1218165110,2013,"Structure-based ligand discovery for the Large-neutral Amino Acid Transporter 1, LAT-1.",HPMI,Andrej Sali,high,low,explicit cross-virus or shared-host framing in title/abstract,PMC3619328,https://pubmed.ncbi.nlm.nih.gov/23509259/,https://pmc.ncbi.nlm.nih.gov/articles/PMC3619328/,https://doi.org/10.1073/pnas.1218165110,pmc_open_access,pmc,oa_pdf_downloaded,papers/fulltext/inventory/oa/pmid-23509259.url,papers/fulltext/inventory/oa/pmid-23509259.pdf,no,
pi-backlog,pmid-23420847,23420847,10.1074/jbc.M112.434910,2013,Diacylglycerol acyltransferase-1 localizes hepatitis C virus NS5A protein to lipid droplets and enhances NS5A interaction with the viral capsid core.,HPMI,Melanie Ott,candidate,medium,"viral context plus mechanism/resource terms: virus, viral, host factor, interaction",PMC3617291,https://pubmed.ncbi.nlm.nih.gov/23420847/,https://pmc.ncbi.nlm.nih.gov/articles/PMC3617291/,https://doi.org/10.1074/jbc.M112.434910,pmc_open_access,pmc,oa_pdf_downloaded,papers/fulltext/inventory/oa/pmid-23420847.url,papers/fulltext/inventory/oa/pmid-23420847.pdf,no,
pi-backlog,pmid-23389801,23389801,10.1039/c3cp44336a,2013,Towards accurate estimates of the spin-state energetics of spin-crossover complexes within density functional theory: a comparative case study of cobalt(II) complexes.,SCRIPT,Alan Hauser,high,low,explicit cross-virus or shared-host framing in title/abstract,,https://pubmed.ncbi.nlm.nih.gov/23389801/,,https://doi.org/10.1039/c3cp44336a,publisher_or_doi_only,publisher,manual_check_needed,papers/fulltext/inventory/oa/pmid-23389801.url,papers/fulltext/inventory/oa/pmid-23389801.pdf,yes,publisher/DOI link available but OA status not confirmed from current metadata
pi-backlog,pmid-23145065,23145065,10.1371/journal.pone.0049049,2012,Identification of small molecules with type I interferon inducing properties by high-throughput screening.,SYBIL,Adolfo Garcia-Sastre,high,medium,explicit cross-virus or shared-host framing in title/abstract,PMC3492183,https://pubmed.ncbi.nlm.nih.gov/23145065/,https://pmc.ncbi.nlm.nih.gov/articles/PMC3492183/,https://doi.org/10.1371/journal.pone.0049049,pmc_open_access,pmc,oa_pdf_downloaded,papers/fulltext/inventory/oa/pmid-23145065.url,papers/fulltext/inventory/oa/pmid-23145065.pdf,no,
pi-backlog,pmid-23063562,23063562,10.1016/j.str.2012.09.003,2012,Structure and dynamics of the second CARD of human RIG-I provide mechanistic insights into regulation of RIG-I activation.,SYBIL,Adolfo Garcia-Sastre,candidate,medium,"viral context plus mechanism/resource terms: viral, interaction",PMC3625992,https://pubmed.ncbi.nlm.nih.gov/23063562/,https://pmc.ncbi.nlm.nih.gov/articles/PMC3625992/,https://doi.org/10.1016/j.str.2012.09.003,pmc_open_access,pmc,oa_pdf_downloaded,papers/fulltext/inventory/oa/pmid-23063562.url,papers/fulltext/inventory/oa/pmid-23063562.pdf,no,
pi-backlog,pmid-23041628,23041628,10.1172/JCI60659,2012,Cross-presenting CD103+ dendritic cells are protected from influenza virus infection.,SYBIL,Adolfo Garcia-Sastre,candidate,medium,"viral context plus mechanism/resource terms: virus, viral, influenza, pathway",PMC3484433,https://pubmed.ncbi.nlm.nih.gov/23041628/,https://pmc.ncbi.nlm.nih.gov/articles/PMC3484433/,https://doi.org/10.1172/JCI60659,pmc_open_access,pmc,oa_pdf_downloaded,papers/fulltext/inventory/oa/pmid-23041628.url,papers/fulltext/inventory/oa/pmid-23041628.pdf,no,
pi-backlog,pmid-22993153,22993153,10.1128/JVI.02237-12,2012,Contribution of NS1 effector domain dimerization to influenza A virus replication and virulence.,SYBIL,Adolfo Garcia-Sastre,candidate,medium,"viral context plus mechanism/resource terms: virus, influenza, interaction",PMC3497675,https://pubmed.ncbi.nlm.nih.gov/22993153/,https://pmc.ncbi.nlm.nih.gov/articles/PMC3497675/,https://doi.org/10.1128/JVI.02237-12,pmc_open_access,pmc,oa_pdf_downloaded,papers/fulltext/inventory/oa/pmid-22993153.url,papers/fulltext/inventory/oa/pmid-22993153.pdf,no,
pi-backlog,pmid-22932902,22932902,10.1074/jbc.M112.388157,2012,"High selectivity of the γ-aminobutyric acid transporter 2 (GAT-2, SLC6A13) revealed by structure-based approach.",HPMI,Andrej Sali,high,low,explicit cross-virus or shared-host framing in title/abstract,PMC3488050,https://pubmed.ncbi.nlm.nih.gov/22932902/,https://pmc.ncbi.nlm.nih.gov/articles/PMC3488050/,https://doi.org/10.1074/jbc.M112.388157,pmc_open_access,pmc,oa_pdf_downloaded,papers/fulltext/inventory/oa/pmid-22932902.url,papers/fulltext/inventory/oa/pmid-22932902.pdf,no,
pi-backlog,pmid-22855494,22855494,10.1128/JVI.01571-12,2012,Increased viral loads and exacerbated innate host responses in aged macaques infected with the 2009 pandemic H1N1 influenza A virus.,SYBIL,Adolfo Garcia-Sastre,candidate,medium,"viral context plus mechanism/resource terms: virus, viral, influenza, host response",PMC3457171,https://pubmed.ncbi.nlm.nih.gov/22855494/,https://pmc.ncbi.nlm.nih.gov/articles/PMC3457171/,https://doi.org/10.1128/JVI.01571-12,pmc_open_access,pmc,oa_pdf_downloaded,papers/fulltext/inventory/oa/pmid-22855494.url,papers/fulltext/inventory/oa/pmid-22855494.pdf,no,
pi-backlog,pmid-22778433,22778433,10.1073/pnas.1206039109,2012,Hematopoietic-specific targeting of influenza A virus reveals replication requirements for induction of antiviral immune responses.,SYBIL,Adolfo Garcia-Sastre,candidate,medium,"viral context plus mechanism/resource terms: virus, influenza, host response",PMC3409765,https://pubmed.ncbi.nlm.nih.gov/22778433/,https://pmc.ncbi.nlm.nih.gov/articles/PMC3409765/,https://doi.org/10.1073/pnas.1206039109,pmc_open_access,pmc,oa_pdf_downloaded,papers/fulltext/inventory/oa/pmid-22778433.url,papers/fulltext/inventory/oa/pmid-22778433.pdf,no,
pi-backlog,pmid-22718633,22718633,10.1515/hsz-2011-0219,2012,Biochemical characterization and structural modeling of human cathepsin E variant 2 in comparison to the wild-type protein.,HPMI,Andrej Sali,high,low,explicit cross-virus or shared-host framing in title/abstract,PMC4111641,https://pubmed.ncbi.nlm.nih.gov/22718633/,https://pmc.ncbi.nlm.nih.gov/articles/PMC4111641/,https://doi.org/10.1515/hsz-2011-0219,pmc_open_access,pmc,oa_pdf_downloaded,papers/fulltext/inventory/oa/pmid-22718633.url,papers/fulltext/inventory/oa/pmid-22718633.pdf,no,
pi-backlog,pmid-22618536,22618536,10.1093/bioinformatics/bts302,2012,SALIGN: a web server for alignment of multiple protein sequences and structures.,HPMI,Andrej Sali,high,low,explicit cross-virus or shared-host framing in title/abstract,PMC3400954,https://pubmed.ncbi.nlm.nih.gov/22618536/,https://pmc.ncbi.nlm.nih.gov/articles/PMC3400954/,https://doi.org/10.1093/bioinformatics/bts302,pmc_open_access,pmc,oa_pdf_downloaded,papers/fulltext/inventory/oa/pmid-22618536.url,papers/fulltext/inventory/oa/pmid-22618536.pdf,no,
pi-backlog,pmid-22590727,22590727,10.1111/j.1365-294x.2011.05287.x,2012,"A comparative study of ancient sedimentary DNA, pollen and macrofossils from permafrost sediments of northern Siberia reveals long-term vegetational stability.",CViSB,Kristian Andersen,high,low,explicit cross-virus or shared-host framing in title/abstract,,https://pubmed.ncbi.nlm.nih.gov/22590727/,,https://doi.org/10.1111/j.1365-294x.2011.05287.x,publisher_or_doi_only,publisher,manual_check_needed,papers/fulltext/inventory/oa/pmid-22590727.url,papers/fulltext/inventory/oa/pmid-22590727.pdf,yes,publisher/DOI link available but OA status not confirmed from current metadata
pi-backlog,pmid-22419161,22419161,10.1038/nature10892,2012,Suppression of the antiviral response by an influenza histone mimic.,SYBIL,Adolfo Garcia-Sastre,candidate,medium,"viral context plus mechanism/resource terms: virus, viral, influenza, interaction",PMC3598589,https://pubmed.ncbi.nlm.nih.gov/22419161/,https://pmc.ncbi.nlm.nih.gov/articles/PMC3598589/,https://doi.org/10.1038/nature10892,pmc_open_access,pmc,oa_pdf_downloaded,papers/fulltext/inventory/oa/pmid-22419161.url,papers/fulltext/inventory/oa/pmid-22419161.pdf,no,
pi-backlog,pmid-22323229,22323229,10.1007/978-1-61779-588-6_15,2012,Macromolecular assembly structures by comparative modeling and electron microscopy.,HPMI,Andrej Sali,high,low,explicit cross-virus or shared-host framing in title/abstract,,https://pubmed.ncbi.nlm.nih.gov/22323229/,,https://doi.org/10.1007/978-1-61779-588-6_15,publisher_or_doi_only,publisher,manual_check_needed,papers/fulltext/inventory/oa/pmid-22323229.url,papers/fulltext/inventory/oa/pmid-22323229.pdf,yes,publisher/DOI link available but OA status not confirmed from current metadata
pi-backlog,pmid-22260278,22260278,10.1111/j.1750-2659.2011.00331.x,2012,Influenza research database: an integrated bioinformatics resource for influenza research and surveillance.,SYBIL,Adolfo Garcia-Sastre,high,medium,explicit cross-virus or shared-host framing in title/abstract,PMC3345175,https://pubmed.ncbi.nlm.nih.gov/22260278/,https://pmc.ncbi.nlm.nih.gov/articles/PMC3345175/,https://doi.org/10.1111/j.1750-2659.2011.00331.x,pmc_open_access,pmc,oa_pdf_downloaded,papers/fulltext/inventory/oa/pmid-22260278.url,papers/fulltext/inventory/oa/pmid-22260278.pdf,no,
pi-backlog,pmid-22217077,22217077,10.1186/1743-422X-9-3,2012,Surveillance in Eastern India (2007-2009) revealed reassortment event involving NS and PB1-F2 gene segments among co-circulating influenza A subtypes.,SYBIL,Sumit Chanda,high,medium,explicit cross-virus or shared-host framing in title/abstract,PMC3284387,https://pubmed.ncbi.nlm.nih.gov/22217077/,https://pmc.ncbi.nlm.nih.gov/articles/PMC3284387/,https://doi.org/10.1186/1743-422X-9-3,pmc_open_access,pmc,oa_pdf_downloaded,papers/fulltext/inventory/oa/pmid-22217077.url,papers/fulltext/inventory/oa/pmid-22217077.pdf,no,
pi-backlog,pmid-22183533,22183533,10.1007/978-1-61779-465-0_8,2012,Virtual ligand screening against comparative protein structure models.,HPMI,Andrej Sali,high,low,explicit cross-virus or shared-host framing in title/abstract,PMC3386294,https://pubmed.ncbi.nlm.nih.gov/22183533/,https://pmc.ncbi.nlm.nih.gov/articles/PMC3386294/,https://doi.org/10.1007/978-1-61779-465-0_8,pmc_open_access,pmc,oa_pdf_downloaded,papers/fulltext/inventory/oa/pmid-22183533.url,papers/fulltext/inventory/oa/pmid-22183533.pdf,no,
pi-backlog,pmid-22084242,22084242,10.1074/jbc.M111.282855,2012,Two-pronged binding with bromodomain-containing protein 4 liberates positive transcription elongation factor b from inactive ribonucleoprotein complexes.,HPMI,Melanie Ott,candidate,low,"viral context plus mechanism/resource terms: hiv, interaction",PMC3256921,https://pubmed.ncbi.nlm.nih.gov/22084242/,https://pmc.ncbi.nlm.nih.gov/articles/PMC3256921/,https://doi.org/10.1074/jbc.M111.282855,pmc_open_access,pmc,oa_pdf_downloaded,papers/fulltext/inventory/oa/pmid-22084242.url,papers/fulltext/inventory/oa/pmid-22084242.pdf,no,
pi-backlog,pmid-21963794,21963794,10.1016/j.jsb.2011.09.006,2012,"UCSF Chimera, MODELLER, and IMP: an integrated modeling system.",HPMI,Andrej Sali,high,low,explicit cross-virus or shared-host framing in title/abstract,PMC3410985,https://pubmed.ncbi.nlm.nih.gov/21963794/,https://pmc.ncbi.nlm.nih.gov/articles/PMC3410985/,https://doi.org/10.1016/j.jsb.2011.09.006,pmc_open_access,pmc,oa_pdf_downloaded,papers/fulltext/inventory/oa/pmid-21963794.url,papers/fulltext/inventory/oa/pmid-21963794.pdf,no,
pi-backlog,pmid-22190037,22190037,10.1038/nature10693,2011,Vif hijacks CBF-β to degrade APOBEC3G and promote HIV-1 infection.,HPMI,Andrej Sali,candidate,medium,"viral context plus mechanism/resource terms: virus, viral, hiv, interaction",PMC3310910,https://pubmed.ncbi.nlm.nih.gov/22190037/,https://pmc.ncbi.nlm.nih.gov/articles/PMC3310910/,https://doi.org/10.1038/nature10693,pmc_open_access,pmc,oa_pdf_downloaded,papers/fulltext/inventory/oa/pmid-22190037.url,papers/fulltext/inventory/oa/pmid-22190037.pdf,no,
pi-backlog,pmid-21956618,21956618,10.1038/clpt.2011.165,2011,A common 5'-UTR variant in MATE2-K is associated with poor response to metformin.,HPMI,Andrej Sali,high,low,explicit cross-virus or shared-host framing in title/abstract,PMC3329222,https://pubmed.ncbi.nlm.nih.gov/21956618/,https://pmc.ncbi.nlm.nih.gov/articles/PMC3329222/,https://doi.org/10.1038/clpt.2011.165,pmc_open_access,pmc,oa_pdf_downloaded,papers/fulltext/inventory/oa/pmid-21956618.url,papers/fulltext/inventory/oa/pmid-21956618.pdf,no,
pi-backlog,pmid-21917972,21917972,10.1128/JVI.05830-11,2011,Major histocompatibility complex class II expression and hemagglutinin subtype influence the infectivity of type A influenza virus for respiratory dendritic cells.,SYBIL,Adolfo Garcia-Sastre,candidate,medium,"viral context plus mechanism/resource terms: virus, influenza, interaction",PMC3209325,https://pubmed.ncbi.nlm.nih.gov/21917972/,https://pmc.ncbi.nlm.nih.gov/articles/PMC3209325/,https://doi.org/10.1128/JVI.05830-11,pmc_open_access,pmc,oa_pdf_downloaded,papers/fulltext/inventory/oa/pmid-21917972.url,papers/fulltext/inventory/oa/pmid-21917972.pdf,no,
pi-backlog,pmid-21909097,21909097,10.1038/nchembio.645,2011,Chemical inhibition of RNA viruses reveals REDD1 as a host defense factor.,SYBIL,Adolfo Garcia-Sastre,candidate,medium,"viral context plus mechanism/resource terms: virus, viral, influenza, pathway, screen",PMC3329801,https://pubmed.ncbi.nlm.nih.gov/21909097/,https://pmc.ncbi.nlm.nih.gov/articles/PMC3329801/,https://doi.org/10.1038/nchembio.645,pmc_open_access,pmc,oa_pdf_downloaded,papers/fulltext/inventory/oa/pmid-21909097.url,papers/fulltext/inventory/oa/pmid-21909097.pdf,no,
pi-backlog,pmid-21885739,21885739,10.1073/pnas.1106030108,2011,"Structure-based discovery of prescription drugs that interact with the norepinephrine transporter, NET.",HPMI,Andrej Sali,high,low,explicit cross-virus or shared-host framing in title/abstract,PMC3179104,https://pubmed.ncbi.nlm.nih.gov/21885739/,https://pmc.ncbi.nlm.nih.gov/articles/PMC3179104/,https://doi.org/10.1073/pnas.1106030108,pmc_open_access,pmc,oa_pdf_downloaded,papers/fulltext/inventory/oa/pmid-21885739.url,papers/fulltext/inventory/oa/pmid-21885739.pdf,no,
pi-backlog,pmid-21876670,21876670,10.1371/journal.ppat.1002184,2011,Activation of HIV transcription by the viral Tat protein requires a demethylation step mediated by lysine-specific demethylase 1 (LSD1/KDM1).,HPMI,Melanie Ott,candidate,medium,"viral context plus mechanism/resource terms: viral, hiv, interaction",PMC3158049,https://pubmed.ncbi.nlm.nih.gov/21876670/,https://pmc.ncbi.nlm.nih.gov/articles/PMC3158049/,https://doi.org/10.1371/journal.ppat.1002184,pmc_open_access,pmc,oa_pdf_downloaded,papers/fulltext/inventory/oa/pmid-21876670.url,papers/fulltext/inventory/oa/pmid-21876670.pdf,no,
pi-backlog,pmid-21852950,21852950,10.1371/journal.ppat.1002186,2011,Differential contribution of PB1-F2 to the virulence of highly pathogenic H5N1 influenza A virus in mammalian and avian species.,SYBIL,Adolfo Garcia-Sastre,high,medium,explicit cross-virus or shared-host framing in title/abstract,PMC3154844,https://pubmed.ncbi.nlm.nih.gov/21852950/,https://pmc.ncbi.nlm.nih.gov/articles/PMC3154844/,https://doi.org/10.1371/journal.ppat.1002186,pmc_open_access,pmc,oa_pdf_downloaded,papers/fulltext/inventory/oa/pmid-21852950.url,papers/fulltext/inventory/oa/pmid-21852950.pdf,no,
pi-backlog,pmid-21846828,21846828,10.1128/mBio.00151-11,2011,Host- and strain-specific regulation of influenza virus polymerase activity by interacting cellular proteins.,SYBIL,Adolfo Garcia-Sastre,candidate,medium,"viral context plus mechanism/resource terms: virus, viral, influenza, interaction, network, proteomics",PMC3157893,https://pubmed.ncbi.nlm.nih.gov/21846828/,https://pmc.ncbi.nlm.nih.gov/articles/PMC3157893/,https://doi.org/10.1128/mBio.00151-11,pmc_open_access,pmc,oa_pdf_downloaded,papers/fulltext/inventory/oa/pmid-21846828.url,papers/fulltext/inventory/oa/pmid-21846828.pdf,no,
pi-backlog,pmid-21823622,21823622,10.1021/cb200198c,2011,Discovery of a cytokinin deaminase.,HPMI,Andrej Sali,high,low,explicit cross-virus or shared-host framing in title/abstract,PMC3199332,https://pubmed.ncbi.nlm.nih.gov/21823622/,https://pmc.ncbi.nlm.nih.gov/articles/PMC3199332/,https://doi.org/10.1021/cb200198c,pmc_open_access,pmc,oa_pdf_downloaded,papers/fulltext/inventory/oa/pmid-21823622.url,papers/fulltext/inventory/oa/pmid-21823622.pdf,no,
pi-backlog,pmid-21670211,21670211,10.1083/jcb.201102042,2011,"Evolution: On a bender--BARs, ESCRTs, COPs, and finally getting your coat.",HPMI,Andrej Sali,high,low,explicit cross-virus or shared-host framing in title/abstract,PMC3115789,https://pubmed.ncbi.nlm.nih.gov/21670211/,https://pmc.ncbi.nlm.nih.gov/articles/PMC3115789/,https://doi.org/10.1083/jcb.201102042,pmc_open_access,pmc,oa_pdf_downloaded,papers/fulltext/inventory/oa/pmid-21670211.url,papers/fulltext/inventory/oa/pmid-21670211.pdf,no,
pi-backlog,pmid-21593271,21593271,10.1099/vir.0.032060-0,2011,The NS1 protein of influenza A virus suppresses interferon-regulated activation of antigen-presentation and immune-proteasome pathways.,SYBIL,Adolfo Garcia-Sastre,candidate,medium,"viral context plus mechanism/resource terms: virus, influenza, pathway",PMC3353386,https://pubmed.ncbi.nlm.nih.gov/21593271/,https://pmc.ncbi.nlm.nih.gov/articles/PMC3353386/,https://doi.org/10.1099/vir.0.032060-0,pmc_open_access,pmc,oa_pdf_downloaded,papers/fulltext/inventory/oa/pmid-21593271.url,papers/fulltext/inventory/oa/pmid-21593271.pdf,no,
pi-backlog,pmid-21483486,21483486,10.1371/journal.ppat.1001329,2011,Dissection of the influenza A virus endocytic routes reveals macropinocytosis as an alternative entry pathway.,SYBIL,Adolfo Garcia-Sastre,candidate,medium,"viral context plus mechanism/resource terms: virus, influenza, pathway",PMC3068995,https://pubmed.ncbi.nlm.nih.gov/21483486/,https://pmc.ncbi.nlm.nih.gov/articles/PMC3068995/,https://doi.org/10.1371/journal.ppat.1001329,pmc_open_access,pmc,oa_pdf_downloaded,papers/fulltext/inventory/oa/pmid-21483486.url,papers/fulltext/inventory/oa/pmid-21483486.pdf,no,
pi-backlog,pmid-21464929,21464929,10.1371/journal.pone.0017946,2011,A transient homotypic interaction model for the influenza A virus NS1 protein effector domain.,SYBIL,Adolfo Garcia-Sastre,candidate,medium,"viral context plus mechanism/resource terms: virus, influenza, interaction",PMC3065461,https://pubmed.ncbi.nlm.nih.gov/21464929/,https://pmc.ncbi.nlm.nih.gov/articles/PMC3065461/,https://doi.org/10.1371/journal.pone.0017946,pmc_open_access,pmc,oa_pdf_downloaded,papers/fulltext/inventory/oa/pmid-21464929.url,papers/fulltext/inventory/oa/pmid-21464929.pdf,no,
pi-backlog,pmid-21275375,21275375,10.1021/ja110157u,2011,Enzymatic deamination of the epigenetic base N-6-methyladenine.,HPMI,Andrej Sali,high,medium,explicit cross-virus or shared-host framing in title/abstract,PMC3043370,https://pubmed.ncbi.nlm.nih.gov/21275375/,https://pmc.ncbi.nlm.nih.gov/articles/PMC3043370/,https://doi.org/10.1021/ja110157u,pmc_open_access,pmc,oa_pdf_downloaded,papers/fulltext/inventory/oa/pmid-21275375.url,papers/fulltext/inventory/oa/pmid-21275375.pdf,no,
pi-backlog,pmid-21245900,21245900,10.1038/ni0211-114,2011,2 methylate or not 2 methylate: viral evasion of the type I interferon response.,SYBIL,Adolfo Garcia-Sastre,candidate,medium,"viral context plus mechanism/resource terms: viral, host response",PMC7096819,https://pubmed.ncbi.nlm.nih.gov/21245900/,https://pmc.ncbi.nlm.nih.gov/articles/PMC7096819/,https://doi.org/10.1038/ni0211-114,pmc_open_access,pmc,oa_pdf_downloaded,papers/fulltext/inventory/oa/pmid-21245900.url,papers/fulltext/inventory/oa/pmid-21245900.pdf,no,
pi-backlog,pmid-21097780,21097780,10.1093/nar/gkq1091,2011,"ModBase, a database of annotated comparative protein structure models, and associated resources.",HPMI,Andrej Sali,high,low,explicit cross-virus or shared-host framing in title/abstract,PMC3013688,https://pubmed.ncbi.nlm.nih.gov/21097780/,https://pmc.ncbi.nlm.nih.gov/articles/PMC3013688/,https://doi.org/10.1093/nar/gkq1091,pmc_open_access,pmc,oa_pdf_downloaded,papers/fulltext/inventory/oa/pmid-21097780.url,papers/fulltext/inventory/oa/pmid-21097780.pdf,no,
pi-backlog,pmid-21075352,21075352,10.1016/j.chom.2010.10.007,2010,Mouse STAT2 restricts early dengue virus replication.,SYBIL,Adolfo Garcia-Sastre,candidate,medium,"viral context plus mechanism/resource terms: virus, viral, dengue, pathway",PMC3310429,https://pubmed.ncbi.nlm.nih.gov/21075352/,https://pmc.ncbi.nlm.nih.gov/articles/PMC3310429/,https://doi.org/10.1016/j.chom.2010.10.007,pmc_open_access,pmc,oa_pdf_downloaded,papers/fulltext/inventory/oa/pmid-21075352.url,papers/fulltext/inventory/oa/pmid-21075352.pdf,no,
pi-backlog,pmid-20943654,20943654,10.1074/jbc.M110.165936,2010,Transcription factor redundancy ensures induction of the antiviral state.,SYBIL,Adolfo Garcia-Sastre,candidate,medium,"viral context plus mechanism/resource terms: virus, transcriptome",PMC3009927,https://pubmed.ncbi.nlm.nih.gov/20943654/,https://pmc.ncbi.nlm.nih.gov/articles/PMC3009927/,https://doi.org/10.1074/jbc.M110.165936,pmc_open_access,pmc,oa_pdf_downloaded,papers/fulltext/inventory/oa/pmid-20943654.url,papers/fulltext/inventory/oa/pmid-20943654.pdf,no,
pi-backlog,pmid-20935628,20935628,10.1038/nm.2238,2010,Efficient hepatitis C virus particle formation requires diacylglycerol acyltransferase-1.,HPMI,Melanie Ott,candidate,medium,"viral context plus mechanism/resource terms: virus, viral, host factor",PMC3431199,https://pubmed.ncbi.nlm.nih.gov/20935628/,https://pmc.ncbi.nlm.nih.gov/articles/PMC3431199/,https://doi.org/10.1038/nm.2238,pmc_open_access,pmc,oa_pdf_downloaded,papers/fulltext/inventory/oa/pmid-20935628.url,papers/fulltext/inventory/oa/pmid-20935628.pdf,no,
pi-backlog,pmid-20844044,20844044,10.1128/JVI.01136-10,2010,Virulence-associated substitution D222G in the hemagglutinin of 2009 pandemic influenza A(H1N1) virus affects receptor binding.,SYBIL,Adolfo Garcia-Sastre,candidate,medium,"viral context plus mechanism/resource terms: virus, influenza, interaction",PMC2977876,https://pubmed.ncbi.nlm.nih.gov/20844044/,https://pmc.ncbi.nlm.nih.gov/articles/PMC2977876/,https://doi.org/10.1128/JVI.01136-10,pmc_open_access,pmc,oa_pdf_downloaded,papers/fulltext/inventory/oa/pmid-20844044.url,papers/fulltext/inventory/oa/pmid-20844044.pdf,no,
pi-backlog,pmid-20844032,20844032,10.1128/JVI.01129-10,2010,Macaque proteome response to highly pathogenic avian influenza and 1918 reassortant influenza virus infections.,SYBIL,Adolfo Garcia-Sastre,candidate,medium,"viral context plus mechanism/resource terms: virus, viral, influenza, network",PMC2977874,https://pubmed.ncbi.nlm.nih.gov/20844032/,https://pmc.ncbi.nlm.nih.gov/articles/PMC2977874/,https://doi.org/10.1128/JVI.01129-10,pmc_open_access,pmc,oa_pdf_downloaded,papers/fulltext/inventory/oa/pmid-20844032.url,papers/fulltext/inventory/oa/pmid-20844032.pdf,no,
pi-backlog,pmid-20617177,20617177,10.1371/journal.ppat.1000978,2010,Adaptation of hepatitis C virus to mouse CD81 permits infection of mouse cells in the absence of human entry factors.,HPMI,Melanie Ott,candidate,medium,"viral context plus mechanism/resource terms: virus, interaction",PMC2895659,https://pubmed.ncbi.nlm.nih.gov/20617177/,https://pmc.ncbi.nlm.nih.gov/articles/PMC2895659/,https://doi.org/10.1371/journal.ppat.1000978,pmc_open_access,pmc,oa_pdf_downloaded,papers/fulltext/inventory/oa/pmid-20617177.url,papers/fulltext/inventory/oa/pmid-20617177.pdf,no,
pi-backlog,pmid-20610653,20610653,10.4049/jimmunol.1000114,2010,NF-kappa B RelA subunit is crucial for early IFN-beta expression and resistance to RNA virus replication.,SYBIL,Adolfo Garcia-Sastre,candidate,medium,"viral context plus mechanism/resource terms: virus, host response",PMC2910841,https://pubmed.ncbi.nlm.nih.gov/20610653/,https://pmc.ncbi.nlm.nih.gov/articles/PMC2910841/,https://doi.org/10.4049/jimmunol.1000114,pmc_open_access,pmc,oa_pdf_downloaded,papers/fulltext/inventory/oa/pmid-20610653.url,papers/fulltext/inventory/oa/pmid-20610653.pdf,no,
pi-backlog,pmid-20534531,20534531,10.1073/pnas.1003115107,2010,Engineered RNA viral synthesis of microRNAs.,SYBIL,Adolfo Garcia-Sastre,candidate,medium,"viral context plus mechanism/resource terms: virus, viral, influenza, transcriptome",PMC2895125,https://pubmed.ncbi.nlm.nih.gov/20534531/,https://pmc.ncbi.nlm.nih.gov/articles/PMC2895125/,https://doi.org/10.1073/pnas.1003115107,pmc_open_access,pmc,oa_pdf_downloaded,papers/fulltext/inventory/oa/pmid-20534531.url,papers/fulltext/inventory/oa/pmid-20534531.pdf,no,
pi-backlog,pmid-20406818,20406818,10.1074/jbc.M109.089912,2010,Negative role of RIG-I serine 8 phosphorylation in the regulation of interferon-beta production.,SYBIL,Adolfo Garcia-Sastre,candidate,medium,"viral context plus mechanism/resource terms: virus, viral, interaction",PMC2888438,https://pubmed.ncbi.nlm.nih.gov/20406818/,https://pmc.ncbi.nlm.nih.gov/articles/PMC2888438/,https://doi.org/10.1074/jbc.M109.089912,pmc_open_access,pmc,oa_pdf_downloaded,papers/fulltext/inventory/oa/pmid-20406818.url,papers/fulltext/inventory/oa/pmid-20406818.pdf,no,
pi-backlog,pmid-20406241,20406241,10.1111/j.1755-5922.2010.00148.x,2010,"Comparative efficacy of aliskiren monotherapy and ramipril monotherapy in patients with stage 2 systolic hypertension: subgroup analysis of a double-blind, active comparator trial.",CViSB,Kristian Andersen,high,low,explicit cross-virus or shared-host framing in title/abstract,,https://pubmed.ncbi.nlm.nih.gov/20406241/,,https://doi.org/10.1111/j.1755-5922.2010.00148.x,publisher_or_doi_only,publisher,manual_check_needed,papers/fulltext/inventory/oa/pmid-20406241.url,papers/fulltext/inventory/oa/pmid-20406241.pdf,yes,publisher/DOI link available but OA status not confirmed from current metadata
pi-backlog,pmid-20357099,20357099,10.1128/JVI.00211-10,2010,Murine coronavirus delays expression of a subset of interferon-stimulated genes.,SYBIL,Adolfo Garcia-Sastre,candidate,medium,"viral context plus mechanism/resource terms: virus, coronavirus, pathway",PMC2876584,https://pubmed.ncbi.nlm.nih.gov/20357099/,https://pmc.ncbi.nlm.nih.gov/articles/PMC2876584/,https://doi.org/10.1128/JVI.00211-10,pmc_open_access,pmc,oa_pdf_downloaded,papers/fulltext/inventory/oa/pmid-20357099.url,papers/fulltext/inventory/oa/pmid-20357099.pdf,no,
pi-backlog,pmid-20219937,20219937,10.1128/JVI.02395-09,2010,Species-specific antagonism of host ISGylation by the influenza B virus NS1 protein.,SYBIL,Adolfo Garcia-Sastre,candidate,medium,"viral context plus mechanism/resource terms: virus, influenza, interaction",PMC2863827,https://pubmed.ncbi.nlm.nih.gov/20219937/,https://pmc.ncbi.nlm.nih.gov/articles/PMC2863827/,https://doi.org/10.1128/JVI.02395-09,pmc_open_access,pmc,oa_pdf_downloaded,papers/fulltext/inventory/oa/pmid-20219937.url,papers/fulltext/inventory/oa/pmid-20219937.pdf,no,
pi-backlog,pmid-20140252,20140252,10.1371/journal.pone.0009025,2010,Complete-proteome mapping of human influenza A adaptive mutations: implications for human transmissibility of zoonotic strains.,SYBIL,Adolfo Garcia-Sastre,high,medium,explicit cross-virus or shared-host framing in title/abstract,PMC2815782,https://pubmed.ncbi.nlm.nih.gov/20140252/,https://pmc.ncbi.nlm.nih.gov/articles/PMC2815782/,https://doi.org/10.1371/journal.pone.0009025,pmc_open_access,pmc,oa_pdf_downloaded,papers/fulltext/inventory/oa/pmid-20140252.url,papers/fulltext/inventory/oa/pmid-20140252.pdf,no,
pi-backlog,pmid-20140189,20140189,10.1371/journal.pcbi.1000668,2010,The overlap of small molecule and protein binding sites within families of protein structures.,HPMI,Andrej Sali,candidate,low,"viral context plus mechanism/resource terms: hiv, interaction",PMC2816688,https://pubmed.ncbi.nlm.nih.gov/20140189/,https://pmc.ncbi.nlm.nih.gov/articles/PMC2816688/,https://doi.org/10.1371/journal.pcbi.1000668,pmc_open_access,pmc,oa_pdf_downloaded,papers/fulltext/inventory/oa/pmid-20140189.url,papers/fulltext/inventory/oa/pmid-20140189.pdf,no,
pi-backlog,pmid-20071582,20071582,10.1128/JVI.02241-09,2010,Phosphorylation-mediated negative regulation of RIG-I antiviral activity.,SYBIL,Adolfo Garcia-Sastre,candidate,medium,"viral context plus mechanism/resource terms: viral, interaction",PMC2838087,https://pubmed.ncbi.nlm.nih.gov/20071582/,https://pmc.ncbi.nlm.nih.gov/articles/PMC2838087/,https://doi.org/10.1128/JVI.02241-09,pmc_open_access,pmc,oa_pdf_downloaded,papers/fulltext/inventory/oa/pmid-20071582.url,papers/fulltext/inventory/oa/pmid-20071582.pdf,no,
pi-backlog,pmid-20027183,20027183,10.1038/nature08699,2010,Human host factors required for influenza virus replication.,SYBIL;HPMI,Adolfo Garcia-Sastre;Trey Ideker,candidate,medium,"viral context plus mechanism/resource terms: virus, viral, influenza, interaction, network",PMC2862546,https://pubmed.ncbi.nlm.nih.gov/20027183/,https://pmc.ncbi.nlm.nih.gov/articles/PMC2862546/,https://doi.org/10.1038/nature08699,pmc_open_access,pmc,oa_pdf_downloaded,papers/fulltext/inventory/oa/pmid-20027183.url,papers/fulltext/inventory/oa/pmid-20027183.pdf,no,
pi-backlog,pmid-19927307,19927307,10.1002/ajmg.b.31047,2010,Psychiatric syndromes in individuals with chromosome 18 abnormalities.,SYBIL,Rafael Medina,high,low,explicit cross-virus or shared-host framing in title/abstract,,https://pubmed.ncbi.nlm.nih.gov/19927307/,,https://doi.org/10.1002/ajmg.b.31047,publisher_or_doi_only,publisher,manual_check_needed,papers/fulltext/inventory/oa/pmid-19927307.url,papers/fulltext/inventory/oa/pmid-19927307.pdf,yes,publisher/DOI link available but OA status not confirmed from current metadata
pi-backlog,pmid-20011113,20011113,10.1371/journal.pgen.1000767,2009,"Comprehensive functional analysis of Mycobacterium tuberculosis toxin-antitoxin systems: implications for pathogenesis, stress responses, and evolution.",HPMI,Jeffrey Cox,high,low,explicit cross-virus or shared-host framing in title/abstract,PMC2781298,https://pubmed.ncbi.nlm.nih.gov/20011113/,https://pmc.ncbi.nlm.nih.gov/articles/PMC2781298/,https://doi.org/10.1371/journal.pgen.1000767,pmc_open_access,pmc,oa_pdf_downloaded,papers/fulltext/inventory/oa/pmid-20011113.url,papers/fulltext/inventory/oa/pmid-20011113.pdf,no,
pi-backlog,pmid-19845314,19845314,10.1021/ci9003706,2009,Molecular docking screens using comparative models of proteins.,HPMI,Andrej Sali,high,low,explicit cross-virus or shared-host framing in title/abstract,PMC2790034,https://pubmed.ncbi.nlm.nih.gov/19845314/,https://pmc.ncbi.nlm.nih.gov/articles/PMC2790034/,https://doi.org/10.1021/ci9003706,pmc_open_access,pmc,oa_pdf_downloaded,papers/fulltext/inventory/oa/pmid-19845314.url,papers/fulltext/inventory/oa/pmid-19845314.pdf,no,
pi-backlog,pmid-19812322,19812322,10.1523/JNEUROSCI.3180-09.2009,2009,An integrated systems analysis implicates EGR1 downregulation in simian immunodeficiency virus encephalitis-induced neural dysfunction.,HPMI,Trey Ideker,candidate,medium,"viral context plus mechanism/resource terms: virus, hiv, interaction, network, host response",PMC2802851,https://pubmed.ncbi.nlm.nih.gov/19812322/,https://pmc.ncbi.nlm.nih.gov/articles/PMC2802851/,https://doi.org/10.1523/JNEUROSCI.3180-09.2009,pmc_open_access,pmc,oa_pdf_downloaded,papers/fulltext/inventory/oa/pmid-19812322.url,papers/fulltext/inventory/oa/pmid-19812322.pdf,no,
pi-backlog,pmid-19730696,19730696,10.1371/journal.ppat.1000570,2009,Evolutionarily conserved herpesviral protein interaction networks.,HPMI,Trey Ideker,high,medium,explicit cross-virus or shared-host framing in title/abstract,PMC2731838,https://pubmed.ncbi.nlm.nih.gov/19730696/,https://pmc.ncbi.nlm.nih.gov/articles/PMC2731838/,https://doi.org/10.1371/journal.ppat.1000570,pmc_open_access,pmc,oa_pdf_downloaded,papers/fulltext/inventory/oa/pmid-19730696.url,papers/fulltext/inventory/oa/pmid-19730696.pdf,no,
pi-backlog,pmid-19706713,19706713,10.1128/JVI.00330-09,2009,The NS1 protein of the 1918 pandemic influenza virus blocks host interferon and lipid metabolism pathways.,SYBIL,Adolfo Garcia-Sastre,candidate,medium,"viral context plus mechanism/resource terms: virus, influenza, network, host response",PMC2753112,https://pubmed.ncbi.nlm.nih.gov/19706713/,https://pmc.ncbi.nlm.nih.gov/articles/PMC2753112/,https://doi.org/10.1128/JVI.00330-09,pmc_open_access,pmc,oa_pdf_downloaded,papers/fulltext/inventory/oa/pmid-19706713.url,papers/fulltext/inventory/oa/pmid-19706713.pdf,no,
pi-backlog,pmid-19625461,19625461,10.1099/vir.0.013599-0,2009,Interferon priming enables cells to partially overturn the SARS coronavirus-induced block in innate immune activation.,SYBIL,Adolfo Garcia-Sastre,candidate,medium,"viral context plus mechanism/resource terms: coronavirus, sars, host response",PMC2888313,https://pubmed.ncbi.nlm.nih.gov/19625461/,https://pmc.ncbi.nlm.nih.gov/articles/PMC2888313/,https://doi.org/10.1099/vir.0.013599-0,pmc_open_access,pmc,oa_pdf_downloaded,papers/fulltext/inventory/oa/pmid-19625461.url,papers/fulltext/inventory/oa/pmid-19625461.pdf,no,
pi-backlog,pmid-19617271,19617271,10.1177/1470320309342407,2009,Comparative effects of aliskiren-based and ramipril-based therapy on the renin system during long-term (6 months) treatment and withdrawal in patients with hypertension.,CViSB,Kristian Andersen,high,low,explicit cross-virus or shared-host framing in title/abstract,,https://pubmed.ncbi.nlm.nih.gov/19617271/,,https://doi.org/10.1177/1470320309342407,publisher_or_doi_only,publisher,manual_check_needed,papers/fulltext/inventory/oa/pmid-19617271.url,papers/fulltext/inventory/oa/pmid-19617271.pdf,yes,publisher/DOI link available but OA status not confirmed from current metadata
pi-backlog,pmid-19587024,19587024,10.1093/protein/gzp040,2009,Alignment of multiple protein structures based on sequence and structure features.,HPMI,Andrej Sali,high,low,explicit cross-virus or shared-host framing in title/abstract,PMC2909824,https://pubmed.ncbi.nlm.nih.gov/19587024/,https://pmc.ncbi.nlm.nih.gov/articles/PMC2909824/,https://doi.org/10.1093/protein/gzp040,pmc_open_access,pmc,oa_pdf_downloaded,papers/fulltext/inventory/oa/pmid-19587024.url,papers/fulltext/inventory/oa/pmid-19587024.pdf,no,
pi-backlog,pmid-19521506,19521506,10.1371/journal.ppat.1000473,2009,Influenza B virus ribonucleoprotein is a potent activator of the antiviral kinase PKR.,SYBIL,Adolfo Garcia-Sastre,candidate,medium,"viral context plus mechanism/resource terms: virus, viral, influenza, interaction",PMC2688073,https://pubmed.ncbi.nlm.nih.gov/19521506/,https://pmc.ncbi.nlm.nih.gov/articles/PMC2688073/,https://doi.org/10.1371/journal.ppat.1000473,pmc_open_access,pmc,oa_pdf_downloaded,papers/fulltext/inventory/oa/pmid-19521506.url,papers/fulltext/inventory/oa/pmid-19521506.pdf,no,
pi-backlog,pmid-19472362,19472362,10.1002/pro.143,2009,Evolutionary constraints on structural similarity in orthologs and paralogs.,HPMI,Andrej Sali,high,low,explicit cross-virus or shared-host framing in title/abstract,PMC2774440,https://pubmed.ncbi.nlm.nih.gov/19472362/,https://pmc.ncbi.nlm.nih.gov/articles/PMC2774440/,https://doi.org/10.1002/pro.143,pmc_open_access,pmc,oa_pdf_downloaded,papers/fulltext/inventory/oa/pmid-19472362.url,papers/fulltext/inventory/oa/pmid-19472362.pdf,no,
pi-backlog,pmid-19454348,19454348,10.1016/j.chom.2009.04.006,2009,Influenza A virus NS1 targets the ubiquitin ligase TRIM25 to evade recognition by the host viral RNA sensor RIG-I.,SYBIL,Adolfo Garcia-Sastre,candidate,medium,"viral context plus mechanism/resource terms: virus, viral, influenza, interaction",PMC2737813,https://pubmed.ncbi.nlm.nih.gov/19454348/,https://pmc.ncbi.nlm.nih.gov/articles/PMC2737813/,https://doi.org/10.1016/j.chom.2009.04.006,pmc_open_access,pmc,oa_pdf_downloaded,papers/fulltext/inventory/oa/pmid-19454348.url,papers/fulltext/inventory/oa/pmid-19454348.pdf,no,
pi-backlog,pmid-19381286,19381286,10.1371/journal.pntd.0000418,2009,A kernel for open source drug discovery in tropical diseases.,HPMI,Andrej Sali,high,low,explicit cross-virus or shared-host framing in title/abstract,PMC2667270,https://pubmed.ncbi.nlm.nih.gov/19381286/,https://pmc.ncbi.nlm.nih.gov/articles/PMC2667270/,https://doi.org/10.1371/journal.pntd.0000418,pmc_open_access,pmc,oa_pdf_downloaded,papers/fulltext/inventory/oa/pmid-19381286.url,papers/fulltext/inventory/oa/pmid-19381286.pdf,no,
pi-backlog,pmid-19279106,19279106,10.1128/JVI.02188-08,2009,NS5 of dengue virus mediates STAT2 binding and degradation.,SYBIL,Adolfo Garcia-Sastre,candidate,medium,"viral context plus mechanism/resource terms: virus, viral, dengue, pathway",PMC2681973,https://pubmed.ncbi.nlm.nih.gov/19279106/,https://pmc.ncbi.nlm.nih.gov/articles/PMC2681973/,https://doi.org/10.1128/JVI.02188-08,pmc_open_access,pmc,oa_pdf_downloaded,papers/fulltext/inventory/oa/pmid-19279106.url,papers/fulltext/inventory/oa/pmid-19279106.pdf,no,
pi-backlog,pmid-19233204,19233204,10.1016/j.jmb.2009.02.031,2009,Inferential optimization for simultaneous fitting of multiple components into a CryoEM map of their assembly.,HPMI,Andrej Sali,high,low,explicit cross-virus or shared-host framing in title/abstract,PMC2680734,https://pubmed.ncbi.nlm.nih.gov/19233204/,https://pmc.ncbi.nlm.nih.gov/articles/PMC2680734/,https://doi.org/10.1016/j.jmb.2009.02.031,pmc_open_access,pmc,oa_pdf_downloaded,papers/fulltext/inventory/oa/pmid-19233204.url,papers/fulltext/inventory/oa/pmid-19233204.pdf,no,
pi-backlog,pmid-19218453,19218453,10.1073/pnas.0813234106,2009,Early and sustained innate immune response defines pathology and death in nonhuman primates infected by highly pathogenic influenza virus.,SYBIL,Adolfo Garcia-Sastre,candidate,medium,"viral context plus mechanism/resource terms: virus, influenza, host response",PMC2642661,https://pubmed.ncbi.nlm.nih.gov/19218453/,https://pmc.ncbi.nlm.nih.gov/articles/PMC2642661/,https://doi.org/10.1073/pnas.0813234106,pmc_open_access,pmc,oa_pdf_downloaded,papers/fulltext/inventory/oa/pmid-19218453.url,papers/fulltext/inventory/oa/pmid-19218453.pdf,no,
pi-backlog,pmid-19019947,19019947,10.1128/JVI.00986-08,2009,Hantaan virus nucleocapsid protein binds to importin alpha proteins and inhibits tumor necrosis factor alpha-induced activation of nuclear factor kappa B.,SYBIL,Adolfo Garcia-Sastre,high,medium,explicit cross-virus or shared-host framing in title/abstract,PMC2620888,https://pubmed.ncbi.nlm.nih.gov/19019947/,https://pmc.ncbi.nlm.nih.gov/articles/PMC2620888/,https://doi.org/10.1128/JVI.00986-08,pmc_open_access,pmc,oa_pdf_downloaded,papers/fulltext/inventory/oa/pmid-19019947.url,papers/fulltext/inventory/oa/pmid-19019947.pdf,no,
pi-backlog,pmid-18948282,18948282,10.1093/nar/gkn791,2009,"MODBASE, a database of annotated comparative protein structure models and associated resources.",HPMI,Andrej Sali,high,low,explicit cross-virus or shared-host framing in title/abstract,PMC2686492,https://pubmed.ncbi.nlm.nih.gov/18948282/,https://pmc.ncbi.nlm.nih.gov/articles/PMC2686492/,https://doi.org/10.1093/nar/gkn791,pmc_open_access,pmc,oa_pdf_downloaded,papers/fulltext/inventory/oa/pmid-18948282.url,papers/fulltext/inventory/oa/pmid-18948282.pdf,no,
pi-backlog,pmid-18854154,18854154,10.1016/j.cell.2008.07.032,2008,Global analysis of host-pathogen interactions that regulate early-stage HIV-1 replication.,HPMI,Trey Ideker,candidate,medium,"viral context plus mechanism/resource terms: virus, viral, hiv, interactome, network",PMC2628946,https://pubmed.ncbi.nlm.nih.gov/18854154/,https://pmc.ncbi.nlm.nih.gov/articles/PMC2628946/,https://doi.org/10.1016/j.cell.2008.07.032,pmc_open_access,pmc,oa_pdf_downloaded,papers/fulltext/inventory/oa/pmid-18854154.url,papers/fulltext/inventory/oa/pmid-18854154.pdf,no,
pi-backlog,pmid-18835315,18835315,10.1016/j.vaccine.2008.09.038,2008,Universal influenza A M2e-HBc vaccine protects against disease even in the presence of pre-existing anti-HBc antibodies.,SYBIL,Michael Schotsaert,high,medium,explicit cross-virus or shared-host framing in title/abstract,,https://pubmed.ncbi.nlm.nih.gov/18835315/,,https://doi.org/10.1016/j.vaccine.2008.09.038,publisher_or_doi_only,publisher,manual_check_needed,papers/fulltext/inventory/oa/pmid-18835315.url,papers/fulltext/inventory/oa/pmid-18835315.pdf,yes,publisher/DOI link available but OA status not confirmed from current metadata
pi-backlog,pmid-18832340,18832340,10.1110/ps.036061.108,2008,How well can the accuracy of comparative protein structure models be predicted?,HPMI,Andrej Sali,high,low,explicit cross-virus or shared-host framing in title/abstract,PMC2578807,https://pubmed.ncbi.nlm.nih.gov/18832340/,https://pmc.ncbi.nlm.nih.gov/articles/PMC2578807/,https://doi.org/10.1110/ps.036061.108,pmc_open_access,pmc,oa_pdf_downloaded,papers/fulltext/inventory/oa/pmid-18832340.url,papers/fulltext/inventory/oa/pmid-18832340.pdf,no,
pi-backlog,pmid-18785945,18785945,10.1111/j.1553-2712.2008.00237.x,2008,The proinflammatory cytokine response following resuscitation in the swine model depends on the method of ventricular fibrillation induction.,UCLA-Persistent-BSI,Scott Filler,high,low,explicit cross-virus or shared-host framing in title/abstract,PMC2597503,https://pubmed.ncbi.nlm.nih.gov/18785945/,https://pmc.ncbi.nlm.nih.gov/articles/PMC2597503/,https://doi.org/10.1111/j.1553-2712.2008.00237.x,pmc_open_access,pmc,oa_pdf_downloaded,papers/fulltext/inventory/oa/pmid-18785945.url,papers/fulltext/inventory/oa/pmid-18785945.pdf,no,
pi-backlog,pmid-18663127,18663127,10.1084/jem.20080383,2008,Transcriptional role of p53 in interferon-mediated antiviral immunity.,SYBIL,Adolfo Garcia-Sastre,candidate,medium,"viral context plus mechanism/resource terms: viral, pathway",PMC2525597,https://pubmed.ncbi.nlm.nih.gov/18663127/,https://pmc.ncbi.nlm.nih.gov/articles/PMC2525597/,https://doi.org/10.1084/jem.20080383,pmc_open_access,pmc,oa_pdf_downloaded,papers/fulltext/inventory/oa/pmid-18663127.url,papers/fulltext/inventory/oa/pmid-18663127.pdf,no,
pi-backlog,pmid-18621707,18621707,10.1073/pnas.0803189105,2008,Subnanometer-resolution electron cryomicroscopy-based domain models for the cytoplasmic region of skeletal muscle RyR channel.,HPMI,Andrej Sali,high,low,explicit cross-virus or shared-host framing in title/abstract,PMC2474495,https://pubmed.ncbi.nlm.nih.gov/18621707/,https://pmc.ncbi.nlm.nih.gov/articles/PMC2474495/,https://doi.org/10.1073/pnas.0803189105,pmc_open_access,pmc,oa_pdf_downloaded,papers/fulltext/inventory/oa/pmid-18621707.url,papers/fulltext/inventory/oa/pmid-18621707.pdf,no,
pi-backlog,pmid-18542861,18542861,10.1007/978-1-60327-058-8_8,2008,Protein structure modeling with MODELLER.,HPMI,Andrej Sali,high,low,explicit cross-virus or shared-host framing in title/abstract,,https://pubmed.ncbi.nlm.nih.gov/18542861/,,https://doi.org/10.1007/978-1-60327-058-8_8,publisher_or_doi_only,publisher,manual_check_needed,papers/fulltext/inventory/oa/pmid-18542861.url,papers/fulltext/inventory/oa/pmid-18542861.pdf,yes,publisher/DOI link available but OA status not confirmed from current metadata
pi-backlog,pmid-18536725,18536725,10.1038/nsmb.1436,2008,Mechanism of lid closure in the eukaryotic chaperonin TRiC/CCT.,HPMI,Andrej Sali,high,low,explicit cross-virus or shared-host framing in title/abstract,PMC2546500,https://pubmed.ncbi.nlm.nih.gov/18536725/,https://pmc.ncbi.nlm.nih.gov/articles/PMC2546500/,https://doi.org/10.1038/nsmb.1436,pmc_open_access,pmc,oa_pdf_downloaded,papers/fulltext/inventory/oa/pmid-18536725.url,papers/fulltext/inventory/oa/pmid-18536725.pdf,no,
pi-backlog,pmid-18533893,18533893,10.1089/hum.2007.163,2008,rVSV(M Delta 51)-M3 is an effective and safe oncolytic virus for cancer therapy.,SYBIL,Adolfo Garcia-Sastre,high,medium,explicit cross-virus or shared-host framing in title/abstract,PMC2775926,https://pubmed.ncbi.nlm.nih.gov/18533893/,https://pmc.ncbi.nlm.nih.gov/articles/PMC2775926/,https://doi.org/10.1089/hum.2007.163,pmc_open_access,pmc,oa_pdf_downloaded,papers/fulltext/inventory/oa/pmid-18533893.url,papers/fulltext/inventory/oa/pmid-18533893.pdf,no,
pi-backlog,pmid-18379232,18379232,10.1097/CCM.0b013e3181691b99,2008,"Efficacy and safety of intravenous infusion of doripenem versus imipenem in ventilator-associated pneumonia: a multicenter, randomized study.",SCRIPT,Richard Wunderink,high,low,explicit cross-virus or shared-host framing in title/abstract,,https://pubmed.ncbi.nlm.nih.gov/18379232/,,https://doi.org/10.1097/CCM.0b013e3181691b99,publisher_or_doi_only,publisher,manual_check_needed,papers/fulltext/inventory/oa/pmid-18379232.url,papers/fulltext/inventory/oa/pmid-18379232.pdf,yes,publisher/DOI link available but OA status not confirmed from current metadata
pi-backlog,pmid-18300872,18300872,10.1097/HJH.0b013e3282f3ad9a,2008,"Comparative efficacy and safety of aliskiren, an oral direct renin inhibitor, and ramipril in hypertension: a 6-month, randomized, double-blind trial.",CViSB,Kristian Andersen,high,low,explicit cross-virus or shared-host framing in title/abstract,,https://pubmed.ncbi.nlm.nih.gov/18300872/,,https://doi.org/10.1097/HJH.0b013e3282f3ad9a,publisher_or_doi_only,publisher,manual_check_needed,papers/fulltext/inventory/oa/pmid-18300872.url,papers/fulltext/inventory/oa/pmid-18300872.pdf,yes,publisher/DOI link available but OA status not confirmed from current metadata
pi-backlog,pmid-18174180,18174180,10.1093/bioinformatics/btm630,2008,NetworkBLAST: comparative analysis of protein networks.,HPMI,Trey Ideker,high,low,explicit cross-virus or shared-host framing in title/abstract,,https://pubmed.ncbi.nlm.nih.gov/18174180/,,https://doi.org/10.1093/bioinformatics/btm630,publisher_or_doi_only,publisher,manual_check_needed,papers/fulltext/inventory/oa/pmid-18174180.url,papers/fulltext/inventory/oa/pmid-18174180.pdf,yes,publisher/DOI link available but OA status not confirmed from current metadata
pi-backlog,pmid-18071337,18071337,10.1038/sj.mt.6300343,2008,Exponential enhancement of oncolytic vesicular stomatitis virus potency by vector-mediated suppression of inflammatory responses in vivo.,SYBIL,Adolfo Garcia-Sastre,high,medium,explicit cross-virus or shared-host framing in title/abstract,PMC2930752,https://pubmed.ncbi.nlm.nih.gov/18071337/,https://pmc.ncbi.nlm.nih.gov/articles/PMC2930752/,https://doi.org/10.1038/sj.mt.6300343,pmc_open_access,pmc,oa_pdf_downloaded,papers/fulltext/inventory/oa/pmid-18071337.url,papers/fulltext/inventory/oa/pmid-18071337.pdf,no,
pi-backlog,pmid-18003608,18003608,10.1074/jbc.M708929200,2008,2'-deoxy-4'-azido nucleoside analogs are highly potent inhibitors of hepatitis C virus replication despite the lack of 2'-alpha-hydroxyl groups.,SYBIL,Sumit Chanda,candidate,medium,"viral context plus mechanism/resource terms: virus, viral, interaction",,https://pubmed.ncbi.nlm.nih.gov/18003608/,,https://doi.org/10.1074/jbc.M708929200,publisher_or_doi_only,publisher,manual_check_needed,papers/fulltext/inventory/oa/pmid-18003608.url,papers/fulltext/inventory/oa/pmid-18003608.pdf,yes,publisher/DOI link available but OA status not confirmed from current metadata
pi-backlog,pmid-17965094,17965094,10.1093/nar/gkm905,2008,BioHealthBase: informatics support in the elucidation of influenza virus host pathogen interactions and virulence.,SYBIL,Adolfo Garcia-Sastre,candidate,medium,"viral context plus mechanism/resource terms: virus, influenza, pathway, interaction",PMC2238987,https://pubmed.ncbi.nlm.nih.gov/17965094/,https://pmc.ncbi.nlm.nih.gov/articles/PMC2238987/,https://doi.org/10.1093/nar/gkm905,pmc_open_access,pmc,oa_pdf_downloaded,papers/fulltext/inventory/oa/pmid-17965094.url,papers/fulltext/inventory/oa/pmid-17965094.pdf,no,
pi-backlog,pmid-17942531,17942531,10.1128/JVI.01080-07,2008,Distinct RIG-I and MDA5 signaling by RNA viruses in innate immunity.,SYBIL,Adolfo Garcia-Sastre,candidate,medium,"viral context plus mechanism/resource terms: virus, viral, influenza, dengue, interaction, host response",PMC2224404,https://pubmed.ncbi.nlm.nih.gov/17942531/,https://pmc.ncbi.nlm.nih.gov/articles/PMC2224404/,https://doi.org/10.1128/JVI.01080-07,pmc_open_access,pmc,oa_pdf_downloaded,papers/fulltext/inventory/oa/pmid-17942531.url,papers/fulltext/inventory/oa/pmid-17942531.pdf,no,
pi-backlog,pmid-18429317,18429317,10.1002/0471140864.ps0209s50,2007,Comparative protein structure modeling using MODELLER.,HPMI,Andrej Sali,high,low,explicit cross-virus or shared-host framing in title/abstract,,https://pubmed.ncbi.nlm.nih.gov/18429317/,,https://doi.org/10.1002/0471140864.ps0209s50,publisher_or_doi_only,publisher,manual_check_needed,papers/fulltext/inventory/oa/pmid-18429317.url,papers/fulltext/inventory/oa/pmid-18429317.pdf,yes,publisher/DOI link available but OA status not confirmed from current metadata
pi-backlog,pmid-18082876,18082876,10.1016/j.sapharm.2006.12.001,2007,Impact of bilingual product information labels on Spanish-speaking adults' ability to comprehend OTC information.,SYBIL,Sumit Chanda,high,low,explicit cross-virus or shared-host framing in title/abstract,,https://pubmed.ncbi.nlm.nih.gov/18082876/,,https://doi.org/10.1016/j.sapharm.2006.12.001,publisher_or_doi_only,publisher,manual_check_needed,papers/fulltext/inventory/oa/pmid-18082876.url,papers/fulltext/inventory/oa/pmid-18082876.pdf,yes,publisher/DOI link available but OA status not confirmed from current metadata
pi-backlog,pmid-17965183,17965183,10.1110/ps.073228407,2007,Host pathogen protein interactions predicted by comparative modeling.,HPMI,Andrej Sali,high,medium,explicit cross-virus or shared-host framing in title/abstract,PMC2222825,https://pubmed.ncbi.nlm.nih.gov/17965183/,https://pmc.ncbi.nlm.nih.gov/articles/PMC2222825/,https://doi.org/10.1110/ps.073228407,pmc_open_access,pmc,oa_pdf_downloaded,papers/fulltext/inventory/oa/pmid-17965183.url,papers/fulltext/inventory/oa/pmid-17965183.pdf,no,
pi-backlog,pmid-17905832,17905832,10.1110/ps.072895107,2007,Fold assessment for comparative protein structure modeling.,HPMI,Andrej Sali,high,low,explicit cross-virus or shared-host framing in title/abstract,PMC2211691,https://pubmed.ncbi.nlm.nih.gov/17905832/,https://pmc.ncbi.nlm.nih.gov/articles/PMC2211691/,https://doi.org/10.1110/ps.072895107,pmc_open_access,pmc,oa_pdf_downloaded,papers/fulltext/inventory/oa/pmid-17905832.url,papers/fulltext/inventory/oa/pmid-17905832.pdf,no,
pi-backlog,pmid-17703413,17703413,10.1086/521027,2007,alpha-Defensin inhibits influenza virus replication by cell-mediated mechanism(s).,SYBIL,Adolfo Garcia-Sastre,candidate,medium,"viral context plus mechanism/resource terms: virus, viral, influenza, pathway, host response",,https://pubmed.ncbi.nlm.nih.gov/17703413/,,https://doi.org/10.1086/521027,publisher_or_doi_only,publisher,manual_check_needed,papers/fulltext/inventory/oa/pmid-17703413.url,papers/fulltext/inventory/oa/pmid-17703413.pdf,yes,publisher/DOI link available but OA status not confirmed from current metadata
pi-backlog,pmid-17570147,17570147,10.1186/1471-2105-8-S4-S4,2007,The AnnoLite and AnnoLyze programs for comparative annotation of protein structures.,HPMI,Andrej Sali,high,low,explicit cross-virus or shared-host framing in title/abstract,PMC1892083,https://pubmed.ncbi.nlm.nih.gov/17570147/,https://pmc.ncbi.nlm.nih.gov/articles/PMC1892083/,https://doi.org/10.1186/1471-2105-8-S4-S4,pmc_open_access,pmc,oa_pdf_downloaded,papers/fulltext/inventory/oa/pmid-17570147.url,papers/fulltext/inventory/oa/pmid-17570147.pdf,no,
pi-backlog,pmid-17494067,17494067,10.1128/JVI.00724-07,2007,Peptide-mediated interference with influenza A virus polymerase.,SYBIL,Adolfo Garcia-Sastre,candidate,medium,"viral context plus mechanism/resource terms: virus, viral, influenza, interaction",PMC1933368,https://pubmed.ncbi.nlm.nih.gov/17494067/,https://pmc.ncbi.nlm.nih.gov/articles/PMC1933368/,https://doi.org/10.1128/JVI.00724-07,pmc_open_access,pmc,oa_pdf_downloaded,papers/fulltext/inventory/oa/pmid-17494067.url,papers/fulltext/inventory/oa/pmid-17494067.pdf,no,
pi-backlog,pmid-17459917,17459917,10.1128/JVI.00013-07,2007,Inhibition of the alpha/beta interferon response by mouse hepatitis virus at multiple levels.,SYBIL,Adolfo Garcia-Sastre,candidate,medium,"viral context plus mechanism/resource terms: virus, interaction",PMC1933268,https://pubmed.ncbi.nlm.nih.gov/17459917/,https://pmc.ncbi.nlm.nih.gov/articles/PMC1933268/,https://doi.org/10.1128/JVI.00013-07,pmc_open_access,pmc,oa_pdf_downloaded,papers/fulltext/inventory/oa/pmid-17459917.url,papers/fulltext/inventory/oa/pmid-17459917.pdf,no,
pi-backlog,pmid-17442719,17442719,10.1128/JVI.02581-06,2007,Multiple anti-interferon actions of the influenza A virus NS1 protein.,SYBIL,Adolfo Garcia-Sastre,candidate,medium,"viral context plus mechanism/resource terms: virus, viral, influenza, interaction, host response",PMC1933316,https://pubmed.ncbi.nlm.nih.gov/17442719/,https://pmc.ncbi.nlm.nih.gov/articles/PMC1933316/,https://doi.org/10.1128/JVI.02581-06,pmc_open_access,pmc,oa_pdf_downloaded,papers/fulltext/inventory/oa/pmid-17442719.url,papers/fulltext/inventory/oa/pmid-17442719.pdf,no,
pi-backlog,pmid-17437410,17437410,10.1111/j.1528-1167.2007.00926.x,2007,Lack of support for a role for RLIP76 (RALBP1) in response to treatment or predisposition to epilepsy.,HPMI,Andrej Sali,high,low,explicit cross-virus or shared-host framing in title/abstract,,https://pubmed.ncbi.nlm.nih.gov/17437410/,,https://doi.org/10.1111/j.1528-1167.2007.00926.x,publisher_or_doi_only,publisher,manual_check_needed,papers/fulltext/inventory/oa/pmid-17437410.url,papers/fulltext/inventory/oa/pmid-17437410.pdf,yes,publisher/DOI link available but OA status not confirmed from current metadata
pi-backlog,pmid-17332413,17332413,10.1126/science.1136567,2007,Multiple functions of the IKK-related kinase IKKepsilon in interferon-mediated antiviral immunity.,SYBIL,Adolfo Garcia-Sastre,candidate,medium,"viral context plus mechanism/resource terms: virus, viral, pathway",,https://pubmed.ncbi.nlm.nih.gov/17332413/,,https://doi.org/10.1126/science.1136567,publisher_or_doi_only,publisher,manual_check_needed,papers/fulltext/inventory/oa/pmid-17332413.url,papers/fulltext/inventory/oa/pmid-17332413.pdf,yes,publisher/DOI link available but OA status not confirmed from current metadata
pi-backlog,pmid-17269724,17269724,10.1021/pr060432u,2007,Identification of cellular interaction partners of the influenza virus ribonucleoprotein complex and polymerase complex using proteomic-based approaches.,SYBIL,Adolfo Garcia-Sastre,candidate,medium,"viral context plus mechanism/resource terms: virus, viral, influenza, interaction, proteomics",PMC2577182,https://pubmed.ncbi.nlm.nih.gov/17269724/,https://pmc.ncbi.nlm.nih.gov/articles/PMC2577182/,https://doi.org/10.1021/pr060432u,pmc_open_access,pmc,oa_pdf_downloaded,papers/fulltext/inventory/oa/pmid-17269724.url,papers/fulltext/inventory/oa/pmid-17269724.pdf,no,
pi-backlog,pmid-17227866,17227866,10.1073/pnas.0607038104,2007,"IFN-stimulated gene 15 functions as a critical antiviral molecule against influenza, herpes, and Sindbis viruses.",SYBIL,Adolfo Garcia-Sastre,candidate,medium,"viral context plus mechanism/resource terms: virus, viral, influenza, host response",PMC1783119,https://pubmed.ncbi.nlm.nih.gov/17227866/,https://pmc.ncbi.nlm.nih.gov/articles/PMC1783119/,https://doi.org/10.1073/pnas.0607038104,pmc_open_access,pmc,oa_pdf_downloaded,papers/fulltext/inventory/oa/pmid-17227866.url,papers/fulltext/inventory/oa/pmid-17227866.pdf,no,
pi-backlog,pmid-17225856,17225856,10.1371/journal.pone.0000151,2007,Recruitment and activation of RSK2 by HIV-1 Tat.,HPMI,Melanie Ott,candidate,medium,"viral context plus mechanism/resource terms: viral, hiv, interaction",PMC1764712,https://pubmed.ncbi.nlm.nih.gov/17225856/,https://pmc.ncbi.nlm.nih.gov/articles/PMC1764712/,https://doi.org/10.1371/journal.pone.0000151,pmc_open_access,pmc,oa_pdf_downloaded,papers/fulltext/inventory/oa/pmid-17225856.url,papers/fulltext/inventory/oa/pmid-17225856.pdf,no,
pi-backlog,pmid-18428767,18428767,10.1002/0471250953.bi0506s15,2006,Comparative protein structure modeling using Modeller.,HPMI,Andrej Sali,high,low,explicit cross-virus or shared-host framing in title/abstract,PMC4186674,https://pubmed.ncbi.nlm.nih.gov/18428767/,https://pmc.ncbi.nlm.nih.gov/articles/PMC4186674/,https://doi.org/10.1002/0471250953.bi0506s15,pmc_open_access,pmc,oa_pdf_downloaded,papers/fulltext/inventory/oa/pmid-18428767.url,papers/fulltext/inventory/oa/pmid-18428767.pdf,no,
pi-backlog,pmid-17096593,17096593,10.1371/journal.pcbi.0020153,2006,Structural modeling of protein interactions by analogy: application to PSD-95.,HPMI,Andrej Sali,high,low,explicit cross-virus or shared-host framing in title/abstract,PMC1635541,https://pubmed.ncbi.nlm.nih.gov/17096593/,https://pmc.ncbi.nlm.nih.gov/articles/PMC1635541/,https://doi.org/10.1371/journal.pcbi.0020153,pmc_open_access,pmc,oa_pdf_downloaded,papers/fulltext/inventory/oa/pmid-17096593.url,papers/fulltext/inventory/oa/pmid-17096593.pdf,no,
pi-backlog,pmid-17094252,17094252,,2006,Discovering regulated networks during HIV-1 latency and reactivation.,HPMI,Trey Ideker,candidate,medium,"viral context plus mechanism/resource terms: virus, viral, hiv, network",PMC5224933,https://pubmed.ncbi.nlm.nih.gov/17094252/,https://pmc.ncbi.nlm.nih.gov/articles/PMC5224933/,,pmc_open_access,pmc,oa_pdf_downloaded,papers/fulltext/inventory/oa/pmid-17094252.url,papers/fulltext/inventory/oa/pmid-17094252.pdf,no,
pi-backlog,pmid-17075131,17075131,10.1110/ps.062416606,2006,Statistical potential for assessment and prediction of protein structures.,HPMI,Andrej Sali,high,low,explicit cross-virus or shared-host framing in title/abstract,PMC2242414,https://pubmed.ncbi.nlm.nih.gov/17075131/,https://pmc.ncbi.nlm.nih.gov/articles/PMC2242414/,https://doi.org/10.1110/ps.062416606,pmc_open_access,pmc,oa_pdf_downloaded,papers/fulltext/inventory/oa/pmid-17075131.url,papers/fulltext/inventory/oa/pmid-17075131.pdf,no,
pi-backlog,pmid-17006449,17006449,10.1038/nature05181,2006,Genomic analysis of increased host immune and cell death responses induced by 1918 influenza virus.,SYBIL,Adolfo Garcia-Sastre,candidate,medium,"viral context plus mechanism/resource terms: virus, influenza, interaction, host response",PMC2615558,https://pubmed.ncbi.nlm.nih.gov/17006449/,https://pmc.ncbi.nlm.nih.gov/articles/PMC2615558/,https://doi.org/10.1038/nature05181,pmc_open_access,pmc,oa_pdf_downloaded,papers/fulltext/inventory/oa/pmid-17006449.url,papers/fulltext/inventory/oa/pmid-17006449.pdf,no,
pi-backlog,pmid-16954324,16954324,10.1128/AAC.00038-06,2006,A synthetic congener modeled on a microbicidal domain of thrombin- induced platelet microbicidal protein 1 recapitulates staphylocidal mechanisms of the native molecule.,UCLA-Persistent-BSI,Michael Yeaman,high,medium,explicit cross-virus or shared-host framing in title/abstract,PMC1635186,https://pubmed.ncbi.nlm.nih.gov/16954324/,https://pmc.ncbi.nlm.nih.gov/articles/PMC1635186/,https://doi.org/10.1128/AAC.00038-06,pmc_open_access,pmc,oa_pdf_downloaded,papers/fulltext/inventory/oa/pmid-16954324.url,papers/fulltext/inventory/oa/pmid-16954324.pdf,no,
pi-backlog,pmid-16940530,16940530,10.1128/JVI.00555-06,2006,Inhibition of the type I interferon response by the nucleoprotein of the prototypic arenavirus lymphocytic choriomeningitis virus.,SYBIL,Adolfo Garcia-Sastre,candidate,medium,"viral context plus mechanism/resource terms: virus, viral, pathway",PMC1563941,https://pubmed.ncbi.nlm.nih.gov/16940530/,https://pmc.ncbi.nlm.nih.gov/articles/PMC1563941/,https://doi.org/10.1128/JVI.00555-06,pmc_open_access,pmc,oa_pdf_downloaded,papers/fulltext/inventory/oa/pmid-16940530.url,papers/fulltext/inventory/oa/pmid-16940530.pdf,no,
pi-backlog,pmid-16928763,16928763,10.1128/JVI.00851-06,2006,Integrated molecular signature of disease: analysis of influenza virus-infected macaques through functional genomics and proteomics.,SYBIL,Adolfo Garcia-Sastre,candidate,medium,"viral context plus mechanism/resource terms: virus, viral, influenza, proteomics, host response",PMC1641753,https://pubmed.ncbi.nlm.nih.gov/16928763/,https://pmc.ncbi.nlm.nih.gov/articles/PMC1641753/,https://doi.org/10.1128/JVI.00851-06,pmc_open_access,pmc,oa_pdf_downloaded,papers/fulltext/inventory/oa/pmid-16928763.url,papers/fulltext/inventory/oa/pmid-16928763.pdf,no,
pi-backlog,pmid-16872496,16872496,10.1186/1471-2105-7-360,2006,A direct comparison of protein interaction confidence assignment schemes.,HPMI,Trey Ideker,high,low,explicit cross-virus or shared-host framing in title/abstract,PMC1550431,https://pubmed.ncbi.nlm.nih.gov/16872496/,https://pmc.ncbi.nlm.nih.gov/articles/PMC1550431/,https://doi.org/10.1186/1471-2105-7-360,pmc_open_access,pmc,oa_pdf_downloaded,papers/fulltext/inventory/oa/pmid-16872496.url,papers/fulltext/inventory/oa/pmid-16872496.pdf,no,
pi-backlog,pmid-16751606,16751606,10.1110/ps.062095806,2006,A composite score for predicting errors in protein structure models.,HPMI,Andrej Sali,high,low,explicit cross-virus or shared-host framing in title/abstract,PMC2242555,https://pubmed.ncbi.nlm.nih.gov/16751606/,https://pmc.ncbi.nlm.nih.gov/articles/PMC2242555/,https://doi.org/10.1110/ps.062095806,pmc_open_access,pmc,oa_pdf_downloaded,papers/fulltext/inventory/oa/pmid-16751606.url,papers/fulltext/inventory/oa/pmid-16751606.pdf,no,
pi-backlog,pmid-16738133,16738133,10.1093/nar/gkl353,2006,Protein complex compositions predicted by structural similarity.,HPMI,Andrej Sali,high,low,explicit cross-virus or shared-host framing in title/abstract,PMC1474056,https://pubmed.ncbi.nlm.nih.gov/16738133/,https://pmc.ncbi.nlm.nih.gov/articles/PMC1474056/,https://doi.org/10.1093/nar/gkl353,pmc_open_access,pmc,oa_pdf_downloaded,papers/fulltext/inventory/oa/pmid-16738133.url,papers/fulltext/inventory/oa/pmid-16738133.pdf,no,
pi-backlog,pmid-16725105,16725105,10.1016/j.bbamem.2006.03.027,2006,Structural congruence among membrane-active host defense polypeptides of diverse phylogeny.,UCLA-Persistent-BSI,Michael Yeaman,high,medium,explicit cross-virus or shared-host framing in title/abstract,,https://pubmed.ncbi.nlm.nih.gov/16725105/,,https://doi.org/10.1016/j.bbamem.2006.03.027,publisher_or_doi_only,publisher,manual_check_needed,papers/fulltext/inventory/oa/pmid-16725105.url,papers/fulltext/inventory/oa/pmid-16725105.pdf,yes,publisher/DOI link available but OA status not confirmed from current metadata
pi-backlog,pmid-16615907,16615907,10.1016/j.str.2006.02.006,2006,Protease accessibility laddering: a proteomic tool for probing protein structure.,HPMI,Andrej Sali,high,low,explicit cross-virus or shared-host framing in title/abstract,,https://pubmed.ncbi.nlm.nih.gov/16615907/,,https://doi.org/10.1016/j.str.2006.02.006,publisher_or_doi_only,publisher,manual_check_needed,papers/fulltext/inventory/oa/pmid-16615907.url,papers/fulltext/inventory/oa/pmid-16615907.pdf,yes,publisher/DOI link available but OA status not confirmed from current metadata
pi-backlog,pmid-16601728,16601728,10.1038/nbt1196,2006,Modeling cellular machinery through biological network comparison.,HPMI,Trey Ideker,high,low,explicit cross-virus or shared-host framing in title/abstract,,https://pubmed.ncbi.nlm.nih.gov/16601728/,,https://doi.org/10.1038/nbt1196,publisher_or_doi_only,publisher,manual_check_needed,papers/fulltext/inventory/oa/pmid-16601728.url,papers/fulltext/inventory/oa/pmid-16601728.pdf,yes,publisher/DOI link available but OA status not confirmed from current metadata
pi-backlog,pmid-16575526,16575526,10.1007/s10719-006-5441-0,2006,Sequence analysis and receptor specificity of the hemagglutinin of a recent influenza H2N2 virus isolated from chicken in North America.,SYBIL,Adolfo Garcia-Sastre,candidate,medium,"viral context plus mechanism/resource terms: virus, viral, influenza, interaction",,https://pubmed.ncbi.nlm.nih.gov/16575526/,,https://doi.org/10.1007/s10719-006-5441-0,publisher_or_doi_only,publisher,manual_check_needed,papers/fulltext/inventory/oa/pmid-16575526.url,papers/fulltext/inventory/oa/pmid-16575526.pdf,yes,publisher/DOI link available but OA status not confirmed from current metadata
pi-backlog,pmid-16490207,16490207,10.1016/j.jmb.2006.01.062,2006,Refinement of protein structures by iterative comparative modeling and CryoEM density fitting.,HPMI,Andrej Sali,high,medium,explicit cross-virus or shared-host framing in title/abstract,,https://pubmed.ncbi.nlm.nih.gov/16490207/,,https://doi.org/10.1016/j.jmb.2006.01.062,publisher_or_doi_only,publisher,manual_check_needed,papers/fulltext/inventory/oa/pmid-16490207.url,papers/fulltext/inventory/oa/pmid-16490207.pdf,yes,publisher/DOI link available but OA status not confirmed from current metadata
pi-backlog,pmid-16423846,16423846,10.1093/protein/gzj005,2006,Variable gap penalty for protein sequence-structure alignment.,HPMI,Andrej Sali,high,low,explicit cross-virus or shared-host framing in title/abstract,,https://pubmed.ncbi.nlm.nih.gov/16423846/,,https://doi.org/10.1093/protein/gzj005,publisher_or_doi_only,publisher,manual_check_needed,papers/fulltext/inventory/oa/pmid-16423846.url,papers/fulltext/inventory/oa/pmid-16423846.pdf,yes,publisher/DOI link available but OA status not confirmed from current metadata
pi-backlog,pmid-16381869,16381869,10.1093/nar/gkj059,2006,MODBASE: a database of annotated comparative protein structure models and associated resources.,HPMI,Andrej Sali,high,low,explicit cross-virus or shared-host framing in title/abstract,PMC1347422,https://pubmed.ncbi.nlm.nih.gov/16381869/,https://pmc.ncbi.nlm.nih.gov/articles/PMC1347422/,https://doi.org/10.1093/nar/gkj059,pmc_open_access,pmc,oa_pdf_downloaded,papers/fulltext/inventory/oa/pmid-16381869.url,papers/fulltext/inventory/oa/pmid-16381869.pdf,no,
pi-backlog,pmid-16352563,16352563,10.1128/JVI.80.1.383-394.2006,2006,Prostate tumor cells infected with a recombinant influenza virus expressing a truncated NS1 protein activate cytolytic CD8+ cells to recognize noninfected tumor cells.,SYBIL,Adolfo Garcia-Sastre,candidate,medium,"viral context plus mechanism/resource terms: virus, viral, influenza, pathway",PMC1317509,https://pubmed.ncbi.nlm.nih.gov/16352563/,https://pmc.ncbi.nlm.nih.gov/articles/PMC1317509/,https://doi.org/10.1128/JVI.80.1.383-394.2006,pmc_open_access,pmc,oa_pdf_downloaded,papers/fulltext/inventory/oa/pmid-16352563.url,papers/fulltext/inventory/oa/pmid-16352563.pdf,no,
