source_collection,paper_id,pmid,doi,year,center,title,pi_candidates,subset_reason,virus_or_pathogen,assay_types,cross_virus_relevance,priority
pi-backlog,pmid-42496972,42496972,10.1001/jamanetworkopen.2026.25141,2026,UCLA-Persistent-BSI,Glucagon-Like Peptide-1 Receptor Agonists and Fragility Fracture Risk in Type 2 Diabetes.,Michael Yeaman,explicit cross-virus or shared-host framing in title/abstract,,network_modeling,high,low
pi-backlog,pmid-42454370,42454370,10.1093/nar/gkag701,2026,SYBIL,A potential RNA-RNA distal interaction competing with a functional pseudoknot in the 3'-untranslated region of SARS-like coronaviruses.,Adolfo Garcia-Sastre,"viral context plus mechanism/resource terms: virus, viral, sars, interaction",sars-cov-2;sars-cov;coronavirus,,candidate,high
pi-backlog,pmid-42409264,42409264,10.1016/j.jbc.2026.113316,2026,SYBIL,Substrate and target selectivity of 4'-fluoroadenosine against viral and host polymerases.,Sumit Chanda,explicit cross-virus or shared-host framing in title/abstract,coronavirus;influenza,,high,high
pi-backlog,pmid-42244653,42244653,10.64898/2026.05.22.727251,2026,SYBIL,Substrate and target selectivity of 4'-fluoroadenosine against viral and host polymerases.,Sumit Chanda,explicit cross-virus or shared-host framing in title/abstract,sars-cov-2;sars-cov;coronavirus;influenza,,high,high
pi-backlog,pmid-42200562,42200562,10.1177/15473287261450907,2026,SCRIPT,Simplified Derivation of Stable Early Passage Murine Embryonic and Parthenogenetic Stem Cells.,Alan Hauser,explicit cross-virus or shared-host framing in title/abstract,,,high,low
pi-backlog,pmid-42150007,42150007,10.1021/acs.jmedchem.6c00126,2026,HPMI,Self-Dimerization Induced Proximity Targeting Chimeras (SDIPTAC) Lead to DCAF1 Loss of Function and Inhibition of HIV Replication.,Melanie Ott,"viral context plus mechanism/resource terms: viral, hiv, interaction",hiv,,candidate,high
pi-backlog,pmid-42067193,42067193,10.1016/j.slasd.2026.100311,2026,HPMI,Repurposing drug screen for the identification of helicase inhibitors from viruses of pandemic concern.,Melanie Ott,"viral context plus mechanism/resource terms: virus, viral, sars, screen",sars-cov-2;sars-cov;coronavirus,,candidate,high
pi-backlog,pmid-42013838,42013838,10.1016/j.cell.2026.03.046,2026,HPMI,Systematic discovery of pro- and anti-HIV host factors in primary human CD4+ T cells.,Andrej Sali,"viral context plus mechanism/resource terms: virus, viral, hiv, interaction",hiv,crispr_screen;network_modeling,candidate,high
pi-backlog,pmid-41917196,41917196,10.1038/s41551-026-01642-6,2026,HPMI,Programmable kinetic barcoding for multiplexed RNA detection with Cas13a.,Melanie Ott,explicit cross-virus or shared-host framing in title/abstract,sars-cov-2;sars-cov,crispr_screen,high,high
pi-backlog,pmid-41757169,41757169,10.64898/2026.02.18.26346542,2026,SYBIL,Early Fc-effector antibody signatures impact COVID-19 disease trajectory.,Adolfo Garcia-Sastre,"viral context plus mechanism/resource terms: sars, proteomics",sars-cov-2;sars-cov,proteomics;transcriptomics,candidate,high
pi-backlog,pmid-41654489,41654489,10.1038/s41398-026-03884-z,2026,SYBIL,Prenatal and postnatal effects of gestational immune activation on synaptic and neurodevelopmental pathways via epigenetic mechanisms.,Adolfo Garcia-Sastre,"viral context plus mechanism/resource terms: virus, influenza, transcriptome",influenza,transcriptomics;epigenomics;network_modeling,candidate,high
pi-backlog,pmid-41554267,41554267,10.1016/S2468-1253(25)00293-6,2026,SYBIL,"ALG-000184 (pevifoscorvir sodium) monotherapy in participants with chronic HBV infection: a phase 1, multicentre, randomised, dose escalation trial.",Sumit Chanda,"viral context plus mechanism/resource terms: virus, pathway",,,candidate,high
pi-backlog,pmid-41548573,41548573,10.1002/jbio.70219,2026,SYBIL,Biomolecular Fingerprint of Crohn's Disease: A Comparative Raman Spectroscopic Study of Blood and Tissue Samples.,Sumit Chanda,explicit cross-virus or shared-host framing in title/abstract,,,high,low
pi-backlog,pmid-41459948,41459948,10.1128/jvi.01774-25,2026,SYBIL,Disease modulation by TIV vaccination during secondary pneumococcal infections in influenza-infected mice.,Michael Schotsaert,"viral context plus mechanism/resource terms: virus, viral, influenza, host response",influenza,,candidate,high
hpmi,pmid-42149727,42149727,10.7554/eLife.82289,2026,HPMI,Cas9(+) conditionally immortalized neutrophil progenitors as a tool for genome-wide CRISPR screening for neutrophil differentiation and function.,,candidate relevance plus virus/pathogen/assay support,,crispr_screen;genome_editing,candidate,high
hpmi,pmid-42134328,42134328,10.1016/j.chom.2026.04.015,2026,HPMI,Coronavirus protein interaction mapping in bat and human cells reveals network rewiring governing immune evasion and zoonotic potential.,,explicit cross-virus/shared-host signal,sars-cov-2;sars-cov;coronavirus;influenza,protein_interaction_mapping;proteomics,high,high
hpmi,pmid-41688792,41688792,10.1038/s44318-026-00715-1,2026,HPMI,Membrane-associated effluxosomes coordinate multi-metal resistance in Mycobacterium tuberculosis.,,candidate relevance plus virus/pathogen/assay support,influenza;mycobacterium_tuberculosis,,candidate,high
hpmi,pmid-41676649,41676649,10.1101/2024.03.05.583578,2026,HPMI,Regulation of virion production by the ORF8 signal peptide across SARS-CoV-2 variants.,,candidate relevance plus virus/pathogen/assay support,sars-cov-2;sars-cov,,candidate,high
hpmi,pmid-41555498,41555498,10.1093/bioinformatics/btag031,2026,HPMI,textToKnowledgeGraph: generation of molecular interaction knowledge graphs using large language models for exploration in Cytoscape.,,candidate relevance plus virus/pathogen/assay support,,structural_biology,candidate,medium
current-program,pmid-42258748,42258748,10.1172/jci.insight.203056,2026,CViSB,Longitudinal clinical proteomics reveals pneumonia type-specific protein biomarkers and autoantibodies.,Donald S Grant;Richard Wunderink,candidate relevance plus virus/pathogen/assay support,sars-cov-2;sars-cov;influenza,proteomics,candidate,high
current-program,pmid-42182519,42182519,10.64898/2026.05.12.724509,2026,SCRIPT,Pathogen-specific host responses define distinct pneumonia endotypes in the human lung.,Richard Wunderink,candidate relevance plus virus/pathogen/assay support,sars-cov-2;influenza,transcriptomics;clinical_modeling,candidate,high
current-program,pmid-42179346,42179346,10.1093/jimmun/vkag106,2026,CViSB,"A multiplexed, systems-based approach for prediction of antibody neutralization breadth for soluble human receptors.",Ryan McNamara,candidate relevance plus virus/pathogen/assay support,sars-cov-2;sars-cov;influenza,,candidate,high
current-program,pmid-41794027,41794027,10.1016/j.cell.2026.02.006,2026,CViSB,Dynamics of natural selection preceding human viral epidemics and pandemics.,Kristian Andersen,candidate relevance plus virus/pathogen/assay support,sars-cov-2;sars-cov;influenza,,candidate,high
current-program,pmid-41646792,41646792,10.64898/2026.01.12.26343938,2026,SCRIPT,Longitudinal clinical proteomics reveals pneumonia type-specific protein biomarkers and autoantibodies.,Richard Wunderink,candidate relevance plus virus/pathogen/assay support,sars-cov-2;sars-cov;influenza,proteomics,candidate,high
current-program,pmid-41646655,41646655,10.64898/2026.01.26.26344861,2026,CViSB,Synonymous substitution rate slowdown preceding the emergence of SARS-CoV-2 variants and during persistent infections.,Kristian Andersen,candidate relevance plus virus/pathogen/assay support,sars-cov-2;sars-cov,,candidate,high
current-program,pmid-41384839,41384839,10.1093/jimmun/vkaf298,2026,,Maternal proteome profiling reveals dynamic gestational age-specific responses to de novo vaccination.,,candidate relevance plus virus/pathogen/assay support,sars-cov-2,proteomics,candidate,medium
pi-backlog,pmid-41568362,41568362,10.3389/fonc.2025.1717031,2025,CViSB,Identification of the HMGA2::CIBAR1-DT fusion transcript in two lipomas with chromosomal rearrangements involving chromosomes 8 and 12.,Kristian Andersen,explicit cross-virus or shared-host framing in title/abstract,influenza,,high,low
pi-backlog,pmid-41436260,41436260,10.1136/bmjopen-2025-104843,2025,CViSB,"Understanding the pathogenesis of uveitis in Ebola virus disease survivors: an observational cohort and cross-sectional study protocol for clinical, molecular virologic and immunologic characterisation.",Donald S Grant,"viral context plus mechanism/resource terms: virus, viral, interaction",influenza,,candidate,high
pi-backlog,pmid-41279668,41279668,10.1101/2025.10.16.682853,2025,SYBIL,Disease modulation by TIV vaccination during secondary pneumococcal infections in influenza-infected mice.,Michael Schotsaert,"viral context plus mechanism/resource terms: virus, viral, influenza, host response",influenza,,candidate,high
pi-backlog,pmid-41142120,41142120,10.1016/j.isci.2025.113644,2025,SYBIL,Integrative multi-omics analysis in vivo identifies influenza virus host factors.,Adolfo Garcia-Sastre,"viral context plus mechanism/resource terms: virus, viral, influenza, dependency, network",influenza,metabolomics;network_modeling,candidate,high
pi-backlog,pmid-41141506,41141506,10.1016/j.ekir.2025.07.021,2025,SYBIL,Liquid Biopsy-Multiomics Link Adhesion Pathway Dysregulation to Kidney Injury Severity.,Adolfo Garcia-Sastre,"viral context plus mechanism/resource terms: sars, pathway, interaction, proteomics",sars-cov-2;sars-cov,proteomics;transcriptomics,candidate,high
pi-backlog,pmid-40909530,40909530,10.1101/2025.08.21.671587,2025,SYBIL,Single-Cell Network Analysis Identifies CLEC4E as a Key Mediator of Proinflammatory mDC Responses in Influenza Infection.,Adolfo Garcia-Sastre;Michael Schotsaert,"viral context plus mechanism/resource terms: virus, viral, influenza, network",influenza,transcriptomics;network_modeling,candidate,high
pi-backlog,pmid-40802739,40802739,10.1126/scitranslmed.adx5758,2025,SYBIL,An mRNA-based broad-spectrum antiviral inspired by ISG15 deficiency protects against viral infections in vitro and in vivo.,Adolfo Garcia-Sastre,explicit cross-virus or shared-host framing in title/abstract,sars-cov-2;sars-cov;coronavirus;influenza;zika,,high,high
pi-backlog,pmid-40766693,40766693,10.1101/2025.07.26.666918,2025,SYBIL;HPMI,Coronavirus protein interaction mapping in bat and human cells identifies molecular and genetic switches for immune evasion and replication.,Adolfo Garcia-Sastre;Melanie Ott,explicit cross-virus or shared-host framing in title/abstract,sars-cov-2;sars-cov;coronavirus;influenza,proteomics,high,high
pi-backlog,pmid-40758871,40758871,10.1073/pnas.2423066122,2025,SYBIL,Influenza A virus NS1 protein mimics oncogenic PI3K resulting in isoform specific cellular redistribution and activation.,Adolfo Garcia-Sastre,"viral context plus mechanism/resource terms: virus, viral, influenza, interaction",influenza,network_modeling,candidate,high
pi-backlog,pmid-40719420,40719420,10.1002/pro.70217,2025,HPMI,Recognizing amino acid sidechains in a medium-resolution cryo-electron density map.,Andrej Sali,"viral context plus mechanism/resource terms: coronavirus, network",coronavirus,network_modeling,unknown,low
pi-backlog,pmid-40687705,40687705,10.3389/fmed.2025.1604388,2025,UCLA-Persistent-BSI,Baseline predictors for 28-day COVID-19 severity and mortality among hospitalized patients: results from the IMPACC study.,Elaine Reed,"viral context plus mechanism/resource terms: viral, coronavirus, sars, proteomics, host response",sars-cov-2;sars-cov;coronavirus,proteomics;transcriptomics;metabolomics;network_modeling,candidate,high
pi-backlog,pmid-40654703,40654703,10.1101/2024.12.10.627859,2025,HPMI,Recognizing amino acid sidechains in a medium resolution cryo-electron density map.,Andrej Sali,"viral context plus mechanism/resource terms: sars, network",sars-cov-2;sars-cov,network_modeling,unknown,low
pi-backlog,pmid-40627391,40627391,10.1073/pnas.2424367122,2025,SYBIL,BIK polymorphism and proteasome regulation unveil host risk factor for severe influenza.,Adolfo Garcia-Sastre,"viral context plus mechanism/resource terms: viral, influenza, interaction",influenza,,candidate,high
pi-backlog,pmid-40585204,40585204,10.21203/rs.3.rs-6875205/v1,2025,UCLA-Persistent-BSI,Empiric Azithromycin in COVID-19 Impacts the Respiratory Microbiome and Antimicrobial Resistome without Anti-inflammatory Benefit.,Elaine Reed,"viral context plus mechanism/resource terms: viral, sars, transcriptome",sars-cov-2;sars-cov,transcriptomics,candidate,high
pi-backlog,pmid-40504864,40504864,10.1371/journal.pbio.3002738,2025,SYBIL;HPMI,Global siRNA screen identifies human host factors critical for SARS-CoV-2 replication and late stages of infection.,Adolfo Garcia-Sastre;Trey Ideker,"viral context plus mechanism/resource terms: virus, viral, coronavirus, sars, pathway, dependency",sars-cov-2;sars-cov;mers-cov;coronavirus,crispr_screen;proteomics,candidate,high
pi-backlog,pmid-40494346,40494346,10.1016/j.cell.2025.05.012,2025,HPMI,Neuroendocrine cells orchestrate regeneration through Desert hedgehog signaling.,Melanie Ott,"viral context plus mechanism/resource terms: influenza, sars, pathway",sars-cov-2;sars-cov;influenza,,candidate,high
pi-backlog,pmid-40475131,40475131,10.1101/2025.05.19.25327799,2025,CViSB,"Understanding the pathogenesis of uveitis in Ebola virus disease survivors: a study protocol for clinical, molecular virologic, and immunologic characterization.",Donald S Grant,"viral context plus mechanism/resource terms: virus, viral, interaction",influenza,,candidate,high
pi-backlog,pmid-40378209,40378209,10.1126/sciadv.adu2079,2025,SYBIL,Identification and targeting of regulators of SARS-CoV-2-host interactions in the airway epithelium.,Adolfo Garcia-Sastre;Michael Schotsaert,"viral context plus mechanism/resource terms: virus, viral, sars, network, host response",sars-cov-2;sars-cov,crispr_screen;transcriptomics;epigenomics;network_modeling,candidate,high
pi-backlog,pmid-40267184,40267184,10.1126/sciadv.adt7836,2025,HPMI,"Structure-based discovery of highly bioavailable, covalent, broad-spectrum coronavirus M(Pro) inhibitors with potent in vivo efficacy.",Melanie Ott,explicit cross-virus or shared-host framing in title/abstract,sars-cov-2;sars-cov;coronavirus,,high,high
pi-backlog,pmid-40037847,40037847,10.21873/anticanres.17479,2025,CViSB,Cryptic Rearrangement of the KMT2A Gene in a B-cell Acute Lymphoblastic Leukemia.,Kristian Andersen,explicit cross-virus or shared-host framing in title/abstract,influenza,,high,low
pi-backlog,pmid-40035960,40035960,10.1007/s11033-025-10378-6,2025,SYBIL,A detailed comparative in silico and functional analysis of ccd1 gene in maize gives new insights of its expression and functions.,Sumit Chanda,explicit cross-virus or shared-host framing in title/abstract,,,high,low
pi-backlog,pmid-40013775,40013775,10.1128/jvi.00052-25,2025,SYBIL,Pandemic risk stemming from the bovine H5N1 outbreak: an account of the knowns and unknowns.,Adolfo Garcia-Sastre,"viral context plus mechanism/resource terms: viral, influenza, network",influenza,network_modeling,candidate,high
pi-backlog,pmid-39978373,39978373,10.1016/S1473-3099(25)00068-4,2025,SYBIL,Europe needs a sustainably funded influenza research and response network.,Adolfo Garcia-Sastre,"viral context plus mechanism/resource terms: influenza, network",influenza,network_modeling,unknown,low
pi-backlog,pmid-39975920,39975920,10.21203/rs.3.rs-5760877/v1,2025,SYBIL,Muscle macrophage regenerative response after squalene-adjuvanted influenza vaccination drives Th2-skewed response and is reduced with age.,Michael Schotsaert,"viral context plus mechanism/resource terms: virus, viral, influenza, host response",influenza,,candidate,high
pi-backlog,pmid-39652575,39652575,10.1158/0008-5472.CAN-24-0456,2025,HPMI,HBV Remodels PP2A Complexes to Rewire Kinase Signaling in Hepatocellular Carcinoma.,Trey Ideker,"viral context plus mechanism/resource terms: virus, interaction, network",influenza,proteomics;network_modeling,candidate,high
hpmi,pmid-41392175,41392175,10.1038/s41467-025-67455-4,2025,HPMI,A non-spike nucleocapsid R204P mutation in SARS-CoV-2 Omicron XEC enhances inflammation and pathogenicity.,,candidate relevance plus virus/pathogen/assay support,sars-cov-2;sars-cov,,candidate,high
hpmi,pmid-41256720,41256720,10.1101/2025.09.26.678671,2025,HPMI,Genome-wide screen in Mycobacterium tuberculosis infected macrophages reveals innate regulation of antibacterial mediators by IRF2.,,candidate relevance plus virus/pathogen/assay support,influenza;mycobacterium_tuberculosis,crispr_screen,candidate,high
hpmi,pmid-41249169,41249169,10.1038/s41467-025-66058-3,2025,HPMI,Characterizing and controlling CRISPR repair outcomes in nondividing human cells.,,candidate relevance plus virus/pathogen/assay support,,genome_editing,candidate,medium
hpmi,pmid-41208107,41208107,10.1093/immhor/vlaf051,2025,HPMI,Shared and distinct responses of human and murine alveolar macrophages and monocyte-derived macrophages to Mycobacterium tuberculosis.,,candidate relevance plus virus/pathogen/assay support,mycobacterium_tuberculosis,,candidate,high
hpmi,pmid-41171885,41171885,10.1371/journal.ppat.1012829,2025,HPMI,Mycobacterium tuberculosis triggers reduced inflammatory cytokine responses and virulence in mice lacking Tax1bp1.,,candidate relevance plus virus/pathogen/assay support,mycobacterium_tuberculosis,,candidate,high
hpmi,pmid-41165411,41165411,10.1128/jb.00287-25,2025,HPMI,The mevalonate pathway of isoprenoid biosynthesis supports metabolic flexibility in Mycobacterium marinum.,,candidate relevance plus virus/pathogen/assay support,mycobacterium_marinum,,candidate,high
hpmi,pmid-41034576,41034576,10.1038/s41586-025-09569-9,2025,HPMI,A miniature CRISPR-Cas10 enzyme confers immunity by inhibitory signalling.,,candidate relevance plus virus/pathogen/assay support,influenza,structural_biology,candidate,high
hpmi,pmid-40777401,40777401,10.1101/2025.07.23.664455,2025,HPMI,Human iPSC derived alveolar macrophages reveal macrophage subtype specific functions of itaconate in M. tuberculosis host defense.,,candidate relevance plus virus/pathogen/assay support,mycobacterium_tuberculosis,,candidate,high
hpmi,pmid-40777357,40777357,10.1101/2025.07.17.664328,2025,HPMI,textToKnowledgeGraph: Generation of Molecular Interaction Knowledge Graphs Using Large Language Models for Exploration in Cytoscape.,,candidate relevance plus virus/pathogen/assay support,,structural_biology,candidate,medium
hpmi,pmid-40766380,40766380,10.1101/2025.07.28.667291,2025,HPMI,"An unusual genetic switch controls Mycobacterium avium pathogenesis, antibiotic resistance and colony morphology.",,candidate relevance plus virus/pathogen/assay support,,transcriptomics,candidate,high
hpmi,pmid-40672248,40672248,10.1101/2025.07.11.664281,2025,HPMI,The mevalonate pathway of isoprenoid biosynthesis supports metabolic flexibility in Mycobacterium marinum.,,candidate relevance plus virus/pathogen/assay support,mycobacterium_marinum,,candidate,high
hpmi,pmid-40671523,40671523,10.1093/nar/gkaf649,2025,HPMI,Directed evolution expands CRISPR-Cas12a genome-editing capacity.,,candidate relevance plus virus/pathogen/assay support,,genome_editing,candidate,high
hpmi,pmid-40579228,40579228,10.1093/bioinformatics/btaf349,2025,HPMI,Inference of differential kinase interaction networks with KINference.,,candidate relevance plus virus/pathogen/assay support,sars-cov-2;sars-cov,proteomics,candidate,high
hpmi,pmid-40502047,40502047,10.1101/2025.05.28.656516,2025,HPMI,A non-spike nucleocapsid R204P mutation in SARS-CoV-2 Omicron XEC enhances inflammation and pathogenicity.,,candidate relevance plus virus/pathogen/assay support,sars-cov-2;sars-cov,,candidate,high
hpmi,pmid-40402573,40402573,10.1172/JCI179822,2025,HPMI,Myeloid cell genome-wide screen identifies variants associated with Mycobacterium tuberculosis-induced cytokine transcriptional responses.,,candidate relevance plus virus/pathogen/assay support,mycobacterium_tuberculosis,transcriptomics,candidate,high
hpmi,pmid-40163530,40163530,10.1371/journal.ppat.1013020,2025,HPMI,Enhanced RNA replication and pathogenesis in recent SARS-CoV-2 variants harboring the L260F mutation in NSP6.,,candidate relevance plus virus/pathogen/assay support,sars-cov-2;sars-cov,,candidate,high
hpmi,pmid-40093075,40093075,10.1101/2025.02.28.640814,2025,HPMI,Shared and distinct responses of human and murine alveolar macrophages and monocyte-derived macrophages to Mycobacterium tuberculosis.,,candidate relevance plus virus/pathogen/assay support,mycobacterium_tuberculosis,,candidate,high
hpmi,pmid-40025722,40025722,10.1021/acs.jproteome.4c01040,2025,HPMI,Affinity Purification Mass Spectrometry on the Orbitrap-Astral Mass Spectrometer Enables High-Throughput Protein-Protein Interaction Mapping.,,candidate relevance plus virus/pathogen/assay support,,protein_interaction_mapping;proteomics,candidate,high
hpmi,pmid-39990302,39990302,10.1101/2025.02.11.637750,2025,HPMI,Mutational scanning of TnpB reveals latent activity for genome editing.,,candidate relevance plus virus/pathogen/assay support,,genome_editing,candidate,medium
hpmi,pmid-39969084,39969084,10.1002/pro.70050,2025,HPMI,Torsional twist of the SARS-CoV and SARS-CoV-2 SUD-N and SUD-M domains.,,explicit cross-virus/shared-host signal,sars-cov-2;sars-cov;coronavirus,structural_biology,high,high
hpmi,pmid-39966655,39966655,10.1038/s41587-024-02540-5,2025,HPMI,Single-molecule live-cell RNA imaging with CRISPR-Csm.,,candidate relevance plus virus/pathogen/assay support,influenza,,candidate,medium
hpmi,pmid-39698811,39698811,10.1093/nar/gkae1192,2025,HPMI,CRISPR-Cas12a bends DNA to destabilize base pairs during target interrogation.,,candidate relevance plus virus/pathogen/assay support,influenza,structural_biology;genome_editing,candidate,medium
hpmi,pmid-39415058,39415058,10.1038/s41587-024-02437-3,2025,HPMI,Lung and liver editing by lipid nanoparticle delivery of a stable CRISPR-Cas9 ribonucleoprotein.,,candidate relevance plus virus/pathogen/assay support,,genome_editing,candidate,high
hpmi,pmid-38979269,38979269,10.1101/2024.06.25.600517,2025,HPMI,Neuronal DNA repair reveals strategies to influence CRISPR editing outcomes.,,candidate relevance plus virus/pathogen/assay support,influenza,genome_editing,candidate,medium
current-program,pmid-41415465,41415465,10.64898/2025.12.11.693336,2025,CViSB,Influenza A infection accelerates disease-associated microglia formation during physiological aging.,Donald S Grant,candidate relevance plus virus/pathogen/assay support,influenza,transcriptomics;metabolomics,candidate,medium
current-program,pmid-41332588,41332588,10.1101/2025.11.19.689216,2025,CViSB,Unconventional linkers facilitate potent stabilized coronavirus stem antibody responses following nanoparticle vaccination.,Ryan McNamara,explicit cross-virus/shared-host signal,sars-cov-2;sars-cov;mers-cov;influenza;hiv,,high,medium
current-program,pmid-41157585,41157585,10.3390/v17101313,2025,,Intra-Host Evolution of SARS-CoV-2 During Persistent Infection of Pediatric COVID-19 Patients.,,candidate relevance plus virus/pathogen/assay support,sars-cov-2;sars-cov,,candidate,medium
current-program,pmid-41091914,41091914,10.1126/scitranslmed.ady2282,2025,CViSB,An intramuscular prime and mucosal boost vaccine regimen protects against lethal clade 2.3.4.4b H5N1 challenge in cynomolgus macaques.,Kristian Andersen;Ryan McNamara,candidate relevance plus virus/pathogen/assay support,influenza,,candidate,medium
current-program,pmid-40963760,40963760,10.1101/2025.08.29.25334701,2025,CViSB,Cryptic spread of SARS-CoV-2 undermined targeted travel restrictions.,Kristian Andersen,candidate relevance plus virus/pathogen/assay support,sars-cov-2;sars-cov,,candidate,medium
current-program,pmid-40956625,40956625,10.1172/JCI192925,2025,,Maintenance DNA methylation is required for induced Treg reparative function following viral pneumonia in mice.,,candidate relevance plus virus/pathogen/assay support,influenza,epigenomics,candidate,medium
current-program,pmid-40786117,40786117,10.1080/01621459.2024.2395587,2025,,Zigzag path connects two Monte Carlo samplers: Hamiltonian counterpart to a piecewise deterministic Markov process.,,candidate relevance plus virus/pathogen/assay support,hiv,,candidate,medium
current-program,pmid-40632835,40632835,10.1126/scitranslmed.adu7646,2025,CViSB,Adenovirus and mRNA vaccines as well as mucosal boosting improve protective efficacy against influenza virus challenge in macaques.,Kristian Andersen;Ryan McNamara,candidate relevance plus virus/pathogen/assay support,influenza,,candidate,medium
current-program,pmid-40569388,40569388,10.1073/pnas.2506743122,2025,,Comparative performance of viral landscape phylogeography approaches.,,explicit cross-virus/shared-host signal,,,high,medium
current-program,pmid-40447716,40447716,10.1038/s43856-025-00912-9,2025,,"International importance and spread of SARS-CoV-2 variants Alpha, Delta, and Omicron BA.1 into Spain.",,candidate relevance plus virus/pathogen/assay support,sars-cov-2;sars-cov;influenza,,candidate,medium
current-program,pmid-40339581,40339581,10.1016/j.cell.2025.03.035,2025,,The recency and geographical origins of the bat viruses ancestral to SARS-CoV and SARS-CoV-2.,,candidate relevance plus virus/pathogen/assay support,sars-cov-2;sars-cov,,candidate,medium
current-program,pmid-40196585,40196585,10.1101/2025.03.24.645003,2025,,Comparative performance of novel viral landscape phylogeography approaches.,,explicit cross-virus/shared-host signal,,,high,medium
current-program,pmid-40133528,40133528,10.1038/s41591-025-03526-9,2025,UCLA-Persistent-BSI,Transmission dynamics of the 2022 mpox epidemic in New York City.,Melissa Johnson,explicit cross-virus/shared-host signal,hiv,,high,low
current-program,pmid-40100289,40100289,10.1172/JCI179572,2025,,AMPK is necessary for Treg functional adaptation to microenvironmental stress during malignancy and viral pneumonia.,,candidate relevance plus virus/pathogen/assay support,influenza,epigenomics,candidate,medium
current-program,pmid-40060513,40060513,10.1101/2025.02.25.640199,2025,,Maintenance DNA methylation is required for induced regulatory T cell reparative function following viral pneumonia.,,candidate relevance plus virus/pathogen/assay support,influenza,epigenomics,candidate,medium
current-program,pmid-40060453,40060453,10.1101/2025.02.26.640439,2025,CViSB,Dynamics of natural selection preceding human viral epidemics and pandemics.,Kristian Andersen,candidate relevance plus virus/pathogen/assay support,sars-cov-2;sars-cov;influenza,,candidate,medium
current-program,pmid-39945534,39945534,10.1128/jvi.01575-24,2025,,Tracing more than two decades of Japanese encephalitis virus circulation in mainland China.,,candidate relevance plus virus/pathogen/assay support,influenza,,candidate,medium
current-program,pmid-39868236,39868236,10.1101/2025.01.09.631996,2025,CViSB,Tissue-resident skeletal muscle macrophages promote recovery from viral pneumonia-induced sarcopenia in normal aging.,Donald S Grant,candidate relevance plus virus/pathogen/assay support,sars-cov-2;influenza,,candidate,medium
current-program,pmid-39836474,39836474,10.1172/jci.insight.182376,2025,,The impact of remdesivir on SARS-CoV-2 evolution in vivo.,,candidate relevance plus virus/pathogen/assay support,sars-cov-2;sars-cov,,candidate,medium
pi-backlog,pmid-39621658,39621658,10.1371/journal.pone.0312880,2024,SYBIL,Structural and hemodynamic analysis of Weaire-Phelan scaffolds made of Ti-alloy as bone replacement component: A preclinical investigation.,Sumit Chanda,explicit cross-virus or shared-host framing in title/abstract,influenza,,high,low
pi-backlog,pmid-39616949,39616949,10.1016/j.jbc.2024.107975,2024,HPMI,Correction: Diacylglycerol acyltransferase-1 localizes hepatitis C virus NS5A protein to lipid droplets and enhances NS5A interaction with the viral capsid core.,Melanie Ott,"viral context plus mechanism/resource terms: virus, viral, interaction",hcv,,candidate,high
pi-backlog,pmid-39580801,39580801,10.1016/j.celrep.2024.114960,2024,SYBIL,TRIM65 regulates innate immune signaling by enhancing K6-linked ubiquitination of IRF3 and its chromatin recruitment.,Adolfo Garcia-Sastre,"viral context plus mechanism/resource terms: viral, interaction",,epigenomics,candidate,high
pi-backlog,pmid-39567630,39567630,10.1038/s41598-024-80263-y,2024,CViSB,Cell surface marker heterogeneity in human myeloma cell lines for modeling of disease and therapy.,Kristian Andersen,explicit cross-virus or shared-host framing in title/abstract,,transcriptomics;network_modeling,high,low
pi-backlog,pmid-39468980,39468980,10.52198/25.STI.45.GY1826,2024,CViSB,What Happens to Endometriosis During the Menstrual Cycle?,Robert Garry,explicit cross-virus or shared-host framing in title/abstract,,,high,low
pi-backlog,pmid-39466906,39466906,10.1002/jmv.70023,2024,SYBIL,Comparative Analysis of 2022 Outbreak MPXV and Previous Clade II MPXV.,Adolfo Garcia-Sastre,explicit cross-virus or shared-host framing in title/abstract,,proteomics,high,high
pi-backlog,pmid-39464067,39464067,10.1101/2024.10.11.617898,2024,SYBIL,Identification and Targeting of Regulators of SARS-CoV-2-Host Interactions in the Airway Epithelium.,Adolfo Garcia-Sastre;Michael Schotsaert,"viral context plus mechanism/resource terms: virus, sars, network, host response",sars-cov-2;sars-cov,crispr_screen;transcriptomics;epigenomics;network_modeling,candidate,high
pi-backlog,pmid-39391249,39391249,10.3389/fonc.2024.1428984,2024,CViSB,Molecular genetic characterization of myeloid neoplasms with idic(X)(q13) and i(X)(q10).,Kristian Andersen,explicit cross-virus or shared-host framing in title/abstract,,,high,low
pi-backlog,pmid-39384042,39384042,10.1016/j.jbc.2024.107871,2024,SYBIL,Cellular NS1-BP protein interacts with the mRNA export receptor NXF1 to mediate nuclear export of influenza virus M mRNAs.,Adolfo Garcia-Sastre,"viral context plus mechanism/resource terms: virus, viral, influenza, pathway",influenza,,candidate,high
pi-backlog,pmid-39324493,39324493,10.1002/gcc.23272,2024,CViSB,RUNX1::MIR99AHG Chimera in Acute Myeloid Leukemia.,Kristian Andersen,explicit cross-virus or shared-host framing in title/abstract,influenza,,high,low
pi-backlog,pmid-39185168,39185168,10.1101/2024.08.13.607777,2024,HPMI,Torsional Twist of the SARS-CoV and SARS-CoV-2 SUD-N and SUD-M domains.,Melanie Ott,explicit cross-virus or shared-host framing in title/abstract,sars-cov-2;sars-cov;coronavirus,,high,high
pi-backlog,pmid-39149904,39149904,10.1093/nar/gkae704,2024,SYBIL,Sarbecovirus programmed ribosome frameshift RNA element folding studied by NMR spectroscopy and comparative analyses.,Adolfo Garcia-Sastre,explicit cross-virus or shared-host framing in title/abstract,sars-cov-2;sars-cov;coronavirus,,high,high
pi-backlog,pmid-39120141,39120141,10.1002/gcc.23262,2024,CViSB,Genetic Heterogeneity in Cellular Angiofibromas.,Kristian Andersen,explicit cross-virus or shared-host framing in title/abstract,,,high,high
pi-backlog,pmid-39089348,39089348,10.1016/j.clim.2024.110333,2024,SYBIL,Patient subtyping analysis of baseline multi-omic data reveals distinct pre-immune states associated with antibody response to seasonal influenza vaccination.,Adolfo Garcia-Sastre,"viral context plus mechanism/resource terms: influenza, proteomics",influenza,proteomics;transcriptomics;metabolomics,unknown,high
pi-backlog,pmid-39026801,39026801,10.1101/2024.07.10.602835,2024,SYBIL;HPMI,Global siRNA Screen Reveals Critical Human Host Factors of SARS-CoV-2 Multicycle Replication.,Adolfo Garcia-Sastre;Trey Ideker,"viral context plus mechanism/resource terms: virus, viral, coronavirus, sars, pathway, dependency",sars-cov-2;sars-cov;coronavirus,crispr_screen,candidate,high
pi-backlog,pmid-38979204,38979204,10.1101/2024.06.24.600468,2024,SYBIL,Broad-spectrum RNA antiviral inspired by ISG15 (-/-) deficiency.,Adolfo Garcia-Sastre,explicit cross-virus or shared-host framing in title/abstract,sars-cov-2;sars-cov;influenza;zika,,high,high
pi-backlog,pmid-38768348,38768348,10.1073/pnas.2314166121,2024,SYBIL,Inhibition of mRNA nuclear export promotes SARS-CoV-2 pathogenesis.,Adolfo Garcia-Sastre,"viral context plus mechanism/resource terms: viral, coronavirus, sars, pathway, interaction",sars-cov-2;sars-cov;coronavirus,,candidate,high
pi-backlog,pmid-38648902,38648902,10.1016/j.bbadis.2024.167193,2024,SYBIL,The IRE1α-XBP1 arm of the unfolded protein response is a host factor activated in SARS-CoV-2 infection.,Adolfo Garcia-Sastre;Michael Schotsaert,"viral context plus mechanism/resource terms: viral, sars, pathway, host factor",sars-cov-2;sars-cov,,candidate,high
pi-backlog,pmid-38571499,38571499,10.3389/fonc.2024.1371980,2024,CViSB,NUP214 fusion genes in acute leukemias: genetic characterization of rare cases.,Kristian Andersen,explicit cross-virus or shared-host framing in title/abstract,,transcriptomics,high,high
pi-backlog,pmid-38562892,38562892,10.1101/2024.03.18.24304401,2024,SYBIL,Integrated multiomics implicates dysregulation of ECM and cell adhesion pathways as drivers of severe COVID-associated kidney injury.,Adolfo Garcia-Sastre,"viral context plus mechanism/resource terms: sars, interaction, network, proteomics",sars-cov-2;sars-cov,proteomics;transcriptomics;network_modeling,candidate,high
pi-backlog,pmid-38537997,38537997,10.21873/anticanres.16935,2024,CViSB,Acute Lymphoblastic Leukemia With Near-haploid Karyotype and Philadelphia Chromosome.,Kristian Andersen,explicit cross-virus or shared-host framing in title/abstract,influenza,,high,low
pi-backlog,pmid-38411080,38411080,10.1128/mbio.02222-23,2024,HPMI,CRISPR-Cas9 screen of E3 ubiquitin ligases identifies TRAF2 and UHRF1 as regulators of HIV latency in primary human T cells.,Melanie Ott,"viral context plus mechanism/resource terms: virus, viral, hiv, pathway, proteomics, screen",influenza;hiv,crispr_screen;proteomics,candidate,high
pi-backlog,pmid-38387978,38387978,10.1136/bmjopen-2023-080614,2024,CViSB,PRECISION-TBI: a study protocol for a vanguard prospective cohort study to enhance understanding and management of moderate to severe traumatic brain injury in Australia.,Ryan McNamara,explicit cross-virus or shared-host framing in title/abstract,,network_modeling,high,low
pi-backlog,pmid-38375062,38375062,10.1155/2024/6668017,2024,CViSB,Upper Airway Epithelial Tissue Transcriptome Analysis Reveals Immune Signatures Associated with COVID-19 Severity in Ghanaians.,Donald S Grant,"viral context plus mechanism/resource terms: coronavirus, sars, transcriptome",sars-cov-2;sars-cov;coronavirus,transcriptomics,candidate,low
pi-backlog,pmid-38328256,38328256,10.1101/2024.01.18.576213,2024,SYBIL,Patient Subtyping Analysis of Baseline Multi-omic Data Reveals Distinct Pre-immune States Predictive of Vaccination Responses.,Adolfo Garcia-Sastre,"viral context plus mechanism/resource terms: influenza, network, proteomics",influenza,proteomics;transcriptomics;metabolomics;network_modeling,unknown,high
pi-backlog,pmid-38306481,38306481,10.1073/pnas.2300644120,2024,UCLA-Persistent-BSI,Viral afterlife: SARS-CoV-2 as a reservoir of immunomimetic peptides that reassemble into proinflammatory supramolecular complexes.,Michael Yeaman,"viral context plus mechanism/resource terms: viral, coronavirus, sars, transcriptome",sars-cov-2;sars-cov;coronavirus,transcriptomics,candidate,high
pi-backlog,pmid-38151288,38151288,10.21873/cgp.20424,2024,CViSB,Genetic Characterization of Pediatric Mixed Phenotype Acute Leukemia (MPAL).,Kristian Andersen,explicit cross-virus or shared-host framing in title/abstract,influenza,,high,low
pi-backlog,pmid-37833243,37833243,10.1002/minf.202300262,2024,SYBIL,A community effort in SARS-CoV-2 drug discovery.,Adolfo Garcia-Sastre,"viral context plus mechanism/resource terms: viral, sars, screen",sars-cov-2;sars-cov,,candidate,high
hpmi,pmid-39763950,39763950,10.1101/2024.12.16.628616,2024,HPMI,Tax1bp1 enhances bacterial virulence and promotes inflammatory responses during Mycobacterium tuberculosis infection of alveolar macrophages.,,candidate relevance plus virus/pathogen/assay support,mycobacterium_tuberculosis,,candidate,medium
hpmi,pmid-39571001,39571001,10.1371/journal.ppat.1012741,2024,HPMI,SARS-CoV-2 evolution balances conflicting roles of N protein phosphorylation.,,candidate relevance plus virus/pathogen/assay support,sars-cov-2;sars-cov;coronavirus,proteomics,candidate,medium
hpmi,pmid-39488835,39488835,10.1016/j.xpro.2024.103286,2024,HPMI,Protocol for mapping differential protein-protein interaction networks using affinity purification-mass spectrometry.,,candidate relevance plus virus/pathogen/assay support,,protein_interaction_mapping;proteomics,candidate,low
hpmi,pmid-39395413,39395413,10.1016/j.cell.2024.09.020,2024,HPMI,Genome integrity sensing by the broad-spectrum Hachiman antiphage defense complex.,,explicit cross-virus/shared-host signal,,,high,low
hpmi,pmid-39198650,39198650,10.1038/s41586-024-07866-3,2024,HPMI,Tuberculosis in otherwise healthy adults with inherited TNF deficiency.,,candidate relevance plus virus/pathogen/assay support,mycobacterium_tuberculosis,,candidate,medium
hpmi,pmid-39197447,39197447,10.1016/j.cell.2024.07.057,2024,HPMI,Animal and bacterial viruses share conserved mechanisms of immune evasion.,,candidate relevance plus virus/pathogen/assay support,,structural_biology,candidate,medium
hpmi,pmid-39187718,39187718,10.1038/s41586-024-07809-y,2024,HPMI,Birth of protein folds and functions in the virome.,,candidate relevance plus virus/pathogen/assay support,,structural_biology,candidate,medium
hpmi,pmid-39131396,39131396,10.1101/2024.07.31.606079,2024,HPMI,CRISPR-Cas12a bends DNA to destabilize base pairs during target interrogation.,,candidate relevance plus virus/pathogen/assay support,influenza,structural_biology;genome_editing,candidate,low
hpmi,pmid-39024454,39024454,10.1126/science.adl5763,2024,HPMI,Multiscale photocatalytic proximity labeling reveals cell surface neighbors on and between cells.,,candidate relevance plus virus/pathogen/assay support,,protein_interaction_mapping;proteomics,candidate,low
hpmi,pmid-38961189,38961189,10.1038/s41598-024-66003-2,2024,HPMI,NF-κB inhibitor alpha controls SARS-CoV-2 infection in ACE2-overexpressing human airway organoids.,,candidate relevance plus virus/pathogen/assay support,sars-cov-2;sars-cov,transcriptomics,candidate,medium
hpmi,pmid-38836816,38836816,10.4049/jimmunol.2300885,2024,HPMI,Human Alveolar and Monocyte-Derived Human Macrophage Responses to Mycobacterium tuberculosis.,,candidate relevance plus virus/pathogen/assay support,mycobacterium_tuberculosis,transcriptomics,candidate,medium
hpmi,pmid-38800652,38800652,,2024,HPMI,Mapping Differential Protein-Protein Interaction Networks using Affinity Purification Mass Spectrometry.,,candidate relevance plus virus/pathogen/assay support,,protein_interaction_mapping;proteomics,candidate,low
hpmi,pmid-38781968,38781968,10.1016/j.cell.2024.04.031,2024,HPMI,Rapid DNA unwinding accelerates genome editing by engineered CRISPR-Cas9.,,candidate relevance plus virus/pathogen/assay support,,structural_biology;genome_editing,candidate,low
hpmi,pmid-38587193,38587193,10.1093/nar/gkae256,2024,HPMI,Assembly of SARS-CoV-2 nucleocapsid protein with nucleic acid.,,candidate relevance plus virus/pathogen/assay support,sars-cov-2;sars-cov,protein_interaction_mapping,candidate,medium
hpmi,pmid-38464307,38464307,10.1101/2024.02.29.582594,2024,HPMI,Hachiman is a genome integrity sensor.,,explicit cross-virus/shared-host signal,,,high,low
hpmi,pmid-38308100,38308100,10.1038/s41564-024-01605-0,2024,HPMI,Author Correction: Autophagy restricts Mycobacterium tuberculosis during acute infection in mice.,,candidate relevance plus virus/pathogen/assay support,mycobacterium_tuberculosis,,candidate,medium
hpmi,pmid-38117589,38117589,10.1091/mbc.E23-06-0260,2024,HPMI,Cross-family small GTPase ubiquitination by the intracellular pathogen Legionella pneumophila.,,candidate relevance plus virus/pathogen/assay support,legionella_pneumophila,,candidate,low
current-program,pmid-39645657,39645657,10.1016/j.celrep.2024.115056,2024,,"Vimentin modulates regulatory T cell receptor-ligand interactions at distal pole complex, leading to dysregulated host response to viral pneumonia.",,candidate relevance plus virus/pathogen/assay support,influenza,,candidate,medium
current-program,pmid-39625970,39625970,10.1371/journal.pbio.3002914,2024,,How fast are viruses spreading in the wild?,,explicit cross-virus/shared-host signal,,,high,medium
current-program,pmid-39576825,39576825,10.1371/journal.pntd.0012662,2024,CViSB,Long-term visual outcomes and histopathologic findings after cataract surgery in Ebola virus disease survivors in the Ebola virus RNA persistence in ocular tissues and fluids (EVICT) study.,Robert Garry;Donald S Grant,candidate relevance plus virus/pathogen/assay support,influenza,,candidate,medium
current-program,pmid-39488529,39488529,10.1038/s41467-024-53791-4,2024,SYBIL,Live imaging of airway epithelium reveals that mucociliary clearance modulates SARS-CoV-2 spread.,Sumit Chanda,candidate relevance plus virus/pathogen/assay support,sars-cov-2;sars-cov;influenza,,candidate,medium
current-program,pmid-39303692,39303692,10.1016/j.cell.2024.08.010,2024,CViSB,Genetic tracing of market wildlife and viruses at the epicenter of the COVID-19 pandemic.,Robert Garry;Kristian Andersen,candidate relevance plus virus/pathogen/assay support,sars-cov-2;sars-cov,,candidate,medium
current-program,pmid-39255040,39255040,10.1172/JCI180986,2024,SCRIPT,Antibiotic use during influenza infection augments lung eosinophils that impair immunity against secondary bacterial pneumonia.,Richard Wunderink,candidate relevance plus virus/pathogen/assay support,influenza;staphylococcus_aureus,,candidate,medium
current-program,pmid-39179693,39179693,10.1038/s41564-024-01786-8,2024,,Evolution of SARS-CoV-2 in the murine central nervous system drives viral diversification.,,candidate relevance plus virus/pathogen/assay support,sars-cov-2;sars-cov,,candidate,medium
current-program,pmid-39138384,39138384,10.1038/s41590-024-01914-w,2024,CViSB,Distinctive evolution of alveolar T cell responses is associated with clinical outcomes in unvaccinated patients with SARS-CoV-2 pneumonia.,Donald S Grant;Richard Wunderink,candidate relevance plus virus/pathogen/assay support,sars-cov-2;sars-cov;influenza,,candidate,medium
current-program,pmid-39006420,39006420,10.1101/2024.07.01.24309632,2024,,"Dispersal history of SARS-CoV-2 variants Alpha, Delta, and Omicron (BA.1) in Spain.",,candidate relevance plus virus/pathogen/assay support,sars-cov-2;sars-cov;influenza,,candidate,medium
current-program,pmid-38947010,38947010,10.1101/2024.06.21.24309280,2024,,Evolution of the Umbilical Cord Blood Proteome Across Gestational Development.,,candidate relevance plus virus/pathogen/assay support,,proteomics,candidate,low
current-program,pmid-38940448,38940448,10.1002/jmv.29773,2024,,"Dispersal history of SARS-CoV-2 in Galicia, Spain.",,candidate relevance plus virus/pathogen/assay support,sars-cov-2;sars-cov;influenza,,candidate,medium
current-program,pmid-38853959,38853959,10.1101/2024.05.30.596295,2024,,FOXP3+ Regulatory T Cells Require TBET to Regulate Activated CD8+ T Cells During Recovery from Influenza Infection.,,candidate relevance plus virus/pathogen/assay support,influenza,,candidate,medium
current-program,pmid-38643200,38643200,10.1038/s41467-024-47757-9,2024,,Deviations in RSV epidemiological patterns and population structures in the United States following the COVID-19 pandemic.,,candidate relevance plus virus/pathogen/assay support,sars-cov-2;rsv,,candidate,medium
current-program,pmid-38551979,38551979,10.1371/journal.pcbi.1011640,2024,,Scalable gradients enable Hamiltonian Monte Carlo sampling for phylodynamic inference under episodic birth-death-sampling models.,,candidate relevance plus virus/pathogen/assay support,influenza;hiv,,candidate,medium
current-program,pmid-38463998,38463998,10.1101/2024.02.27.24303385,2024,,"Dispersal history of SARS-CoV-2 in Galicia, Spain.",,candidate relevance plus virus/pathogen/assay support,sars-cov-2;sars-cov;influenza,,candidate,medium
current-program,pmid-38453939,38453939,10.1038/s41467-024-46492-5,2024,,A SWI/SNF-dependent transcriptional regulation mediated by POU2AF2/C11orf53 at enhancer.,,candidate relevance plus virus/pathogen/assay support,,crispr_screen;epigenomics,candidate,medium
current-program,pmid-38446806,38446806,10.1371/journal.pone.0299082,2024,,"Genomic characterization of SARS-CoV-2 in Guinea, West Africa.",,candidate relevance plus virus/pathogen/assay support,sars-cov-2;sars-cov,,candidate,medium
current-program,pmid-38301954,38301954,10.1016/j.slasd.2024.01.006,2024,,Activity and inhibition of the SARS-CoV-2 Omicron nsp13 R392C variant using RNA duplex unwinding assays.,,candidate relevance plus virus/pathogen/assay support,sars-cov-2;sars-cov;influenza,,candidate,medium
current-program,pmid-38243701,38243701,10.1093/bioinformatics/btae030,2024,,Many-core algorithms for high-dimensional gradients on phylogenetic trees.,,candidate relevance plus virus/pathogen/assay support,dengue,,candidate,medium
current-program,pmid-38232695,38232695,10.1016/j.xcrm.2023.101361,2024,,Integration of individualized and population-level molecular epidemiology data to model COVID-19 outcomes.,,candidate relevance plus virus/pathogen/assay support,sars-cov-2;sars-cov,,candidate,medium
current-program,pmid-38112418,38112418,10.1128/mbio.03036-23,2024,CViSB,Understanding Fc function for rational vaccine design against pathogens.,Ryan McNamara,candidate relevance plus virus/pathogen/assay support,influenza,,candidate,medium
current-program,pmid-38078770,38078770,10.1128/mbio.02649-23,2024,,Comparative evolution of influenza A virus H1 and H3 head and stalk domains across host species.,,explicit cross-virus/shared-host signal,influenza,,high,medium
current-program,pmid-37804247,37804247,10.1093/gerona/glad239,2024,,The Third Annual Symposium of the Midwest Aging Consortium.,,candidate relevance plus virus/pathogen/assay support,influenza,,candidate,medium
pi-backlog,pmid-37983398,37983398,10.1097/ACM.0000000000005355,2023,HPMI,Set Up to Fail? Barriers Impeding Resident Communication Training in Neonatal Intensive Care Units.,Melanie Ott,explicit cross-virus or shared-host framing in title/abstract,influenza,,high,low
pi-backlog,pmid-37889065,37889065,10.21873/cgp.20405,2023,CViSB,Pathogenetic Dichotomy in Angioleiomyoma.,Kristian Andersen,explicit cross-virus or shared-host framing in title/abstract,,,high,low
pi-backlog,pmid-37886564,37886564,10.21203/rs.3.rs-3390128/v1,2023,UCLA-Persistent-BSI,Transcriptomic Analysis Pipeline (TAP) for quality control and functional assessment of transcriptomes.,Scott Filler,explicit cross-virus or shared-host framing in title/abstract,,transcriptomics,high,low
pi-backlog,pmid-37693943,37693943,10.1016/j.omtm.2023.08.015,2023,HPMI,Modifying immune responses to adeno-associated virus vectors by capsid engineering.,Melanie Ott,"viral context plus mechanism/resource terms: virus, interaction",,,candidate,medium
pi-backlog,pmid-37400148,37400148,10.21873/cgp.20388,2023,CViSB,Genetic Pathways in Peritoneal Mesothelioma Tumorigenesis.,Kristian Andersen,explicit cross-virus or shared-host framing in title/abstract,influenza,,high,medium
pi-backlog,pmid-37400142,37400142,10.21873/cgp.20387,2023,CViSB,Acute Undifferentiated Leukemia With a Balanced t(5;10)(q35;p12) Resulting in Fusion of HNRNPH1 With MLLT10.,Kristian Andersen,explicit cross-virus or shared-host framing in title/abstract,influenza,,high,low
pi-backlog,pmid-37289427,37289427,10.2807/1560-7917.ES.2023.28.23.2200740,2023,CViSB,"Establishing severe acute respiratory infection (SARI) surveillance in a sentinel hospital, Ireland, 2021 to 2022.",Ryan McNamara,"viral context plus mechanism/resource terms: virus, viral, influenza, sars, rsv, network",sars-cov-2;sars-cov;influenza;rsv,network_modeling,candidate,medium
pi-backlog,pmid-37025664,37025664,10.1039/d3ra00426k,2023,HPMI,A covalent inhibitor targeting the papain-like protease from SARS-CoV-2 inhibits viral replication.,Melanie Ott,"viral context plus mechanism/resource terms: viral, sars, screen",sars-cov-2;sars-cov,,candidate,medium
pi-backlog,pmid-36897778,36897778,10.1016/j.celrep.2023.112234,2023,HPMI,The lysine methyltransferase SMYD5 amplifies HIV-1 transcription and is post-transcriptionally upregulated by Tat and USP11.,Melanie Ott,"viral context plus mechanism/resource terms: viral, hiv, host factor",hiv,,candidate,medium
pi-backlog,pmid-36832096,36832096,10.3390/diagnostics13040608,2023,SYBIL,Comparative Study of the Impact of Human Leukocyte Antigens on Renal Transplant Survival in Andalusia and the United States.,Rafael Medina,explicit cross-virus or shared-host framing in title/abstract,influenza,,high,low
pi-backlog,pmid-36827975,36827975,10.1016/j.stemcr.2023.01.011,2023,HPMI,"SARS-CoV-2 infection of airway organoids reveals conserved use of Tetraspanin-8 by Ancestral, Delta, and Omicron variants.",Melanie Ott,"viral context plus mechanism/resource terms: viral, coronavirus, sars, interaction",sars-cov-2;sars-cov;coronavirus,,candidate,medium
pi-backlog,pmid-36581344,36581344,10.21873/cgp.20364,2023,CViSB,Novel MYCBP::EHD2 and RUNX1::ZNF780A Fusion Genes in T-cell Acute Lymphoblastic Leukemia.,Kristian Andersen,explicit cross-virus or shared-host framing in title/abstract,influenza,,high,low
pi-backlog,pmid-36241425,36241425,10.26508/lsa.202201449,2023,HPMI,Low expression of EXOSC2 protects against clinical COVID-19 and impedes SARS-CoV-2 replication.,Nevan Krogan,"viral context plus mechanism/resource terms: virus, viral, sars, interaction",sars-cov-2;sars-cov,crispr_screen,candidate,medium
pi-backlog,pmid-35976053,35976053,10.1002/hep.32733,2023,HPMI,Adeno-associated virus serotype 2 capsid variants for improved liver-directed gene therapy.,Melanie Ott,"viral context plus mechanism/resource terms: virus, screen",,,candidate,medium
hpmi,pmid-38045338,38045338,10.1101/2023.11.22.568361,2023,HPMI,Assembly reactions of SARS-CoV-2 nucleocapsid protein with nucleic acid.,,candidate relevance plus virus/pathogen/assay support,sars-cov-2;sars-cov,protein_interaction_mapping,candidate,medium
hpmi,pmid-37857833,37857833,10.1038/s41556-023-01248-z,2023,HPMI,A Legionella toxin exhibits tRNA mimicry and glycosyl transferase activity to target the translation machinery and trigger a ribotoxic stress response.,,candidate relevance plus virus/pathogen/assay support,legionella_pneumophila,structural_biology,candidate,low
hpmi,pmid-37758692,37758692,10.1038/s41467-023-41442-z,2023,HPMI,Proteomic and genetic analyses of influenza A viruses identify pan-viral host targets.,,explicit cross-virus/shared-host signal,sars-cov-2;sars-cov;coronavirus;influenza,protein_interaction_mapping;proteomics,high,medium
hpmi,pmid-37738983,37738983,10.1016/j.chom.2023.08.003,2023,HPMI,Impact of SARS-CoV-2 ORF6 and its variant polymorphisms on host responses and viral pathogenesis.,,candidate relevance plus virus/pathogen/assay support,sars-cov-2;sars-cov;coronavirus,,candidate,medium
hpmi,pmid-37738970,37738970,10.1016/j.cell.2023.08.026,2023,HPMI,SARS-CoV-2 variants evolve convergent strategies to remodel the host response.,,candidate relevance plus virus/pathogen/assay support,sars-cov-2;sars-cov,protein_interaction_mapping;proteomics,candidate,medium
hpmi,pmid-37651466,37651466,10.1371/journal.ppat.1011614,2023,HPMI,A single inactivating amino acid change in the SARS-CoV-2 NSP3 Mac1 domain attenuates viral replication in vivo.,,candidate relevance plus virus/pathogen/assay support,sars-cov-2;sars-cov,,candidate,medium
hpmi,pmid-37577546,37577546,10.1101/2023.08.03.551750,2023,HPMI,Cross-family small GTPase ubiquitination by the intracellular pathogen Legionella pneumophila.,,candidate relevance plus virus/pathogen/assay support,legionella_pneumophila,,candidate,low
hpmi,pmid-37352334,37352334,10.1371/journal.ppat.1011088,2023,HPMI,"Deficiency in Galectin-3, -8, and -9 impairs immunity to chronic Mycobacterium tuberculosis infection but not acute infection with multiple intracellular pathogens.",,candidate relevance plus virus/pathogen/assay support,influenza;mycobacterium_tuberculosis,,candidate,medium
hpmi,pmid-37037941,37037941,10.1038/s41564-023-01354-6,2023,HPMI,Autophagy restricts Mycobacterium tuberculosis during acute infection in mice.,,candidate relevance plus virus/pathogen/assay support,mycobacterium_tuberculosis,,candidate,medium
hpmi,pmid-36782050,36782050,10.1038/s41594-022-00918-0,2023,HPMI,Structure and dynamics of the essential endogenous mycobacterial polyketide synthase Pks13.,,candidate relevance plus virus/pathogen/assay support,mycobacterium_tuberculosis,proteomics;structural_biology,candidate,medium
hpmi,pmid-35298864,35298864,10.1111/febs.16435,2023,HPMI,Integrative structure determination of histones H3 and H4 using genetic interactions.,,candidate relevance plus virus/pathogen/assay support,,structural_biology;genome_editing,candidate,medium
current-program,pmid-38168164,38168164,10.21203/rs.3.rs-3712859/v1,2023,,Altered RSV Epidemiology and Genetic Diversity Following the COVID-19 Pandemic.,,candidate relevance plus virus/pathogen/assay support,sars-cov-2;rsv,,candidate,medium
current-program,pmid-38076988,38076988,10.1101/2023.11.29.568904,2023,,AMP-activated protein kinase is necessary for Treg cell functional adaptation to microenvironmental stress.,,candidate relevance plus virus/pathogen/assay support,influenza,epigenomics,candidate,medium
current-program,pmid-37995357,37995357,10.1093/jac/dkad309,2023,,SARS-CoV-2 genomics and impact on clinical care for COVID-19.,,candidate relevance plus virus/pathogen/assay support,sars-cov-2;sars-cov;influenza;hiv,,candidate,medium
current-program,pmid-37961423,37961423,10.1101/2023.10.31.564882,2023,,Scalable gradients enable Hamiltonian Monte Carlo sampling for phylodynamic inference under episodic birth-death-sampling models.,,candidate relevance plus virus/pathogen/assay support,influenza;hiv,,candidate,medium
current-program,pmid-37950885,37950885,10.1093/molbev/msad242,2023,,Shrinkage-based Random Local Clocks with Scalable Inference.,,candidate relevance plus virus/pathogen/assay support,influenza,,candidate,medium
current-program,pmid-37901225,37901225,10.3389/fimmu.2023.1251120,2023,,Hypercapnia increases ACE2 expression and pseudo-SARS-CoV-2 entry in bronchial epithelial cells by augmenting cellular cholesterol.,,candidate relevance plus virus/pathogen/assay support,sars-cov-2;sars-cov;influenza,,candidate,medium
current-program,pmid-37891657,37891657,10.1186/s12985-023-02186-w,2023,,Resurgence of SARS-CoV-2 Delta after Omicron variant superinfection in an immunocompromised pediatric patient.,,candidate relevance plus virus/pathogen/assay support,sars-cov-2;sars-cov,,candidate,medium
current-program,pmid-37790412,37790412,10.21203/rs.3.rs-3220157/v1,2023,,SARS-CoV-2 Bottlenecks and Tissue-Specific Adaptation in the Central Nervous System.,,candidate relevance plus virus/pathogen/assay support,sars-cov-2;sars-cov,,candidate,medium
current-program,pmid-37745602,37745602,10.1101/2023.09.13.557637,2023,CViSB,Genetic tracing of market wildlife and viruses at the epicenter of the COVID-19 pandemic.,Robert Garry;Kristian Andersen,candidate relevance plus virus/pathogen/assay support,sars-cov-2;sars-cov,,candidate,medium
current-program,pmid-37720034,37720034,10.21203/rs.3.rs-3246773/v1,2023,SYBIL,Live imaging of the airway epithelium reveals that mucociliary clearance modulates SARS-CoV-2 spread.,Sumit Chanda,candidate relevance plus virus/pathogen/assay support,sars-cov-2;sars-cov;influenza,,candidate,medium
current-program,pmid-37672567,37672567,10.1126/scitranslmed.adf6598,2023,,Humoral immunity to an endemic coronavirus is associated with postacute sequelae of COVID-19 in individuals with rheumatic diseases.,,candidate relevance plus virus/pathogen/assay support,sars-cov-2;sars-cov,,candidate,medium
current-program,pmid-37639445,37639445,10.1371/journal.pcbi.1011419,2023,,Accelerating Bayesian inference of dependency between mixed-type biological traits.,,candidate relevance plus virus/pathogen/assay support,influenza;hiv,,candidate,medium
current-program,pmid-37620306,37620306,10.1038/s41467-023-40699-8,2023,,Antibody-mediated NK cell activation as a correlate of immunity against influenza infection.,,candidate relevance plus virus/pathogen/assay support,influenza,,candidate,medium
current-program,pmid-37535402,37535402,10.1128/mbio.00902-23,2023,CViSB,Anamnestic humoral correlates of immunity across SARS-CoV-2 variants of concern.,Ryan McNamara,candidate relevance plus virus/pathogen/assay support,sars-cov-2;sars-cov,,candidate,medium
current-program,pmid-37502985,37502985,10.1101/2023.07.12.548617,2023,,The recency and geographical origins of the bat viruses ancestral to SARS-CoV and SARS-CoV-2.,,candidate relevance plus virus/pathogen/assay support,sars-cov-2;sars-cov,,candidate,medium
current-program,pmid-37443074,37443074,10.1038/s41467-023-39189-8,2023,SYBIL,Waning and boosting of antibody Fc-effector functions upon SARS-CoV-2 vaccination.,Ryan McNamara;Rafael Medina,candidate relevance plus virus/pathogen/assay support,sars-cov-2;sars-cov,,candidate,medium
current-program,pmid-37384622,37384622,10.1371/journal.ppat.1011416,2023,,Antigen pressure from two founder viruses induces multiple insertions at a single antibody position to generate broadly neutralizing HIV antibodies.,,candidate relevance plus virus/pathogen/assay support,hiv,,candidate,medium
current-program,pmid-37252360,37252360,10.1021/acscentsci.2c01471,2023,SCRIPT,Lectin Fingerprinting Distinguishes Antibody Neutralization in SARS-CoV-2.,Alan Hauser,explicit cross-virus/shared-host signal,sars-cov-2;sars-cov;influenza,proteomics,high,medium
current-program,pmid-37249415,37249415,10.1002/pbc.30473,2023,,Humoral profiling of pediatric patients with cancer reveals robust immunity following anti-SARS-CoV-2 vaccination superior to natural infection.,,candidate relevance plus virus/pathogen/assay support,sars-cov-2;sars-cov,,candidate,medium
current-program,pmid-37191546,37191546,10.1128/spectrum.00324-23,2023,,Serodominant SARS-CoV-2 Nucleocapsid Peptides Map to Unstructured Protein Regions.,,candidate relevance plus virus/pathogen/assay support,sars-cov-2;sars-cov,,candidate,medium
current-program,pmid-37161609,37161609,10.1093/brain/awad155,2023,,Neurologic sequelae of COVID-19 are determined by immunologic imprinting from previous coronaviruses.,,candidate relevance plus virus/pathogen/assay support,sars-cov-2;sars-cov,,candidate,medium
current-program,pmid-37034676,37034676,10.1101/2023.03.28.534602,2023,,Deep repertoire mining uncovers ultra-broad coronavirus neutralizing antibodies targeting multiple spike epitopes.,,candidate relevance plus virus/pathogen/assay support,sars-cov-2;sars-cov,,candidate,medium
current-program,pmid-37000623,37000623,10.1016/j.celrep.2023.112326,2023,CViSB,Fc-mediated pan-sarbecovirus protection after alphavirus vector vaccination.,Ryan McNamara,explicit cross-virus/shared-host signal,sars-cov-2;sars-cov,,high,medium
current-program,pmid-36823332,36823332,10.1038/s41592-023-01769-3,2023,CViSB,Outbreak.info genomic reports: scalable and dynamic surveillance of SARS-CoV-2 variants and mutations.,Kristian Andersen,candidate relevance plus virus/pathogen/assay support,sars-cov-2;sars-cov,,candidate,medium
current-program,pmid-36472425,36472425,10.1128/aac.01023-22,2023,SCRIPT,Machine Learning To Stratify Methicillin-Resistant Staphylococcus aureus Risk among Hospitalized Patients with Community-Acquired Pneumonia.,Richard Wunderink,explicit cross-virus/shared-host signal,staphylococcus_aureus,clinical_modeling,high,low
pi-backlog,pmid-38046840,38046840,10.51893/2022.1.OA5,2022,CViSB,"The Monitoring with Advanced Sensors, Transmission and E-Resuscitation in Traumatic Brain Injury (MASTER-TBI) collaborative: bringing data science to the ICU bedside.",Ryan McNamara,explicit cross-virus or shared-host framing in title/abstract,,,high,low
pi-backlog,pmid-36532738,36532738,10.3389/fphar.2022.1029093,2022,SYBIL,Inhibition of coronavirus HCoV-OC43 by targeting the eIF4F complex.,Sumit Chanda,"viral context plus mechanism/resource terms: coronavirus, screen",coronavirus,,candidate,medium
pi-backlog,pmid-36519174,36519174,10.3389/fmicb.2022.1068328,2022,SYBIL,Interaction between chicken TRIM25 and MDA5 and their role in mediated antiviral activity against IBDV infection.,Adolfo Garcia-Sastre,"viral context plus mechanism/resource terms: virus, viral, pathway, interaction",,,candidate,medium
pi-backlog,pmid-36496417,36496417,10.1038/s41541-022-00583-w,2022,SYBIL,Transcriptome signatures preceding the induction of anti-stalk antibodies elicited after universal influenza vaccination.,Adolfo Garcia-Sastre,"viral context plus mechanism/resource terms: virus, influenza, transcriptome",influenza,transcriptomics,candidate,medium
pi-backlog,pmid-36299428,36299428,10.1101/2022.10.18.512708,2022,SYBIL,Impact of SARS-CoV-2 ORF6 and its variant polymorphisms on host responses and viral pathogenesis.,Adolfo Garcia-Sastre,"viral context plus mechanism/resource terms: viral, sars, pathway, interaction",sars-cov-2;sars-cov,,candidate,medium
pi-backlog,pmid-36298829,36298829,10.3390/v14102274,2022,HPMI,Viral Hijacking of BET Proteins.,Melanie Ott,"viral context plus mechanism/resource terms: virus, viral, network",,network_modeling,candidate,medium
pi-backlog,pmid-36274774,36274774,10.4300/JGME-D-22-00050.1,2022,HPMI,"""The Most Crushing Thing"": Understanding Resident Assessment Burden in a Competency-Based Curriculum.",Melanie Ott,explicit cross-virus or shared-host framing in title/abstract,,,high,low
pi-backlog,pmid-36197970,36197970,10.1126/sciadv.abm5859,2022,SYBIL,"Common and species-specific molecular signatures, networks, and regulators of influenza virus infection in mice, ferrets, and humans.",Adolfo Garcia-Sastre,explicit cross-virus or shared-host framing in title/abstract,influenza,transcriptomics;network_modeling,high,medium
pi-backlog,pmid-36095012,36095012,10.1371/journal.ppat.1010811,2022,HPMI,SIRT5 is a proviral factor that interacts with SARS-CoV-2 Nsp14 protein.,Melanie Ott,"viral context plus mechanism/resource terms: viral, sars, interactome, interaction",sars-cov-2;sars-cov,proteomics,candidate,medium
pi-backlog,pmid-36044897,36044897,10.1016/j.medj.2022.08.002,2022,SYBIL,Discovery and intranasal administration of a SARS-CoV-2 broadly acting neutralizing antibody with activity against multiple Omicron subvariants.,Adolfo Garcia-Sastre;Michael Schotsaert,explicit cross-virus or shared-host framing in title/abstract,sars-cov-2;sars-cov;coronavirus,,high,medium
pi-backlog,pmid-35985686,35985686,10.21873/cgp.20348,2022,CViSB,A Novel Cryptic t(2;3)(p21;q25) Translocation Fuses the WWTR1 and PRKCE Genes in Uterine Leiomyoma With 3q- as the Sole Visible Chromosome Abnormality.,Kristian Andersen,explicit cross-virus or shared-host framing in title/abstract,influenza,,high,low
pi-backlog,pmid-35985635,35985635,10.1016/j.bbagrm.2022.194859,2022,HPMI,Catching BETs by viruses.,Melanie Ott,"viral context plus mechanism/resource terms: viral, sars, interaction",sars-cov-2;sars-cov,epigenomics,candidate,medium
pi-backlog,pmid-35969644,35969644,10.1371/journal.ppat.1010543,2022,CViSB,Nonlytic cellular release of hepatitis A virus requires dual capsid recruitment of the ESCRT-associated Bro1 domain proteins HD-PTP and ALIX.,Ryan McNamara,"viral context plus mechanism/resource terms: virus, viral, proteomics",influenza,proteomics,candidate,medium
pi-backlog,pmid-35967877,35967877,10.3389/fcimb.2022.960138,2022,SYBIL,eIF5A is activated by virus infection or dsRNA and facilitates virus replication through modulation of interferon production.,Adolfo Garcia-Sastre,explicit cross-virus or shared-host framing in title/abstract,influenza;zika,,high,medium
pi-backlog,pmid-35867415,35867415,10.1128/spectrum.00921-22,2022,SYBIL,Proteomic Identification of Potential Target Proteins of Cathepsin W for Its Development as a Drug Target for Influenza.,Adolfo Garcia-Sastre,"viral context plus mechanism/resource terms: virus, viral, influenza, host factor",influenza,proteomics,candidate,medium
pi-backlog,pmid-35862388,35862388,10.1371/journal.pone.0271061,2022,SYBIL,A preclinical model of post-surgery secondary bone healing for subtrochanteric femoral fracture based on fuzzy interpretations.,Sumit Chanda,explicit cross-virus or shared-host framing in title/abstract,influenza,,high,low
pi-backlog,pmid-35766385,35766385,10.1021/acsinfecdis.2c00008,2022,SYBIL,Sec61 Inhibitor Apratoxin S4 Potently Inhibits SARS-CoV-2 and Exhibits Broad-Spectrum Antiviral Activity.,Adolfo Garcia-Sastre,explicit cross-virus or shared-host framing in title/abstract,sars-cov-2;sars-cov;influenza;dengue;zika,,high,medium
pi-backlog,pmid-35632848,35632848,10.3390/v14051107,2022,SYBIL,"Type I and Type II Interferon Antagonism Strategies Used by Paramyxoviridae: Previous and New Discoveries, in Comparison.",Adolfo Garcia-Sastre,"viral context plus mechanism/resource terms: viral, pathway",,,candidate,medium
pi-backlog,pmid-35291294,35291294,10.1101/2022.03.06.483172,2022,HPMI,Low expression of EXOSC2 protects against clinical COVID-19 and impedes SARS-CoV-2 replication.,Nevan Krogan,"viral context plus mechanism/resource terms: virus, viral, sars, interaction",sars-cov-2;sars-cov,crispr_screen,candidate,medium
pi-backlog,pmid-35215907,35215907,10.3390/v14020314,2022,SYBIL,Human SUMOylation Pathway Is Critical for Influenza B Virus.,Adolfo Garcia-Sastre,"viral context plus mechanism/resource terms: virus, viral, influenza, pathway, host factor",influenza,,candidate,medium
pi-backlog,pmid-35186917,35186917,10.3389/fcell.2022.768356,2022,SYBIL,Profiling Selective Packaging of Host RNA and Viral RNA Modification in SARS-CoV-2 Viral Preparations.,Adolfo Garcia-Sastre,"viral context plus mechanism/resource terms: viral, sars, transcriptome",sars-cov-2;sars-cov,transcriptomics,candidate,medium
pi-backlog,pmid-35128980,35128980,10.1177/01926233211072767,2022,SYBIL,Modeling SARS-CoV-2: Comparative Pathology in Rhesus Macaque and Golden Syrian Hamster Models.,Adolfo Garcia-Sastre;Michael Schotsaert,explicit cross-virus or shared-host framing in title/abstract,sars-cov-2;sars-cov;coronavirus,network_modeling,high,medium
pi-backlog,pmid-35062015,35062015,10.1038/s41586-022-04441-6,2022,SYBIL,SARS-CoV-2 Omicron virus causes attenuated disease in mice and hamsters.,Adolfo Garcia-Sastre;Michael Schotsaert,"viral context plus mechanism/resource terms: virus, viral, sars, network",sars-cov-2;sars-cov,network_modeling,candidate,medium
pi-backlog,pmid-35036924,35036924,10.1097/CCE.0000000000000615,2022,HPMI,What Is the Effect of Organ Donation Authorization Rates When Utilizing a Standardized Effective Request Process?,Melanie Ott,explicit cross-virus or shared-host framing in title/abstract,,network_modeling,high,low
pi-backlog,pmid-35032865,35032865,10.1016/j.virol.2021.12.010,2022,SYBIL,Rift Valley fever virus Gn V5-epitope tagged virus enables identification of UBR4 as a Gn interacting protein that facilitates Rift Valley fever virus production.,Adolfo Garcia-Sastre,"viral context plus mechanism/resource terms: virus, viral, proteomics",,proteomics,candidate,medium
pi-backlog,pmid-35018374,35018374,10.1101/2022.01.04.474979,2022,HPMI,SIRT5 is a proviral factor that interacts with SARS-CoV-2 Nsp14 protein.,Melanie Ott,"viral context plus mechanism/resource terms: viral, sars, interactome, interaction",sars-cov-2;sars-cov,proteomics,candidate,medium
hpmi,pmid-36075902,36075902,10.1038/s41467-022-32758-3,2022,HPMI,Structure-function analysis of enterovirus protease 2A in complex with its essential host factor SETD3.,,candidate relevance plus virus/pathogen/assay support,enterovirus,structural_biology,candidate,medium
hpmi,pmid-35982664,35982664,10.1101/2022.08.02.502100,2022,HPMI,NF-κB inhibitor alpha has a cross-variant role during SARS-CoV-2 infection in ACE2-overexpressing human airway organoids.,,candidate relevance plus virus/pathogen/assay support,sars-cov-2;sars-cov,transcriptomics,candidate,medium
hpmi,pmid-35877763,35877763,10.1371/journal.ppat.1010721,2022,HPMI,IFN-γ-independent control of M. tuberculosis requires CD4 T cell-derived GM-CSF and activation of HIF-1α.,,candidate relevance plus virus/pathogen/assay support,mycobacterium_tuberculosis,,candidate,medium
hpmi,pmid-35417684,35417684,10.1016/j.celrep.2022.110690,2022,HPMI,Global post-translational modification profiling of HIV-1-infected cells reveals mechanisms of host cellular pathway remodeling.,,candidate relevance plus virus/pathogen/assay support,hiv,proteomics,candidate,low
hpmi,pmid-35337019,35337019,10.3390/v14030611,2022,HPMI,A BioID-Derived Proximity Interactome for SARS-CoV-2 Proteins.,,candidate relevance plus virus/pathogen/assay support,sars-cov-2;sars-cov;coronavirus,protein_interaction_mapping;proteomics,candidate,medium
hpmi,pmid-35150638,35150638,10.1016/j.chom.2022.01.006,2022,HPMI,Mutations in SARS-CoV-2 variants of concern link to increased spike cleavage and virus transmission.,,candidate relevance plus virus/pathogen/assay support,sars-cov-2;sars-cov,,candidate,medium
hpmi,pmid-35017099,35017099,10.1016/j.mcpro.2022.100194,2022,HPMI,Comparative Analysis of T-Cell Spatial Proteomics and the Influence of HIV Expression.,,explicit cross-virus/shared-host signal,influenza;hiv,proteomics,high,medium
hpmi,pmid-35013567,35013567,10.1038/s41576-021-00441-w,2022,HPMI,From systems to structure - using genetic data to model protein structures.,,candidate relevance plus virus/pathogen/assay support,,structural_biology,candidate,low
hpmi,pmid-35012962,35012962,10.26508/lsa.202101200,2022,HPMI,Preclinical and randomized phase I studies of plitidepsin in adults hospitalized with COVID-19.,,candidate relevance plus virus/pathogen/assay support,sars-cov-2;sars-cov,,candidate,medium
hpmi,pmid-34942634,34942634,10.1038/s41586-021-04352-y,2022,HPMI,Evolution of enhanced innate immune evasion by SARS-CoV-2.,,candidate relevance plus virus/pathogen/assay support,sars-cov-2;sars-cov,proteomics,candidate,medium
current-program,pmid-36523403,36523403,10.1101/2022.12.05.519032,2022,,Superiority of intranasal over systemic administration of bioengineered soluble ACE2 for survival and brain protection against SARS-CoV-2 infection.,,candidate relevance plus virus/pathogen/assay support,sars-cov-2;sars-cov,,candidate,medium
current-program,pmid-36463314,36463314,10.1038/s41541-022-00575-w,2022,,BNT162b2 induces robust cross-variant SARS-CoV-2 immunity in children.,,candidate relevance plus virus/pathogen/assay support,sars-cov-2;sars-cov,,candidate,medium
current-program,pmid-36423141,36423141,10.3390/v14112532,2022,,Challenges and Opportunities for Global Genomic Surveillance Strategies in the COVID-19 Era.,,candidate relevance plus virus/pathogen/assay support,sars-cov-2;sars-cov,,candidate,medium
current-program,pmid-36203557,36203557,10.1101/2022.09.25.22280335,2022,,Impact of cross-coronavirus immunity in post-acute sequelae of COVID-19.,,candidate relevance plus virus/pathogen/assay support,sars-cov-2;sars-cov,,candidate,medium
current-program,pmid-36060555,36060555,10.1080/01621459.2020.1799812,2022,,Inferring Phenotypic Trait Evolution on Large Trees With Many Incomplete Measurements.,,explicit cross-virus/shared-host signal,hiv,,high,low
current-program,pmid-36000735,36000735,10.1128/mbio.01647-22,2022,,Hybrid Immunity Shifts the Fc-Effector Quality of SARS-CoV-2 mRNA Vaccine-Induced Immunity.,,candidate relevance plus virus/pathogen/assay support,sars-cov-2;sars-cov,,candidate,medium
current-program,pmid-35973352,35973352,10.1016/j.coi.2022.102234,2022,,The next frontier in vaccine design: blending immune correlates of protection into rational vaccine design.,,candidate relevance plus virus/pathogen/assay support,sars-cov-2;sars-cov,,candidate,medium
current-program,pmid-35952712,35952712,10.1038/s41586-022-05200-3,2022,,Context-specific emergence and growth of the SARS-CoV-2 Delta variant.,,candidate relevance plus virus/pathogen/assay support,sars-cov-2;sars-cov,,candidate,medium
current-program,pmid-35923313,35923313,10.1101/2022.07.22.501163,2022,SYBIL,Waning and boosting of functional humoral immunity to SARS-CoV-2.,Ryan McNamara;Rafael Medina,candidate relevance plus virus/pathogen/assay support,sars-cov-2;sars-cov,,candidate,medium
current-program,pmid-35899968,35899968,10.1111/tid.13914,2022,,De novo emergence of SARS-CoV-2 spike mutations in immunosuppressed patients.,,candidate relevance plus virus/pathogen/assay support,sars-cov-2;sars-cov,,candidate,medium
current-program,pmid-35881005,35881005,10.1126/science.abp8337,2022,CViSB,The molecular epidemiology of multiple zoonotic origins of SARS-CoV-2.,Robert Garry;Kristian Andersen,candidate relevance plus virus/pathogen/assay support,sars-cov-2;sars-cov,,candidate,medium
current-program,pmid-35798029,35798029,10.1038/s41586-022-05049-6,2022,CViSB,Wastewater sequencing reveals early cryptic SARS-CoV-2 variant transmission.,Melissa Johnson;Elaine Reed;Kristian Andersen,candidate relevance plus virus/pathogen/assay support,sars-cov-2;sars-cov,,candidate,medium
current-program,pmid-35794893,35794893,10.21203/rs.3.rs-1723829/v1,2022,CViSB,Outbreak.info genomic reports: scalable and dynamic surveillance of SARS-CoV-2 variants and mutations.,Kristian Andersen,candidate relevance plus virus/pathogen/assay support,sars-cov-2;sars-cov,,candidate,medium
current-program,pmid-35771664,35771664,10.1093/infdis/jiac265,2022,CViSB,Introduction and Establishment of SARS-CoV-2 Gamma Variant in New York City in Early 2021.,Kristian Andersen,candidate relevance plus virus/pathogen/assay support,sars-cov-2;sars-cov,,candidate,medium
current-program,pmid-35767652,35767652,10.1126/scitranslmed.abm3151,2022,,Antibody Fc characteristics and effector functions correlate with protection from symptomatic dengue virus type 3 infection.,,candidate relevance plus virus/pathogen/assay support,dengue,,candidate,medium
current-program,pmid-35538057,35538057,10.1038/s41467-022-29614-9,2022,,Archival influenza virus genomes from Europe reveal genomic variability during the 1918 pandemic.,,candidate relevance plus virus/pathogen/assay support,influenza;hiv,,candidate,medium
current-program,pmid-35411350,35411350,10.1101/2021.12.21.21268143,2022,CViSB,"Wastewater sequencing uncovers early, cryptic SARS-CoV-2 variant transmission.",Melissa Johnson;Elaine Reed;Kristian Andersen,candidate relevance plus virus/pathogen/assay support,sars-cov-2;sars-cov,,candidate,medium
current-program,pmid-35411346,35411346,10.21203/rs.3.rs-1479315/v1,2022,,An immunoPET probe to SARS-CoV-2 reveals early infection of the male genital tract in rhesus macaques.,,candidate relevance plus virus/pathogen/assay support,sars-cov-2;sars-cov;influenza,,candidate,medium
current-program,pmid-35396471,35396471,10.1038/s41592-022-01444-z,2022,,Unlocking capacities of genomics for the COVID-19 response and future pandemics.,,candidate relevance plus virus/pathogen/assay support,sars-cov-2;sars-cov,,candidate,medium
current-program,pmid-35361968,35361968,10.1038/s41586-022-04690-5,2022,SYBIL,Defining the risk of SARS-CoV-2 variants on immune protection.,Melissa Johnson;Michael Schotsaert,candidate relevance plus virus/pathogen/assay support,sars-cov-2;sars-cov,,candidate,medium
current-program,pmid-35357886,35357886,10.1126/sciimmunol.abo0226,2022,,A modified vaccinia Ankara vaccine expressing spike and nucleocapsid protects rhesus macaques against SARS-CoV-2 Delta infection.,,candidate relevance plus virus/pathogen/assay support,sars-cov-2;sars-cov,,candidate,medium
current-program,pmid-35348368,35348368,10.1126/scitranslmed.abm2311,2022,,mRNA-1273 and BNT162b2 COVID-19 vaccines elicit antibodies with differences in Fc-mediated effector functions.,,candidate relevance plus virus/pathogen/assay support,sars-cov-2;sars-cov,,candidate,medium
current-program,pmid-35325204,35325204,10.1093/molbev/msac061,2022,,Selection Analysis Identifies Clusters of Unusual Mutational Changes in Omicron Lineage BA.1 That Likely Impact Spike Function.,,candidate relevance plus virus/pathogen/assay support,sars-cov-2;sars-cov,,candidate,medium
current-program,pmid-35289637,35289637,10.1126/scitranslmed.abn9243,2022,SYBIL,Omicron variant Spike-specific antibody binding and Fc activity are preserved in recipients of mRNA or inactivated COVID-19 vaccines.,Rafael Medina,candidate relevance plus virus/pathogen/assay support,sars-cov-2;sars-cov,,candidate,medium
current-program,pmid-35262081,35262081,10.1101/2022.02.25.481974,2022,,An immunoPET probe to SARS-CoV-2 reveals early infection of the male genital tract in rhesus macaques.,,candidate relevance plus virus/pathogen/assay support,sars-cov-2;sars-cov;influenza,,candidate,medium
current-program,pmid-35245365,35245365,10.1093/cid/ciac156,2022,,Altered Maternal Antibody Profiles in Women With Human Immunodeficiency Virus Drive Changes in Transplacental Antibody Transfer.,,candidate relevance plus virus/pathogen/assay support,influenza;hiv;ebv,,candidate,medium
current-program,pmid-35198645,35198645,10.1093/ofid/ofac027,2022,,Assessment of Virological Contributions to COVID-19 Outcomes in a Longitudinal Cohort of Hospitalized Adults.,,candidate relevance plus virus/pathogen/assay support,sars-cov-2;sars-cov,,candidate,medium
current-program,pmid-35115515,35115515,10.1038/s41467-022-28317-5,2022,,Multiple expansions of globally uncommon SARS-CoV-2 lineages in Nigeria.,,candidate relevance plus virus/pathogen/assay support,sars-cov-2;sars-cov,,candidate,medium
current-program,pmid-35073738,35073738,10.1128/mbio.02141-21,2022,,Serological Markers of SARS-CoV-2 Reinfection.,,candidate relevance plus virus/pathogen/assay support,sars-cov-2;sars-cov,,candidate,medium
current-program,pmid-35018376,35018376,10.1101/2021.10.07.463592,2022,UCLA-Persistent-BSI,Comprehensive antibody profiling of mRNA vaccination in children.,Melissa Johnson,candidate relevance plus virus/pathogen/assay support,sars-cov-2;influenza,,candidate,medium
current-program,pmid-34986351,34986351,10.1016/j.celrep.2021.110172,2022,CViSB,Ebola virus delta peptide is an enterotoxin.,Robert Garry,candidate relevance plus virus/pathogen/assay support,influenza,transcriptomics,candidate,medium
current-program,pmid-34937051,34937051,10.1038/s41586-021-04345-x,2022,SCRIPT,Local and systemic responses to SARS-CoV-2 infection in children and adults.,Richard Wunderink,candidate relevance plus virus/pathogen/assay support,sars-cov-2;sars-cov,,candidate,medium
current-program,pmid-34841975,34841975,10.1177/09622802211060518,2022,,Combining cox regressions across a heterogeneous distributed research network facing small and zero counts.,,explicit cross-virus/shared-host signal,,,high,low
current-program,pmid-34731594,34731594,10.1165/rcmb.2021-0292OC,2022,,Age-related Differences in the Nasal Mucosal Immune Response to SARS-CoV-2.,,candidate relevance plus virus/pathogen/assay support,sars-cov-2;sars-cov;influenza;rsv,,candidate,medium
pi-backlog,pmid-34981044,34981044,10.21203/rs.3.rs-1211792/v1,2021,SYBIL,The SARS-CoV-2 B.1.1.529 Omicron virus causes attenuated infection and disease in mice and hamsters.,Adolfo Garcia-Sastre;Michael Schotsaert,"viral context plus mechanism/resource terms: virus, viral, sars, network",sars-cov-2;sars-cov,network_modeling,candidate,medium
pi-backlog,pmid-34785885,34785885,10.2147/OPTH.S338894,2021,SYBIL,Surgical Management of Unilateral Partial Limbal Stem Cell Deficiency: Conjunctival Autografts versus Simple Limbal Epithelial Transplantation.,Sumit Chanda,explicit cross-virus or shared-host framing in title/abstract,,,high,low
pi-backlog,pmid-34697065,34697065,10.21873/cgp.20293,2021,CViSB,Fusion of the Paired Box 3 (PAX3) and Myocardin (MYOCD) Genes in Pediatric Rhabdomyosarcoma.,Kristian Andersen,explicit cross-virus or shared-host framing in title/abstract,influenza,,high,low
pi-backlog,pmid-34512601,34512601,10.3389/fmicb.2021.722952,2021,SYBIL,African Swine Fever Virus Induces STAT1 and STAT2 Degradation to Counteract IFN-I Signaling.,Adolfo Garcia-Sastre,"viral context plus mechanism/resource terms: virus, viral, pathway",,,candidate,medium
pi-backlog,pmid-34443354,34443354,10.3390/molecules26164762,2021,CViSB,Comparative Study of Natural Terpenoid Precursors in Reactive Plasmas for Thin Film Deposition.,Donald S Grant,explicit cross-virus or shared-host framing in title/abstract,influenza,,high,low
pi-backlog,pmid-34426811,34426811,10.1101/2021.08.15.456341,2021,SYBIL,Infection and transmission of ancestral SARS-CoV-2 and its alpha variant in pregnant white-tailed deer.,Adolfo Garcia-Sastre,"viral context plus mechanism/resource terms: virus, viral, coronavirus, sars, interaction",sars-cov-2;sars-cov;mers-cov;coronavirus,network_modeling,candidate,medium
pi-backlog,pmid-34292969,34292969,10.1371/journal.pone.0253594,2021,SYBIL,Ending the HIV epidemic using National HIV Behavioral Surveillance (NHBS): Recommendations based on DC model.,Rafael Medina,"viral context plus mechanism/resource terms: hiv, network",hiv,network_modeling,unknown,low
pi-backlog,pmid-34225493,34225493,10.1128/mBio.00972-21,2021,SYBIL,Expression of the Ebola Virus VP24 Protein Compromises the Integrity of the Nuclear Envelope and Induces a Laminopathy-Like Cellular Phenotype.,Adolfo Garcia-Sastre,"viral context plus mechanism/resource terms: virus, interactome, interaction",,proteomics,candidate,medium
pi-backlog,pmid-34183386,34183386,10.21873/cgp.20278,2021,CViSB,Several Fusion Genes Identified in a Spermatic Cord Leiomyoma With Rearrangements of Chromosome Arms 3p and 21q.,Kristian Andersen,explicit cross-virus or shared-host framing in title/abstract,,,high,low
pi-backlog,pmid-34129317,34129317,10.1021/acsinfecdis.1c00017,2021,HPMI,Screening a Library of FDA-Approved and Bioactive Compounds for Antiviral Activity against SARS-CoV-2.,Melanie Ott,explicit cross-virus or shared-host framing in title/abstract,sars-cov-2;sars-cov;coronavirus,,high,medium
pi-backlog,pmid-33918000,33918000,10.3390/antibiotics10040404,2021,UCLA-Persistent-BSI,Mechanistic Fingerprinting Reveals Kinetic Signatures of Resistance to Daptomycin and Host Defense Peptides in Streptococcus mitis-oralis.,Michael Yeaman,explicit cross-virus or shared-host framing in title/abstract,,,high,medium
pi-backlog,pmid-33730579,33730579,10.1016/j.celrep.2021.108859,2021,HPMI,A genome-wide CRISPR screen identifies UFMylation and TRAMP-like complexes as host factors required for hepatitis A virus infection.,Melanie Ott,"viral context plus mechanism/resource terms: virus, viral, screen",,crispr_screen,candidate,medium
pi-backlog,pmid-33676971,33676971,10.1053/j.gastro.2021.02.056,2021,SYBIL,Intestinal Host Response to SARS-CoV-2 Infection and COVID-19 Outcomes in Patients With Gastrointestinal Symptoms.,Adolfo Garcia-Sastre,"viral context plus mechanism/resource terms: viral, sars, host response",sars-cov-2;sars-cov;influenza,,candidate,medium
pi-backlog,pmid-33510473,33510473,10.1038/s41564-020-00850-3,2021,SYBIL,Zika virus NS3 protease induces bone morphogenetic protein-dependent brain calcification in human fetuses.,Adolfo Garcia-Sastre,"viral context plus mechanism/resource terms: virus, zika, pathway",zika,,candidate,medium
pi-backlog,pmid-33417126,33417126,10.1007/s11517-020-02306-6,2021,SYBIL,Biomechanical design prognosis of two extramedullary fixation devices for subtrochanteric femur fracture: a finite element study.,Sumit Chanda,explicit cross-virus or shared-host framing in title/abstract,,network_modeling,high,medium
pi-backlog,pmid-33125654,33125654,10.1007/978-1-0716-0892-0_14,2021,HPMI,Protein Structure Modeling with MODELLER.,Andrej Sali,explicit cross-virus or shared-host framing in title/abstract,,network_modeling,high,low
pi-backlog,pmid-32661015,32661015,10.1101/cshperspect.a038414,2021,SYBIL,Induction and Evasion of Type-I Interferon Responses during Influenza A Virus Infection.,Adolfo Garcia-Sastre,"viral context plus mechanism/resource terms: virus, viral, influenza, pathway",influenza,,candidate,medium
pi-backlog,pmid-32553580,32553580,10.1016/j.semcdb.2020.05.018,2021,HPMI,An 'Arms Race' between the Nonsense-mediated mRNA Decay Pathway and Viral Infections.,Melanie Ott,"viral context plus mechanism/resource terms: viral, pathway",,,candidate,medium
hpmi,pmid-34556855,34556855,10.1038/s41564-021-00964-2,2021,HPMI,Restriction factor compendium for influenza A virus reveals a mechanism for evasion of autophagy.,,candidate relevance plus virus/pathogen/assay support,influenza,proteomics;transcriptomics,candidate,medium
hpmi,pmid-34519533,34519533,10.1128/mSystems.00388-21,2021,HPMI,Target Discovery for Host-Directed Antiviral Therapies: Application of Proteomics Approaches.,,candidate relevance plus virus/pathogen/assay support,sars-cov-2;coronavirus;influenza,proteomics,candidate,medium
hpmi,pmid-34389466,34389466,10.1016/j.mcpro.2021.100132,2021,HPMI,Characterization of an A3G-Vif(HIV-1)-CRL5-CBFβ Structure Using a Cross-linking Mass Spectrometry Pipeline for Integrative Modeling of Host-Pathogen Complexes.,,candidate relevance plus virus/pathogen/assay support,hiv,proteomics;structural_biology,candidate,medium
hpmi,pmid-34225486,34225486,10.1128/mBio.01871-20,2021,HPMI,Galectin-8 Senses Phagosomal Damage and Recruits Selective Autophagy Adapter TAX1BP1 To Control Mycobacterium tuberculosis Infection in Macrophages.,,candidate relevance plus virus/pathogen/assay support,mycobacterium_tuberculosis,genome_editing,candidate,medium
hpmi,pmid-34171302,34171302,10.1016/j.cub.2021.05.067,2021,HPMI,"An ancient viral epidemic involving host coronavirus interacting genes more than 20,000 years ago in East Asia.",,candidate relevance plus virus/pathogen/assay support,sars-cov-2;sars-cov;coronavirus,,candidate,medium
hpmi,pmid-34127972,34127972,10.1101/2021.06.06.446826,2021,HPMI,Evolution of enhanced innate immune evasion by the SARS-CoV-2 B.1.1.7 UK variant.,,candidate relevance plus virus/pathogen/assay support,sars-cov-2;sars-cov,proteomics,candidate,medium
hpmi,pmid-34031651,34031651,10.21203/rs.3.rs-515215/v1,2021,HPMI,"CryoEM and AI reveal a structure of SARS-CoV-2 Nsp2, a multifunctional protein involved in key host processes.",,candidate relevance plus virus/pathogen/assay support,sars-cov-2;sars-cov;coronavirus,proteomics;structural_biology,candidate,medium
hpmi,pmid-34013269,34013269,10.1101/2021.05.10.443524,2021,HPMI,"CryoEM and AI reveal a structure of SARS-CoV-2 Nsp2, a multifunctional protein involved in key host processes.",,candidate relevance plus virus/pathogen/assay support,sars-cov-2;sars-cov;coronavirus,proteomics;structural_biology,candidate,medium
hpmi,pmid-33979618,33979618,10.1016/j.celrep.2021.109105,2021,HPMI,Efficient generation of isogenic primary human myeloid cells using CRISPR-Cas9 ribonucleoproteins.,,candidate relevance plus virus/pathogen/assay support,hiv,genome_editing,candidate,medium
hpmi,pmid-33930332,33930332,10.1016/j.molcel.2021.04.008,2021,HPMI,Functional landscape of SARS-CoV-2 cellular restriction.,,candidate relevance plus virus/pathogen/assay support,sars-cov-2;sars-cov;coronavirus,,candidate,medium
hpmi,pmid-33501437,33501437,10.1101/2021.01.24.427991,2021,HPMI,Host-directed therapies against early-lineage SARS-CoV-2 retain efficacy against B.1.1.7 variant.,,candidate relevance plus virus/pathogen/assay support,sars-cov-2;sars-cov;coronavirus,,candidate,medium
hpmi,pmid-33495306,33495306,10.1126/science.abf4058,2021,HPMI,Plitidepsin has potent preclinical efficacy against SARS-CoV-2 by targeting the host protein eEF1A.,,candidate relevance plus virus/pathogen/assay support,sars-cov-2;sars-cov;coronavirus,,candidate,medium
hpmi,pmid-33464917,33464917,10.1021/acs.jproteome.0c00764,2021,HPMI,Proteomic Approaches to Study SARS-CoV-2 Biology and COVID-19 Pathology.,,candidate relevance plus virus/pathogen/assay support,sars-cov-2;sars-cov;coronavirus,protein_interaction_mapping;proteomics;structural_biology,candidate,medium
hpmi,pmid-33434350,33434350,10.15252/msb.20188792,2021,HPMI,Mass spectrometry-based protein-protein interaction networks for the study of human diseases.,,candidate relevance plus virus/pathogen/assay support,,protein_interaction_mapping;proteomics,candidate,low
hpmi,pmid-33333024,33333024,10.1016/j.cell.2020.12.004,2021,HPMI,Genetic Screens Identify Host Factors for SARS-CoV-2 and Common Cold Coronaviruses.,,candidate relevance plus virus/pathogen/assay support,sars-cov-2;sars-cov;coronavirus,crispr_screen,candidate,medium
hpmi,pmid-33328654,33328654,10.1038/s41589-020-00700-7,2021,HPMI,Controlling and enhancing CRISPR systems.,,candidate relevance plus virus/pathogen/assay support,,genome_editing,candidate,low
hpmi,pmid-33082574,33082574,10.1038/s41589-020-00679-1,2021,HPMI,Bi-paratopic and multivalent VH domains block ACE2 binding and neutralize SARS-CoV-2.,,candidate relevance plus virus/pathogen/assay support,sars-cov-2;sars-cov,structural_biology,candidate,medium
current-program,pmid-34981072,34981072,10.1101/2021.12.24.21268378,2021,SYBIL,Preserved Omicron Spike specific antibody binding and Fc-recognition across COVID-19 vaccine platforms.,Rafael Medina,candidate relevance plus virus/pathogen/assay support,sars-cov-2,,candidate,medium
current-program,pmid-34981069,34981069,10.1101/2021.12.14.21267606,2021,,Context-specific emergence and growth of the SARS-CoV-2 Delta variant.,,candidate relevance plus virus/pathogen/assay support,sars-cov-2;sars-cov,,candidate,medium
current-program,pmid-34981043,34981043,10.21203/rs.3.rs-1159614/v1,2021,,Context-specific emergence and growth of the SARS-CoV-2 Delta variant.,,candidate relevance plus virus/pathogen/assay support,sars-cov-2;sars-cov,,candidate,medium
current-program,pmid-34835041,34835041,10.3390/v13112235,2021,,Epidemiological and Immunological Features of Obesity and SARS-CoV-2.,,candidate relevance plus virus/pathogen/assay support,sars-cov-2;sars-cov;influenza,,candidate,medium
current-program,pmid-34812429,34812429,10.1016/j.medj.2021.11.004,2021,,Reduced antibody activity against SARS-CoV-2 B.1.617.2 delta virus in serum of mRNA-vaccinated individuals receiving tumor necrosis factor-α inhibitors.,,candidate relevance plus virus/pathogen/assay support,sars-cov-2;sars-cov;influenza,,candidate,medium
current-program,pmid-34729568,34729568,10.1101/2021.10.23.21265402,2021,,Severity of Illness Caused by Severe Acute Respiratory Syndrome Coronavirus 2 Variants of Concern in Children: A Single-Center Retrospective Cohort Study.,,candidate relevance plus virus/pathogen/assay support,sars-cov-2;sars-cov,,candidate,medium
current-program,pmid-34664987,34664987,10.1126/scitranslmed.abi7428,2021,,Maternal SARS-CoV-2 infection elicits sexually dimorphic placental immune responses.,,candidate relevance plus virus/pathogen/assay support,sars-cov-2;sars-cov,,candidate,medium
current-program,pmid-34652962,34652962,10.1126/sciimmunol.abj2901,2021,,Early cross-coronavirus reactive signatures of humoral immunity against COVID-19.,,candidate relevance plus virus/pathogen/assay support,sars-cov-2;sars-cov,,candidate,medium
current-program,pmid-34578352,34578352,10.3390/v13091771,2021,CViSB,Zika Virus Non-Structural Protein 1 Antigen-Capture Immunoassay.,Kristian Andersen;Robert Garry,candidate relevance plus virus/pathogen/assay support,dengue;zika,,candidate,medium
current-program,pmid-34494026,34494026,10.1101/2021.08.31.458247,2021,,Subtle immunological differences in mRNA-1273 and BNT162b2 COVID-19 vaccine induced Fc-functional profiles.,,candidate relevance plus virus/pathogen/assay support,sars-cov-2;sars-cov,,candidate,medium
current-program,pmid-34416262,34416262,10.1016/j.jpeds.2021.08.017,2021,,Screening Students and Staff for Asymptomatic Coronavirus Disease 2019 in Chicago Schools.,,candidate relevance plus virus/pathogen/assay support,sars-cov-2;sars-cov,,candidate,medium
current-program,pmid-34304580,34304580,10.1161/HYPERTENSIONAHA.120.16667,2021,,Comparative First-Line Effectiveness and Safety of ACE (Angiotensin-Converting Enzyme) Inhibitors and Angiotensin Receptor Blockers: A Multinational Cohort Study.,,explicit cross-virus/shared-host signal,,,high,low
current-program,pmid-34201591,34201591,10.3390/v13071202,2021,CViSB,Successful Clearance of 300 Day SARS-CoV-2 Infection in a Subject with B-Cell Depletion Associated Prolonged (B-DEAP) COVID by REGEN-COV Anti-Spike Monoclonal Antibody Cocktail.,Kristian Andersen;Robert Garry,candidate relevance plus virus/pathogen/assay support,sars-cov-2;sars-cov,,candidate,medium
current-program,pmid-34192736,34192736,10.1038/s41586-021-03754-2,2021,,Untangling introductions and persistence in COVID-19 resurgence in Europe.,,candidate relevance plus virus/pathogen/assay support,sars-cov-2;sars-cov,,candidate,medium
current-program,pmid-34031078,34031078,10.1136/bcr-2020-241327,2021,SCRIPT,First report of Pseudomonas nitroreducens cultured from the lungs of a patient with pneumonia.,Richard Wunderink;Alan Hauser,candidate relevance plus virus/pathogen/assay support,influenza;pseudomonas_aeruginosa,proteomics,candidate,medium
current-program,pmid-34013263,34013263,10.1101/2021.05.11.443609,2021,,Early cross-coronavirus reactive signatures of protective humoral immunity against COVID-19.,,candidate relevance plus virus/pathogen/assay support,sars-cov-2;sars-cov,,candidate,medium
current-program,pmid-33929301,33929301,10.1164/rccm.202102-0498ST,2021,SCRIPT,Nucleic Acid-based Testing for Noninfluenza Viral Pathogens in Adults with Suspected Community-acquired Pneumonia. An Official American Thoracic Society Clinical Practice Guideline.,Richard Wunderink,candidate relevance plus virus/pathogen/assay support,sars-cov-2;sars-cov;influenza,,candidate,medium
current-program,pmid-33905777,33905777,10.1016/j.humpath.2021.04.010,2021,SCRIPT,Comprehensive evaluation of bronchoalveolar lavage from patients with severe COVID-19 and correlation with clinical outcomes.,Richard Wunderink,candidate relevance plus virus/pathogen/assay support,sars-cov-2;sars-cov;influenza,,candidate,medium
current-program,pmid-33880483,33880483,10.1101/2021.04.09.21255206,2021,,Coincident rapid expansion of two SARS-CoV-2 lineages with enhanced infectivity in Nigeria.,,candidate relevance plus virus/pathogen/assay support,sars-cov-2;sars-cov,,candidate,medium
current-program,pmid-33875439,33875439,10.1128/AAC.00417-21,2021,SCRIPT,Characterizing Risk Factors for Clostridioides difficile Infection among Hospitalized Patients with Community-Acquired Pneumonia.,Richard Wunderink,explicit cross-virus/shared-host signal,clostridioides_difficile,,high,medium
current-program,pmid-33852858,33852858,10.1016/j.celrep.2021.108986,2021,CViSB,Cellular mRNA triggers structural transformation of Ebola virus matrix protein VP40 to its essential regulatory form.,Kristian Andersen,candidate relevance plus virus/pathogen/assay support,,proteomics,candidate,medium
current-program,pmid-33780443,33780443,10.1371/journal.pcbi.1008837,2021,,Pandemic velocity: Forecasting COVID-19 in the US with a machine learning & Bayesian time series compartmental model.,,candidate relevance plus virus/pathogen/assay support,sars-cov-2,clinical_modeling,candidate,medium
current-program,pmid-33654293,33654293,10.1038/s41591-020-01227-z,2021,,Single-cell meta-analysis of SARS-CoV-2 entry genes across tissues and demographics.,,candidate relevance plus virus/pathogen/assay support,sars-cov-2;sars-cov,transcriptomics,candidate,medium
current-program,pmid-33600379,33600379,10.1172/jci.insight.141690,2021,,Aging imparts cell-autonomous dysfunction to regulatory T cells during recovery from influenza pneumonia.,,candidate relevance plus virus/pathogen/assay support,sars-cov-2;sars-cov;influenza,epigenomics,candidate,medium
current-program,pmid-33594355,33594355,10.21203/rs.3.rs-208849/v1,2021,,SARS-CoV-2 European resurgence foretold: interplay of introductions and persistence by leveraging genomic and mobility data.,,candidate relevance plus virus/pathogen/assay support,sars-cov-2;sars-cov,,candidate,medium
current-program,pmid-33586677,33586677,10.1172/JCI140299,2021,,The lung microenvironment shapes a dysfunctional response of alveolar macrophages in aging.,,candidate relevance plus virus/pathogen/assay support,influenza,transcriptomics,candidate,medium
current-program,pmid-33564763,33564763,10.1101/2021.02.05.429759,2021,,Collaboration between the Fab and Fc contribute to maximal protection against SARS-CoV-2 in nonhuman primates following NVX-CoV2373 subunit vaccine with Matrix-M™ vaccination.,,candidate relevance plus virus/pathogen/assay support,sars-cov-2;sars-cov,,candidate,medium
current-program,pmid-33532801,33532801,10.1101/2021.01.26.21250269,2021,,Immune response to SARS-CoV-2 in the nasal mucosa in children and adults.,,candidate relevance plus virus/pathogen/assay support,sars-cov-2;sars-cov;influenza;rsv,,candidate,medium
current-program,pmid-33455849,33455849,10.1016/j.tim.2020.12.002,2021,SCRIPT,Forest and Trees: Exploring Bacterial Virulence with Genome-wide Association Studies and Machine Learning.,Alan Hauser,explicit cross-virus/shared-host signal,,,high,low
current-program,pmid-33429418,33429418,10.1038/s41586-020-03148-w,2021,CViSB,Circuits between infected macrophages and T cells in SARS-CoV-2 pneumonia.,Donald S Grant;Richard Wunderink,candidate relevance plus virus/pathogen/assay support,sars-cov-2;sars-cov;influenza,transcriptomics,candidate,medium
current-program,pmid-33427208,33427208,10.1172/jci.insight.143129,2021,UCLA-Persistent-BSI,Dissecting strategies to tune the therapeutic potential of SARS-CoV-2-specific monoclonal antibody CR3022.,Melissa Johnson,candidate relevance plus virus/pathogen/assay support,sars-cov-2;sars-cov,,candidate,medium
pi-backlog,pmid-33305155,33305155,10.1002/hep4.1597,2020,HPMI,MicroRNA-125b-5p Regulates Hepatocyte Proliferation During the Termination Phase of Liver Regeneration.,Melanie Ott,"viral context plus mechanism/resource terms: virus, pathway",,,candidate,medium
pi-backlog,pmid-33052331,33052331,10.21203/rs.3.rs-86169/v1,2020,SYBIL,Clofazimine is a broad-spectrum coronavirus inhibitor that antagonizes SARS-CoV-2 replication in primary human cell culture and hamsters.,Sumit Chanda,explicit cross-virus or shared-host framing in title/abstract,sars-cov-2;sars-cov;mers-cov;coronavirus,,high,medium
pi-backlog,pmid-32839770,32839770,10.1101/2020.08.18.256776,2020,HPMI,SARS-CoV-2 ORF9c Is a Membrane-Associated Protein that Suppresses Antiviral Responses in Cells.,Nevan Krogan,"viral context plus mechanism/resource terms: viral, coronavirus, sars, interactome",sars-cov-2;sars-cov;coronavirus,proteomics;transcriptomics,candidate,medium
pi-backlog,pmid-32822681,32822681,10.1016/j.jbiotec.2020.08.009,2020,SYBIL,A novel SUMOylation site in the influenza a virus NS1 protein identified with a highly sensitive FRET assay.,Adolfo Garcia-Sastre,"viral context plus mechanism/resource terms: virus, viral, influenza, interaction",influenza,,candidate,medium
pi-backlog,pmid-32817938,32817938,10.1101/2020.08.08.238469,2020,SYBIL;HPMI,An ultra-potent synthetic nanobody neutralizes SARS-CoV-2 by locking Spike into an inactive conformation.,Adolfo Garcia-Sastre;Melanie Ott,"viral context plus mechanism/resource terms: viral, sars, interaction",sars-cov-2;sars-cov,,candidate,medium
pi-backlog,pmid-32522852,32522852,10.1128/JVI.00752-20,2020,SYBIL,A Genome-Wide CRISPR-Cas9 Screen Reveals the Requirement of Host Cell Sulfation for Schmallenberg Virus Infection.,Adolfo Garcia-Sastre,"viral context plus mechanism/resource terms: virus, viral, dependency, screen",,crispr_screen,candidate,medium
pi-backlog,pmid-32415096,32415096,10.1038/s41467-020-16140-9,2020,SYBIL,mRNA display with library of even-distribution reveals cellular interactors of influenza virus NS1.,Sumit Chanda,"viral context plus mechanism/resource terms: virus, influenza, interaction",influenza,,candidate,medium
pi-backlog,pmid-32345665,32345665,10.21873/cgp.20184,2020,CViSB,NDRG1-PLAG1 and TRPS1-PLAG1 Fusion Genes in Chondroid Syringoma.,Kristian Andersen,explicit cross-virus or shared-host framing in title/abstract,influenza,,high,low
pi-backlog,pmid-32287326,32287326,10.1371/journal.ppat.1008409,2020,SYBIL,Characterizing Emerging Canine H3 Influenza Viruses.,Adolfo Garcia-Sastre,"viral context plus mechanism/resource terms: influenza, network",influenza,network_modeling,unknown,low
pi-backlog,pmid-32240278,32240278,10.1371/journal.ppat.1008407,2020,SYBIL,Chemical intervention of influenza virus mRNA nuclear export.,Adolfo Garcia-Sastre,"viral context plus mechanism/resource terms: virus, viral, influenza, pathway, screen",influenza,,candidate,medium
pi-backlog,pmid-32092305,32092305,10.1016/j.antiviral.2020.104747,2020,SYBIL,Influenza virus NS1- C/EBPβ gene regulatory complex inhibits RIG-I transcription.,Adolfo Garcia-Sastre,"viral context plus mechanism/resource terms: virus, influenza, interaction",influenza,,candidate,medium
pi-backlog,pmid-32023470,32023470,10.1016/j.celrep.2020.01.015,2020,SYBIL,OTUB1 Is a Key Regulator of RIG-I-Dependent Immune Signaling and Is Targeted for Proteasomal Degradation by Influenza A NS1.,Adolfo Garcia-Sastre,"viral context plus mechanism/resource terms: virus, viral, influenza, pathway",influenza,,candidate,medium
pi-backlog,pmid-31959425,31959425,10.1016/j.vaccine.2020.01.008,2020,SYBIL,Activity of human serum antibodies in an influenza virus hemagglutinin stalk-based ADCC reporter assay correlates with activity in a CD107a degranulation assay.,Adolfo Garcia-Sastre,"viral context plus mechanism/resource terms: virus, influenza, interaction",influenza,,candidate,medium
pi-backlog,pmid-31776276,31776276,10.1128/JVI.01410-19,2020,SYBIL,Viral Determinants in H5N1 Influenza A Virus Enable Productive Infection of HeLa Cells.,Adolfo Garcia-Sastre,"viral context plus mechanism/resource terms: virus, viral, influenza, host factor",influenza,,candidate,medium
pi-backlog,pmid-31774362,31774362,10.1177/0954411919890998,2020,SYBIL,A comparative assessment of two designs of hip stem using rule-based simulation of combined osseointegration and remodelling.,Sumit Chanda,explicit cross-virus or shared-host framing in title/abstract,,,high,low
hpmi,pmid-33303586,33303586,10.1126/science.aaz4910,2020,HPMI,Genetic interaction mapping informs integrative structure determination of protein complexes.,,candidate relevance plus virus/pathogen/assay support,,structural_biology,candidate,low
hpmi,pmid-33154106,33154106,10.1126/science.abe3255,2020,HPMI,An ultrapotent synthetic nanobody neutralizes SARS-CoV-2 by stabilizing inactive Spike.,,candidate relevance plus virus/pathogen/assay support,sars-cov-2;sars-cov;coronavirus,structural_biology,candidate,medium
hpmi,pmid-33097660,33097660,10.1073/pnas.2016650117,2020,HPMI,SARS-CoV-2 Orf6 hijacks Nup98 to block STAT nuclear import and antagonize interferon signaling.,,candidate relevance plus virus/pathogen/assay support,sars-cov-2;sars-cov;coronavirus,transcriptomics,candidate,medium
hpmi,pmid-33060197,33060197,10.1126/science.abe9403,2020,HPMI,Comparative host-coronavirus protein interaction networks reveal pan-viral disease mechanisms.,,explicit cross-virus/shared-host signal,sars-cov-2;sars-cov;coronavirus,protein_interaction_mapping;structural_biology,high,medium
hpmi,pmid-32995787,32995787,10.1101/2020.09.24.312298,2020,HPMI,Functional genomic screens identify human host factors for SARS-CoV-2 and common cold coronaviruses.,,candidate relevance plus virus/pathogen/assay support,sars-cov-2;sars-cov;coronavirus,crispr_screen,candidate,medium
hpmi,pmid-32785687,32785687,10.1083/jcb.202006159,2020,HPMI,Crippling life support for SARS-CoV-2 and other viruses through synthetic lethality.,,candidate relevance plus virus/pathogen/assay support,sars-cov-2;sars-cov,,candidate,medium
hpmi,pmid-32763915,32763915,10.1126/science.abd3629,2020,HPMI,A molecular pore spans the double membrane of the coronavirus replication organelle.,,candidate relevance plus virus/pathogen/assay support,coronavirus,structural_biology,candidate,medium
hpmi,pmid-32719457,32719457,10.1038/s41594-020-0463-z,2020,HPMI,Structural basis of CD4 downregulation by HIV-1 Nef.,,candidate relevance plus virus/pathogen/assay support,hiv,structural_biology,candidate,medium
hpmi,pmid-32645325,32645325,10.1016/j.cell.2020.06.034,2020,HPMI,The Global Phosphorylation Landscape of SARS-CoV-2 Infection.,,candidate relevance plus virus/pathogen/assay support,sars-cov-2;sars-cov;coronavirus,proteomics,candidate,medium
hpmi,pmid-32511329,32511329,10.1101/2020.03.22.002386,2020,HPMI,A SARS-CoV-2-Human Protein-Protein Interaction Map Reveals Drug Targets and Potential Drug-Repurposing.,,candidate relevance plus virus/pathogen/assay support,sars-cov-2;sars-cov;coronavirus,protein_interaction_mapping;proteomics,candidate,medium
hpmi,pmid-32444466,32444466,10.1158/2159-8290.CD-20-0559,2020,HPMI,The Landscape of Human Cancer Proteins Targeted by SARS-CoV-2.,,candidate relevance plus virus/pathogen/assay support,sars-cov-2;sars-cov,protein_interaction_mapping,candidate,medium
hpmi,pmid-32353859,32353859,10.1038/s41586-020-2286-9,2020,HPMI,A SARS-CoV-2 protein interaction map reveals targets for drug repurposing.,,candidate relevance plus virus/pathogen/assay support,sars-cov-2;sars-cov;coronavirus,protein_interaction_mapping;proteomics,candidate,medium
hpmi,pmid-32084337,32084337,10.1016/j.molcel.2020.02.004,2020,HPMI,A Quantitative Genetic Interaction Map of HIV Infection.,,candidate relevance plus virus/pathogen/assay support,hiv,,candidate,medium
hpmi,pmid-31951200,31951200,10.7554/eLife.51461,2020,HPMI,Dynamic post-translational modification profiling of Mycobacterium tuberculosis-infected primary macrophages.,,candidate relevance plus virus/pathogen/assay support,mycobacterium_tuberculosis,proteomics,candidate,medium
current-program,pmid-34013276,34013276,10.1101/2020.08.05.238188,2020,CViSB,Alveolitis in severe SARS-CoV-2 pneumonia is driven by self-sustaining circuits between infected alveolar macrophages and T cells.,Donald S Grant;Richard Wunderink,candidate relevance plus virus/pathogen/assay support,sars-cov-2;sars-cov;influenza,transcriptomics,candidate,medium
current-program,pmid-33257409,33257409,10.1126/scitranslmed.abe4282,2020,,Lung transplantation for patients with severe COVID-19.,,candidate relevance plus virus/pathogen/assay support,sars-cov-2;sars-cov;influenza,transcriptomics,candidate,medium
current-program,pmid-33243278,33243278,10.1186/s12985-020-01459-y,2020,CViSB,Elevated L-threonine is a biomarker for Lassa fever and Ebola.,Robert Garry;Donald S Grant,candidate relevance plus virus/pathogen/assay support,,proteomics;metabolomics,candidate,medium
current-program,pmid-33200139,33200139,10.1101/2020.11.11.20229724,2020,,Epidemiological and immunological features of obesity and SARS-CoV-2.,,candidate relevance plus virus/pathogen/assay support,sars-cov-2;sars-cov;influenza,,candidate,medium
current-program,pmid-33171099,33171099,10.1016/j.cell.2020.10.051,2020,SCRIPT,Quick COVID-19 Healers Sustain Anti-SARS-CoV-2 Antibody Production.,Alan Hauser,candidate relevance plus virus/pathogen/assay support,sars-cov-2;sars-cov,,candidate,medium
current-program,pmid-33127906,33127906,10.1038/s41467-020-19057-5,2020,,SARS-CoV-2 viral load is associated with increased disease severity and mortality.,,candidate relevance plus virus/pathogen/assay support,sars-cov-2;sars-cov,,candidate,medium
current-program,pmid-33037213,33037213,10.1038/s41467-020-18877-9,2020,CViSB,Accommodating individual travel history and unsampled diversity in Bayesian phylogeographic inference of SARS-CoV-2.,Kristian Andersen,candidate relevance plus virus/pathogen/assay support,sars-cov-2;sars-cov,clinical_modeling,candidate,medium
current-program,pmid-32912998,32912998,10.1126/science.abc8169,2020,,The emergence of SARS-CoV-2 in Europe and North America.,,candidate relevance plus virus/pathogen/assay support,sars-cov-2;sars-cov,,candidate,medium
current-program,pmid-32907984,32907984,10.1128/JVI.01682-20,2020,CViSB,Broad-Spectrum Antiviral Entry Inhibition by Interfacially Active Peptides.,Robert Garry,explicit cross-virus/shared-host signal,influenza;dengue;hiv,,high,medium
current-program,pmid-32878931,32878931,10.1128/mSphere.00622-20,2020,,Evolution of Early SARS-CoV-2 and Cross-Coronavirus Immunity.,,candidate relevance plus virus/pathogen/assay support,sars-cov-2;sars-cov;influenza;rsv,,candidate,medium
current-program,pmid-32755751,32755751,10.1016/j.coi.2020.06.003,2020,,"Dissecting the antibody-OME: past, present, and future.",,candidate relevance plus virus/pathogen/assay support,influenza;dengue;hiv,,candidate,medium
current-program,pmid-32747391,32747391,10.1183/13993003.02049-2020,2020,,Pathogenesis of COVID-19-induced ARDS: implications for an ageing population.,,candidate relevance plus virus/pathogen/assay support,sars-cov-2;sars-cov;influenza,,candidate,medium
current-program,pmid-32720752,32720752,10.1111/acel.13180,2020,,Impaired phagocytic function in CX3CR1(+) tissue-resident skeletal muscle macrophages prevents muscle recovery after influenza A virus-induced pneumonia in old mice.,,candidate relevance plus virus/pathogen/assay support,influenza,transcriptomics,candidate,medium
current-program,pmid-32609537,32609537,10.1165/rcmb.2020-0169TR,2020,,Age-Dependent Differences in T-Cell Responses to Influenza A Virus.,,candidate relevance plus virus/pathogen/assay support,influenza,,candidate,medium
current-program,pmid-32596695,32596695,10.1101/2020.06.22.165464,2020,CViSB,"Accommodating individual travel history, global mobility, and unsampled diversity in phylogeography: a SARS-CoV-2 case study.",Kristian Andersen,candidate relevance plus virus/pathogen/assay support,sars-cov-2;sars-cov,,candidate,medium
current-program,pmid-32550242,32550242,,2020,,SARS-CoV-2 Entry Genes Are Most Highly Expressed in Nasal Goblet and Ciliated Cells within Human Airways.,,candidate relevance plus virus/pathogen/assay support,sars-cov-2;sars-cov,transcriptomics,candidate,medium
current-program,pmid-32540903,32540903,10.1126/science.abc7520,2020,,Isolation of potent SARS-CoV-2 neutralizing antibodies and protection from disease in a small animal model.,,candidate relevance plus virus/pathogen/assay support,sars-cov-2;sars-cov,,candidate,medium
current-program,pmid-32513865,32513865,10.1126/science.abb9263,2020,CViSB,Genomic surveillance reveals multiple introductions of SARS-CoV-2 into Northern California.,Kristian Andersen,candidate relevance plus virus/pathogen/assay support,sars-cov-2;sars-cov,,candidate,medium
current-program,pmid-32511558,32511558,10.1101/2020.05.19.20107144,2020,SCRIPT,A Unique Clade of SARS-CoV-2 Viruses is Associated with Lower Viral Loads in Patient Upper Airways.,Alan Hauser,candidate relevance plus virus/pathogen/assay support,sars-cov-2;sars-cov;influenza,,candidate,medium
current-program,pmid-32511433,32511433,10.1101/2020.04.13.20063784,2020,CViSB,Comparative dynamic aerosol efficiencies of three emergent coronaviruses and the unusual persistence of SARS-CoV-2 in aerosol suspensions.,Melissa Johnson;Robert Garry;Elaine Reed,explicit cross-virus/shared-host signal,sars-cov-2;sars-cov,,high,low
current-program,pmid-32511416,32511416,10.1101/2020.05.21.109322,2020,,The emergence of SARS-CoV-2 in Europe and the US.,,candidate relevance plus virus/pathogen/assay support,sars-cov-2;sars-cov,,candidate,medium
current-program,pmid-32458974,32458974,10.1093/molbev/msaa130,2020,,Gradients Do Grow on Trees: A Linear-Time O(N)-Dimensional Gradient for Statistical Phylogenetics.,,candidate relevance plus virus/pathogen/assay support,dengue,,candidate,medium
current-program,pmid-32407507,32407507,10.1093/molbev/msaa117,2020,,"Genomic Epidemiology, Evolution, and Transmission Dynamics of Porcine Deltacoronavirus.",,candidate relevance plus virus/pathogen/assay support,sars-cov-2;sars-cov,,candidate,medium
current-program,pmid-32359479,32359479,10.1016/j.molmed.2020.02.008,2020,,"COVID-19: Epidemiology, Evolution, and Cross-Disciplinary Perspectives.",,candidate relevance plus virus/pathogen/assay support,sars-cov-2;sars-cov,,candidate,medium
current-program,pmid-32327758,32327758,10.1038/s41591-020-0868-6,2020,,SARS-CoV-2 entry factors are highly expressed in nasal epithelial cells together with innate immune genes.,,candidate relevance plus virus/pathogen/assay support,sars-cov-2;sars-cov,transcriptomics,candidate,medium
current-program,pmid-32156726,32156726,10.1073/pnas.1919198117,2020,SCRIPT,A comparative genomics approach identifies contact-dependent growth inhibition as a virulence determinant.,Alan Hauser,explicit cross-virus/shared-host signal,pseudomonas_aeruginosa,,high,medium
current-program,pmid-32123088,32123088,10.1073/pnas.1906954117,2020,,Assessing the role of live poultry trade in community-structured transmission of avian influenza in China.,,candidate relevance plus virus/pathogen/assay support,influenza,,candidate,medium
current-program,pmid-32120884,32120884,10.3390/v12030260,2020,CViSB,Proteomics Computational Analyses Suggest That the Envelope Glycoproteins of Segmented Jingmen Flavi-Like Viruses are Class II Viral Fusion Proteins (b-Penetrenes) with Mucin-Like Domains.,Robert Garry,candidate relevance plus virus/pathogen/assay support,,proteomics,candidate,medium
current-program,pmid-32065600,32065600,10.1001/jamainternmed.2019.7454,2020,,Comparison of Cardiovascular and Safety Outcomes of Chlorthalidone vs Hydrochlorothiazide to Treat Hypertension.,,explicit cross-virus/shared-host signal,,,high,low
current-program,pmid-31714898,31714898,10.1172/JCI128368,2020,,Linear ubiquitin assembly complex regulates lung epithelial-driven responses during influenza infection.,,candidate relevance plus virus/pathogen/assay support,influenza,,candidate,medium
pi-backlog,pmid-31921042,31921042,10.3389/fmicb.2019.02862,2019,SYBIL,"Functional Characterization and Direct Comparison of Influenza A, B, C, and D NS1 Proteins in vitro and in vivo.",Adolfo Garcia-Sastre,"viral context plus mechanism/resource terms: viral, influenza, interaction",influenza,,candidate,medium
pi-backlog,pmid-31851929,31851929,10.1016/j.celrep.2019.11.070,2019,SYBIL,Viral Fitness Landscapes in Diverse Host Species Reveal Multiple Evolutionary Lines for the NS1 Gene of Influenza A Viruses.,Adolfo Garcia-Sastre,"viral context plus mechanism/resource terms: viral, influenza, host response",influenza,,candidate,medium
pi-backlog,pmid-31697957,31697957,10.1016/j.antiviral.2019.104645,2019,CViSB,2019 meeting of the global virus network.,Robert Garry,"viral context plus mechanism/resource terms: virus, viral, network",,network_modeling,candidate,medium
pi-backlog,pmid-31682641,31682641,10.1371/journal.ppat.1007634,2019,SYBIL,The ETS transcription factor ELF1 regulates a broadly antiviral program distinct from the type I interferon response.,Adolfo Garcia-Sastre,explicit cross-virus or shared-host framing in title/abstract,influenza,transcriptomics,high,medium
pi-backlog,pmid-31603272,31603272,10.15252/embr.201948766,2019,SYBIL,Virus-induced autophagic degradation of STAT2 as a mechanism for interferon signaling blockade.,Adolfo Garcia-Sastre,"viral context plus mechanism/resource terms: virus, viral, pathway",,,candidate,medium
pi-backlog,pmid-31424151,31424151,10.1111/cmi.13101,2019,SYBIL,Biphasic regulation of RNA interference during rotavirus infection by modulation of Argonaute2.,Sumit Chanda,"viral context plus mechanism/resource terms: virus, viral, pathway",,,candidate,medium
pi-backlog,pmid-31375585,31375585,10.1128/JVI.00559-19,2019,SYBIL,Innate Immune Response to Influenza Virus at Single-Cell Resolution in Human Epithelial Cells Revealed Paracrine Induction of Interferon Lambda 1.,Adolfo Garcia-Sastre,"viral context plus mechanism/resource terms: virus, viral, influenza, interaction",influenza,,candidate,medium
pi-backlog,pmid-31161074,31161074,10.1186/s40164-019-0136-y,2019,CViSB,Novel GTF2I-PDGFRB and IKZF1-TYW1 fusions in pediatric leukemia with normal karyotype.,Kristian Andersen,explicit cross-virus or shared-host framing in title/abstract,influenza,,high,low
pi-backlog,pmid-31043530,31043530,10.1128/JVI.00151-19,2019,SYBIL,Host-Specific NS5 Ubiquitination Determines Yellow Fever Virus Tropism.,Adolfo Garcia-Sastre,"viral context plus mechanism/resource terms: virus, viral, dengue, zika, pathway, interaction",dengue;zika,,candidate,medium
pi-backlog,pmid-31015836,31015836,10.1155/2019/8512363,2019,SYBIL,Poly-ADP Ribosyl Polymerase 1 (PARP1) Regulates Influenza A Virus Polymerase.,Adolfo Garcia-Sastre,"viral context plus mechanism/resource terms: virus, viral, influenza, host factor, interaction",influenza,,candidate,medium
pi-backlog,pmid-30716099,30716099,10.1371/journal.pone.0211746,2019,SYBIL,The inhibitor apoptosis protein antagonist Debio 1143 Is an attractive HIV-1 latency reversal candidate.,Sumit Chanda,"viral context plus mechanism/resource terms: virus, viral, hiv, pathway",hiv,,candidate,medium
pi-backlog,pmid-30626682,30626682,10.1128/JVI.01696-18,2019,SYBIL,"Broadly Cross-Reactive, Nonneutralizing Antibodies against Influenza B Virus Hemagglutinin Demonstrate Effector Function-Dependent Protection against Lethal Viral Challenge in Mice.",Adolfo Garcia-Sastre,"viral context plus mechanism/resource terms: virus, viral, influenza, interaction",influenza,,candidate,medium
pi-backlog,pmid-30463968,30463968,10.1128/JVI.01861-18,2019,SYBIL,Packaging of the Influenza Virus Genome Is Governed by a Plastic Network of RNA- and Nucleoprotein-Mediated Interactions.,Adolfo Garcia-Sastre,"viral context plus mechanism/resource terms: virus, viral, influenza, interaction, network",influenza,network_modeling,candidate,medium
hpmi,pmid-31886769,31886769,10.7554/eLife.52983,2019,HPMI,The structure of the endogenous ESX-3 secretion system.,,candidate relevance plus virus/pathogen/assay support,,structural_biology,candidate,medium
hpmi,pmid-31540829,31540829,10.1016/j.chom.2019.08.017,2019,HPMI,Systematic Identification of Host Cell Regulators of Legionella pneumophila Pathogenesis Using a Genome-wide CRISPR Screen.,,candidate relevance plus virus/pathogen/assay support,legionella_pneumophila,crispr_screen;genome_editing,candidate,medium
hpmi,pmid-31359007,31359007,10.1038/s41587-019-0203-2,2019,HPMI,Large dataset enables prediction of repair after CRISPR-Cas9 editing in primary T cells.,,candidate relevance plus virus/pathogen/assay support,,genome_editing,candidate,low
hpmi,pmid-31253590,31253590,10.1016/j.chom.2019.05.008,2019,HPMI,ARIH2 Is a Vif-Dependent Regulator of CUL5-Mediated APOBEC3G Degradation in HIV Infection.,,candidate relevance plus virus/pathogen/assay support,hiv,proteomics,candidate,medium
hpmi,pmid-31239378,31239378,10.1128/mBio.00850-19,2019,HPMI,Two Accessory Proteins Govern MmpL3 Mycolic Acid Transport in Mycobacteria.,,candidate relevance plus virus/pathogen/assay support,mycobacterium_tuberculosis,structural_biology,candidate,medium
hpmi,pmid-31204998,31204998,10.7554/eLife.45957,2019,HPMI,Cas9(+) conditionally-immortalized macrophages as a tool for bacterial pathogenesis and beyond.,,candidate relevance plus virus/pathogen/assay support,mycobacterium_tuberculosis,genome_editing,candidate,medium
hpmi,pmid-30833725,30833725,10.1038/s41564-019-0375-z,2019,HPMI,Identification of antiviral roles for the exon-junction complex and nonsense-mediated decay in flaviviral infection.,,candidate relevance plus virus/pathogen/assay support,influenza;dengue;zika,proteomics,candidate,medium
current-program,pmid-31720009,31720009,10.1093/ve/vez036,2019,,Divergence dating using mixed effects clock modelling: An application to HIV-1.,,candidate relevance plus virus/pathogen/assay support,hiv,,candidate,medium
current-program,pmid-31668726,31668726,10.1016/S0140-6736(19)32317-7,2019,,"Comprehensive comparative effectiveness and safety of first-line antihypertensive drug classes: a systematic, multinational, large-scale analysis.",,explicit cross-virus/shared-host signal,,,high,low
current-program,pmid-31442400,31442400,10.1016/j.cell.2019.07.018,2019,CViSB,Travel Surveillance and Genomics Uncover a Hidden Zika Outbreak during the Waning Epidemic.,Kristian Andersen,candidate relevance plus virus/pathogen/assay support,zika,,candidate,medium
current-program,pmid-31416162,31416162,10.3390/v11080750,2019,CViSB,Proteomics Computational Analyses Suggest that the Antennavirus Glycoprotein Complex Includes a Class I Viral Fusion Protein (α-Penetrene) with an Internal Zinc-Binding Domain and a Stable Signal Peptide.,Robert Garry,candidate relevance plus virus/pathogen/assay support,,proteomics;transcriptomics,candidate,medium
current-program,pmid-31326608,31326608,10.1016/j.bbmt.2019.07.019,2019,,Gut Colonization Preceding Mucosal Barrier Injury Bloodstream Infection in Pediatric Hematopoietic Stem Cell Transplantation Recipients.,,explicit cross-virus/shared-host signal,,,high,low
current-program,pmid-30992445,30992445,10.1038/s41467-019-09764-z,2019,,Microbial and metabolic succession on common building materials under high humidity conditions.,,candidate relevance plus virus/pathogen/assay support,influenza,metabolomics,candidate,medium
current-program,pmid-30921383,30921383,10.1371/journal.pone.0214284,2019,CViSB,"A medical records and data capture and management system for Lassa fever in Sierra Leone: Approach, implementation, and challenges.",Donald S Grant;Robert Garry,candidate relevance plus virus/pathogen/assay support,influenza,,candidate,medium
current-program,pmid-30706119,30706119,10.1007/s00134-019-05519-y,2019,SCRIPT,Challenges in severe community-acquired pneumonia: a point-of-view review.,Richard Wunderink,candidate relevance plus virus/pathogen/assay support,influenza,,candidate,medium
current-program,pmid-30621750,30621750,10.1186/s13059-018-1618-7,2019,CViSB,An amplicon-based sequencing framework for accurately measuring intrahost virus diversity using PrimalSeq and iVar.,Kristian Andersen,candidate relevance plus virus/pathogen/assay support,influenza;zika,,candidate,medium
pi-backlog,pmid-30538201,30538201,10.1073/pnas.1818012115,2018,SYBIL,Structural-functional interactions of NS1-BP protein with the splicing and mRNA export machineries for viral and host gene expression.,Adolfo Garcia-Sastre,"viral context plus mechanism/resource terms: viral, influenza, interaction, proteomics",influenza,proteomics,candidate,medium
pi-backlog,pmid-30401782,30401782,10.1128/mBio.02126-18,2018,HPMI,The Cellular NMD Pathway Restricts Zika Virus Infection and Is Targeted by the Viral Capsid Protein.,Melanie Ott,"viral context plus mechanism/resource terms: virus, viral, zika, pathway, interaction",zika,proteomics,candidate,medium
pi-backlog,pmid-30293731,30293731,10.1016/j.jvir.2018.05.014,2018,HPMI,Comparison between Surgical and Endovascular Hemodialysis Arteriovenous Fistula Interventions and Associated Costs.,Michael Glickman,explicit cross-virus or shared-host framing in title/abstract,,,high,low
pi-backlog,pmid-30258002,30258002,10.1128/JVI.01634-18,2018,SYBIL,Influenza Virus NS1 Protein-RNA Interactome Reveals Intron Targeting.,Adolfo Garcia-Sastre,"viral context plus mechanism/resource terms: virus, viral, influenza, interactome, interaction",influenza,proteomics,candidate,medium
pi-backlog,pmid-30209081,30209081,10.1158/2159-8290.CD-17-1018,2018,HPMI,Multiple Routes to Oncogenesis Are Promoted by the Human Papillomavirus-Host Protein Network.,Trey Ideker,"viral context plus mechanism/resource terms: virus, viral, pathway, interaction, network",,proteomics;network_modeling,candidate,medium
pi-backlog,pmid-30118682,30118682,10.1016/j.molcel.2018.07.010,2018,HPMI,An Mtb-Human Protein-Protein Interaction Map Identifies a Switch between Host Antiviral and Antibacterial Responses.,Jeffrey Cox,"viral context plus mechanism/resource terms: viral, interaction",mycobacterium_tuberculosis,proteomics,candidate,medium
pi-backlog,pmid-30111569,30111569,10.1128/JVI.01325-18,2018,SYBIL,Transcriptome Analysis of Infected and Bystander Type 2 Alveolar Epithelial Cells during Influenza A Virus Infection Reveals In Vivo Wnt Pathway Downregulation.,Adolfo Garcia-Sastre,"viral context plus mechanism/resource terms: virus, viral, influenza, pathway, transcriptome",influenza,transcriptomics,candidate,medium
pi-backlog,pmid-29958302,29958302,10.1371/journal.ppat.1007135,2018,SYBIL,Innate immune sensor LGP2 is cleaved by the Leader protease of foot-and-mouth disease virus.,Adolfo Garcia-Sastre,"viral context plus mechanism/resource terms: virus, interaction",,,candidate,medium
pi-backlog,pmid-29874595,29874595,10.1016/j.celrep.2018.05.021,2018,SCRIPT,Prediction of Adipose Browning Capacity by Systematic Integration of Transcriptional Profiles.,Alan Hauser,explicit cross-virus or shared-host framing in title/abstract,,transcriptomics,high,low
pi-backlog,pmid-29624387,29624387,10.1021/acs.jmedchem.8b00035,2018,SYBIL,Computer-Aided Discovery and Characterization of Novel Ebola Virus Inhibitors.,Adolfo Garcia-Sastre,"viral context plus mechanism/resource terms: virus, screen",,,candidate,medium
pi-backlog,pmid-29488088,29488088,10.1007/s00384-018-2988-8,2018,SCRIPT,The presence of occipital hair in the pilonidal sinus cavity-a triple approach to proof.,Alan Hauser,explicit cross-virus or shared-host framing in title/abstract,,,high,low
pi-backlog,pmid-29391557,29391557,10.1038/s41598-018-20458-2,2018,SYBIL,SMARCA2-regulated host cell factors are required for MxA restriction of influenza A viruses.,Adolfo Garcia-Sastre,"viral context plus mechanism/resource terms: virus, influenza, screen, transcriptome",influenza,proteomics;transcriptomics;epigenomics;network_modeling,candidate,medium
pi-backlog,pmid-29370303,29370303,10.1371/journal.ppat.1006838,2018,SYBIL,MERS-CoV 4b protein interferes with the NF-κB-dependent innate immune response during infection.,Adolfo Garcia-Sastre,"viral context plus mechanism/resource terms: virus, coronavirus, interaction",mers-cov;coronavirus,,candidate,medium
pi-backlog,pmid-29321315,29321315,10.1128/JVI.01960-17,2018,SYBIL,Paramyxovirus V Proteins Interact with the RIG-I/TRIM25 Regulatory Complex and Inhibit RIG-I Signaling.,Adolfo Garcia-Sastre,"viral context plus mechanism/resource terms: virus, pathway, interaction",influenza,,candidate,medium
pi-backlog,pmid-29268608,29268608,10.1021/acsinfecdis.7b00120,2018,SYBIL,Broad Spectrum Inhibitor of Influenza A and B Viruses Targeting the Viral Nucleoprotein.,Adolfo Garcia-Sastre,"viral context plus mechanism/resource terms: virus, viral, influenza, screen",influenza,,candidate,medium
hpmi,pmid-30550790,30550790,10.1016/j.cell.2018.11.028,2018,HPMI,Comparative Flavivirus-Host Protein Interaction Mapping Reveals Mechanisms of Dengue and Zika Virus Pathogenesis.,,explicit cross-virus/shared-host signal,dengue;zika,protein_interaction_mapping;proteomics,high,medium
hpmi,pmid-30550789,30550789,10.1016/j.cell.2018.08.044,2018,HPMI,Protein Interaction Mapping Identifies RBBP6 as a Negative Regulator of Ebola Virus Replication.,,candidate relevance plus virus/pathogen/assay support,,protein_interaction_mapping;proteomics;structural_biology,candidate,medium
hpmi,pmid-30174294,30174294,10.1016/j.molcel.2018.07.037,2018,HPMI,Mycobacterial Mutagenesis and Drug Resistance Are Controlled by Phosphorylation- and Cardiolipin-Mediated Inhibition of the RecA Coprotease.,,candidate relevance plus virus/pathogen/assay support,mycobacterium_tuberculosis,proteomics,candidate,medium
current-program,pmid-30477498,30477498,10.1186/s12931-018-0932-7,2018,,Inflammatory pathways are upregulated in the nasal epithelium in patients with idiopathic pulmonary fibrosis.,,candidate relevance plus virus/pathogen/assay support,,transcriptomics,candidate,low
current-program,pmid-30096313,30096313,10.1016/j.cell.2018.07.033,2018,CViSB,Systematic Analysis of Monoclonal Antibodies against Ebola Virus GP Defines Features that Contribute to Protection.,Kristian Andersen,candidate relevance plus virus/pathogen/assay support,influenza,,candidate,medium
current-program,pmid-29866884,29866884,10.1074/jbc.RA118.003589,2018,,DNA methylation regulates the neonatal CD4(+) T-cell response to pneumonia in mice.,,candidate relevance plus virus/pathogen/assay support,,transcriptomics;epigenomics,candidate,low
current-program,pmid-29786110,29786110,10.3892/ijmm.2018.3689,2018,,"Multi‑layered prevention and treatment of chronic inflammation, organ fibrosis and cancer associated with canonical WNT/β‑catenin signaling activation (Review).",,candidate relevance plus virus/pathogen/assay support,hcv,,candidate,medium
pi-backlog,pmid-28986782,28986782,10.1007/978-1-4939-7231-9_4,2017,HPMI,Protein Structure Modeling with MODELLER.,Andrej Sali,explicit cross-virus or shared-host framing in title/abstract,,network_modeling,high,low
pi-backlog,pmid-28972995,28972995,10.1371/journal.pone.0185545,2017,SYBIL,The mitochondrial genome of the plant-pathogenic fungus Stemphylium lycopersici uncovers a dynamic structure due to repetitive and mobile elements.,Rafael Medina,explicit cross-virus or shared-host framing in title/abstract,,,high,low
pi-backlog,pmid-28869005,28869005,10.1099/jgv.0.000909,2017,SYBIL,Human interactome of the influenza B virus NS1 protein.,Adolfo Garcia-Sastre,"viral context plus mechanism/resource terms: virus, influenza, interactome",influenza,proteomics,candidate,medium
pi-backlog,pmid-28661652,28661652,10.1021/acs.biochem.7b00339,2017,HPMI,"Human Concentrative Nucleoside Transporter 3 (hCNT3, SLC28A3) Forms a Cyclic Homotrimer.",Andrej Sali,explicit cross-virus or shared-host framing in title/abstract,,network_modeling,high,low
pi-backlog,pmid-28607166,28607166,10.1523/JNEUROSCI.0125-17.2017,2017,SYBIL,Unique versus Redundant Functions of Neuroligin Genes in Shaping Excitatory and Inhibitory Synapse Properties.,Sumit Chanda,explicit cross-virus or shared-host framing in title/abstract,,,high,low
pi-backlog,pmid-28584171,28584171,10.1098/rstb.2016.0163,2017,CViSB,Local disease-ecosystem-livelihood dynamics: reflections from comparative case studies in Africa.,Donald S Grant,explicit cross-virus or shared-host framing in title/abstract,,,high,low
pi-backlog,pmid-28562037,28562037,10.1021/acs.jcim.6b00720,2017,HPMI,Computational Discovery and Experimental Validation of Inhibitors of the Human Intestinal Transporter OATP2B1.,Andrej Sali,explicit cross-virus or shared-host framing in title/abstract,influenza,,high,low
pi-backlog,pmid-28494238,28494238,10.1016/j.chom.2017.04.011,2017,HPMI,SMYD2-Mediated Histone Methylation Contributes to HIV-1 Latency.,Melanie Ott,"viral context plus mechanism/resource terms: viral, hiv, screen",hiv,epigenomics;network_modeling,candidate,medium
pi-backlog,pmid-28377530,28377530,10.1128/mBio.00368-17,2017,SYBIL,Topoisomerase II Inhibitors Induce DNA Damage-Dependent Interferon Responses Circumventing Ebola Virus Immune Evasion.,Adolfo Garcia-Sastre,explicit cross-virus or shared-host framing in title/abstract,,,high,medium
pi-backlog,pmid-28362044,28362044,10.5301/jva.5000723,2017,HPMI,Comparison of post-creation procedures and costs between surgical and an endovascular approach to arteriovenous fistula creation.,Michael Glickman,explicit cross-virus or shared-host framing in title/abstract,,network_modeling,high,low
pi-backlog,pmid-28248290,28248290,10.1038/nmicrobiol.2017.22,2017,SYBIL,Systems-based analysis of RIG-I-dependent signalling identifies KHSRP as an inhibitor of RIG-I receptor activation.,Adolfo Garcia-Sastre,"viral context plus mechanism/resource terms: virus, viral, pathway, interactome, interaction, network",,proteomics;network_modeling,candidate,medium
pi-backlog,pmid-28230985,28230985,10.1021/acs.jmedchem.6b01317,2017,HPMI,Discovery of Competitive and Noncompetitive Ligands of the Organic Cation Transporter 1 (OCT1; SLC22A1).,Andrej Sali,explicit cross-virus or shared-host framing in title/abstract,influenza,,high,low
pi-backlog,pmid-28220929,28220929,10.3414/ME16-01-0091,2017,SYBIL,Increasing the Efficiency on Producing Radiology Reports for Breast Cancer Diagnosis by Means of Structured Reports. A Comparative Study.,Rafael Medina,explicit cross-virus or shared-host framing in title/abstract,,network_modeling,high,low
pi-backlog,pmid-27965017,27965017,10.1016/j.dci.2016.12.001,2017,SYBIL,Structure and functionalities of the human c-reactive protein compared to the zebrafish multigene family of c-reactive-like proteins.,Rafael Medina,explicit cross-virus or shared-host framing in title/abstract,influenza,,high,medium
pi-backlog,pmid-27807226,27807226,10.1128/JVI.01155-16,2017,SYBIL,"Subcellular Localizations of RIG-I, TRIM25, and MAVS Complexes.",Adolfo Garcia-Sastre,"viral context plus mechanism/resource terms: virus, viral, influenza, pathway",influenza;hcv,,candidate,medium
pi-backlog,pmid-27978436,27978436,10.1016/j.chom.2016.11.001,2016,HPMI,The mTOR Complex Controls HIV Latency.,Melanie Ott,"viral context plus mechanism/resource terms: viral, hiv, pathway, screen",hiv,crispr_screen;network_modeling,candidate,medium
pi-backlog,pmid-27801516,27801516,10.1002/cpps.20,2016,HPMI,Comparative Protein Structure Modeling Using MODELLER.,Andrej Sali,explicit cross-virus or shared-host framing in title/abstract,,network_modeling,high,low
pi-backlog,pmid-27783955,27783955,10.1016/j.celrep.2016.09.080,2016,HPMI,A Cas9 Ribonucleoprotein Platform for Functional Genetic Studies of HIV-Host Interactions in Primary Human T Cells.,Jennifer Doudna,"viral context plus mechanism/resource terms: viral, hiv, dependency, screen",hiv,crispr_screen,candidate,medium
pi-backlog,pmid-27575636,27575636,10.1371/journal.ppat.1005841,2016,HPMI,The Dengue Virus NS5 Protein Intrudes in the Cellular Spliceosome and Modulates Splicing.,Nevan Krogan,"viral context plus mechanism/resource terms: virus, viral, dengue, transcriptome",dengue,proteomics;transcriptomics,candidate,medium
pi-backlog,pmid-27572970,27572970,10.1038/nmicrobiol.2016.69,2016,SYBIL,Influenza virus mRNA trafficking through host nuclear speckles.,Adolfo Garcia-Sastre,"viral context plus mechanism/resource terms: virus, viral, influenza, pathway",influenza,,candidate,medium
pi-backlog,pmid-27336362,27336362,10.1038/ncomms11916,2016,HPMI,MicroRNA-125b-5p mimic inhibits acute liver failure.,Melanie Ott,explicit cross-virus or shared-host framing in title/abstract,,,high,low
pi-backlog,pmid-27322406,27322406,10.1002/cpbi.3,2016,HPMI,Comparative Protein Structure Modeling Using MODELLER.,Andrej Sali,explicit cross-virus or shared-host framing in title/abstract,,network_modeling,high,low
pi-backlog,pmid-27127234,27127234,10.1126/science.aad7993,2016,SYBIL,Topoisomerase 1 inhibition suppresses inflammatory genes and protects from death by inflammation.,Adolfo Garcia-Sastre,"viral context plus mechanism/resource terms: influenza, host response",influenza,,unknown,medium
pi-backlog,pmid-27120583,27120583,10.1021/acs.jmedchem.5b01933,2016,SYBIL,"Synthesis and Anti-Influenza Activity of Pyridine, Pyridazine, and Pyrimidine C-Nucleosides as Favipiravir (T-705) Analogues.",Sumit Chanda,explicit cross-virus or shared-host framing in title/abstract,influenza,,high,medium
pi-backlog,pmid-27116236,27116236,10.1371/journal.pone.0154366,2016,SYBIL,Antiviral Role of IFITM Proteins in African Swine Fever Virus Infection.,Adolfo Garcia-Sastre,"viral context plus mechanism/resource terms: virus, viral, pathway",influenza,,candidate,medium
pi-backlog,pmid-26845514,26845514,10.1021/acschembio.5b00999,2016,HPMI,Therapeutics Targeting Protein Acetylation Perturb Latency of Human Viruses.,Melanie Ott,"viral context plus mechanism/resource terms: viral, hiv, pathway",hiv,,candidate,medium
pi-backlog,pmid-26799564,26799564,10.1371/journal.pone.0147271,2016,SYBIL,Infection in Health Personnel with High and Low Levels of Exposure in a Hospital Setting during the H1N1 2009 Influenza A Pandemic.,Adolfo Garcia-Sastre,explicit cross-virus or shared-host framing in title/abstract,influenza,,high,medium
pi-backlog,pmid-26789921,26789921,10.1016/j.immuni.2015.12.017,2016,SYBIL,"Targeting Viral Proteostasis Limits Influenza Virus, HIV, and Dengue Virus Infection.",Adolfo Garcia-Sastre,explicit cross-virus or shared-host framing in title/abstract,influenza;dengue;hiv,proteomics;network_modeling,high,medium
pi-backlog,pmid-26546155,26546155,10.1016/j.virusres.2015.10.027,2016,SYBIL,La Piedad Michoacán Mexico Virus V protein antagonizes type I interferon response by binding STAT2 protein and preventing STATs nuclear translocation.,Adolfo Garcia-Sastre,"viral context plus mechanism/resource terms: virus, pathway",,,candidate,medium
pi-backlog,pmid-26651948,26651948,10.1016/j.chom.2015.11.002,2015,SYBIL;HPMI,"Meta- and Orthogonal Integration of Influenza ""OMICs"" Data Defines a Role for UBR4 in Virus Budding.",Adolfo Garcia-Sastre;Nevan Krogan,"viral context plus mechanism/resource terms: virus, viral, influenza, interaction, network",influenza,network_modeling,candidate,medium
pi-backlog,pmid-26443011,26443011,10.1021/acs.jmedchem.5b01216,2015,HPMI,Small-Molecule Allosteric Modulators of the Protein Kinase PDK1 from Structure-Based Docking.,Andrej Sali,explicit cross-virus or shared-host framing in title/abstract,,,high,low
pi-backlog,pmid-26435392,26435392,10.1021/acs.jproteome.5b00827,2015,HPMI,Integrated Proteomic and Genomic Analysis of Gastric Cancer Patient Tissues.,Trey Ideker,"viral context plus mechanism/resource terms: viral, pathway, interaction",,proteomics,candidate,medium
pi-backlog,pmid-26362267,26362267,10.1016/j.immuni.2015.08.014,2015,SYBIL,Interactive Big Data Resource to Elucidate Human Immune Pathways and Diseases.,Adolfo Garcia-Sastre,"viral context plus mechanism/resource terms: virus, pathway, interaction",,network_modeling,candidate,medium
pi-backlog,pmid-26329395,26329395,10.3109/10409238.2015.1061973,2015,HPMI,Manipulation of the host protein acetylation network by human immunodeficiency virus type 1.,Melanie Ott,"viral context plus mechanism/resource terms: virus, viral, hiv, network",hiv,network_modeling,candidate,medium
pi-backlog,pmid-26312481,26312481,10.1371/journal.pcbi.1004362,2015,HPMI,Prediction of Functionally Important Phospho-Regulatory Events in Xenopus laevis Oocytes.,Andrej Sali,explicit cross-virus or shared-host framing in title/abstract,,proteomics,high,low
pi-backlog,pmid-26265177,26265177,10.1099/jgv.0.000262,2015,HPMI,Subcellular trafficking and functional importance of herpes simplex virus type 1 glycoprotein M domains.,Melanie Ott,"viral context plus mechanism/resource terms: virus, viral, network",,network_modeling,candidate,medium
pi-backlog,pmid-26223644,26223644,10.1128/JVI.01643-15,2015,SYBIL,RIG-I Mediates an Antiviral Response to Crimean-Congo Hemorrhagic Fever Virus.,Adolfo Garcia-Sastre,"viral context plus mechanism/resource terms: virus, viral, pathway",,,candidate,medium
pi-backlog,pmid-26223639,26223639,10.1128/JVI.01523-15,2015,SYBIL,"Human Dendritic Cell Response Signatures Distinguish 1918, Pandemic, and Seasonal H1N1 Influenza Viruses.",Adolfo Garcia-Sastre,explicit cross-virus or shared-host framing in title/abstract,influenza,,high,medium
pi-backlog,pmid-26178989,26178989,10.1128/JVI.01596-15,2015,SYBIL,HIV Vpu Interferes with NF-κB Activity but Not with Interferon Regulatory Factor 3.,Adolfo Garcia-Sastre,"viral context plus mechanism/resource terms: viral, hiv, pathway, host response",hiv,,candidate,medium
pi-backlog,pmid-26153856,26153856,10.1038/nature14555,2015,SYBIL,Corrigendum: Pan-viral specificity of IFN-induced genes reveals new roles for cGAS in innate immunity.,Adolfo Garcia-Sastre,explicit cross-virus or shared-host framing in title/abstract,,,high,medium
pi-backlog,pmid-26118995,26118995,10.1016/j.chom.2015.06.004,2015,HPMI,Global Mapping of the Inc-Human Interactome Reveals that Retromer Restricts Chlamydia Infection.,Jeffrey Cox,"viral context plus mechanism/resource terms: viral, interactome, proteomics",chlamydia_trachomatis,proteomics,candidate,medium
pi-backlog,pmid-26083367,26083367,10.1371/journal.ppat.1004957,2015,HPMI,"The Herpes Simplex Virus Protein pUL31 Escorts Nucleocapsids to Sites of Nuclear Egress, a Process Coordinated by Its N-Terminal Domain.",Melanie Ott,"viral context plus mechanism/resource terms: virus, viral, interaction",,proteomics,candidate,medium
pi-backlog,pmid-26046437,26046437,10.1016/j.cell.2015.04.050,2015,SYBIL,PQBP1 Is a Proximal Sensor of the cGAS-Dependent Innate Response to HIV-1.,Adolfo Garcia-Sastre,"viral context plus mechanism/resource terms: viral, hiv, screen",hiv,,candidate,medium
pi-backlog,pmid-25984567,25984567,10.1021/id500022h,2015,SYBIL,A Potent Anti-influenza Compound Blocks Fusion through Stabilization of the Prefusion Conformation of the Hemagglutinin Protein.,Adolfo Garcia-Sastre,"viral context plus mechanism/resource terms: virus, viral, influenza, interaction, screen",influenza,,candidate,medium
pi-backlog,pmid-25966783,25966783,10.1159/000375262,2015,SYBIL,A RIG-I 2CARD-MAVS200 Chimeric Protein Reconstitutes IFN-β Induction and Antiviral Response in Models Deficient in Type I IFN Response.,Adolfo Garcia-Sastre,"viral context plus mechanism/resource terms: virus, viral, influenza, pathway",influenza,,candidate,medium
pi-backlog,pmid-25616068,25616068,10.1016/j.molcel.2014.12.028,2015,HPMI,A combined proteomics/genomics approach links hepatitis C virus infection with nonsense-mediated mRNA decay.,Melanie Ott,"viral context plus mechanism/resource terms: virus, viral, pathway, interaction, proteomics",hcv,proteomics,candidate,medium
pi-backlog,pmid-25590154,25590154,10.1164/rccm.201410-1894OE,2015,SCRIPT,Novel approaches are needed to develop tomorrow's antibacterial therapies.,Richard Wunderink,"viral context plus mechanism/resource terms: viral, screen",,,candidate,medium
pi-backlog,pmid-25511110,25511110,10.1007/s10534-014-9813-9,2015,SYBIL,A comparative immunological analysis of CoCl2 treated cells with in vitro hypoxic exposure.,Sumit Chanda,explicit cross-virus or shared-host framing in title/abstract,influenza,,high,medium
pi-backlog,pmid-25403732,25403732,10.1007/s11103-014-0266-x,2015,UCLA-Persistent-BSI,Comparative assessments of CRISPR-Cas nucleases' cleavage efficiency in planta.,Scott Filler,explicit cross-virus or shared-host framing in title/abstract,,crispr_screen,high,medium
pi-backlog,pmid-25389186,25389186,10.1099/vir.0.071332-0,2015,SYBIL,Mapping of the interaction domains of the Crimean-Congo hemorrhagic fever virus nucleocapsid protein.,Adolfo Garcia-Sastre,"viral context plus mechanism/resource terms: virus, viral, interaction",influenza,,candidate,medium
pi-backlog,pmid-25007846,25007846,10.1007/82_2014_400,2015,SYBIL,The NS1 protein: a multitasking virulence factor.,Adolfo Garcia-Sastre,"viral context plus mechanism/resource terms: virus, viral, influenza, network",influenza,network_modeling,candidate,medium
pi-backlog,pmid-26038505,26038505,10.1038/emi.2014.88,2014,SYBIL,Identification of 53 compounds that block Ebola virus-like particle entry via a repurposing screen of approved drugs.,Adolfo Garcia-Sastre,"viral context plus mechanism/resource terms: virus, screen",,,candidate,medium
pi-backlog,pmid-25381252,25381252,10.1074/jbc.M114.587816,2014,HPMI,The hepatitis C virus core protein inhibits adipose triglyceride lipase (ATGL)-mediated lipid mobilization and enhances the ATGL interaction with comparative gene identification 58 (CGI-58) and lipid droplets.,Melanie Ott,explicit cross-virus or shared-host framing in title/abstract,hcv,,high,medium
pi-backlog,pmid-25378627,25378627,10.1126/science.1257570,2014,HPMI,Phylogenomics resolves the timing and pattern of insect evolution.,Melanie Ott,explicit cross-virus or shared-host framing in title/abstract,,,high,low
pi-backlog,pmid-25211074,25211074,10.1016/j.chom.2014.07.015,2014,SYBIL,The interferon signaling antagonist function of yellow fever virus NS5 protein is activated by type I interferon.,Adolfo Garcia-Sastre,"viral context plus mechanism/resource terms: virus, viral, pathway, interaction",,,candidate,medium
pi-backlog,pmid-25201897,25201897,10.1177/1091581814545245,2014,SYBIL,"Tavaborole, a novel boron-containing small molecule for the topical treatment of onychomycosis, is noncarcinogenic in 2-year carcinogenicity studies.",Sumit Chanda,explicit cross-virus or shared-host framing in title/abstract,,,high,low
pi-backlog,pmid-25199792,25199792,10.1002/0471250953.bi0506s47,2014,HPMI,Comparative Protein Structure Modeling Using MODELLER.,Andrej Sali,explicit cross-virus or shared-host framing in title/abstract,,network_modeling,high,low
pi-backlog,pmid-25161197,25161197,10.1074/mcp.M114.041673,2014,HPMI,Structural characterization by cross-linking reveals the detailed architecture of a coatomer-related heptameric module from the nuclear pore complex.,Andrej Sali,explicit cross-virus or shared-host framing in title/abstract,,network_modeling,high,low
pi-backlog,pmid-25057006,25057006,10.4049/jimmunol.1400675,2014,SYBIL,Differential requirement for the IKKβ/NF-κB signaling module in regulating TLR- versus RLR-induced type 1 IFN expression in dendritic cells.,Adolfo Garcia-Sastre,"viral context plus mechanism/resource terms: virus, pathway",,,candidate,medium
pi-backlog,pmid-24843188,24843188,,2014,SYBIL,Comparative Study of Hydroalcoholic Extracts of Momordica charantia L. against Foodborne Pathogens.,Sumit Chanda,explicit cross-virus or shared-host framing in title/abstract,,,high,low
pi-backlog,pmid-24817247,24817247,10.1371/journal.pone.0096687,2014,HPMI,An integrated map of HIV-human protein complexes that facilitate viral infection.,Trey Ideker,"viral context plus mechanism/resource terms: viral, hiv, interaction, network",hiv,proteomics;network_modeling,candidate,medium
pi-backlog,pmid-24802635,24802635,10.1021/ci5001554,2014,HPMI,Prediction of substrates for glutathione transferases by covalent docking.,Andrej Sali,explicit cross-virus or shared-host framing in title/abstract,,,high,low
pi-backlog,pmid-24760882,24760882,10.1128/JVI.00239-14,2014,SYBIL,Tumor suppressor cylindromatosis (CYLD) controls HIV transcription in an NF-κB-dependent manner.,Adolfo Garcia-Sastre,"viral context plus mechanism/resource terms: viral, hiv, pathway",hiv,,candidate,medium
pi-backlog,pmid-24725954,24725954,10.1016/j.virol.2014.03.001,2014,SYBIL,Rotavirus infection induces G1 to S phase transition in MA104 cells via Ca⁺²/Calmodulin pathway.,Sumit Chanda,"viral context plus mechanism/resource terms: viral, pathway",,,candidate,medium
pi-backlog,pmid-24692634,24692634,10.1128/mBio.01006-14,2014,SYBIL,RIG-I detects mRNA of intracellular Salmonella enterica serovar Typhimurium during bacterial infection.,Adolfo Garcia-Sastre,explicit cross-virus or shared-host framing in title/abstract,,,high,medium
pi-backlog,pmid-24643253,24643253,10.1371/journal.pone.0092126,2014,SYBIL,MAVS protein is attenuated by rotavirus nonstructural protein 1.,Sumit Chanda,"viral context plus mechanism/resource terms: virus, viral, interaction",,,candidate,medium
pi-backlog,pmid-24586175,24586175,10.1371/journal.ppat.1003981,2014,SYBIL,Human genome-wide RNAi screen identifies an essential role for inositol pyrophosphates in Type-I interferon response.,Adolfo Garcia-Sastre,"viral context plus mechanism/resource terms: viral, influenza, pathway, screen",influenza,,candidate,medium
pi-backlog,pmid-24573470,24573470,10.1007/978-1-4939-0366-5_1,2014,HPMI,Protein structure modeling with MODELLER.,Andrej Sali,explicit cross-virus or shared-host framing in title/abstract,,network_modeling,high,low
pi-backlog,pmid-24284630,24284630,10.1038/nature12862,2014,SYBIL,Pan-viral specificity of IFN-induced genes reveals new roles for cGAS in innate immunity.,Adolfo Garcia-Sastre,explicit cross-virus or shared-host framing in title/abstract,,,high,medium
pi-backlog,pmid-24271400,24271400,10.1093/nar/gkt1144,2014,HPMI,"ModBase, a database of annotated comparative protein structure models and associated resources.",Andrej Sali,explicit cross-virus or shared-host framing in title/abstract,hiv,network_modeling,high,medium
pi-backlog,pmid-24237697,24237697,10.1016/j.chom.2013.10.011,2013,SYBIL,Type I interferon imposes a TSG101/ISG15 checkpoint at the Golgi for glycoprotein trafficking during influenza virus infection.,Adolfo Garcia-Sastre,"viral context plus mechanism/resource terms: virus, influenza, pathway",influenza,crispr_screen,candidate,medium
pi-backlog,pmid-24098102,24098102,10.1371/journal.pcbi.1003253,2013,HPMI,Target prediction for an open access set of compounds active against Mycobacterium tuberculosis.,Andrej Sali,"viral context plus mechanism/resource terms: hiv, screen",hiv;mycobacterium_tuberculosis,,candidate,medium
pi-backlog,pmid-23903830,23903830,10.1128/JVI.01433-13,2013,CViSB,Mice lacking functional STAT1 are highly susceptible to lethal infection with Lassa virus.,Donald S Grant,"viral context plus mechanism/resource terms: virus, pathway",,,candidate,medium
pi-backlog,pmid-23825951,23825951,10.1371/journal.ppat.1003460,2013,SYBIL,Cellular RNA binding proteins NS1-BP and hnRNP K regulate influenza A virus RNA splicing.,Adolfo Garcia-Sastre,"viral context plus mechanism/resource terms: virus, viral, influenza, proteomics",influenza,proteomics,candidate,medium
pi-backlog,pmid-23749869,23749869,10.1073/pnas.1304380110,2013,HPMI,Landscape of protein-protein interactions in Drosophila immune deficiency signaling during bacterial challenge.,Trey Ideker,explicit cross-virus or shared-host framing in title/abstract,,proteomics;epigenomics;network_modeling,high,medium
pi-backlog,pmid-23593007,23593007,10.1371/journal.ppat.1003302,2013,HPMI,Lipid droplet-binding protein TIP47 regulates hepatitis C Virus RNA replication through interaction with the viral NS5A protein.,Melanie Ott,"viral context plus mechanism/resource terms: virus, viral, interaction, screen",hcv,,candidate,medium
pi-backlog,pmid-23578028,23578028,10.2174/1568026611313070007,2013,HPMI,Molecular modeling and ligand docking for solute carrier (SLC) transporters.,Andrej Sali,explicit cross-virus or shared-host framing in title/abstract,,network_modeling,high,low
pi-backlog,pmid-23509259,23509259,10.1073/pnas.1218165110,2013,HPMI,"Structure-based ligand discovery for the Large-neutral Amino Acid Transporter 1, LAT-1.",Andrej Sali,explicit cross-virus or shared-host framing in title/abstract,,network_modeling,high,low
pi-backlog,pmid-23420847,23420847,10.1074/jbc.M112.434910,2013,HPMI,Diacylglycerol acyltransferase-1 localizes hepatitis C virus NS5A protein to lipid droplets and enhances NS5A interaction with the viral capsid core.,Melanie Ott,"viral context plus mechanism/resource terms: virus, viral, host factor, interaction",hcv,,candidate,medium
pi-backlog,pmid-23389801,23389801,10.1039/c3cp44336a,2013,SCRIPT,Towards accurate estimates of the spin-state energetics of spin-crossover complexes within density functional theory: a comparative case study of cobalt(II) complexes.,Alan Hauser,explicit cross-virus or shared-host framing in title/abstract,,,high,low
pi-backlog,pmid-23145065,23145065,10.1371/journal.pone.0049049,2012,SYBIL,Identification of small molecules with type I interferon inducing properties by high-throughput screening.,Adolfo Garcia-Sastre,explicit cross-virus or shared-host framing in title/abstract,influenza;hcv,,high,medium
pi-backlog,pmid-23063562,23063562,10.1016/j.str.2012.09.003,2012,SYBIL,Structure and dynamics of the second CARD of human RIG-I provide mechanistic insights into regulation of RIG-I activation.,Adolfo Garcia-Sastre,"viral context plus mechanism/resource terms: viral, interaction",,,candidate,medium
pi-backlog,pmid-23041628,23041628,10.1172/JCI60659,2012,SYBIL,Cross-presenting CD103+ dendritic cells are protected from influenza virus infection.,Adolfo Garcia-Sastre,"viral context plus mechanism/resource terms: virus, viral, influenza, pathway",influenza,,candidate,medium
pi-backlog,pmid-22993153,22993153,10.1128/JVI.02237-12,2012,SYBIL,Contribution of NS1 effector domain dimerization to influenza A virus replication and virulence.,Adolfo Garcia-Sastre,"viral context plus mechanism/resource terms: virus, influenza, interaction",influenza,,candidate,medium
pi-backlog,pmid-22932902,22932902,10.1074/jbc.M112.388157,2012,HPMI,"High selectivity of the γ-aminobutyric acid transporter 2 (GAT-2, SLC6A13) revealed by structure-based approach.",Andrej Sali,explicit cross-virus or shared-host framing in title/abstract,,network_modeling,high,low
pi-backlog,pmid-22855494,22855494,10.1128/JVI.01571-12,2012,SYBIL,Increased viral loads and exacerbated innate host responses in aged macaques infected with the 2009 pandemic H1N1 influenza A virus.,Adolfo Garcia-Sastre,"viral context plus mechanism/resource terms: virus, viral, influenza, host response",influenza,,candidate,medium
pi-backlog,pmid-22778433,22778433,10.1073/pnas.1206039109,2012,SYBIL,Hematopoietic-specific targeting of influenza A virus reveals replication requirements for induction of antiviral immune responses.,Adolfo Garcia-Sastre,"viral context plus mechanism/resource terms: virus, influenza, host response",influenza,,candidate,medium
pi-backlog,pmid-22718633,22718633,10.1515/hsz-2011-0219,2012,HPMI,Biochemical characterization and structural modeling of human cathepsin E variant 2 in comparison to the wild-type protein.,Andrej Sali,explicit cross-virus or shared-host framing in title/abstract,influenza,network_modeling,high,low
pi-backlog,pmid-22618536,22618536,10.1093/bioinformatics/bts302,2012,HPMI,SALIGN: a web server for alignment of multiple protein sequences and structures.,Andrej Sali,explicit cross-virus or shared-host framing in title/abstract,,network_modeling,high,low
pi-backlog,pmid-22590727,22590727,10.1111/j.1365-294x.2011.05287.x,2012,CViSB,"A comparative study of ancient sedimentary DNA, pollen and macrofossils from permafrost sediments of northern Siberia reveals long-term vegetational stability.",Kristian Andersen,explicit cross-virus or shared-host framing in title/abstract,,,high,low
pi-backlog,pmid-22419161,22419161,10.1038/nature10892,2012,SYBIL,Suppression of the antiviral response by an influenza histone mimic.,Adolfo Garcia-Sastre,"viral context plus mechanism/resource terms: virus, viral, influenza, interaction",influenza,epigenomics,candidate,medium
pi-backlog,pmid-22323229,22323229,10.1007/978-1-61779-588-6_15,2012,HPMI,Macromolecular assembly structures by comparative modeling and electron microscopy.,Andrej Sali,explicit cross-virus or shared-host framing in title/abstract,,network_modeling,high,low
pi-backlog,pmid-22260278,22260278,10.1111/j.1750-2659.2011.00331.x,2012,SYBIL,Influenza research database: an integrated bioinformatics resource for influenza research and surveillance.,Adolfo Garcia-Sastre,explicit cross-virus or shared-host framing in title/abstract,influenza,proteomics,high,medium
pi-backlog,pmid-22217077,22217077,10.1186/1743-422X-9-3,2012,SYBIL,Surveillance in Eastern India (2007-2009) revealed reassortment event involving NS and PB1-F2 gene segments among co-circulating influenza A subtypes.,Sumit Chanda,explicit cross-virus or shared-host framing in title/abstract,influenza,,high,medium
pi-backlog,pmid-22183533,22183533,10.1007/978-1-61779-465-0_8,2012,HPMI,Virtual ligand screening against comparative protein structure models.,Andrej Sali,explicit cross-virus or shared-host framing in title/abstract,,network_modeling,high,low
pi-backlog,pmid-22084242,22084242,10.1074/jbc.M111.282855,2012,HPMI,Two-pronged binding with bromodomain-containing protein 4 liberates positive transcription elongation factor b from inactive ribonucleoprotein complexes.,Melanie Ott,"viral context plus mechanism/resource terms: hiv, interaction",hiv,,candidate,low
pi-backlog,pmid-21963794,21963794,10.1016/j.jsb.2011.09.006,2012,HPMI,"UCSF Chimera, MODELLER, and IMP: an integrated modeling system.",Andrej Sali,explicit cross-virus or shared-host framing in title/abstract,,network_modeling,high,low
pi-backlog,pmid-22190037,22190037,10.1038/nature10693,2011,HPMI,Vif hijacks CBF-β to degrade APOBEC3G and promote HIV-1 infection.,Andrej Sali,"viral context plus mechanism/resource terms: virus, viral, hiv, interaction",hiv,proteomics,candidate,medium
pi-backlog,pmid-21956618,21956618,10.1038/clpt.2011.165,2011,HPMI,A common 5'-UTR variant in MATE2-K is associated with poor response to metformin.,Andrej Sali,explicit cross-virus or shared-host framing in title/abstract,,,high,low
pi-backlog,pmid-21917972,21917972,10.1128/JVI.05830-11,2011,SYBIL,Major histocompatibility complex class II expression and hemagglutinin subtype influence the infectivity of type A influenza virus for respiratory dendritic cells.,Adolfo Garcia-Sastre,"viral context plus mechanism/resource terms: virus, influenza, interaction",influenza,,candidate,medium
pi-backlog,pmid-21909097,21909097,10.1038/nchembio.645,2011,SYBIL,Chemical inhibition of RNA viruses reveals REDD1 as a host defense factor.,Adolfo Garcia-Sastre,"viral context plus mechanism/resource terms: virus, viral, influenza, pathway, screen",influenza,,candidate,medium
pi-backlog,pmid-21885739,21885739,10.1073/pnas.1106030108,2011,HPMI,"Structure-based discovery of prescription drugs that interact with the norepinephrine transporter, NET.",Andrej Sali,explicit cross-virus or shared-host framing in title/abstract,,,high,low
pi-backlog,pmid-21876670,21876670,10.1371/journal.ppat.1002184,2011,HPMI,Activation of HIV transcription by the viral Tat protein requires a demethylation step mediated by lysine-specific demethylase 1 (LSD1/KDM1).,Melanie Ott,"viral context plus mechanism/resource terms: viral, hiv, interaction",hiv,proteomics;epigenomics,candidate,medium
pi-backlog,pmid-21852950,21852950,10.1371/journal.ppat.1002186,2011,SYBIL,Differential contribution of PB1-F2 to the virulence of highly pathogenic H5N1 influenza A virus in mammalian and avian species.,Adolfo Garcia-Sastre,explicit cross-virus or shared-host framing in title/abstract,influenza,,high,medium
pi-backlog,pmid-21846828,21846828,10.1128/mBio.00151-11,2011,SYBIL,Host- and strain-specific regulation of influenza virus polymerase activity by interacting cellular proteins.,Adolfo Garcia-Sastre,"viral context plus mechanism/resource terms: virus, viral, influenza, interaction, network, proteomics",influenza,proteomics;network_modeling,candidate,medium
pi-backlog,pmid-21823622,21823622,10.1021/cb200198c,2011,HPMI,Discovery of a cytokinin deaminase.,Andrej Sali,explicit cross-virus or shared-host framing in title/abstract,,,high,low
pi-backlog,pmid-21670211,21670211,10.1083/jcb.201102042,2011,HPMI,"Evolution: On a bender--BARs, ESCRTs, COPs, and finally getting your coat.",Andrej Sali,explicit cross-virus or shared-host framing in title/abstract,,proteomics,high,low
pi-backlog,pmid-21593271,21593271,10.1099/vir.0.032060-0,2011,SYBIL,The NS1 protein of influenza A virus suppresses interferon-regulated activation of antigen-presentation and immune-proteasome pathways.,Adolfo Garcia-Sastre,"viral context plus mechanism/resource terms: virus, influenza, pathway",influenza,,candidate,medium
pi-backlog,pmid-21483486,21483486,10.1371/journal.ppat.1001329,2011,SYBIL,Dissection of the influenza A virus endocytic routes reveals macropinocytosis as an alternative entry pathway.,Adolfo Garcia-Sastre,"viral context plus mechanism/resource terms: virus, influenza, pathway",influenza,,candidate,medium
pi-backlog,pmid-21464929,21464929,10.1371/journal.pone.0017946,2011,SYBIL,A transient homotypic interaction model for the influenza A virus NS1 protein effector domain.,Adolfo Garcia-Sastre,"viral context plus mechanism/resource terms: virus, influenza, interaction",influenza,,candidate,medium
pi-backlog,pmid-21275375,21275375,10.1021/ja110157u,2011,HPMI,Enzymatic deamination of the epigenetic base N-6-methyladenine.,Andrej Sali,explicit cross-virus or shared-host framing in title/abstract,,epigenomics,high,medium
pi-backlog,pmid-21245900,21245900,10.1038/ni0211-114,2011,SYBIL,2 methylate or not 2 methylate: viral evasion of the type I interferon response.,Adolfo Garcia-Sastre,"viral context plus mechanism/resource terms: viral, host response",,epigenomics,candidate,medium
pi-backlog,pmid-21097780,21097780,10.1093/nar/gkq1091,2011,HPMI,"ModBase, a database of annotated comparative protein structure models, and associated resources.",Andrej Sali,explicit cross-virus or shared-host framing in title/abstract,,network_modeling,high,low
pi-backlog,pmid-21075352,21075352,10.1016/j.chom.2010.10.007,2010,SYBIL,Mouse STAT2 restricts early dengue virus replication.,Adolfo Garcia-Sastre,"viral context plus mechanism/resource terms: virus, viral, dengue, pathway",dengue,,candidate,medium
pi-backlog,pmid-20943654,20943654,10.1074/jbc.M110.165936,2010,SYBIL,Transcription factor redundancy ensures induction of the antiviral state.,Adolfo Garcia-Sastre,"viral context plus mechanism/resource terms: virus, transcriptome",,transcriptomics,candidate,medium
pi-backlog,pmid-20935628,20935628,10.1038/nm.2238,2010,HPMI,Efficient hepatitis C virus particle formation requires diacylglycerol acyltransferase-1.,Melanie Ott,"viral context plus mechanism/resource terms: virus, viral, host factor",hcv,,candidate,medium
pi-backlog,pmid-20844044,20844044,10.1128/JVI.01136-10,2010,SYBIL,Virulence-associated substitution D222G in the hemagglutinin of 2009 pandemic influenza A(H1N1) virus affects receptor binding.,Adolfo Garcia-Sastre,"viral context plus mechanism/resource terms: virus, influenza, interaction",influenza,network_modeling,candidate,medium
pi-backlog,pmid-20844032,20844032,10.1128/JVI.01129-10,2010,SYBIL,Macaque proteome response to highly pathogenic avian influenza and 1918 reassortant influenza virus infections.,Adolfo Garcia-Sastre,"viral context plus mechanism/resource terms: virus, viral, influenza, network",influenza,proteomics;network_modeling,candidate,medium
pi-backlog,pmid-20617177,20617177,10.1371/journal.ppat.1000978,2010,HPMI,Adaptation of hepatitis C virus to mouse CD81 permits infection of mouse cells in the absence of human entry factors.,Melanie Ott,"viral context plus mechanism/resource terms: virus, interaction",hcv,,candidate,medium
pi-backlog,pmid-20610653,20610653,10.4049/jimmunol.1000114,2010,SYBIL,NF-kappa B RelA subunit is crucial for early IFN-beta expression and resistance to RNA virus replication.,Adolfo Garcia-Sastre,"viral context plus mechanism/resource terms: virus, host response",,,candidate,medium
pi-backlog,pmid-20534531,20534531,10.1073/pnas.1003115107,2010,SYBIL,Engineered RNA viral synthesis of microRNAs.,Adolfo Garcia-Sastre,"viral context plus mechanism/resource terms: virus, viral, influenza, transcriptome",influenza,transcriptomics,candidate,medium
pi-backlog,pmid-20406818,20406818,10.1074/jbc.M109.089912,2010,SYBIL,Negative role of RIG-I serine 8 phosphorylation in the regulation of interferon-beta production.,Adolfo Garcia-Sastre,"viral context plus mechanism/resource terms: virus, viral, interaction",,,candidate,medium
pi-backlog,pmid-20406241,20406241,10.1111/j.1755-5922.2010.00148.x,2010,CViSB,"Comparative efficacy of aliskiren monotherapy and ramipril monotherapy in patients with stage 2 systolic hypertension: subgroup analysis of a double-blind, active comparator trial.",Kristian Andersen,explicit cross-virus or shared-host framing in title/abstract,,,high,low
pi-backlog,pmid-20357099,20357099,10.1128/JVI.00211-10,2010,SYBIL,Murine coronavirus delays expression of a subset of interferon-stimulated genes.,Adolfo Garcia-Sastre,"viral context plus mechanism/resource terms: virus, coronavirus, pathway",coronavirus,,candidate,medium
pi-backlog,pmid-20219937,20219937,10.1128/JVI.02395-09,2010,SYBIL,Species-specific antagonism of host ISGylation by the influenza B virus NS1 protein.,Adolfo Garcia-Sastre,"viral context plus mechanism/resource terms: virus, influenza, interaction",influenza,,candidate,medium
pi-backlog,pmid-20140252,20140252,10.1371/journal.pone.0009025,2010,SYBIL,Complete-proteome mapping of human influenza A adaptive mutations: implications for human transmissibility of zoonotic strains.,Adolfo Garcia-Sastre,explicit cross-virus or shared-host framing in title/abstract,influenza,,high,medium
pi-backlog,pmid-20140189,20140189,10.1371/journal.pcbi.1000668,2010,HPMI,The overlap of small molecule and protein binding sites within families of protein structures.,Andrej Sali,"viral context plus mechanism/resource terms: hiv, interaction",hiv,,candidate,low
pi-backlog,pmid-20071582,20071582,10.1128/JVI.02241-09,2010,SYBIL,Phosphorylation-mediated negative regulation of RIG-I antiviral activity.,Adolfo Garcia-Sastre,"viral context plus mechanism/resource terms: viral, interaction",,proteomics,candidate,medium
pi-backlog,pmid-20027183,20027183,10.1038/nature08699,2010,SYBIL;HPMI,Human host factors required for influenza virus replication.,Adolfo Garcia-Sastre;Trey Ideker,"viral context plus mechanism/resource terms: virus, viral, influenza, interaction, network",influenza,network_modeling,candidate,medium
pi-backlog,pmid-19927307,19927307,10.1002/ajmg.b.31047,2010,SYBIL,Psychiatric syndromes in individuals with chromosome 18 abnormalities.,Rafael Medina,explicit cross-virus or shared-host framing in title/abstract,,,high,low
pi-backlog,pmid-20011113,20011113,10.1371/journal.pgen.1000767,2009,HPMI,"Comprehensive functional analysis of Mycobacterium tuberculosis toxin-antitoxin systems: implications for pathogenesis, stress responses, and evolution.",Jeffrey Cox,explicit cross-virus or shared-host framing in title/abstract,mycobacterium_tuberculosis,,high,low
pi-backlog,pmid-19845314,19845314,10.1021/ci9003706,2009,HPMI,Molecular docking screens using comparative models of proteins.,Andrej Sali,explicit cross-virus or shared-host framing in title/abstract,,network_modeling,high,low
pi-backlog,pmid-19812322,19812322,10.1523/JNEUROSCI.3180-09.2009,2009,HPMI,An integrated systems analysis implicates EGR1 downregulation in simian immunodeficiency virus encephalitis-induced neural dysfunction.,Trey Ideker,"viral context plus mechanism/resource terms: virus, hiv, interaction, network, host response",hiv,network_modeling,candidate,medium
pi-backlog,pmid-19730696,19730696,10.1371/journal.ppat.1000570,2009,HPMI,Evolutionarily conserved herpesviral protein interaction networks.,Trey Ideker,explicit cross-virus or shared-host framing in title/abstract,ebv;cmv,proteomics;network_modeling,high,medium
pi-backlog,pmid-19706713,19706713,10.1128/JVI.00330-09,2009,SYBIL,The NS1 protein of the 1918 pandemic influenza virus blocks host interferon and lipid metabolism pathways.,Adolfo Garcia-Sastre,"viral context plus mechanism/resource terms: virus, influenza, network, host response",influenza,network_modeling,candidate,medium
pi-backlog,pmid-19625461,19625461,10.1099/vir.0.013599-0,2009,SYBIL,Interferon priming enables cells to partially overturn the SARS coronavirus-induced block in innate immune activation.,Adolfo Garcia-Sastre,"viral context plus mechanism/resource terms: coronavirus, sars, host response",sars-cov;coronavirus,,candidate,medium
pi-backlog,pmid-19617271,19617271,10.1177/1470320309342407,2009,CViSB,Comparative effects of aliskiren-based and ramipril-based therapy on the renin system during long-term (6 months) treatment and withdrawal in patients with hypertension.,Kristian Andersen,explicit cross-virus or shared-host framing in title/abstract,,,high,low
pi-backlog,pmid-19587024,19587024,10.1093/protein/gzp040,2009,HPMI,Alignment of multiple protein structures based on sequence and structure features.,Andrej Sali,explicit cross-virus or shared-host framing in title/abstract,,network_modeling,high,low
pi-backlog,pmid-19521506,19521506,10.1371/journal.ppat.1000473,2009,SYBIL,Influenza B virus ribonucleoprotein is a potent activator of the antiviral kinase PKR.,Adolfo Garcia-Sastre,"viral context plus mechanism/resource terms: virus, viral, influenza, interaction",influenza,,candidate,medium
pi-backlog,pmid-19472362,19472362,10.1002/pro.143,2009,HPMI,Evolutionary constraints on structural similarity in orthologs and paralogs.,Andrej Sali,explicit cross-virus or shared-host framing in title/abstract,,network_modeling,high,low
pi-backlog,pmid-19454348,19454348,10.1016/j.chom.2009.04.006,2009,SYBIL,Influenza A virus NS1 targets the ubiquitin ligase TRIM25 to evade recognition by the host viral RNA sensor RIG-I.,Adolfo Garcia-Sastre,"viral context plus mechanism/resource terms: virus, viral, influenza, interaction",influenza,,candidate,medium
pi-backlog,pmid-19381286,19381286,10.1371/journal.pntd.0000418,2009,HPMI,A kernel for open source drug discovery in tropical diseases.,Andrej Sali,explicit cross-virus or shared-host framing in title/abstract,,network_modeling,high,low
pi-backlog,pmid-19279106,19279106,10.1128/JVI.02188-08,2009,SYBIL,NS5 of dengue virus mediates STAT2 binding and degradation.,Adolfo Garcia-Sastre,"viral context plus mechanism/resource terms: virus, viral, dengue, pathway",dengue,,candidate,medium
pi-backlog,pmid-19233204,19233204,10.1016/j.jmb.2009.02.031,2009,HPMI,Inferential optimization for simultaneous fitting of multiple components into a CryoEM map of their assembly.,Andrej Sali,explicit cross-virus or shared-host framing in title/abstract,,network_modeling,high,low
pi-backlog,pmid-19218453,19218453,10.1073/pnas.0813234106,2009,SYBIL,Early and sustained innate immune response defines pathology and death in nonhuman primates infected by highly pathogenic influenza virus.,Adolfo Garcia-Sastre,"viral context plus mechanism/resource terms: virus, influenza, host response",influenza,,candidate,medium
pi-backlog,pmid-19019947,19019947,10.1128/JVI.00986-08,2009,SYBIL,Hantaan virus nucleocapsid protein binds to importin alpha proteins and inhibits tumor necrosis factor alpha-induced activation of nuclear factor kappa B.,Adolfo Garcia-Sastre,explicit cross-virus or shared-host framing in title/abstract,influenza,,high,medium
pi-backlog,pmid-18948282,18948282,10.1093/nar/gkn791,2009,HPMI,"MODBASE, a database of annotated comparative protein structure models and associated resources.",Andrej Sali,explicit cross-virus or shared-host framing in title/abstract,,network_modeling,high,low
pi-backlog,pmid-18854154,18854154,10.1016/j.cell.2008.07.032,2008,HPMI,Global analysis of host-pathogen interactions that regulate early-stage HIV-1 replication.,Trey Ideker,"viral context plus mechanism/resource terms: virus, viral, hiv, interactome, network",influenza;hiv,proteomics;network_modeling,candidate,medium
pi-backlog,pmid-18835315,18835315,10.1016/j.vaccine.2008.09.038,2008,SYBIL,Universal influenza A M2e-HBc vaccine protects against disease even in the presence of pre-existing anti-HBc antibodies.,Michael Schotsaert,explicit cross-virus or shared-host framing in title/abstract,influenza,,high,medium
pi-backlog,pmid-18832340,18832340,10.1110/ps.036061.108,2008,HPMI,How well can the accuracy of comparative protein structure models be predicted?,Andrej Sali,explicit cross-virus or shared-host framing in title/abstract,,,high,low
pi-backlog,pmid-18785945,18785945,10.1111/j.1553-2712.2008.00237.x,2008,UCLA-Persistent-BSI,The proinflammatory cytokine response following resuscitation in the swine model depends on the method of ventricular fibrillation induction.,Scott Filler,explicit cross-virus or shared-host framing in title/abstract,,network_modeling,high,low
pi-backlog,pmid-18663127,18663127,10.1084/jem.20080383,2008,SYBIL,Transcriptional role of p53 in interferon-mediated antiviral immunity.,Adolfo Garcia-Sastre,"viral context plus mechanism/resource terms: viral, pathway",,,candidate,medium
pi-backlog,pmid-18621707,18621707,10.1073/pnas.0803189105,2008,HPMI,Subnanometer-resolution electron cryomicroscopy-based domain models for the cytoplasmic region of skeletal muscle RyR channel.,Andrej Sali,explicit cross-virus or shared-host framing in title/abstract,,network_modeling,high,low
pi-backlog,pmid-18542861,18542861,10.1007/978-1-60327-058-8_8,2008,HPMI,Protein structure modeling with MODELLER.,Andrej Sali,explicit cross-virus or shared-host framing in title/abstract,,network_modeling,high,low
pi-backlog,pmid-18536725,18536725,10.1038/nsmb.1436,2008,HPMI,Mechanism of lid closure in the eukaryotic chaperonin TRiC/CCT.,Andrej Sali,explicit cross-virus or shared-host framing in title/abstract,,network_modeling,high,low
pi-backlog,pmid-18533893,18533893,10.1089/hum.2007.163,2008,SYBIL,rVSV(M Delta 51)-M3 is an effective and safe oncolytic virus for cancer therapy.,Adolfo Garcia-Sastre,explicit cross-virus or shared-host framing in title/abstract,,,high,medium
pi-backlog,pmid-18379232,18379232,10.1097/CCM.0b013e3181691b99,2008,SCRIPT,"Efficacy and safety of intravenous infusion of doripenem versus imipenem in ventilator-associated pneumonia: a multicenter, randomized study.",Richard Wunderink,explicit cross-virus or shared-host framing in title/abstract,pseudomonas_aeruginosa,network_modeling,high,low
pi-backlog,pmid-18300872,18300872,10.1097/HJH.0b013e3282f3ad9a,2008,CViSB,"Comparative efficacy and safety of aliskiren, an oral direct renin inhibitor, and ramipril in hypertension: a 6-month, randomized, double-blind trial.",Kristian Andersen,explicit cross-virus or shared-host framing in title/abstract,,,high,low
pi-backlog,pmid-18174180,18174180,10.1093/bioinformatics/btm630,2008,HPMI,NetworkBLAST: comparative analysis of protein networks.,Trey Ideker,explicit cross-virus or shared-host framing in title/abstract,,network_modeling,high,low
pi-backlog,pmid-18071337,18071337,10.1038/sj.mt.6300343,2008,SYBIL,Exponential enhancement of oncolytic vesicular stomatitis virus potency by vector-mediated suppression of inflammatory responses in vivo.,Adolfo Garcia-Sastre,explicit cross-virus or shared-host framing in title/abstract,,,high,medium
pi-backlog,pmid-18003608,18003608,10.1074/jbc.M708929200,2008,SYBIL,2'-deoxy-4'-azido nucleoside analogs are highly potent inhibitors of hepatitis C virus replication despite the lack of 2'-alpha-hydroxyl groups.,Sumit Chanda,"viral context plus mechanism/resource terms: virus, viral, interaction",influenza;hcv,,candidate,medium
pi-backlog,pmid-17965094,17965094,10.1093/nar/gkm905,2008,SYBIL,BioHealthBase: informatics support in the elucidation of influenza virus host pathogen interactions and virulence.,Adolfo Garcia-Sastre,"viral context plus mechanism/resource terms: virus, influenza, pathway, interaction",influenza;mycobacterium_tuberculosis,network_modeling,candidate,medium
pi-backlog,pmid-17942531,17942531,10.1128/JVI.01080-07,2008,SYBIL,Distinct RIG-I and MDA5 signaling by RNA viruses in innate immunity.,Adolfo Garcia-Sastre,"viral context plus mechanism/resource terms: virus, viral, influenza, dengue, interaction, host response",influenza;rsv;dengue,,candidate,medium
pi-backlog,pmid-18429317,18429317,10.1002/0471140864.ps0209s50,2007,HPMI,Comparative protein structure modeling using MODELLER.,Andrej Sali,explicit cross-virus or shared-host framing in title/abstract,,network_modeling,high,low
pi-backlog,pmid-18082876,18082876,10.1016/j.sapharm.2006.12.001,2007,SYBIL,Impact of bilingual product information labels on Spanish-speaking adults' ability to comprehend OTC information.,Sumit Chanda,explicit cross-virus or shared-host framing in title/abstract,,,high,low
pi-backlog,pmid-17965183,17965183,10.1110/ps.073228407,2007,HPMI,Host pathogen protein interactions predicted by comparative modeling.,Andrej Sali,explicit cross-virus or shared-host framing in title/abstract,,network_modeling,high,medium
pi-backlog,pmid-17905832,17905832,10.1110/ps.072895107,2007,HPMI,Fold assessment for comparative protein structure modeling.,Andrej Sali,explicit cross-virus or shared-host framing in title/abstract,,network_modeling,high,low
pi-backlog,pmid-17703413,17703413,10.1086/521027,2007,SYBIL,alpha-Defensin inhibits influenza virus replication by cell-mediated mechanism(s).,Adolfo Garcia-Sastre,"viral context plus mechanism/resource terms: virus, viral, influenza, pathway, host response",influenza,,candidate,medium
pi-backlog,pmid-17570147,17570147,10.1186/1471-2105-8-S4-S4,2007,HPMI,The AnnoLite and AnnoLyze programs for comparative annotation of protein structures.,Andrej Sali,explicit cross-virus or shared-host framing in title/abstract,,,high,low
pi-backlog,pmid-17494067,17494067,10.1128/JVI.00724-07,2007,SYBIL,Peptide-mediated interference with influenza A virus polymerase.,Adolfo Garcia-Sastre,"viral context plus mechanism/resource terms: virus, viral, influenza, interaction",influenza,,candidate,medium
pi-backlog,pmid-17459917,17459917,10.1128/JVI.00013-07,2007,SYBIL,Inhibition of the alpha/beta interferon response by mouse hepatitis virus at multiple levels.,Adolfo Garcia-Sastre,"viral context plus mechanism/resource terms: virus, interaction",coronavirus,,candidate,medium
pi-backlog,pmid-17442719,17442719,10.1128/JVI.02581-06,2007,SYBIL,Multiple anti-interferon actions of the influenza A virus NS1 protein.,Adolfo Garcia-Sastre,"viral context plus mechanism/resource terms: virus, viral, influenza, interaction, host response",influenza,,candidate,medium
pi-backlog,pmid-17437410,17437410,10.1111/j.1528-1167.2007.00926.x,2007,HPMI,Lack of support for a role for RLIP76 (RALBP1) in response to treatment or predisposition to epilepsy.,Andrej Sali,explicit cross-virus or shared-host framing in title/abstract,influenza,network_modeling,high,low
pi-backlog,pmid-17332413,17332413,10.1126/science.1136567,2007,SYBIL,Multiple functions of the IKK-related kinase IKKepsilon in interferon-mediated antiviral immunity.,Adolfo Garcia-Sastre,"viral context plus mechanism/resource terms: virus, viral, pathway",,,candidate,medium
pi-backlog,pmid-17269724,17269724,10.1021/pr060432u,2007,SYBIL,Identification of cellular interaction partners of the influenza virus ribonucleoprotein complex and polymerase complex using proteomic-based approaches.,Adolfo Garcia-Sastre,"viral context plus mechanism/resource terms: virus, viral, influenza, interaction, proteomics",influenza,proteomics,candidate,medium
pi-backlog,pmid-17227866,17227866,10.1073/pnas.0607038104,2007,SYBIL,"IFN-stimulated gene 15 functions as a critical antiviral molecule against influenza, herpes, and Sindbis viruses.",Adolfo Garcia-Sastre,"viral context plus mechanism/resource terms: virus, viral, influenza, host response",influenza,,candidate,medium
pi-backlog,pmid-17225856,17225856,10.1371/journal.pone.0000151,2007,HPMI,Recruitment and activation of RSK2 by HIV-1 Tat.,Melanie Ott,"viral context plus mechanism/resource terms: viral, hiv, interaction",hiv,epigenomics,candidate,medium
pi-backlog,pmid-18428767,18428767,10.1002/0471250953.bi0506s15,2006,HPMI,Comparative protein structure modeling using Modeller.,Andrej Sali,explicit cross-virus or shared-host framing in title/abstract,,network_modeling,high,low
pi-backlog,pmid-17096593,17096593,10.1371/journal.pcbi.0020153,2006,HPMI,Structural modeling of protein interactions by analogy: application to PSD-95.,Andrej Sali,explicit cross-virus or shared-host framing in title/abstract,,network_modeling,high,low
pi-backlog,pmid-17094252,17094252,,2006,HPMI,Discovering regulated networks during HIV-1 latency and reactivation.,Trey Ideker,"viral context plus mechanism/resource terms: virus, viral, hiv, network",hiv,network_modeling,candidate,medium
pi-backlog,pmid-17075131,17075131,10.1110/ps.062416606,2006,HPMI,Statistical potential for assessment and prediction of protein structures.,Andrej Sali,explicit cross-virus or shared-host framing in title/abstract,,network_modeling,high,low
pi-backlog,pmid-17006449,17006449,10.1038/nature05181,2006,SYBIL,Genomic analysis of increased host immune and cell death responses induced by 1918 influenza virus.,Adolfo Garcia-Sastre,"viral context plus mechanism/resource terms: virus, influenza, interaction, host response",influenza,,candidate,medium
pi-backlog,pmid-16954324,16954324,10.1128/AAC.00038-06,2006,UCLA-Persistent-BSI,A synthetic congener modeled on a microbicidal domain of thrombin- induced platelet microbicidal protein 1 recapitulates staphylocidal mechanisms of the native molecule.,Michael Yeaman,explicit cross-virus or shared-host framing in title/abstract,staphylococcus_aureus,,high,medium
pi-backlog,pmid-16940530,16940530,10.1128/JVI.00555-06,2006,SYBIL,Inhibition of the type I interferon response by the nucleoprotein of the prototypic arenavirus lymphocytic choriomeningitis virus.,Adolfo Garcia-Sastre,"viral context plus mechanism/resource terms: virus, viral, pathway",cmv,,candidate,medium
pi-backlog,pmid-16928763,16928763,10.1128/JVI.00851-06,2006,SYBIL,Integrated molecular signature of disease: analysis of influenza virus-infected macaques through functional genomics and proteomics.,Adolfo Garcia-Sastre,"viral context plus mechanism/resource terms: virus, viral, influenza, proteomics, host response",influenza,proteomics,candidate,medium
pi-backlog,pmid-16872496,16872496,10.1186/1471-2105-7-360,2006,HPMI,A direct comparison of protein interaction confidence assignment schemes.,Trey Ideker,explicit cross-virus or shared-host framing in title/abstract,,network_modeling,high,low
pi-backlog,pmid-16751606,16751606,10.1110/ps.062095806,2006,HPMI,A composite score for predicting errors in protein structure models.,Andrej Sali,explicit cross-virus or shared-host framing in title/abstract,,network_modeling,high,low
pi-backlog,pmid-16738133,16738133,10.1093/nar/gkl353,2006,HPMI,Protein complex compositions predicted by structural similarity.,Andrej Sali,explicit cross-virus or shared-host framing in title/abstract,,network_modeling,high,low
pi-backlog,pmid-16725105,16725105,10.1016/j.bbamem.2006.03.027,2006,UCLA-Persistent-BSI,Structural congruence among membrane-active host defense polypeptides of diverse phylogeny.,Michael Yeaman,explicit cross-virus or shared-host framing in title/abstract,,,high,medium
pi-backlog,pmid-16615907,16615907,10.1016/j.str.2006.02.006,2006,HPMI,Protease accessibility laddering: a proteomic tool for probing protein structure.,Andrej Sali,explicit cross-virus or shared-host framing in title/abstract,,proteomics;network_modeling,high,low
pi-backlog,pmid-16601728,16601728,10.1038/nbt1196,2006,HPMI,Modeling cellular machinery through biological network comparison.,Trey Ideker,explicit cross-virus or shared-host framing in title/abstract,,network_modeling,high,low
pi-backlog,pmid-16575526,16575526,10.1007/s10719-006-5441-0,2006,SYBIL,Sequence analysis and receptor specificity of the hemagglutinin of a recent influenza H2N2 virus isolated from chicken in North America.,Adolfo Garcia-Sastre,"viral context plus mechanism/resource terms: virus, viral, influenza, interaction",influenza,,candidate,medium
pi-backlog,pmid-16490207,16490207,10.1016/j.jmb.2006.01.062,2006,HPMI,Refinement of protein structures by iterative comparative modeling and CryoEM density fitting.,Andrej Sali,explicit cross-virus or shared-host framing in title/abstract,,network_modeling,high,medium
pi-backlog,pmid-16423846,16423846,10.1093/protein/gzj005,2006,HPMI,Variable gap penalty for protein sequence-structure alignment.,Andrej Sali,explicit cross-virus or shared-host framing in title/abstract,,,high,low
pi-backlog,pmid-16381869,16381869,10.1093/nar/gkj059,2006,HPMI,MODBASE: a database of annotated comparative protein structure models and associated resources.,Andrej Sali,explicit cross-virus or shared-host framing in title/abstract,,network_modeling,high,low
pi-backlog,pmid-16352563,16352563,10.1128/JVI.80.1.383-394.2006,2006,SYBIL,Prostate tumor cells infected with a recombinant influenza virus expressing a truncated NS1 protein activate cytolytic CD8+ cells to recognize noninfected tumor cells.,Adolfo Garcia-Sastre,"viral context plus mechanism/resource terms: virus, viral, influenza, pathway",influenza,,candidate,medium
