paper_id,title,pmid,doi,center,year,paper_status,abstract_length,dataset_scan_status,resource_scan_status
pmid-42518274,The CRAC channel inhibitor Auxora Reprograms Pathogenic Alveolar Macrophage-T Cell Circuits in Viral Pneumonia.,42518274,10.1172/JCI209675,,2026,metadata_ingested,0,pending,pending
pmid-42496611,Pre-exposure to phosphate-buffer saline (PBS) renders some Pseudomonas aeruginosa strains susceptible to triclosan on solid medium.,42496611,10.1093/femsle/fnag086,,2026,metadata_ingested,1049,pending,pending
pmid-42429782,Predictive accuracy of population meropenem models in critically ill pneumonia patients.,42429782,10.1128/aac.00458-26,,2026,metadata_ingested,1798,pending,pending
pmid-42393236,Longitudinal analysis of drift in the circulating human antibody repertoire over four years.,42393236,10.1038/s41598-026-60159-9,,2026,metadata_ingested,1511,pending,pending
pmid-42258748,Longitudinal clinical proteomics reveals pneumonia type-specific protein biomarkers and autoantibodies.,42258748,10.1172/jci.insight.203056,,2026,metadata_ingested,1210,pending,pending
pmid-42182519,Pathogen-specific host responses define distinct pneumonia endotypes in the human lung.,42182519,10.64898/2026.05.12.724509,,2026,metadata_ingested,1515,pending,pending
pmid-42179346,"A multiplexed, systems-based approach for prediction of antibody neutralization breadth for soluble human receptors.",42179346,10.1093/jimmun/vkag106,,2026,metadata_ingested,1343,pending,pending
pmid-42141015,Umbilical cord blood cell transcriptional and methylation signatures at birth are associated with BPD development and chorioamnionitis: a pilot study.,42141015,10.1038/s41598-026-53235-7,,2026,metadata_ingested,1463,pending,pending
pmid-41909118,Development of a Pilot Machine Learning Model to Predict Successful Short-Term Treatment Success in Critically Ill Patients With Community-Acquired Pneumonia.,41909118,10.1016/j.chstcc.2025.100228,,2026,metadata_ingested,0,pending,pending
pmid-41872475,Author Correction: Systematic data capture reduces the need for source data verification: exploratory analysis from a phase 2 multicenter randomized controlled platform trial.,41872475,10.1038/s43856-026-01414-y,,2026,metadata_ingested,0,pending,pending
pmid-41837898,Comparing clinical assessments of pneumonia to bronchoalveolar lavage results in critically ill patients with suspected pneumonia.,41837898,10.1093/annalsats/aaoag050,,2026,metadata_ingested,2435,pending,pending
pmid-41807181,Single-cell RNAseq identifies persistent epithelial and immune dysfunction in PwCF by mitigating inter-individual sampling heterogeneity.,41807181,10.1016/j.jcf.2026.01.009,,2026,metadata_ingested,1812,pending,pending
pmid-41805254,Complete genome sequences of KPC-producing Klebsiella pneumoniae isolates pre- and post-development of meropenem/vaborbactam resistance.,41805254,10.1128/mra.01447-25,,2026,metadata_ingested,457,pending,pending
pmid-41794121,Evaluating the Association Between Patient Priorities and ICU Care Delivery in Adults Receiving Mechanical Ventilation.,41794121,10.1016/j.chest.2026.01.028,,2026,metadata_ingested,2086,pending,pending
pmid-41794027,Dynamics of natural selection preceding human viral epidemics and pandemics.,41794027,10.1016/j.cell.2026.02.006,,2026,metadata_ingested,1037,pending,pending
pmid-41763193,Microbiologic Diagnosis of Respiratory Infections in Critically Ill Immunocompromised Patients.,41763193,10.1055/a-2808-5317,,2026,metadata_ingested,1167,pending,pending
pmid-41711574,Aminoglycosides enhance meropenem/vaborbactam activity against KPC-producing Klebsiella pneumoniae in the hollow fiber infection model.,41711574,10.1128/aac.01365-25,,2026,metadata_ingested,2033,pending,pending
pmid-41663757,Human CRAMP1 specifically promotes the expression of histone H1 genes.,41663757,10.1038/s44319-026-00704-9,,2026,metadata_ingested,1199,pending,pending
pmid-41646792,Longitudinal clinical proteomics reveals pneumonia type-specific protein biomarkers and autoantibodies.,41646792,10.64898/2026.01.12.26343938,,2026,metadata_ingested,1210,pending,pending
pmid-41646725,Developing and externally validating machine learning models to forecast short-term risk of ventilator-associated pneumonia.,41646725,10.64898/2026.01.28.26344858,,2026,metadata_ingested,2504,pending,pending
pmid-41646655,Synonymous substitution rate slowdown preceding the emergence of SARS-CoV-2 variants and during persistent infections.,41646655,10.64898/2026.01.26.26344861,,2026,metadata_ingested,1715,pending,pending
pmid-41603707,Complete genome sequences of Staphylococcus aureus isolates with a novel sequence type from a patient with hospital-acquired pneumonia.,41603707,10.1128/mra.01282-25,,2026,metadata_ingested,346,pending,pending
pmid-41593502,Integration of bulk RNA-seq pipeline metrics for assessing low-quality samples.,41593502,10.1186/s12859-025-06298-8,,2026,metadata_ingested,1792,pending,pending
pmid-41460103,Pharmacokinetic-pharmacodynamic target attainment with continuous infusion piperacillin in patients admitted to the ICU with hospital-acquired pneumonia.,41460103,10.1128/aac.01760-25,,2026,metadata_ingested,1818,pending,pending
pmid-41460101,Critical threshold target attainment rates for tazobactam combined with piperacillin among patients admitted to the ICU with hospital-acquired pneumonia.,41460101,10.1128/aac.01766-25,,2026,metadata_ingested,1727,pending,pending
pmid-41429578,The Sixth Annual Symposium of the Midwest Aging Consortium.,41429578,10.1093/gerona/glaf280,,2026,metadata_ingested,1392,pending,pending
pmid-41384839,Maternal proteome profiling reveals dynamic gestational age-specific responses to de novo vaccination.,41384839,10.1093/jimmun/vkaf298,,2026,metadata_ingested,1613,pending,pending
pmid-40700713,Multi-Omic and Single-Cell Approaches for Elucidating Cell Biology and Pathobiology of Lung Disease.,40700713,10.1165/rcmb.2025-0092PS,,2026,metadata_ingested,1059,pending,pending
pmid-42002983,Evaluation of antigen and antibody assays for surveillance of Lassa virus in peri-domestic rodents in southeastern Sierra Leone: a cross-sectional study.,42002983,10.1016/j.lanmic.2025.101188,,2025,metadata_ingested,1877,pending,pending
pmid-41472675,Rational Design of Multiclade Coronavirus Spike Immunodominant Domain Nanoparticles to Elicit Broad Antibody Responses.,41472675,10.21203/rs.3.rs-7997313/v1,,2025,metadata_ingested,2322,pending,pending
pmid-41415465,Influenza A infection accelerates disease-associated microglia formation during physiological aging.,41415465,10.64898/2025.12.11.693336,,2025,metadata_ingested,2105,pending,pending
pmid-41380668,Transitions in lung microbiota landscape associate with distinct patterns of pneumonia progression.,41380668,10.1016/j.chom.2025.11.011,,2025,metadata_ingested,1152,pending,pending
pmid-41332588,Unconventional linkers facilitate potent stabilized coronavirus stem antibody responses following nanoparticle vaccination.,41332588,10.1101/2025.11.19.689216,,2025,metadata_ingested,1829,pending,pending
pmid-41282925,Microbial cell-free DNA sequencing of bronchoalveolar lavage fluid improves diagnostic yield and may add clinical utility in immunocompromised patients with severe pneumonia.,41282925,10.1101/2025.11.05.25339543,,2025,metadata_ingested,1784,pending,pending
pmid-41280073,Umbilical Cord Blood Cell Transcriptional and Methylation Signatures at Birth Are Associated with BPD Development.,41280073,10.1101/2025.11.04.686323,,2025,metadata_ingested,1260,pending,pending
pmid-41279404,GhostFold: Accurate protein structure prediction using structure-constrained synthetic coevolutionary signals.,41279404,10.1101/2025.10.13.682177,,2025,metadata_ingested,1749,pending,pending
pmid-41278889,Biologically informed neural network models are robust to spurious interactions via self-pruning.,41278889,10.1101/2025.10.24.684155,,2025,metadata_ingested,1989,pending,pending
pmid-41278878,A Single-Cell Atlas of Transcriptional and Immunoglobulin Repertoire Evolution in Early B Cell Development.,41278878,10.1101/2025.10.08.681095,,2025,metadata_ingested,1385,pending,pending
pmid-41256685,Multivariate analysis of glycogenes reveals coordinated regulation of immunoglobulin glycosylation in an immortalized human B cell system.,41256685,10.1101/2025.09.30.679651,,2025,metadata_ingested,1860,pending,pending
pmid-41256554,Rational Design of Multiclade Coronavirus Spike Immunodominant Domain Nanoparticles to Elicit Broad Antibody Responses.,41256554,10.1101/2025.10.01.679649,,2025,metadata_ingested,2359,pending,pending
pmid-41162684,Systematic data capture reduces the need for source data verification: exploratory analysis from a phase 2 multicenter randomized controlled platform trial.,41162684,10.1038/s43856-025-01126-9,,2025,metadata_ingested,1644,pending,pending
pmid-41157585,Intra-Host Evolution of SARS-CoV-2 During Persistent Infection of Pediatric COVID-19 Patients.,41157585,10.3390/v17101313,,2025,metadata_ingested,1966,pending,pending
pmid-41091914,An intramuscular prime and mucosal boost vaccine regimen protects against lethal clade 2.3.4.4b H5N1 challenge in cynomolgus macaques.,41091914,10.1126/scitranslmed.ady2282,,2025,metadata_ingested,1578,pending,pending
pmid-40997178,From reactive to proactive: Continuous protein monitoring for preventive health care.,40997178,10.1126/science.ady6497,,2025,metadata_ingested,997,pending,pending
pmid-40986708,A Cornucopia of Plasma Proteomics in Moderate-Severity Community-acquired Pneumonia.,40986708,10.1164/rccm.202507-1734ED,,2025,metadata_ingested,0,pending,pending
pmid-40977378,Large language models accurately identify immunosuppression in intensive care unit patients.,40977378,10.1093/jamia/ocaf141,,2025,metadata_ingested,1913,pending,pending
pmid-40964040,Versatile wastewater monitoring of pathogens and antimicrobial resistance enabled by metatranscriptomics and long-read metagenomics.,40964040,10.21203/rs.3.rs-7492978/v1,,2025,metadata_ingested,1167,pending,pending
pmid-40963760,Cryptic spread of SARS-CoV-2 undermined targeted travel restrictions.,40963760,10.1101/2025.08.29.25334701,,2025,metadata_ingested,1506,pending,pending
pmid-40962430,Multi-omics profiling in severe pneumonia: the importance of robust study design.,40962430,10.1183/13993003.00760-2025,,2025,metadata_ingested,198,pending,pending
pmid-40962401,"Five-decade prevalence of delirium in pneumonia, risk factors and associated mortality: a systematic review and meta-analysis.",40962401,10.1183/16000617.0111-2025,,2025,metadata_ingested,2115,pending,pending
pmid-40956625,Maintenance DNA methylation is required for induced Treg reparative function following viral pneumonia in mice.,40956625,10.1172/JCI192925,,2025,metadata_ingested,1391,pending,pending
pmid-40950134,Data-optimal scaling of paired antibody language models.,40950134,10.1101/2025.09.02.673765,,2025,metadata_ingested,980,pending,pending
pmid-40934267,A curriculum learning approach to training antibody language models.,40934267,10.1371/journal.pcbi.1013473,,2025,metadata_ingested,1235,pending,pending
pmid-40931632,"Welsh, González, and Negulescu share Lasker Award recognizing transformative treatments for people with cystic fibrosis.",40931632,10.1172/JCI198727,,2025,metadata_ingested,0,pending,pending
pmid-40844272,Recent advances in the inference of deep viral evolutionary history.,40844272,10.1128/jvi.00292-25,,2025,metadata_ingested,1575,pending,pending
pmid-40832362,Profibrotic monocyte-derived alveolar macrophages as a biomarker and therapeutic target in systemic sclerosis-associated interstitial lung disease.,40832362,10.1101/2025.08.07.669006,,2025,metadata_ingested,1355,pending,pending
pmid-40796194,Infinite Mixture Models for Improved Modeling of Across-Site Evolutionary Variation.,40796194,10.1093/molbev/msaf199,,2025,metadata_ingested,1792,pending,pending
pmid-40791728,Development of a pilot machine learning model to predict successful cure in critically ill patients with community-acquired pneumonia.,40791728,10.1101/2025.07.14.25331407,,2025,metadata_ingested,2202,pending,pending
pmid-40786117,Zigzag path connects two Monte Carlo samplers: Hamiltonian counterpart to a piecewise deterministic Markov process.,40786117,10.1080/01621459.2024.2395587,,2025,metadata_ingested,1532,pending,pending
pmid-40778124,"Real-time, multi-pathogen wastewater genomic surveillance with Freyja 2.",40778124,10.1101/2025.07.26.25332245,,2025,metadata_ingested,1153,pending,pending
pmid-40758886,"The entities enabling scientific fraud at scale are large, resilient, and growing rapidly.",40758886,10.1073/pnas.2420092122,,2025,metadata_ingested,1551,pending,pending
pmid-40731125,Developing and validating machine learning models to predict next-day extubation.,40731125,10.1038/s41598-025-12264-4,,2025,metadata_ingested,2121,pending,pending
pmid-40701969,Open-source computational pipeline flags instances of acute respiratory distress syndrome in mechanically ventilated adult patients.,40701969,10.1038/s41467-025-61418-5,,2025,metadata_ingested,1152,pending,pending
pmid-40678224,Detecting Evolutionary Change-Points with Branch-Specific Substitution Models and Shrinkage Priors.,40678224,10.21203/rs.3.rs-6926809/v1,,2025,metadata_ingested,1327,pending,pending
pmid-40671951,Detecting Evolutionary Change-Points with Branch-Specific Substitution Models and Shrinkage Priors.,40671951,,,2025,metadata_ingested,1327,pending,pending
pmid-40658245,"Correspondence on ""A common longitudinal intensive care unit data format (CLIF) for critical illness research"". Author's reply.",40658245,10.1007/s00134-025-08029-2,,2025,metadata_ingested,0,pending,pending
pmid-40646293,Continuous vital sign monitoring of acute Lassa fever using wearable biosensor devices in West Africa.,40646293,10.1038/s43856-025-01002-6,,2025,metadata_ingested,1820,pending,pending
pmid-40632835,Adenovirus and mRNA vaccines as well as mucosal boosting improve protective efficacy against influenza virus challenge in macaques.,40632835,10.1126/scitranslmed.adu7646,,2025,metadata_ingested,1484,pending,pending
pmid-40630536,Integration of Bulk RNA-seq Pipeline Metrics for Assessing Low-Quality Samples.,40630536,10.21203/rs.3.rs-6976695/v1,,2025,metadata_ingested,1794,pending,pending
pmid-40624354,"BEAST X for Bayesian phylogenetic, phylogeographic and phylodynamic inference.",40624354,10.1038/s41592-025-02751-x,,2025,metadata_ingested,618,pending,pending
pmid-40586539,"Draft genome sequences of Stenotrophomonas maltophilia strains UPSm1, UPSm3, and UPSm5 and Stenotrophomonas pavanii strain UPSm2.",40586539,10.1128/mra.00313-25,,2025,metadata_ingested,310,pending,pending
pmid-40586301,Novel enzyme-based reduced representation method for DNA methylation profiling with low inputs.,40586301,10.1093/nar/gkaf558,,2025,metadata_ingested,1549,pending,pending
pmid-40575131,Focused learning by antibody language models using preferential masking of non-templated regions.,40575131,10.1016/j.patter.2025.101239,,2025,metadata_ingested,1111,pending,pending
pmid-40569388,Comparative performance of viral landscape phylogeography approaches.,40569388,10.1073/pnas.2506743122,,2025,metadata_ingested,1213,pending,pending
pmid-40502596,Machine Learning Analysis of Electronic Health Records Identifies Interstitial Lung Disease and Predicts Mortality in Patients with Systemic Sclerosis.,40502596,10.1101/2025.06.02.25328786,,2025,metadata_ingested,2492,pending,pending
pmid-40493423,Cord blood proteomics identifies biomarkers of early-onset neonatal sepsis.,40493423,10.1172/jci.insight.193826,,2025,metadata_ingested,1735,pending,pending
pmid-40492065,"Five-Decade Prevalence of Delirium in Pneumonia, Risk Factors, and Associated Mortality: A Systematic Review and Meta-Analysis.",40492065,10.1101/2025.06.01.25328725,,2025,metadata_ingested,1915,pending,pending
pmid-40447716,"International importance and spread of SARS-CoV-2 variants Alpha, Delta, and Omicron BA.1 into Spain.",40447716,10.1038/s43856-025-00912-9,,2025,metadata_ingested,1407,pending,pending
pmid-40388983,Genomics reveals zoonotic and sustained human mpox spread in West Africa.,40388983,10.1038/s41586-025-09128-2,,2025,metadata_ingested,1585,pending,pending
pmid-40372025,Individual target pharmacokinetic/pharmacodynamic attainment rates among cefepime-treated patients admitted to the ICU with hospital-acquired pneumonia with and without ECMO.,40372025,10.1128/aac.00102-25,,2025,metadata_ingested,1774,pending,pending
pmid-40339581,The recency and geographical origins of the bat viruses ancestral to SARS-CoV and SARS-CoV-2.,40339581,10.1016/j.cell.2025.03.035,,2025,metadata_ingested,1039,pending,pending
pmid-40316844,Antibiotic de-escalation patterns and outcomes in critically ill patients with suspected pneumonia as informed by bronchoalveolar lavage results.,40316844,10.1007/s10096-025-05144-2,,2025,metadata_ingested,1971,pending,pending
pmid-40215972,Library-based single-cell analysis of CAR signaling reveals drivers of in vivo persistence.,40215972,10.1016/j.cels.2025.101260,,2025,metadata_ingested,1079,pending,pending
pmid-40207916,Pseudomonas aeruginosa population dynamics in a vancomycin-induced murine model of gastrointestinal carriage.,40207916,10.1128/mbio.03136-24,,2025,metadata_ingested,2435,pending,pending
pmid-40196646,Longitudinal analysis of drift in the circulating human antibody repertoire over four years.,40196646,10.1101/2025.03.20.644446,,2025,metadata_ingested,1511,pending,pending
pmid-40196585,Comparative performance of novel viral landscape phylogeography approaches.,40196585,10.1101/2025.03.24.645003,,2025,metadata_ingested,1236,pending,pending
pmid-40168990,"Immunological drivers of zoonotic virus emergence, evolution, and endemicity.",40168990,10.1016/j.immuni.2025.03.014,,2025,metadata_ingested,984,pending,pending
pmid-40167310,Regulatory T Cells Require TBET to Regulate Activated CD8+ T Cells During Recovery from Influenza.,40167310,10.1165/rcmb.2024-0254LE,,2025,metadata_ingested,0,pending,pending
pmid-40133528,Transmission dynamics of the 2022 mpox epidemic in New York City.,40133528,10.1038/s41591-025-03526-9,,2025,metadata_ingested,1456,pending,pending
pmid-40100289,AMPK is necessary for Treg functional adaptation to microenvironmental stress during malignancy and viral pneumonia.,40100289,10.1172/JCI179572,,2025,metadata_ingested,1474,pending,pending
pmid-40080116,A common longitudinal intensive care unit data format (CLIF) for critical illness research.,40080116,10.1007/s00134-025-07848-7,,2025,metadata_ingested,1963,pending,pending
pmid-40060663,A curriculum learning approach to training antibody language models.,40060663,10.1101/2025.02.27.640641,,2025,metadata_ingested,864,pending,pending
pmid-40060513,Maintenance DNA methylation is required for induced regulatory T cell reparative function following viral pneumonia.,40060513,10.1101/2025.02.25.640199,,2025,metadata_ingested,1351,pending,pending
pmid-40060453,Dynamics of natural selection preceding human viral epidemics and pandemics.,40060453,10.1101/2025.02.26.640439,,2025,metadata_ingested,1049,pending,pending
pmid-40046892,An Observational Cohort Study of Bronchoalveolar Lavage Fluid Galactomannan and Aspergillus Culture Positivity in Patients Requiring Mechanical Ventilation.,40046892,10.1093/ofid/ofaf090,,2025,metadata_ingested,1712,pending,pending
pmid-39994477,Steps to prevent and respond to an H5N1 epidemic in the USA.,39994477,10.1038/s41591-025-03527-8,,2025,metadata_ingested,0,pending,pending
pmid-39945534,Tracing more than two decades of Japanese encephalitis virus circulation in mainland China.,39945534,10.1128/jvi.01575-24,,2025,metadata_ingested,2274,pending,pending
pmid-39868236,Tissue-resident skeletal muscle macrophages promote recovery from viral pneumonia-induced sarcopenia in normal aging.,39868236,10.1101/2025.01.09.631996,,2025,metadata_ingested,1033,pending,pending
pmid-39867358,Large language models outperform traditional structured data-based approaches in identifying immunosuppressed patients.,39867358,10.1101/2025.01.16.25320564,,2025,metadata_ingested,514,pending,pending
pmid-39836474,The impact of remdesivir on SARS-CoV-2 evolution in vivo.,39836474,10.1172/jci.insight.182376,,2025,metadata_ingested,1466,pending,pending
pmid-39829857,Distinct Control of histone H1 expression within the Histone Locus body by CRAMP1.,39829857,10.1101/2025.01.07.631602,,2025,metadata_ingested,1070,pending,pending
pmid-39737444,Integrating dynamical modeling and phylogeographic inference to characterize global influenza circulation.,39737444,10.1093/pnasnexus/pgae561,,2025,metadata_ingested,1931,pending,pending
pmid-39704343,The Fifth Annual Symposium of the Midwest Aging Consortium.,39704343,10.1093/gerona/glae296,,2025,metadata_ingested,1047,pending,pending
pmid-39645657,"Vimentin modulates regulatory T cell receptor-ligand interactions at distal pole complex, leading to dysregulated host response to viral pneumonia.",39645657,10.1016/j.celrep.2024.115056,,2024,metadata_ingested,983,pending,pending
pmid-39631779,Evolution of a Graph Model for the OMOP Common Data Model.,39631779,10.1055/s-0044-1791487,,2024,metadata_ingested,2091,pending,pending
pmid-39625970,How fast are viruses spreading in the wild?,39625970,10.1371/journal.pbio.3002914,,2024,metadata_ingested,1873,pending,pending
pmid-39605488,Conformational ensemble-based framework enables rapid development of Lassa virus vaccine candidates.,39605488,10.1101/2024.11.21.624760,,2024,metadata_ingested,1818,pending,pending
pmid-39576825,Long-term visual outcomes and histopathologic findings after cataract surgery in Ebola virus disease survivors in the Ebola virus RNA persistence in ocular tissues and fluids (EVICT) study.,39576825,10.1371/journal.pntd.0012662,,2024,metadata_ingested,2957,pending,pending
pmid-39574676,Decoding protein dynamicity in DNA ligase activity through deep learning-based structural ensembles.,39574676,10.1101/2024.11.07.622521,,2024,metadata_ingested,1589,pending,pending
pmid-39553994,Focused learning by antibody language models using preferential masking of non-templated regions.,39553994,10.1101/2024.10.23.619908,,2024,metadata_ingested,1114,pending,pending
pmid-39488529,Live imaging of airway epithelium reveals that mucociliary clearance modulates SARS-CoV-2 spread.,39488529,10.1038/s41467-024-53791-4,,2024,metadata_ingested,1164,pending,pending
pmid-39484236,Humoral waning kinetics against SARS-CoV-2 is dictated by disease severity and vaccine platform.,39484236,10.1101/2024.10.17.24315607,,2024,metadata_ingested,1221,pending,pending
pmid-39475648,Robust extraction of pneumonia-associated clinical states from electronic health records.,39475648,10.1073/pnas.2417688121,,2024,metadata_ingested,1696,pending,pending
pmid-39390446,Emergence of the B.1.214.2 SARS-CoV-2 lineage with an Omicron-like spike insertion and a unique upper airway immune signature.,39390446,10.1186/s12879-024-09967-w,,2024,metadata_ingested,1372,pending,pending
pmid-39367123,Profibrotic monocyte-derived alveolar macrophages are expanded in patients with persistent respiratory symptoms and radiographic abnormalities after COVID-19.,39367123,10.1038/s41590-024-01975-x,,2024,metadata_ingested,1110,pending,pending
pmid-39314979,Antibiotic De-escalation Patterns and Outcomes in Critically Ill Patients with Suspected Pneumonia as Informed by Bronchoalveolar Lavage Results.,39314979,10.1101/2024.09.10.24313149,,2024,metadata_ingested,2034,pending,pending
pmid-39303692,Genetic tracing of market wildlife and viruses at the epicenter of the COVID-19 pandemic.,39303692,10.1016/j.cell.2024.08.010,,2024,metadata_ingested,1088,pending,pending
pmid-39255040,Antibiotic use during influenza infection augments lung eosinophils that impair immunity against secondary bacterial pneumonia.,39255040,10.1172/JCI180986,,2024,metadata_ingested,1251,pending,pending
pmid-39229171,Pseudomonas aeruginosa population dynamics in a vancomycin-induced murine model of gastrointestinal carriage.,39229171,10.1101/2024.08.19.608679,,2024,metadata_ingested,1515,pending,pending
pmid-39224511,Compartment-specific antibody correlates of protection to SARS-CoV-2 Omicron in macaques.,39224511,10.1016/j.isci.2024.110174,,2024,metadata_ingested,1093,pending,pending
pmid-39213326,The global population stru cture of Lacticaseibacillus rhamnosus and its application to an investigation of a rare case of infective endocarditis.,39213326,10.1371/journal.pone.0300843,,2024,metadata_ingested,1793,pending,pending
pmid-39213155,SARS-CoV-2 infection prior to vaccination amplifies Fc-mediated humoral profiles in an age-dependent manner.,39213155,10.1016/j.celrep.2024.114684,,2024,metadata_ingested,1181,pending,pending
pmid-39179693,Evolution of SARS-CoV-2 in the murine central nervous system drives viral diversification.,39179693,10.1038/s41564-024-01786-8,,2024,metadata_ingested,1107,pending,pending
pmid-39169236,Phenotype and specificity of lung T cell responses correlate with outcome in SARS-CoV-2 pneumonia.,39169236,10.1038/s41590-024-01941-7,,2024,metadata_ingested,0,pending,pending
pmid-39148859,Transitions in lung microbiota landscape associate with distinct patterns of pneumonia progression.,39148859,10.1101/2024.08.02.24311426,,2024,metadata_ingested,1172,pending,pending
pmid-39138384,Distinctive evolution of alveolar T cell responses is associated with clinical outcomes in unvaccinated patients with SARS-CoV-2 pneumonia.,39138384,10.1038/s41590-024-01914-w,,2024,metadata_ingested,1105,pending,pending
pmid-39013466,Deep mutational scanning reveals functional constraints and antibody-escape potential of Lassa virus glycoprotein complex.,39013466,10.1016/j.immuni.2024.06.013,,2024,metadata_ingested,1043,pending,pending
pmid-39006420,"Dispersal history of SARS-CoV-2 variants Alpha, Delta, and Omicron (BA.1) in Spain.",39006420,10.1101/2024.07.01.24309632,,2024,metadata_ingested,1192,pending,pending
pmid-39001278,The Impact of Next-Generation Sequencing Added to Multiplex PCR on Antibiotic Stewardship in Critically Ill Patients with Suspected Pneumonia.,39001278,10.3390/diagnostics14131388,,2024,metadata_ingested,1925,pending,pending
pmid-38964363,Lassa fever research priorities: towards effective medical countermeasures by the end of the decade.,38964363,10.1016/S1473-3099(24)00229-9,,2024,metadata_ingested,1390,pending,pending
pmid-38947052,Genomic epidemiology uncovers the timing and origin of the emergence of mpox in humans.,38947052,10.1101/2024.06.18.24309104,,2024,metadata_ingested,1154,pending,pending
pmid-38947021,Molecular epidemiology of recurrent zoonotic transmission of mpox virus in West Africa.,38947021,10.1101/2024.06.18.24309115,,2024,metadata_ingested,1559,pending,pending
pmid-38947010,Evolution of the Umbilical Cord Blood Proteome Across Gestational Development.,38947010,10.1101/2024.06.21.24309280,,2024,metadata_ingested,1449,pending,pending
pmid-38940448,"Dispersal history of SARS-CoV-2 in Galicia, Spain.",38940448,10.1002/jmv.29773,,2024,metadata_ingested,1372,pending,pending
pmid-38853959,FOXP3+ Regulatory T Cells Require TBET to Regulate Activated CD8+ T Cells During Recovery from Influenza Infection.,38853959,10.1101/2024.05.30.596295,,2024,metadata_ingested,1132,pending,pending
pmid-38848216,Deep repertoire mining uncovers ultra-broad coronavirus neutralizing antibodies targeting multiple spike epitopes.,38848216,10.1016/j.celrep.2024.114307,,2024,metadata_ingested,1221,pending,pending
pmid-38801652,Ebola Virus-Specific Neutralizing Antibody Persists at High Levels in Survivors 2 Years After Resolution of Disease in a Sierra Leonean Cohort.,38801652,10.1093/infdis/jiae155,,2024,metadata_ingested,1046,pending,pending
pmid-38800360,Improving antibody language models with native pairing.,38800360,10.1016/j.patter.2024.100967,,2024,metadata_ingested,1029,pending,pending
pmid-38766045,Neutrophil percentages in bronchoalveolar lavage fluid: Implications for diagnosing bacterial pneumonia in patients with immunocompromise and neutropenia.,38766045,10.1101/2024.05.04.24306709,,2024,metadata_ingested,2116,pending,pending
pmid-38643200,Deviations in RSV epidemiological patterns and population structures in the United States following the COVID-19 pandemic.,38643200,10.1038/s41467-024-47757-9,,2024,metadata_ingested,1133,pending,pending
pmid-38559244,Integrating dynamical modeling and phylogeographic inference to characterize global influenza circulation.,38559244,10.1101/2024.03.14.24303719,,2024,metadata_ingested,1942,pending,pending
pmid-38551979,Scalable gradients enable Hamiltonian Monte Carlo sampling for phylodynamic inference under episodic birth-death-sampling models.,38551979,10.1371/journal.pcbi.1011640,,2024,metadata_ingested,1742,pending,pending
pmid-38546716,Meta-Research: Understudied genes are lost in a leaky pipeline between genome-wide assays and reporting of results.,38546716,10.7554/eLife.93429,,2024,metadata_ingested,1540,pending,pending
pmid-38502186,Prolonged exposure to lung-derived cytokines is associated with activation of microglia in patients with COVID-19.,38502186,10.1172/jci.insight.178859,,2024,metadata_ingested,2101,pending,pending
pmid-38464001,Compartment-Specific Antibody Correlates of Protection to SARS-CoV-2 Omicron in Macaques.,38464001,10.1101/2024.03.01.582951,,2024,metadata_ingested,1310,pending,pending
pmid-38463998,"Dispersal history of SARS-CoV-2 in Galicia, Spain.",38463998,10.1101/2024.02.27.24303385,,2024,metadata_ingested,1062,pending,pending
pmid-38453939,A SWI/SNF-dependent transcriptional regulation mediated by POU2AF2/C11orf53 at enhancer.,38453939,10.1038/s41467-024-46492-5,,2024,metadata_ingested,1387,pending,pending
pmid-38446806,"Genomic characterization of SARS-CoV-2 in Guinea, West Africa.",38446806,10.1371/journal.pone.0299082,,2024,metadata_ingested,1176,pending,pending
pmid-38428427,Mediator complex subunit 1 architects a tumorigenic Treg cell program independent of inflammation.,38428427,10.1016/j.xcrm.2024.101441,,2024,metadata_ingested,1060,pending,pending
pmid-38386777,Tissue-Resident Alveolar Macrophages Reduce Ozone-induced Inflammation via MerTK-mediated Efferocytosis.,38386777,10.1165/rcmb.2023-0390OC,,2024,metadata_ingested,1744,pending,pending
pmid-38383504,Novel subtypes of severe COVID-19 respiratory failure based on biological heterogeneity: a secondary analysis of a randomized controlled trial.,38383504,10.1186/s13054-024-04819-0,,2024,metadata_ingested,2511,pending,pending
pmid-38370841,An observational cohort study of bronchoalveolar lavage fluid galactomannan and Aspergillus culture positivity in patients requiring mechanical ventilation.,38370841,10.1101/2024.02.07.24302392,,2024,metadata_ingested,2476,pending,pending
pmid-38370709,Deep mutational scanning reveals functional constraints and antigenic variability of Lassa virus glycoprotein complex.,38370709,10.1101/2024.02.05.579020,,2024,metadata_ingested,1028,pending,pending
pmid-38365222,Culturing the Future of Medicine: The Imperative of Strengthening the Infectious Diseases Physician-Scientist Pipeline.,38365222,10.1093/infdis/jiae074,,2024,metadata_ingested,0,pending,pending
pmid-38360726,Transcriptional profiling of peripheral blood mononuclear cells identifies inflammatory phenotypes in Ataxia Telangiectasia.,38360726,10.1186/s13023-024-03073-5,,2024,metadata_ingested,2088,pending,pending
pmid-38326571,Genome-wide association study identifies human genetic variants associated with fatal outcome from Lassa fever.,38326571,10.1038/s41564-023-01589-3,,2024,metadata_ingested,1155,pending,pending
pmid-38301954,Activity and inhibition of the SARS-CoV-2 Omicron nsp13 R392C variant using RNA duplex unwinding assays.,38301954,10.1016/j.slasd.2024.01.006,,2024,metadata_ingested,1095,pending,pending
pmid-38291080,Humoral profiles of toddlers and young children following SARS-CoV-2 mRNA vaccination.,38291080,10.1038/s41467-024-45181-7,,2024,metadata_ingested,1392,pending,pending
pmid-38280377,Monoclonal antibody therapy protects nonhuman primates against mucosal exposure to Lassa virus.,38280377,10.1016/j.xcrm.2024.101392,,2024,metadata_ingested,1016,pending,pending
pmid-38243701,Many-core algorithms for high-dimensional gradients on phylogenetic trees.,38243701,10.1093/bioinformatics/btae030,,2024,metadata_ingested,2348,pending,pending
pmid-38232695,Integration of individualized and population-level molecular epidemiology data to model COVID-19 outcomes.,38232695,10.1016/j.xcrm.2023.101361,,2024,metadata_ingested,1152,pending,pending
pmid-38132670,Phenotypes of a Pseudomonas aeruginosa hypermutator lineage that emerged during prolonged mechanical ventilation in a patient without cystic fibrosis.,38132670,10.1128/msystems.00484-23,,2024,metadata_ingested,2250,pending,pending
pmid-38112418,Understanding Fc function for rational vaccine design against pathogens.,38112418,10.1128/mbio.03036-23,,2024,metadata_ingested,1339,pending,pending
pmid-38078770,Comparative evolution of influenza A virus H1 and H3 head and stalk domains across host species.,38078770,10.1128/mbio.02649-23,,2024,metadata_ingested,756,pending,pending
pmid-37977230,Temporal correlation between postreperfusion complement deposition and severe primary graft dysfunction in lung allografts.,37977230,10.1016/j.ajt.2023.11.006,,2024,metadata_ingested,1438,pending,pending
pmid-37804247,The Third Annual Symposium of the Midwest Aging Consortium.,37804247,10.1093/gerona/glad239,,2024,metadata_ingested,1270,pending,pending
pmid-37776284,Reply: Research Bronchoscopy Standards and the Need for Noninvasive Sampling of the Failing Lungs.,37776284,10.1513/AnnalsATS.202309-811LE,,2024,metadata_ingested,0,pending,pending
pmid-36909550,Meta-Research: understudied genes are lost in a leaky pipeline between genome-wide assays and reporting of results.,36909550,10.1101/2023.02.28.530483,,2024,metadata_ingested,1540,pending,pending
pmid-42281764,"A Privacy Nihilist Perspective on Clinical Data Sharing: Open Clinical Data Sharing is Dead, Long Live the Walled Garden.",42281764,10.47912/jscdm.234,,2023,metadata_ingested,1117,pending,pending
pmid-38770434,Shrinkage with shrunken shoulders: Gibbs sampling shrinkage model posteriors with guaranteed convergence rates.,38770434,10.1214/22-ba1308,,2023,metadata_ingested,1255,pending,pending
pmid-38550789,"Prior-Preconditioned Conjugate Gradient Method for Accelerated Gibbs Sampling in ""Large n, Large p"" Bayesian Sparse Regression.",38550789,10.1080/01621459.2022.2057859,,2023,metadata_ingested,1660,pending,pending
pmid-38168346,A distinctive evolution of alveolar T cell responses is associated with clinical outcomes in unvaccinated patients with SARS-CoV-2 pneumonia.,38168346,10.1101/2023.12.13.571479,,2023,metadata_ingested,1820,pending,pending
pmid-38168164,Altered RSV Epidemiology and Genetic Diversity Following the COVID-19 Pandemic.,38168164,10.21203/rs.3.rs-3712859/v1,,2023,metadata_ingested,1135,pending,pending
pmid-38101407,Genomic surveillance reveals dynamic shifts in the connectivity of COVID-19 epidemics.,38101407,10.1016/j.cell.2023.11.024,,2023,metadata_ingested,1154,pending,pending
pmid-38076988,AMP-activated protein kinase is necessary for Treg cell functional adaptation to microenvironmental stress.,38076988,10.1101/2023.11.29.568904,,2023,metadata_ingested,1589,pending,pending
pmid-38007686,Beta-spike-containing boosters induce robust and functional antibody responses to SARS-CoV-2 in macaques primed with distinct vaccines.,38007686,10.1016/j.celrep.2023.113292,,2023,metadata_ingested,1125,pending,pending
pmid-37995357,SARS-CoV-2 genomics and impact on clinical care for COVID-19.,37995357,10.1093/jac/dkad309,,2023,metadata_ingested,1633,pending,pending
pmid-37992162,ELOA3: A primate-specific RNA polymerase II elongation factor encoded by a tandem repeat gene cluster.,37992162,10.1126/sciadv.adj1261,,2023,metadata_ingested,1086,pending,pending
pmid-37986982,Tissue-resident alveolar macrophages reduce O(3)-induced inflammation via MerTK mediated efferocytosis.,37986982,10.1101/2023.11.06.565865,,2023,metadata_ingested,1676,pending,pending
pmid-37975660,Individual meropenem epithelial lining fluid and plasma PK/PD target attainment.,37975660,10.1128/aac.00727-23,,2023,metadata_ingested,1482,pending,pending
pmid-37965226,"Clinical significance of culture-negative, PCR-positive bronchoalveolar lavage results in severe pneumonia.",37965226,10.1183/23120541.00343-2023,,2023,metadata_ingested,267,pending,pending
pmid-37961423,Scalable gradients enable Hamiltonian Monte Carlo sampling for phylodynamic inference under episodic birth-death-sampling models.,37961423,10.1101/2023.10.31.564882,,2023,metadata_ingested,1742,pending,pending
pmid-37950885,Shrinkage-based Random Local Clocks with Scalable Inference.,37950885,10.1093/molbev/msad242,,2023,metadata_ingested,1464,pending,pending
pmid-37901225,Hypercapnia increases ACE2 expression and pseudo-SARS-CoV-2 entry in bronchial epithelial cells by augmenting cellular cholesterol.,37901225,10.3389/fimmu.2023.1251120,,2023,metadata_ingested,2163,pending,pending
pmid-37891657,Resurgence of SARS-CoV-2 Delta after Omicron variant superinfection in an immunocompromised pediatric patient.,37891657,10.1186/s12985-023-02186-w,,2023,metadata_ingested,2187,pending,pending
pmid-37886711,AntiRef: reference clusters of human antibody sequences.,37886711,10.1093/bioadv/vbad109,,2023,metadata_ingested,1793,pending,pending
pmid-37877703,Genome-wide screens reveal shared and strain-specific genes that facilitate enteric colonization by Klebsiella pneumoniae.,37877703,10.1128/mbio.02128-23,,2023,metadata_ingested,980,pending,pending
pmid-37849403,"The Arenaviridae Family: Knowledge Gaps, Animal Models, Countermeasures, and Prototype Pathogens.",37849403,10.1093/infdis/jiac266,,2023,metadata_ingested,1079,pending,pending
pmid-37843280,Alveolar epithelial regeneration in the aging lung.,37843280,10.1172/JCI170504,,2023,metadata_ingested,905,pending,pending
pmid-37790412,SARS-CoV-2 Bottlenecks and Tissue-Specific Adaptation in the Central Nervous System.,37790412,10.21203/rs.3.rs-3220157/v1,,2023,metadata_ingested,1091,pending,pending
pmid-37745602,Genetic tracing of market wildlife and viruses at the epicenter of the COVID-19 pandemic.,37745602,10.1101/2023.09.13.557637,,2023,metadata_ingested,1223,pending,pending
pmid-37720034,Live imaging of the airway epithelium reveals that mucociliary clearance modulates SARS-CoV-2 spread.,37720034,10.21203/rs.3.rs-3246773/v1,,2023,metadata_ingested,1060,pending,pending
pmid-37693543,Genome-wide screens reveal shared and strain-specific genes that facilitate enteric colonization by Klebsiella pneumoniae.,37693543,10.1101/2023.08.30.555643,,2023,metadata_ingested,2532,pending,pending
pmid-37681523,Can immunological imprinting drive neurological dysfunction in long COVID?,37681523,10.1093/brain/awad307,,2023,metadata_ingested,198,pending,pending
pmid-37672567,Humoral immunity to an endemic coronavirus is associated with postacute sequelae of COVID-19 in individuals with rheumatic diseases.,37672567,10.1126/scitranslmed.adf6598,,2023,metadata_ingested,1672,pending,pending
pmid-37639445,Accelerating Bayesian inference of dependency between mixed-type biological traits.,37639445,10.1371/journal.pcbi.1011419,,2023,metadata_ingested,1696,pending,pending
pmid-37620306,Antibody-mediated NK cell activation as a correlate of immunity against influenza infection.,37620306,10.1038/s41467-023-40699-8,,2023,metadata_ingested,1444,pending,pending
pmid-37546860,Prolonged exposure to lung-derived cytokines is associated with inflammatory activation of microglia in patients with COVID-19.,37546860,10.1101/2023.07.28.550765,,2023,metadata_ingested,1428,pending,pending
pmid-37535402,Anamnestic humoral correlates of immunity across SARS-CoV-2 variants of concern.,37535402,10.1128/mbio.00902-23,,2023,metadata_ingested,2831,pending,pending
pmid-37520413,An Adjudication Protocol for Severe Pneumonia.,37520413,10.1093/ofid/ofad336,,2023,metadata_ingested,1805,pending,pending
pmid-37502985,The recency and geographical origins of the bat viruses ancestral to SARS-CoV and SARS-CoV-2.,37502985,10.1101/2023.07.12.548617,,2023,metadata_ingested,1514,pending,pending
pmid-37478826,Catalytic spike antibodies: A new paradigm in neutralization.,37478826,10.1016/j.chembiol.2023.06.025,,2023,metadata_ingested,364,pending,pending
pmid-37463441,Differential roles of regulatory T cells in acute respiratory infections.,37463441,10.1172/JCI170505,,2023,metadata_ingested,880,pending,pending
pmid-37458991,Scalable Bayesian Divergence Time Estimation With Ratio Transformations.,37458991,10.1093/sysbio/syad039,,2023,metadata_ingested,1569,pending,pending
pmid-37443074,Waning and boosting of antibody Fc-effector functions upon SARS-CoV-2 vaccination.,37443074,10.1038/s41467-023-39189-8,,2023,metadata_ingested,1450,pending,pending
pmid-37387599,"Finding Facts in Postacute Sequelae of COVID-19: Clinical, Radiographic, and Histopathologic Markers of Disease.",37387599,10.1164/rccm.202306-1043ED,,2023,metadata_ingested,0,pending,pending
pmid-37384622,Antigen pressure from two founder viruses induces multiple insertions at a single antibody position to generate broadly neutralizing HIV antibodies.,37384622,10.1371/journal.ppat.1011416,,2023,metadata_ingested,1456,pending,pending
pmid-37322179,ChAdOx1 nCoV-19 (AZD1222) vaccine-induced Fc receptor binding tracks with differential susceptibility to COVID-19.,37322179,10.1038/s41590-023-01513-1,,2023,metadata_ingested,1202,pending,pending
pmid-37291214,An integrated cell atlas of the lung in health and disease.,37291214,10.1038/s41591-023-02327-2,,2023,metadata_ingested,1386,pending,pending
pmid-37286690,Unified real-time environmental-epidemiological data for multiscale modeling of the COVID-19 pandemic.,37286690,10.1038/s41597-023-02276-y,,2023,metadata_ingested,920,pending,pending
pmid-37266566,Cellular and molecular dynamics in the lungs of neonatal and juvenile mice in response to E. coli.,37266566,10.7554/eLife.82933,,2023,metadata_ingested,1537,pending,pending
pmid-37252360,Lectin Fingerprinting Distinguishes Antibody Neutralization in SARS-CoV-2.,37252360,10.1021/acscentsci.2c01471,,2023,metadata_ingested,1374,pending,pending
pmid-37249415,Humoral profiling of pediatric patients with cancer reveals robust immunity following anti-SARS-CoV-2 vaccination superior to natural infection.,37249415,10.1002/pbc.30473,,2023,metadata_ingested,1836,pending,pending
pmid-37209096,Structural conservation of Lassa virus glycoproteins and recognition by neutralizing antibodies.,37209096,10.1016/j.celrep.2023.112524,,2023,metadata_ingested,1114,pending,pending
pmid-37204925,"Tissue-resident, extravascular Ly6c(-) monocytes are critical for inflammation in the synovium.",37204925,10.1016/j.celrep.2023.112513,,2023,metadata_ingested,1084,pending,pending
pmid-37191546,Serodominant SARS-CoV-2 Nucleocapsid Peptides Map to Unstructured Protein Regions.,37191546,10.1128/spectrum.00324-23,,2023,metadata_ingested,1716,pending,pending
pmid-37191517,Genomics of Aminoglycoside Resistance in Pseudomonas aeruginosa Bloodstream Infections at a United States Academic Hospital.,37191517,10.1128/spectrum.05087-22,,2023,metadata_ingested,2557,pending,pending
pmid-37182520,Hybrid immunity expands the functional humoral footprint of both mRNA and vector-based SARS-CoV-2 vaccines.,37182520,10.1016/j.xcrm.2023.101048,,2023,metadata_ingested,1175,pending,pending
pmid-37173406,Long-term humoral signatures following acute pediatric COVID-19 and Multisystem Inflammatory Syndrome in Children.,37173406,10.1038/s41390-023-02627-w,,2023,metadata_ingested,1990,pending,pending
pmid-37161609,Neurologic sequelae of COVID-19 are determined by immunologic imprinting from previous coronaviruses.,37161609,10.1093/brain/awad155,,2023,metadata_ingested,2810,pending,pending
pmid-37104035,"Machine learning links unresolving secondary pneumonia to mortality in patients with severe pneumonia, including COVID-19.",37104035,10.1172/JCI170682,,2023,metadata_ingested,2635,pending,pending
pmid-37082529,Selective SARS-CoV2 BA.2 escape of antibody Fc/Fc-receptor interactions.,37082529,10.1016/j.isci.2023.106582,,2023,metadata_ingested,1094,pending,pending
pmid-37081398,"Schema Playground: a tool for authoring, extending, and using metadata schemas to improve FAIRness of biomedical data.",37081398,10.1186/s12859-023-05258-4,,2023,metadata_ingested,1582,pending,pending
pmid-37066325,Humoral profiles of toddlers and young children following SARS-CoV-2 mRNA vaccination.,37066325,10.21203/rs.3.rs-2748734/v1,,2023,metadata_ingested,1380,pending,pending
pmid-37061918,Antibodies against the Ebola virus soluble glycoprotein are associated with long-term vaccine-mediated protection of non-human primates.,37061918,10.1016/j.celrep.2023.112402,,2023,metadata_ingested,1097,pending,pending
pmid-37034676,Deep repertoire mining uncovers ultra-broad coronavirus neutralizing antibodies targeting multiple spike epitopes.,37034676,10.1101/2023.03.28.534602,,2023,metadata_ingested,1892,pending,pending
pmid-37022093,Alveolar Macrophages during Inflammation: A Balancing Act.,37022093,10.1165/rcmb.2023-0098ED,,2023,metadata_ingested,0,pending,pending
pmid-37000623,Fc-mediated pan-sarbecovirus protection after alphavirus vector vaccination.,37000623,10.1016/j.celrep.2023.112326,,2023,metadata_ingested,1093,pending,pending
pmid-36993465,Novel Tools for Lassa Virus Surveillance in Peri-domestic Rodents.,36993465,10.1101/2023.03.17.23287380,,2023,metadata_ingested,2264,pending,pending
pmid-36853705,Protocol for bulk RNA sequencing of enriched human neutrophils from whole blood and estimation of sample purity.,36853705,10.1016/j.xpro.2023.102125,,2023,metadata_ingested,732,pending,pending
pmid-36823332,Outbreak.info genomic reports: scalable and dynamic surveillance of SARS-CoV-2 variants and mutations.,36823332,10.1038/s41592-023-01769-3,,2023,metadata_ingested,1083,pending,pending
pmid-36823331,"Outbreak.info Research Library: a standardized, searchable platform to discover and explore COVID-19 resources.",36823331,10.1038/s41592-023-01770-w,,2023,metadata_ingested,622,pending,pending
pmid-36823198,Addressing barriers in FAIR data practices for biomedical data.,36823198,10.1038/s41597-023-01969-8,,2023,metadata_ingested,0,pending,pending
pmid-36823157,Developing a standardized but extendable framework to increase the findability of infectious disease datasets.,36823157,10.1038/s41597-023-01968-9,,2023,metadata_ingested,1254,pending,pending
pmid-36781879,Robust induction of functional humoral response by a plant-derived Coronavirus-like particle vaccine candidate for COVID-19.,36781879,10.1038/s41541-023-00612-2,,2023,metadata_ingested,1116,pending,pending
pmid-36669500,The impact of multidrug-resistant microorganisms on critically ill patients with cirrhosis in the intensive care unit: a cohort study.,36669500,10.1097/HC9.0000000000000038,,2023,metadata_ingested,2131,pending,pending
pmid-36603089,Wastewater surveillance for public health.,36603089,10.1126/science.ade2503,,2023,metadata_ingested,81,pending,pending
pmid-36597886,Circulating Spike Protein Detected in Post-COVID-19 mRNA Vaccine Myocarditis.,36597886,10.1161/CIRCULATIONAHA.122.061025,,2023,metadata_ingested,1923,pending,pending
pmid-36475767,"Early Genomic Surveillance and Phylogeographic Analysis of Getah Virus, a Reemerging Arbovirus, in Livestock in China.",36475767,10.1128/jvi.01091-22,,2023,metadata_ingested,2917,pending,pending
pmid-36472425,Machine Learning To Stratify Methicillin-Resistant Staphylococcus aureus Risk among Hospitalized Patients with Community-Acquired Pneumonia.,36472425,10.1128/aac.01023-22,,2023,metadata_ingested,1736,pending,pending
pmid-36281773,Three Distinct Transcriptional Profiles of Monocytes Associate with Disease Activity in Scleroderma Patients.,36281773,10.1002/art.42380,,2023,metadata_ingested,1808,pending,pending
pmid-36097163,Lassa fever - the road ahead.,36097163,10.1038/s41579-022-00789-8,,2023,metadata_ingested,1040,pending,pending
pmid-35868417,"COVID-19 booster dose induces robust antibody response in pregnant, lactating, and nonpregnant women.",35868417,10.1016/j.ajog.2022.07.014,,2023,metadata_ingested,2546,pending,pending
pmid-35696591,Outcomes of Percutaneous Tracheostomy for Patients With SARS-CoV-2 Respiratory Failure.,35696591,10.1097/LBR.0000000000000854,,2023,metadata_ingested,1744,pending,pending
pmid-37118543,Aging is associated with a systemic length-associated transcriptome imbalance.,37118543,10.1038/s43587-022-00317-6,,2022,metadata_ingested,1005,pending,pending
pmid-36968243,Efficient isolation of rare B cells using next-generation antigen barcoding.,36968243,10.3389/fcimb.2022.962945,,2022,metadata_ingested,848,pending,pending
pmid-36560718,ViralVar: A Web Tool for Multilevel Visualization of SARS-CoV-2 Genomes.,36560718,10.3390/v14122714,,2022,metadata_ingested,1369,pending,pending
pmid-36523403,Superiority of intranasal over systemic administration of bioengineered soluble ACE2 for survival and brain protection against SARS-CoV-2 infection.,36523403,10.1101/2022.12.05.519032,,2022,metadata_ingested,1720,pending,pending
pmid-36477580,Protection of the human gene research literature from contract cheating organizations known as research paper mills.,36477580,10.1093/nar/gkac1139,,2022,metadata_ingested,1405,pending,pending
pmid-36463314,BNT162b2 induces robust cross-variant SARS-CoV-2 immunity in children.,36463314,10.1038/s41541-022-00575-w,,2022,metadata_ingested,1629,pending,pending
pmid-36441765,Expansion of CD8+ T cell population in Lassa virus survivors with low T cell precursor frequency reveals durable immune response in most survivors.,36441765,10.1371/journal.pntd.0010882,,2022,metadata_ingested,1755,pending,pending
pmid-36423141,Challenges and Opportunities for Global Genomic Surveillance Strategies in the COVID-19 Era.,36423141,10.3390/v14112532,,2022,metadata_ingested,1565,pending,pending
pmid-36385137,Global disparities in SARS-CoV-2 genomic surveillance.,36385137,10.1038/s41467-022-33713-y,,2022,metadata_ingested,1031,pending,pending
pmid-36355862,The evidence remains clear: SARS-CoV-2 emerged via the wildlife trade.,36355862,10.1073/pnas.2214427119,,2022,metadata_ingested,0,pending,pending
pmid-36351430,Nucleocapsid-specific antibody function is associated with therapeutic benefits from COVID-19 convalescent plasma therapy.,36351430,10.1016/j.xcrm.2022.100811,,2022,metadata_ingested,1250,pending,pending
pmid-36298561,Relationship between Anti-Spike Antibodies and Risk of SARS-CoV-2 Infection in Infants Born to COVID-19 Vaccinated Mothers.,36298561,10.3390/vaccines10101696,,2022,metadata_ingested,1662,pending,pending
pmid-36288283,A cocktail of protective antibodies subverts the dense glycan shield of Lassa virus.,36288283,10.1126/scitranslmed.abq0991,,2022,metadata_ingested,1364,pending,pending
pmid-36211254,"BAYESIAN MITIGATION OF SPATIAL COARSENING FOR A HAWKES MODEL APPLIED TO GUNFIRE, WILDFIRE AND VIRAL CONTAGION.",36211254,10.1214/21-aoas1517,,2022,metadata_ingested,1733,pending,pending
pmid-36208629,Longitudinal characterization of circulating neutrophils uncovers phenotypes associated with severity in hospitalized COVID-19 patients.,36208629,10.1016/j.xcrm.2022.100779,,2022,metadata_ingested,1313,pending,pending
pmid-36203557,Impact of cross-coronavirus immunity in post-acute sequelae of COVID-19.,36203557,10.1101/2022.09.25.22280335,,2022,metadata_ingested,1633,pending,pending
pmid-36173950,SARS-CoV-2 furin cleavage site was not engineered.,36173950,10.1073/pnas.2211107119,,2022,metadata_ingested,0,pending,pending
pmid-36167835,Predicting the evolution of the Lassa virus endemic area and population at risk over the next decades.,36167835,10.1038/s41467-022-33112-3,,2022,metadata_ingested,1107,pending,pending
pmid-36129295,"Functional and Structural Characterization of OXA-935, a Novel OXA-10-Family β-Lactamase from Pseudomonas aeruginosa.",36129295,10.1128/aac.00985-22,,2022,metadata_ingested,1763,pending,pending
pmid-36116810,Novel and Rapid Diagnostics for Common Infections in the Critically Ill Patient.,36116810,10.1016/j.ccm.2022.04.003,,2022,metadata_ingested,282,pending,pending
pmid-36061870,Gearing up for battle: Harnessing adaptive T cell immunity against gram-negative pneumonia.,36061870,10.3389/fcimb.2022.934671,,2022,metadata_ingested,956,pending,pending
pmid-36060555,Inferring Phenotypic Trait Evolution on Large Trees With Many Incomplete Measurements.,36060555,10.1080/01621459.2020.1799812,,2022,metadata_ingested,1424,pending,pending
pmid-36056073,Selective transfer of maternal antibodies in preterm and fullterm children.,36056073,10.1038/s41598-022-18973-4,,2022,metadata_ingested,1295,pending,pending
pmid-36000735,Hybrid Immunity Shifts the Fc-Effector Quality of SARS-CoV-2 mRNA Vaccine-Induced Immunity.,36000735,10.1128/mbio.01647-22,,2022,metadata_ingested,2947,pending,pending
pmid-35989603,Scalable Bayesian phylogenetics.,35989603,10.1098/rstb.2021.0242,,2022,metadata_ingested,1030,pending,pending
pmid-35977496,Systems approach to define humoral correlates of immunity to Shigella.,35977496,10.1016/j.celrep.2022.111216,,2022,metadata_ingested,1338,pending,pending
pmid-35973352,The next frontier in vaccine design: blending immune correlates of protection into rational vaccine design.,35973352,10.1016/j.coi.2022.102234,,2022,metadata_ingested,1163,pending,pending
pmid-35970983,Regional connectivity drove bidirectional transmission of SARS-CoV-2 in the Middle East during travel restrictions.,35970983,10.1038/s41467-022-32536-1,,2022,metadata_ingested,960,pending,pending
pmid-35961427,Incidence and Clinical Characteristics of Severe Acute Respiratory Syndrome Coronavirus 2 Infection After Vaccination in Children.,35961427,10.1016/j.jpeds.2022.07.056,,2022,metadata_ingested,482,pending,pending
pmid-35952712,Context-specific emergence and growth of the SARS-CoV-2 Delta variant.,35952712,10.1038/s41586-022-05200-3,,2022,metadata_ingested,1732,pending,pending
pmid-35924454,Severity of Illness Caused by Severe Acute Respiratory Syndrome Coronavirus 2 Variants of Concern in Children: A Single-Center Retrospective Cohort Study.,35924454,10.1093/jpids/piac068,,2022,metadata_ingested,1756,pending,pending
pmid-35923313,Waning and boosting of functional humoral immunity to SARS-CoV-2.,35923313,10.1101/2022.07.22.501163,,2022,metadata_ingested,1545,pending,pending
pmid-35919523,Stromal Transcription Factor 21 Regulates Development of the Renal Stroma via Interaction with Wnt/β-Catenin Signaling.,35919523,10.34067/KID.0005572021,,2022,metadata_ingested,2172,pending,pending
pmid-35899968,De novo emergence of SARS-CoV-2 spike mutations in immunosuppressed patients.,35899968,10.1111/tid.13914,,2022,metadata_ingested,1715,pending,pending
pmid-35895416,Evaluation of Three Clinical Prediction Tools to Predict Mortality in Hospitalized Patients with Lassa Fever.,35895416,10.4269/ajtmh.20-1624,,2022,metadata_ingested,1467,pending,pending
pmid-35881018,SARS-CoV-2 mRNA vaccination elicits robust antibody responses in children.,35881018,10.1126/scitranslmed.abn9237,,2022,metadata_ingested,1674,pending,pending
pmid-35881010,The Huanan Seafood Wholesale Market in Wuhan was the early epicenter of the COVID-19 pandemic.,35881010,10.1126/science.abp8715,,2022,metadata_ingested,1017,pending,pending
pmid-35881005,The molecular epidemiology of multiple zoonotic origins of SARS-CoV-2.,35881005,10.1126/science.abp8337,,2022,metadata_ingested,1102,pending,pending
pmid-35869779,Individual target pharmacokinetic/pharmacodynamic attainment rates among meropenem-treated patients admitted to the ICU with hospital-acquired pneumonia.,35869779,10.1093/jac/dkac245,,2022,metadata_ingested,639,pending,pending
pmid-35833903,Suppression of Allergic Asthma by Loss of Function of Miz1-mediated Th1 Skewing.,35833903,10.1165/rcmb.2022-0135OC,,2022,metadata_ingested,1307,pending,pending
pmid-35798029,Wastewater sequencing reveals early cryptic SARS-CoV-2 variant transmission.,35798029,10.1038/s41586-022-05049-6,,2022,metadata_ingested,1511,pending,pending
pmid-35795297,Accommodating sampling location uncertainty in continuous phylogeography.,35795297,10.1093/ve/veac041,,2022,metadata_ingested,761,pending,pending
pmid-35794893,Outbreak.info genomic reports: scalable and dynamic surveillance of SARS-CoV-2 variants and mutations.,35794893,10.21203/rs.3.rs-1723829/v1,,2022,metadata_ingested,1470,pending,pending
pmid-35776495,Advancing Lung Immunology Research: An Official American Thoracic Society Workshop Report.,35776495,10.1165/rcmb.2022-0167ST,,2022,metadata_ingested,1372,pending,pending
pmid-35771664,Introduction and Establishment of SARS-CoV-2 Gamma Variant in New York City in Early 2021.,35771664,10.1093/infdis/jiac265,,2022,metadata_ingested,1365,pending,pending
pmid-35767652,Antibody Fc characteristics and effector functions correlate with protection from symptomatic dengue virus type 3 infection.,35767652,10.1126/scitranslmed.abm3151,,2022,metadata_ingested,1188,pending,pending
pmid-35764643,Maternal immune response and placental antibody transfer after COVID-19 vaccination across trimester and platforms.,35764643,10.1038/s41467-022-31169-8,,2022,metadata_ingested,1266,pending,pending
pmid-35677074,"Schema Playground: A tool for authoring, extending, and using metadata schemas to improve FAIRness of biomedical data.",35677074,10.1101/2021.09.02.458726,,2022,metadata_ingested,1585,pending,pending
pmid-35652578,Rapid and Sensitive Detection of Antigen from SARS-CoV-2 Variants of Concern by a Multivalent Minibinder-Functionalized Nanomechanical Sensor.,35652578,10.1021/acs.analchem.2c01221,,2022,metadata_ingested,1157,pending,pending
pmid-35581238,Author Correction: Reduced expression of mitochondrial complex I subunit Ndufs2 does not impact healthspan in mice.,35581238,10.1038/s41598-022-12069-9,,2022,metadata_ingested,0,pending,pending
pmid-35538057,Archival influenza virus genomes from Europe reveal genomic variability during the 1918 pandemic.,35538057,10.1038/s41467-022-29614-9,,2022,metadata_ingested,808,pending,pending
pmid-35455241,Durability and Cross-Reactivity of SARS-CoV-2 mRNA Vaccine in Adolescent Children.,35455241,10.3390/vaccines10040492,,2022,metadata_ingested,1329,pending,pending
pmid-35442171,Selected Bibliography of Recent Research in COVID-19.,35442171,10.1164/rccm.202202-0277UP,,2022,metadata_ingested,0,pending,pending
pmid-35440684,Inter-individual variation in objective measure of reactogenicity following COVID-19 vaccination via smartwatches and fitness bands.,35440684,10.1038/s41746-022-00591-z,,2022,metadata_ingested,1993,pending,pending
pmid-35430229,Preserved recognition of Omicron spike following COVID-19 messenger RNA vaccination in pregnancy.,35430229,10.1016/j.ajog.2022.04.009,,2022,metadata_ingested,2252,pending,pending
pmid-35411350,"Wastewater sequencing uncovers early, cryptic SARS-CoV-2 variant transmission.",35411350,10.1101/2021.12.21.21268143,,2022,metadata_ingested,1491,pending,pending
pmid-35411346,An immunoPET probe to SARS-CoV-2 reveals early infection of the male genital tract in rhesus macaques.,35411346,10.21203/rs.3.rs-1479315/v1,,2022,metadata_ingested,1693,pending,pending
pmid-35396471,Unlocking capacities of genomics for the COVID-19 response and future pandemics.,35396471,10.1038/s41592-022-01444-z,,2022,metadata_ingested,728,pending,pending
pmid-35363994,Expression of ACE2-a Key SARS-CoV-2 Entry Factor-Is Not Increased in the Nasal Mucosa of People with Cystic Fibrosis.,35363994,10.1165/rcmb.2021-0341LE,,2022,metadata_ingested,0,pending,pending
pmid-35361968,Defining the risk of SARS-CoV-2 variants on immune protection.,35361968,10.1038/s41586-022-04690-5,,2022,metadata_ingested,1462,pending,pending
pmid-35359802,Mathematical models to study the biology of pathogens and the infectious diseases they cause.,35359802,10.1016/j.isci.2022.104079,,2022,metadata_ingested,654,pending,pending
pmid-35357886,A modified vaccinia Ankara vaccine expressing spike and nucleocapsid protects rhesus macaques against SARS-CoV-2 Delta infection.,35357886,10.1126/sciimmunol.abo0226,,2022,metadata_ingested,1801,pending,pending
pmid-35348368,mRNA-1273 and BNT162b2 COVID-19 vaccines elicit antibodies with differences in Fc-mediated effector functions.,35348368,10.1126/scitranslmed.abm2311,,2022,metadata_ingested,1630,pending,pending
pmid-35338200,Reduced expression of mitochondrial complex I subunit Ndufs2 does not impact healthspan in mice.,35338200,10.1038/s41598-022-09074-3,,2022,metadata_ingested,1294,pending,pending
pmid-35325204,Selection Analysis Identifies Clusters of Unusual Mutational Changes in Omicron Lineage BA.1 That Likely Impact Spike Function.,35325204,10.1093/molbev/msac061,,2022,metadata_ingested,1443,pending,pending
pmid-35309306,Epigenetic Control of Regulatory T Cell Stability and Function: Implications for Translation.,35309306,10.3389/fimmu.2022.861607,,2022,metadata_ingested,778,pending,pending
pmid-35290925,Low-level SARS-CoV-2 viremia coincident with COVID placentitis and stillbirth.,35290925,10.1016/j.placenta.2022.03.003,,2022,metadata_ingested,726,pending,pending
pmid-35289637,Omicron variant Spike-specific antibody binding and Fc activity are preserved in recipients of mRNA or inactivated COVID-19 vaccines.,35289637,10.1126/scitranslmed.abn9243,,2022,metadata_ingested,1839,pending,pending
pmid-35262081,An immunoPET probe to SARS-CoV-2 reveals early infection of the male genital tract in rhesus macaques.,35262081,10.1101/2022.02.25.481974,,2022,metadata_ingested,1693,pending,pending
pmid-35245365,Altered Maternal Antibody Profiles in Women With Human Immunodeficiency Virus Drive Changes in Transplacental Antibody Transfer.,35245365,10.1093/cid/ciac156,,2022,metadata_ingested,1851,pending,pending
pmid-35215114,Enterotoxigenic Escherichia coli Heat-Stable Toxin and Ebola Virus Delta Peptide: Similarities and Differences.,35215114,10.3390/pathogens11020170,,2022,metadata_ingested,374,pending,pending
pmid-35213690,Trends in Severe Acute Respiratory Syndrome Coronavirus 2 (SARS-CoV-2) Seroprevalence in Massachusetts Estimated from Newborn Screening Specimens.,35213690,10.1093/cid/ciac158,,2022,metadata_ingested,1886,pending,pending
pmid-35202558,Lung Injury Induces Alveolar Type 2 Cell Hypertrophy and Polyploidy with Implications for Repair and Regeneration.,35202558,10.1165/rcmb.2021-0356OC,,2022,metadata_ingested,1017,pending,pending
pmid-35198645,Assessment of Virological Contributions to COVID-19 Outcomes in a Longitudinal Cohort of Hospitalized Adults.,35198645,10.1093/ofid/ofac027,,2022,metadata_ingested,1674,pending,pending
pmid-35194616,Durability and cross-reactivity of SARS-CoV-2 mRNA vaccine in adolescent children.,35194616,10.1101/2022.01.05.22268617,,2022,metadata_ingested,1187,pending,pending
pmid-35170002,Methicillin-Resistant Staphylococcus aureus Hospital-Acquired Pneumonia/Ventilator-Associated Pneumonia.,35170002,10.1055/s-0041-1740583,,2022,metadata_ingested,1574,pending,pending
pmid-35143473,SARS-CoV-2 antibodies protect against reinfection for at least 6 months in a multicentre seroepidemiological workplace cohort.,35143473,10.1371/journal.pbio.3001531,,2022,metadata_ingested,1175,pending,pending
pmid-35132411,"Outbreak.info Research Library: A standardized, searchable platform to discover and explore COVID-19 resources.",35132411,10.1101/2022.01.20.477133,,2022,metadata_ingested,1067,pending,pending
pmid-35129576,Durability of Anti-Spike Antibodies in Infants After Maternal COVID-19 Vaccination or Natural Infection.,35129576,10.1001/jama.2022.1206,,2022,metadata_ingested,151,pending,pending
pmid-35115515,Multiple expansions of globally uncommon SARS-CoV-2 lineages in Nigeria.,35115515,10.1038/s41467-022-28317-5,,2022,metadata_ingested,1048,pending,pending
pmid-35090580,mRNA-1273 vaccine-induced antibodies maintain Fc effector functions across SARS-CoV-2 variants of concern.,35090580,10.1016/j.immuni.2022.01.001,,2022,metadata_ingested,1188,pending,pending
pmid-35085383,Clinical Characteristics and Outcomes of Patients With COVID-19-Associated Acute Respiratory Distress Syndrome Who Underwent Lung Transplant.,35085383,10.1001/jama.2022.0204,,2022,metadata_ingested,3072,pending,pending
pmid-35085382,Proactive vs Reactive Machine Learning in Health Care: Lessons From the COVID-19 Pandemic.,35085382,10.1001/jama.2021.24935,,2022,metadata_ingested,0,pending,pending
pmid-35075456,Selection analysis identifies unusual clustered mutational changes in Omicron lineage BA.1 that likely impact Spike function.,35075456,10.1101/2022.01.14.476382,,2022,metadata_ingested,1412,pending,pending
pmid-35073738,Serological Markers of SARS-CoV-2 Reinfection.,35073738,10.1128/mbio.02141-21,,2022,metadata_ingested,3072,pending,pending
pmid-35058620,Clinical trial design during and beyond the pandemic: the I-SPY COVID trial.,35058620,10.1038/s41591-021-01617-x,,2022,metadata_ingested,0,pending,pending
pmid-35040956,From viral evolution to spatial contagion: a biologically modulated Hawkes model.,35040956,10.1093/bioinformatics/btac027,,2022,metadata_ingested,1114,pending,pending
pmid-35022730,"Clinical and microbiological outcomes, by causative pathogen, in the ASPECT-NP randomized, controlled, Phase 3 trial comparing ceftolozane/tazobactam and meropenem for treatment of hospital-acquired/ventilator-associated bacterial pneumonia.",35022730,10.1093/jac/dkab494,,2022,metadata_ingested,2072,pending,pending
pmid-35022248,Identification of human gene research articles with wrongly identified nucleotide sequences.,35022248,10.26508/lsa.202101203,,2022,metadata_ingested,1295,pending,pending
pmid-35018376,Comprehensive antibody profiling of mRNA vaccination in children.,35018376,10.1101/2021.10.07.463592,,2022,metadata_ingested,1711,pending,pending
pmid-34990452,The characteristics of early-stage research into human genes are substantially different from subsequent research.,34990452,10.1371/journal.pbio.3001520,,2022,metadata_ingested,1158,pending,pending
pmid-34986351,Ebola virus delta peptide is an enterotoxin.,34986351,10.1016/j.celrep.2021.110172,,2022,metadata_ingested,1084,pending,pending
pmid-34951645,Phylogeography Reveals Association between Swine Trade and the Spread of Porcine Epidemic Diarrhea Virus in China and across the World.,34951645,10.1093/molbev/msab364,,2022,metadata_ingested,1597,pending,pending
pmid-34937051,Local and systemic responses to SARS-CoV-2 infection in children and adults.,34937051,10.1038/s41586-021-04345-x,,2022,metadata_ingested,1417,pending,pending
pmid-34931078,Role of the T cell vitamin D receptor in severe COVID-19.,34931078,10.1038/s41590-021-01098-7,,2022,metadata_ingested,0,pending,pending
pmid-34871701,Kidney Recovery and Death in Critically Ill Patients With COVID-19-Associated Acute Kidney Injury Treated With Dialysis: The STOP-COVID Cohort Study.,34871701,10.1053/j.ajkd.2021.11.004,,2022,metadata_ingested,2579,pending,pending
pmid-34841975,Combining cox regressions across a heterogeneous distributed research network facing small and zero counts.,34841975,10.1177/09622802211060518,,2022,metadata_ingested,1403,pending,pending
pmid-34811567,"Safety and efficacy of multipotent adult progenitor cells in acute respiratory distress syndrome (MUST-ARDS): a multicentre, randomised, double-blind, placebo-controlled phase 1/2 trial.",34811567,10.1007/s00134-021-06570-4,,2022,metadata_ingested,1691,pending,pending
pmid-34731594,Age-related Differences in the Nasal Mucosal Immune Response to SARS-CoV-2.,34731594,10.1165/rcmb.2021-0292OC,,2022,metadata_ingested,1604,pending,pending
pmid-34694655,Outcomes after extracorporeal membrane oxygenation support in COVID-19 and non-COVID-19 patients.,34694655,10.1111/aor.14090,,2022,metadata_ingested,1658,pending,pending
pmid-34668007,Aminoglycoside-resistance gene signatures are predictive of aminoglycoside MICs for carbapenem-resistant Klebsiella pneumoniae.,34668007,10.1093/jac/dkab381,,2022,metadata_ingested,1983,pending,pending
pmid-34462589,Mapping single-cell data to reference atlases by transfer learning.,34462589,10.1038/s41587-021-01001-7,,2022,metadata_ingested,1305,pending,pending
pmid-34387183,Decreasing incidence of Acinetobacter baumannii pneumonia and trends in antibiotic consumption: A single-center retrospective observational study.,34387183,10.1017/ice.2021.348,,2022,metadata_ingested,1798,pending,pending
pmid-35983577,Scalable Algorithms for Large Competing Risks Data.,35983577,10.1080/10618600.2020.1841650,,2021,metadata_ingested,1567,pending,pending
pmid-34981072,Preserved Omicron Spike specific antibody binding and Fc-recognition across COVID-19 vaccine platforms.,34981072,10.1101/2021.12.24.21268378,,2021,metadata_ingested,1661,pending,pending
pmid-34981069,Context-specific emergence and growth of the SARS-CoV-2 Delta variant.,34981069,10.1101/2021.12.14.21267606,,2021,metadata_ingested,1899,pending,pending
pmid-34981043,Context-specific emergence and growth of the SARS-CoV-2 Delta variant.,34981043,10.21203/rs.3.rs-1159614/v1,,2021,metadata_ingested,1891,pending,pending
pmid-34911696,Recovering from a pandemic: pulmonary fibrosis after SARS-CoV-2 infection.,34911696,10.1183/16000617.0194-2021,,2021,metadata_ingested,1552,pending,pending
pmid-34893512,Toward a Paradigm to Distinguish Distinct Functions of FOXP3(+) Regulatory T Cells.,34893512,10.4049/immunohorizons.2100046,,2021,metadata_ingested,975,pending,pending
pmid-34835131,Cross-Reactive Antibodies to SARS-CoV-2 and MERS-CoV in Pre-COVID-19 Blood Samples from Sierra Leoneans.,34835131,10.3390/v13112325,,2021,metadata_ingested,1490,pending,pending
pmid-34835041,Epidemiological and Immunological Features of Obesity and SARS-CoV-2.,34835041,10.3390/v13112235,,2021,metadata_ingested,1001,pending,pending
pmid-34824251,Functional convalescent plasma antibodies and pre-infusion titers shape the early severe COVID-19 immune response.,34824251,10.1038/s41467-021-27201-y,,2021,metadata_ingested,1166,pending,pending
pmid-34812429,Reduced antibody activity against SARS-CoV-2 B.1.617.2 delta virus in serum of mRNA-vaccinated individuals receiving tumor necrosis factor-α inhibitors.,34812429,10.1016/j.medj.2021.11.004,,2021,metadata_ingested,1677,pending,pending
pmid-34739850,Selective functional antibody transfer into the breastmilk after SARS-CoV-2 infection.,34739850,10.1016/j.celrep.2021.109959,,2021,metadata_ingested,1245,pending,pending
pmid-34729568,Severity of Illness Caused by Severe Acute Respiratory Syndrome Coronavirus 2 Variants of Concern in Children: A Single-Center Retrospective Cohort Study.,34729568,10.1101/2021.10.23.21265402,,2021,metadata_ingested,2442,pending,pending
pmid-34664987,Maternal SARS-CoV-2 infection elicits sexually dimorphic placental immune responses.,34664987,10.1126/scitranslmed.abi7428,,2021,metadata_ingested,1383,pending,pending
pmid-34664972,"COVID-19 mRNA vaccines drive differential antibody Fc-functional profiles in pregnant, lactating, and nonpregnant women.",34664972,10.1126/scitranslmed.abi8631,,2021,metadata_ingested,1630,pending,pending
pmid-34652962,Early cross-coronavirus reactive signatures of humoral immunity against COVID-19.,34652962,10.1126/sciimmunol.abj2901,,2021,metadata_ingested,1113,pending,pending
pmid-34615350,Biological Mitigation of Antibiotic Resistance Gene Dissemination by Antioxidant-Producing Microorganisms in Activated Sludge Systems.,34615350,10.1021/acs.est.1c04641,,2021,metadata_ingested,1653,pending,pending
pmid-34578352,Zika Virus Non-Structural Protein 1 Antigen-Capture Immunoassay.,34578352,10.3390/v13091771,,2021,metadata_ingested,1487,pending,pending
pmid-34519526,Genomic Features Associated with the Degree of Phenotypic Resistance to Carbapenems in Carbapenem-Resistant Klebsiella pneumoniae.,34519526,10.1128/mSystems.00194-21,,2021,metadata_ingested,2650,pending,pending
pmid-34508652,Emergence of an early SARS-CoV-2 epidemic in the United States.,34508652,10.1016/j.cell.2021.07.030,,2021,metadata_ingested,970,pending,pending
pmid-34494026,Subtle immunological differences in mRNA-1273 and BNT162b2 COVID-19 vaccine induced Fc-functional profiles.,34494026,10.1101/2021.08.31.458247,,2021,metadata_ingested,1335,pending,pending
pmid-34485950,Fab and Fc contribute to maximal protection against SARS-CoV-2 following NVX-CoV2373 subunit vaccine with Matrix-M vaccination.,34485950,10.1016/j.xcrm.2021.100405,,2021,metadata_ingested,1137,pending,pending
pmid-34480864,The origins of SARS-CoV-2: A critical review.,34480864,10.1016/j.cell.2021.08.017,,2021,metadata_ingested,491,pending,pending
pmid-34462754,Global disparities in SARS-CoV-2 genomic surveillance.,34462754,10.1101/2021.08.21.21262393,,2021,metadata_ingested,818,pending,pending
pmid-34446078,Technology dictates algorithms: recent developments in read alignment.,34446078,10.1186/s13059-021-02443-7,,2021,metadata_ingested,684,pending,pending
pmid-34416262,Screening Students and Staff for Asymptomatic Coronavirus Disease 2019 in Chicago Schools.,34416262,10.1016/j.jpeds.2021.08.017,,2021,metadata_ingested,1824,pending,pending
pmid-34409924,Bacterial Superinfection Pneumonia in Patients Mechanically Ventilated for COVID-19 Pneumonia.,34409924,10.1164/rccm.202106-1354OC,,2021,metadata_ingested,1913,pending,pending
pmid-34383901,Intrapulmonary pharmacokinetic profile of cefiderocol in mechanically ventilated patients with pneumonia.,34383901,10.1093/jac/dkab280,,2021,metadata_ingested,1570,pending,pending
pmid-34380538,"Ceftolozane/tazobactam versus meropenem in patients with ventilated hospital-acquired bacterial pneumonia: subset analysis of the ASPECT-NP randomized, controlled phase 3 trial.",34380538,10.1186/s13054-021-03694-3,,2021,metadata_ingested,2757,pending,pending
pmid-34354329,Scalable Bayesian inference for self-excitatory stochastic processes applied to big American gunfire data.,34354329,10.1007/s11222-020-09980-4,,2021,metadata_ingested,1249,pending,pending
pmid-34304580,Comparative First-Line Effectiveness and Safety of ACE (Angiotensin-Converting Enzyme) Inhibitors and Angiotensin Receptor Blockers: A Multinational Cohort Study.,34304580,10.1161/HYPERTENSIONAHA.120.16667,,2021,metadata_ingested,19,pending,pending
pmid-34263736,Distinctive features of severe SARS-CoV-2 pneumonia.,34263736,10.1172/JCI149412,,2021,metadata_ingested,1297,pending,pending
pmid-34261800,Ebola vaccine-induced protection in nonhuman primates correlates with antibody specificity and Fc-mediated effects.,34261800,10.1126/scitranslmed.abg6128,,2021,metadata_ingested,1677,pending,pending
pmid-34260615,"Health seeking behavior after the 2013-16 Ebola epidemic: Lassa fever as a metric of persistent changes in Kenema District, Sierra Leone.",34260615,10.1371/journal.pntd.0009576,,2021,metadata_ingested,2320,pending,pending
pmid-34201591,Successful Clearance of 300 Day SARS-CoV-2 Infection in a Subject with B-Cell Depletion Associated Prolonged (B-DEAP) COVID by REGEN-COV Anti-Spike Monoclonal Antibody Cocktail.,34201591,10.3390/v13071202,,2021,metadata_ingested,1458,pending,pending
pmid-34192736,Untangling introductions and persistence in COVID-19 resurgence in Europe.,34192736,10.1038/s41586-021-03754-2,,2021,metadata_ingested,1315,pending,pending
pmid-34184912,Mosaic Ends Tagmentation (METa) Assembly for Highly Efficient Construction of Functional Metagenomic Libraries.,34184912,10.1128/mSystems.00524-21,,2021,metadata_ingested,2807,pending,pending
pmid-34152820,Generating Genotype-Specific Aminoglycoside Combinations with Ceftazidime/Avibactam for KPC-Producing Klebsiella pneumoniae.,34152820,10.1128/AAC.00692-21,,2021,metadata_ingested,1888,pending,pending
pmid-34079946,"Timing of Intubation in Coronavirus Disease 2019: A Study of Ventilator Mechanics, Imaging, Findings, and Outcomes.",34079946,10.1097/CCE.0000000000000415,,2021,metadata_ingested,2055,pending,pending
pmid-34031078,First report of Pseudomonas nitroreducens cultured from the lungs of a patient with pneumonia.,34031078,10.1136/bcr-2020-241327,,2021,metadata_ingested,500,pending,pending
pmid-34013263,Early cross-coronavirus reactive signatures of protective humoral immunity against COVID-19.,34013263,10.1101/2021.05.11.443609,,2021,metadata_ingested,1068,pending,pending
pmid-33982098,Expanded Analysis of 20 Pneumococcal Serotypes Associated With Radiographically Confirmed Community-acquired Pneumonia in Hospitalized US Adults.,33982098,10.1093/cid/ciab375,,2021,metadata_ingested,1818,pending,pending
pmid-33972447,Resetting proteostasis with ISRIB promotes epithelial differentiation to attenuate pulmonary fibrosis.,33972447,10.1073/pnas.2101100118,,2021,metadata_ingested,987,pending,pending
pmid-33929301,Nucleic Acid-based Testing for Noninfluenza Viral Pathogens in Adults with Suspected Community-acquired Pneumonia. An Official American Thoracic Society Clinical Practice Guideline.,33929301,10.1164/rccm.202102-0498ST,,2021,metadata_ingested,1583,pending,pending
pmid-33905777,Comprehensive evaluation of bronchoalveolar lavage from patients with severe COVID-19 and correlation with clinical outcomes.,33905777,10.1016/j.humpath.2021.04.010,,2021,metadata_ingested,1831,pending,pending
pmid-33880483,Coincident rapid expansion of two SARS-CoV-2 lineages with enhanced infectivity in Nigeria.,33880483,10.1101/2021.04.09.21255206,,2021,metadata_ingested,1555,pending,pending
pmid-33875439,Characterizing Risk Factors for Clostridioides difficile Infection among Hospitalized Patients with Community-Acquired Pneumonia.,33875439,10.1128/AAC.00417-21,,2021,metadata_ingested,1888,pending,pending
pmid-33861950,Emergence and rapid transmission of SARS-CoV-2 B.1.1.7 in the United States.,33861950,10.1016/j.cell.2021.03.052,,2021,metadata_ingested,869,pending,pending
pmid-33853970,"Genomics and epidemiology of the P.1 SARS-CoV-2 lineage in Manaus, Brazil.",33853970,10.1126/science.abh2644,,2021,metadata_ingested,1141,pending,pending
pmid-33852858,Cellular mRNA triggers structural transformation of Ebola virus matrix protein VP40 to its essential regulatory form.,33852858,10.1016/j.celrep.2021.108986,,2021,metadata_ingested,1023,pending,pending
pmid-33852832,A Fc engineering approach to define functional humoral correlates of immunity against Ebola virus.,33852832,10.1016/j.immuni.2021.03.009,,2021,metadata_ingested,1251,pending,pending
pmid-33846610,"Integration of genomic sequencing into the response to the Ebola virus outbreak in Nord Kivu, Democratic Republic of the Congo.",33846610,10.1038/s41591-021-01302-z,,2021,metadata_ingested,1140,pending,pending
pmid-33836121,Bayesian Phylogeographic Analysis Incorporating Predictors and Individual Travel Histories in BEAST.,33836121,10.1002/cpz1.98,,2021,metadata_ingested,1605,pending,pending
pmid-33835905,Update in COVID-19 2020.,33835905,10.1164/rccm.202102-0415UP,,2021,metadata_ingested,0,pending,pending
pmid-33811829,Early outcomes after lung transplantation for severe COVID-19: a series of the first consecutive cases from four countries.,33811829,10.1016/S2213-2600(21)00077-1,,2021,metadata_ingested,2455,pending,pending
pmid-33789012,Ebola Virus Transmission Initiated by Relapse of Systemic Ebola Virus Disease.,33789012,10.1056/NEJMoa2024670,,2021,metadata_ingested,766,pending,pending
pmid-33780443,Pandemic velocity: Forecasting COVID-19 in the US with a machine learning & Bayesian time series compartmental model.,33780443,10.1371/journal.pcbi.1008837,,2021,metadata_ingested,1578,pending,pending
pmid-33775692,Coronavirus disease 2019 vaccine response in pregnant and lactating women: a cohort study.,33775692,10.1016/j.ajog.2021.03.023,,2021,metadata_ingested,2940,pending,pending
pmid-33758875,Functional Antibodies in COVID-19 Convalescent Plasma.,33758875,10.1101/2021.03.08.21253157,,2021,metadata_ingested,1916,pending,pending
pmid-33747038,Toward Accurate and Robust Environmental Surveillance Using Metagenomics.,33747038,10.3389/fgene.2021.600111,,2021,metadata_ingested,1176,pending,pending
pmid-33727399,"EMPress Enables Tree-Guided, Interactive, and Exploratory Analyses of Multi-omic Data Sets.",33727399,10.1128/mSystems.01216-20,,2021,metadata_ingested,1133,pending,pending
pmid-33720350,"A Phase 3, Randomized, Double-Blind Study Comparing Tedizolid Phosphate and Linezolid for Treatment of Ventilated Gram-Positive Hospital-Acquired or Ventilator-Associated Bacterial Pneumonia.",33720350,10.1093/cid/ciab032,,2021,metadata_ingested,1945,pending,pending
pmid-33688664,"Genomics and epidemiology of a novel SARS-CoV-2 lineage in Manaus, Brazil.",33688664,10.1101/2021.02.26.21252554,,2021,metadata_ingested,1041,pending,pending
pmid-33655275,Outcomes of Percutaneous Tracheostomy for Patients with SARS-CoV-2 Respiratory Failure.,33655275,10.1101/2021.02.23.21252231,,2021,metadata_ingested,1824,pending,pending
pmid-33654293,Single-cell meta-analysis of SARS-CoV-2 entry genes across tissues and demographics.,33654293,10.1038/s41591-020-01227-z,,2021,metadata_ingested,1515,pending,pending
pmid-33619473,Collaboration between the Fab and Fc contribute to maximal protection against SARS-CoV-2 following NVX-CoV2373 subunit vaccine with Matrix-M™ vaccination.,33619473,10.21203/rs.3.rs-200342/v1,,2021,metadata_ingested,1527,pending,pending
pmid-33600379,Aging imparts cell-autonomous dysfunction to regulatory T cells during recovery from influenza pneumonia.,33600379,10.1172/jci.insight.141690,,2021,metadata_ingested,979,pending,pending
pmid-33594355,SARS-CoV-2 European resurgence foretold: interplay of introductions and persistence by leveraging genomic and mobility data.,33594355,10.21203/rs.3.rs-208849/v1,,2021,metadata_ingested,1307,pending,pending
pmid-33589825,Humoral signatures of protective and pathological SARS-CoV-2 infection in children.,33589825,10.1038/s41591-021-01263-3,,2021,metadata_ingested,1319,pending,pending
pmid-33589636,Discrete SARS-CoV-2 antibody titers track with functional humoral stability.,33589636,10.1038/s41467-021-21336-8,,2021,metadata_ingested,1480,pending,pending
pmid-33586677,The lung microenvironment shapes a dysfunctional response of alveolar macrophages in aging.,33586677,10.1172/JCI140299,,2021,metadata_ingested,1022,pending,pending
pmid-33564781,Emergence of an early SARS-CoV-2 epidemic in the United States.,33564781,10.1101/2021.02.05.21251235,,2021,metadata_ingested,1284,pending,pending
pmid-33564780,Genomic epidemiology identifies emergence and rapid transmission of SARS-CoV-2 B.1.1.7 in the United States.,33564780,10.1101/2021.02.06.21251159,,2021,metadata_ingested,1425,pending,pending
pmid-33564763,Collaboration between the Fab and Fc contribute to maximal protection against SARS-CoV-2 in nonhuman primates following NVX-CoV2373 subunit vaccine with Matrix-M™ vaccination.,33564763,10.1101/2021.02.05.429759,,2021,metadata_ingested,2040,pending,pending
pmid-33532801,Immune response to SARS-CoV-2 in the nasal mucosa in children and adults.,33532801,10.1101/2021.01.26.21250269,,2021,metadata_ingested,1573,pending,pending
pmid-33528560,"Relax, Keep Walking - A Practical Guide to Continuous Phylogeographic Inference with BEAST.",33528560,10.1093/molbev/msab031,,2021,metadata_ingested,590,pending,pending
pmid-33523968,Critical role of synovial tissue-resident macrophage niche in joint homeostasis and suppression of chronic inflammation.,33523968,10.1126/sciadv.abd0515,,2021,metadata_ingested,1184,pending,pending
pmid-33517926,Association between a rapid diagnostic test to detect methicillin-resistant Staphylococcus Aureus pneumonia and decreased vancomycin use in a medical intensive care unit over a 30-month period.,33517926,10.1017/ice.2020.1406,,2021,metadata_ingested,294,pending,pending
pmid-33483311,Triclosan Tolerance Is Driven by a Conserved Mechanism in Diverse Pseudomonas Species.,33483311,10.1128/AEM.02924-20,,2021,metadata_ingested,2725,pending,pending
pmid-33478576,Whole microbial community viability is not quantitatively reflected by propidium monoazide sequencing approach.,33478576,10.1186/s40168-020-00961-3,,2021,metadata_ingested,2155,pending,pending
pmid-33476549,Compromised SARS-CoV-2-specific placental antibody transfer.,33476549,10.1016/j.cell.2020.12.027,,2021,metadata_ingested,1214,pending,pending
pmid-33469593,Bacterial superinfection pneumonia in SARS-CoV-2 respiratory failure.,33469593,10.1101/2021.01.12.20248588,,2021,metadata_ingested,1908,pending,pending
pmid-33455849,Forest and Trees: Exploring Bacterial Virulence with Genome-wide Association Studies and Machine Learning.,33455849,10.1016/j.tim.2020.12.002,,2021,metadata_ingested,753,pending,pending
pmid-33448892,Bronchoscopy on Intubated Patients with COVID-19 Is Associated with Low Infectious Risk to Operators.,33448892,10.1513/AnnalsATS.202009-1225RL,,2021,metadata_ingested,0,pending,pending
pmid-33429418,Circuits between infected macrophages and T cells in SARS-CoV-2 pneumonia.,33429418,10.1038/s41586-020-03148-w,,2021,metadata_ingested,1597,pending,pending
pmid-33427208,Dissecting strategies to tune the therapeutic potential of SARS-CoV-2-specific monoclonal antibody CR3022.,33427208,10.1172/jci.insight.143129,,2021,metadata_ingested,1146,pending,pending
pmid-33411796,Transcriptional profiling of pediatric cholestatic livers identifies three distinct macrophage populations.,33411796,10.1371/journal.pone.0244743,,2021,metadata_ingested,2259,pending,pending
pmid-33328178,Multicenter Evaluation of the Unyvero Platform for Testing Bronchoalveolar Lavage Fluid.,33328178,10.1128/JCM.02497-20,,2021,metadata_ingested,1570,pending,pending
pmid-33326561,Optimizing aminoglycoside selection for KPC-producing Klebsiella pneumoniae with the aminoglycoside-modifying enzyme (AME) gene aac(6')-Ib.,33326561,10.1093/jac/dkaa480,,2021,metadata_ingested,1644,pending,pending
pmid-33168615,Pharmacokinetic and Pharmacodynamic Profiling of Minocycline for Injection following a Single Infusion in Critically Ill Adults in a Phase IV Open-Label Multicenter Study (ACUMIN).,33168615,10.1128/AAC.01809-20,,2021,metadata_ingested,1754,pending,pending
pmid-33125256,Comparing Nasopharyngeal and BAL SARS-CoV-2 Assays in Respiratory Failure.,33125256,10.1164/rccm.202008-3137LE,,2021,metadata_ingested,0,pending,pending
pmid-32785589,"A Randomized, Double-blind, Multicenter Trial Comparing Efficacy and Safety of Imipenem/Cilastatin/Relebactam Versus Piperacillin/Tazobactam in Adults With Hospital-acquired or Ventilator-associated Bacterial Pneumonia (RESTORE-IMI 2 Study).",32785589,10.1093/cid/ciaa803,,2021,metadata_ingested,2222,pending,pending
pmid-32687171,Relaxed Random Walks at Scale.,32687171,10.1093/sysbio/syaa056,,2021,metadata_ingested,1470,pending,pending
pmid-32415977,Markov-Modulated Continuous-Time Markov Chains to Identify Site- and Branch-Specific Evolutionary Variation in BEAST.,32415977,10.1093/sysbio/syaa037,,2021,metadata_ingested,1838,pending,pending
pmid-34013276,Alveolitis in severe SARS-CoV-2 pneumonia is driven by self-sustaining circuits between infected alveolar macrophages and T cells.,34013276,10.1101/2020.08.05.238188,,2020,metadata_ingested,1712,pending,pending
pmid-33257409,Lung transplantation for patients with severe COVID-19.,33257409,10.1126/scitranslmed.abe4282,,2020,metadata_ingested,1781,pending,pending
pmid-33243278,Elevated L-threonine is a biomarker for Lassa fever and Ebola.,33243278,10.1186/s12985-020-01459-y,,2020,metadata_ingested,1167,pending,pending
pmid-33231169,COVID-19 research risks ignoring important host genes due to pre-established research patterns.,33231169,10.7554/eLife.61981,,2020,metadata_ingested,846,pending,pending
pmid-33207184,Compromised Humoral Functional Evolution Tracks with SARS-CoV-2 Mortality.,33207184,10.1016/j.cell.2020.10.052,,2020,metadata_ingested,1093,pending,pending
pmid-33200139,Epidemiological and immunological features of obesity and SARS-CoV-2.,33200139,10.1101/2020.11.11.20229724,,2020,metadata_ingested,1021,pending,pending
pmid-33171099,Quick COVID-19 Healers Sustain Anti-SARS-CoV-2 Antibody Production.,33171099,10.1016/j.cell.2020.10.051,,2020,metadata_ingested,1163,pending,pending
pmid-33159066,Epidemiological hypothesis testing using a phylogeographic and phylodynamic framework.,33159066,10.1038/s41467-020-19122-z,,2020,metadata_ingested,1136,pending,pending
pmid-33127906,SARS-CoV-2 viral load is associated with increased disease severity and mortality.,33127906,10.1038/s41467-020-19057-5,,2020,metadata_ingested,1064,pending,pending
pmid-33037213,Accommodating individual travel history and unsampled diversity in Bayesian phylogeographic inference of SARS-CoV-2.,33037213,10.1038/s41467-020-18877-9,,2020,metadata_ingested,1081,pending,pending
pmid-32927409,A multiplex polymerase chain reaction assay for antibiotic stewardship in suspected pneumonia.,32927409,10.1016/j.diagmicrobio.2020.115179,,2020,metadata_ingested,1016,pending,pending
pmid-32923688,Hamiltonian Monte Carlo sampling to estimate past population dynamics using the skygrid coalescent model in a Bayesian phylogenetics framework.,32923688,10.12688/wellcomeopenres.15770.1,,2020,metadata_ingested,1254,pending,pending
pmid-32916059,Reproducible Single-Cell Genomic Research in Pulmonary and Critical Care Medicine.,32916059,10.1164/rccm.202008-3073ED,,2020,metadata_ingested,0,pending,pending
pmid-32912998,The emergence of SARS-CoV-2 in Europe and North America.,32912998,10.1126/science.abc8169,,2020,metadata_ingested,932,pending,pending
pmid-32909012,Bronchoscopy on Intubated COVID-19 Patients is Associated with Low Infectious Risk to Operators at a High-Volume Center Using an Aerosol-minimizing Protocol.,32909012,10.1101/2020.08.30.20177543,,2020,metadata_ingested,2390,pending,pending
pmid-32907984,Broad-Spectrum Antiviral Entry Inhibition by Interfacially Active Peptides.,32907984,10.1128/JVI.01682-20,,2020,metadata_ingested,2506,pending,pending
pmid-32897881,Maintenance DNA methylation is essential for regulatory T cell development and stability of suppressive function.,32897881,10.1172/JCI137712,,2020,metadata_ingested,1101,pending,pending
pmid-32878931,Evolution of Early SARS-CoV-2 and Cross-Coronavirus Immunity.,32878931,10.1128/mSphere.00622-20,,2020,metadata_ingested,2846,pending,pending
pmid-32858009,International Perspective on the New 2019 American Thoracic Society/Infectious Diseases Society of America Community-Acquired Pneumonia Guideline: A Critical Appraisal by a Global Expert Panel.,32858009,10.1016/j.chest.2020.07.089,,2020,metadata_ingested,1635,pending,pending
pmid-32851183,Epithelial cell-specific loss of function of Miz1 causes a spontaneous COPD-like phenotype and up-regulates Ace2 expression in mice.,32851183,10.1126/sciadv.abb7238,,2020,metadata_ingested,1067,pending,pending
pmid-32843552,A Genome-Based Model to Predict the Virulence of Pseudomonas aeruginosa Isolates.,32843552,10.1128/mBio.01527-20,,2020,metadata_ingested,2242,pending,pending
pmid-32789184,COVID-19 and the next influenza season.,32789184,10.1126/sciadv.abd0086,,2020,metadata_ingested,0,pending,pending
pmid-32783920,Distinct Early Serological Signatures Track with SARS-CoV-2 Survival.,32783920,10.1016/j.immuni.2020.07.020,,2020,metadata_ingested,1245,pending,pending
pmid-32755751,"Dissecting the antibody-OME: past, present, and future.",32755751,10.1016/j.coi.2020.06.003,,2020,metadata_ingested,906,pending,pending
pmid-32747391,Pathogenesis of COVID-19-induced ARDS: implications for an ageing population.,32747391,10.1183/13993003.02049-2020,,2020,metadata_ingested,1438,pending,pending
pmid-32720752,Impaired phagocytic function in CX3CR1(+) tissue-resident skeletal muscle macrophages prevents muscle recovery after influenza A virus-induced pneumonia in old mice.,32720752,10.1111/acel.13180,,2020,metadata_ingested,1462,pending,pending
pmid-32620586,Breathing fresh air into respiratory research with single-cell RNA sequencing.,32620586,10.1183/16000617.0060-2020,,2020,metadata_ingested,1208,pending,pending
pmid-32609537,Age-Dependent Differences in T-Cell Responses to Influenza A Virus.,32609537,10.1165/rcmb.2020-0169TR,,2020,metadata_ingested,1077,pending,pending
pmid-32596695,"Accommodating individual travel history, global mobility, and unsampled diversity in phylogeography: a SARS-CoV-2 case study.",32596695,10.1101/2020.06.22.165464,,2020,metadata_ingested,1757,pending,pending
pmid-32568661,Persistence of Severe Acute Respiratory Syndrome Coronavirus 2 in Aerosol Suspensions.,32568661,10.3201/eid2609.201806,,2020,metadata_ingested,400,pending,pending
pmid-32561442,Treatment of Community-Acquired Pneumonia in Immunocompromised Adults: A Consensus Statement Regarding Initial Strategies.,32561442,10.1016/j.chest.2020.05.598,,2020,metadata_ingested,1064,pending,pending
pmid-32554594,Measles virus and rinderpest virus divergence dated to the sixth century BCE.,32554594,10.1126/science.aba9411,,2020,metadata_ingested,653,pending,pending
pmid-32550242,SARS-CoV-2 Entry Genes Are Most Highly Expressed in Nasal Goblet and Ciliated Cells within Human Airways.,32550242,,,2020,metadata_ingested,1758,pending,pending
pmid-32540903,Isolation of potent SARS-CoV-2 neutralizing antibodies and protection from disease in a small animal model.,32540903,10.1126/science.abc7520,,2020,metadata_ingested,949,pending,pending
pmid-32513865,Genomic surveillance reveals multiple introductions of SARS-CoV-2 into Northern California.,32513865,10.1126/science.abb9263,,2020,metadata_ingested,938,pending,pending
pmid-32511558,A Unique Clade of SARS-CoV-2 Viruses is Associated with Lower Viral Loads in Patient Upper Airways.,32511558,10.1101/2020.05.19.20107144,,2020,metadata_ingested,1918,pending,pending
pmid-32511433,Comparative dynamic aerosol efficiencies of three emergent coronaviruses and the unusual persistence of SARS-CoV-2 in aerosol suspensions.,32511433,10.1101/2020.04.13.20063784,,2020,metadata_ingested,0,pending,pending
pmid-32511416,The emergence of SARS-CoV-2 in Europe and the US.,32511416,10.1101/2020.05.21.109322,,2020,metadata_ingested,904,pending,pending
pmid-32458974,Gradients Do Grow on Trees: A Linear-Time O(N)-Dimensional Gradient for Statistical Phylogenetics.,32458974,10.1093/molbev/msaa130,,2020,metadata_ingested,1396,pending,pending
pmid-32457420,Field evaluation of a Pan-Lassa rapid diagnostic test during the 2018 Nigerian Lassa fever outbreak.,32457420,10.1038/s41598-020-65736-0,,2020,metadata_ingested,1159,pending,pending
pmid-32407507,"Genomic Epidemiology, Evolution, and Transmission Dynamics of Porcine Deltacoronavirus.",32407507,10.1093/molbev/msaa117,,2020,metadata_ingested,1889,pending,pending
pmid-32359479,"COVID-19: Epidemiology, Evolution, and Cross-Disciplinary Perspectives.",32359479,10.1016/j.molmed.2020.02.008,,2020,metadata_ingested,928,pending,pending
pmid-32327758,SARS-CoV-2 entry factors are highly expressed in nasal epithelial cells together with innate immune genes.,32327758,10.1038/s41591-020-0868-6,,2020,metadata_ingested,760,pending,pending
pmid-32315548,A Call for Rational Intensive Care in the Era of COVID-19.,32315548,10.1165/rcmb.2020-0151LE,,2020,metadata_ingested,0,pending,pending
pmid-32311297,COVID-19: First Do No Harm.,32311297,10.1164/rccm.202004-1153ED,,2020,metadata_ingested,0,pending,pending
pmid-32298730,The Burden of Community-Acquired Pneumonia Requiring Admission to ICU in the United States.,32298730,10.1016/j.chest.2020.03.051,,2020,metadata_ingested,2037,pending,pending
pmid-32284615,The proximal origin of SARS-CoV-2.,32284615,10.1038/s41591-020-0820-9,,2020,metadata_ingested,0,pending,pending
pmid-32173339,Feasibility of Venovenous Extracorporeal Membrane Oxygenation Without Systemic Anticoagulation.,32173339,10.1016/j.athoracsur.2020.02.011,,2020,metadata_ingested,1979,pending,pending
pmid-32156726,A comparative genomics approach identifies contact-dependent growth inhibition as a virulence determinant.,32156726,10.1073/pnas.1919198117,,2020,metadata_ingested,1715,pending,pending
pmid-32150460,Identifying Clinical Research Priorities in Adult Pulmonary and Critical Care. NHLBI Working Group Report.,32150460,10.1164/rccm.201908-1595WS,,2020,metadata_ingested,1830,pending,pending
pmid-32125289,CoRESTed development of regulatory T cells.,32125289,10.1172/JCI135713,,2020,metadata_ingested,695,pending,pending
pmid-32123088,Assessing the role of live poultry trade in community-structured transmission of avian influenza in China.,32123088,10.1073/pnas.1906954117,,2020,metadata_ingested,1201,pending,pending
pmid-32120884,Proteomics Computational Analyses Suggest That the Envelope Glycoproteins of Segmented Jingmen Flavi-Like Viruses are Class II Viral Fusion Proteins (b-Penetrenes) with Mucin-Like Domains.,32120884,10.3390/v12030260,,2020,metadata_ingested,1133,pending,pending
pmid-32101295,Online Bayesian Phylodynamic Inference in BEAST with Application to Epidemic Reconstruction.,32101295,10.1093/molbev/msaa047,,2020,metadata_ingested,1602,pending,pending
pmid-32065600,Comparison of Cardiovascular and Safety Outcomes of Chlorthalidone vs Hydrochlorothiazide to Treat Hypertension.,32065600,10.1001/jamainternmed.2019.7454,,2020,metadata_ingested,2878,pending,pending
pmid-32028998,Angiotensin I and angiotensin II concentrations and their ratio in catecholamine-resistant vasodilatory shock.,32028998,10.1186/s13054-020-2733-x,,2020,metadata_ingested,2428,pending,pending
pmid-32025755,Identification and validation of biomarkers of persistent acute kidney injury: the RUBY study.,32025755,10.1007/s00134-019-05919-0,,2020,metadata_ingested,1647,pending,pending
pmid-31992714,Systemic infection facilitates transmission of Pseudomonas aeruginosa in mice.,31992714,10.1038/s41467-020-14363-4,,2020,metadata_ingested,837,pending,pending
pmid-31980672,Comparisons of the antibody repertoires of a humanized rodent and humans by high throughput sequencing.,31980672,10.1038/s41598-020-57764-7,,2020,metadata_ingested,1566,pending,pending
pmid-31971995,Mobilizable antibiotic resistance genes are present in dust microbial communities.,31971995,10.1371/journal.ppat.1008211,,2020,metadata_ingested,1599,pending,pending
pmid-31948967,"Complete Genome Sequence of Klebsiella pneumoniae Strain TK421, a Conjugative Hypervirulent Isolate.",31948967,10.1128/MRA.01408-19,,2020,metadata_ingested,433,pending,pending
pmid-31790143,Incorporating heterogeneous sampling probabilities in continuous phylogeographic inference - Application to H5N1 spread in the Mekong region.,31790143,10.1093/bioinformatics/btz882,,2020,metadata_ingested,1802,pending,pending
pmid-31714898,Linear ubiquitin assembly complex regulates lung epithelial-driven responses during influenza infection.,31714898,10.1172/JCI128368,,2020,metadata_ingested,1248,pending,pending
pmid-31601718,A spatially restricted fibrotic niche in pulmonary fibrosis is sustained by M-CSF/M-CSFR signalling in monocyte-derived alveolar macrophages.,31601718,10.1183/13993003.00646-2019,,2020,metadata_ingested,1548,pending,pending
pmid-31583403,Long-term Persistence of an Extensively Drug-Resistant Subclade of Globally Distributed Pseudomonas aeruginosa Clonal Complex 446 in an Academic Medical Center.,31583403,10.1093/cid/ciz973,,2020,metadata_ingested,1761,pending,pending
pmid-31301137,Survivors of Ebola Virus Disease Develop Polyfunctional Antibody Responses.,31301137,10.1093/infdis/jiz364,,2020,metadata_ingested,726,pending,pending
pmid-31157370,The Emperor's New Clothes: PRospective Observational Evaluation of the Association Between Initial VancomycIn Exposure and Failure Rates Among ADult HospitalizEd Patients With Methicillin-resistant Staphylococcus aureus Bloodstream Infections (PROVIDE).,31157370,10.1093/cid/ciz460,,2020,metadata_ingested,1755,pending,pending
pmid-31809523,Distinct rates and patterns of spread of the major HIV-1 subtypes in Central and East Africa.,31809523,10.1371/journal.ppat.1007976,,2019,metadata_ingested,1171,pending,pending
pmid-31720009,Divergence dating using mixed effects clock modelling: An application to HIV-1.,31720009,10.1093/ve/vez036,,2019,metadata_ingested,1833,pending,pending
pmid-31671157,Twenty years of West Nile virus spread and evolution in the Americas visualized by Nextstrain.,31671157,10.1371/journal.ppat.1008042,,2019,metadata_ingested,2027,pending,pending
pmid-31668726,"Comprehensive comparative effectiveness and safety of first-line antihypertensive drug classes: a systematic, multinational, large-scale analysis.",31668726,10.1016/S0140-6736(19)32317-7,,2019,metadata_ingested,2730,pending,pending
pmid-31539417,A quantitative approach for the analysis of clinician recognition of acute respiratory distress syndrome using electronic health record data.,31539417,10.1371/journal.pone.0222826,,2019,metadata_ingested,2199,pending,pending
pmid-31491976,Predictors of Obesity among Gut Microbiota Biomarkers in African American Men with and without Diabetes.,31491976,10.3390/microorganisms7090320,,2019,metadata_ingested,1402,pending,pending
pmid-31442400,Travel Surveillance and Genomics Uncover a Hidden Zika Outbreak during the Waning Epidemic.,31442400,10.1016/j.cell.2019.07.018,,2019,metadata_ingested,1005,pending,pending
pmid-31416162,Proteomics Computational Analyses Suggest that the Antennavirus Glycoprotein Complex Includes a Class I Viral Fusion Protein (α-Penetrene) with an Internal Zinc-Binding Domain and a Stable Signal Peptide.,31416162,10.3390/v11080750,,2019,metadata_ingested,1040,pending,pending
pmid-31398326,Convergent Structures Illuminate Features for Germline Antibody Binding and Pan-Lassa Virus Neutralization.,31398326,10.1016/j.cell.2019.07.020,,2019,metadata_ingested,1121,pending,pending
pmid-31368812,Improving the Quality and Reproducibility of Flow Cytometry in the Lung. An Official American Thoracic Society Workshop Report.,31368812,10.1165/rcmb.2019-0191ST,,2019,metadata_ingested,977,pending,pending
pmid-31326608,Gut Colonization Preceding Mucosal Barrier Injury Bloodstream Infection in Pediatric Hematopoietic Stem Cell Transplantation Recipients.,31326608,10.1016/j.bbmt.2019.07.019,,2019,metadata_ingested,2105,pending,pending
pmid-31320415,"Draft Genome Sequence of Pseudomonas aeruginosa Strain BWH047, a Sequence Type 235 Multidrug-Resistant Clinical Isolate Expressing High Levels of Colistin Resistance.",31320415,10.1128/MRA.00623-19,,2019,metadata_ingested,410,pending,pending
pmid-31312805,"Machine-learning Prognostic Models from the 2014-16 Ebola Outbreak: Data-harmonization Challenges, Validation Strategies, and mHealth Applications.",31312805,10.1016/j.eclinm.2019.06.003,,2019,metadata_ingested,2159,pending,pending
pmid-31301278,"A high-throughput, bead-based, antigen-specific assay to assess the ability of antibodies to induce complement activation.",31301278,10.1016/j.jim.2019.07.002,,2019,metadata_ingested,1081,pending,pending
pmid-31264905,A Practical Guide to the Measurement and Analysis of DNA Methylation.,31264905,10.1165/rcmb.2019-0150TR,,2019,metadata_ingested,1903,pending,pending
pmid-31173069,The Population Structure of Pseudomonas aeruginosa Is Characterized by Genetic Isolation of exoU+ and exoS+ Lineages.,31173069,10.1093/gbe/evz119,,2019,metadata_ingested,1515,pending,pending
pmid-31136295,Detection of respiratory pathogens in clinical samples using metagenomic shotgun sequencing.,31136295,10.1099/jmm.0.000968,,2019,metadata_ingested,954,pending,pending
pmid-31107246,The role of macrophages in the resolution of inflammation.,31107246,10.1172/JCI124615,,2019,metadata_ingested,539,pending,pending
pmid-31081802,Immunometabolism of pro-repair cells.,31081802,10.1172/JCI124613,,2019,metadata_ingested,1496,pending,pending
pmid-31036723,Diversity of Contact-Dependent Growth Inhibition Systems of Pseudomonas aeruginosa.,31036723,10.1128/JB.00776-18,,2019,metadata_ingested,1288,pending,pending
pmid-31034053,"BEAGLE 3: Improved Performance, Scaling, and Usability for a High-Performance Computing Library for Statistical Phylogenetics.",31034053,10.1093/sysbio/syz020,,2019,metadata_ingested,1812,pending,pending
pmid-31004175,Bayesian Inference of Evolutionary Histories under Time-Dependent Substitution Rates.,31004175,10.1093/molbev/msz094,,2019,metadata_ingested,1733,pending,pending
pmid-30995076,The Human Lung Cell Atlas: A High-Resolution Reference Map of the Human Lung in Health and Disease.,30995076,10.1165/rcmb.2018-0416TR,,2019,metadata_ingested,1167,pending,pending
pmid-30992445,Microbial and metabolic succession on common building materials under high humidity conditions.,30992445,10.1038/s41467-019-09764-z,,2019,metadata_ingested,1111,pending,pending
pmid-30980566,Impacts of indoor surface finishes on bacterial viability.,30980566,10.1111/ina.12558,,2019,metadata_ingested,1436,pending,pending
pmid-30936161,A Genomic Approach To Identify Klebsiella pneumoniae and Acinetobacter baumannii Strains with Enhanced Competitive Fitness in the Lungs during Multistrain Pneumonia.,30936161,10.1128/IAI.00871-18,,2019,metadata_ingested,1602,pending,pending
pmid-30921383,"A medical records and data capture and management system for Lassa fever in Sierra Leone: Approach, implementation, and challenges.",30921383,10.1371/journal.pone.0214284,,2019,metadata_ingested,2178,pending,pending
pmid-30909507,A Review of the Clinical Pharmacokinetics of Polymyxin B.,30909507,10.3390/antibiotics8010031,,2019,metadata_ingested,806,pending,pending
pmid-30896465,Patient and Family Engagement During Treatment Decisions in an ICU: A Discourse Analysis of the Electronic Health Record.,30896465,10.1097/CCM.0000000000003711,,2019,metadata_ingested,2252,pending,pending
pmid-30871341,Procalcitonin as a Biomarker in Rhinosinusitis: A Systematic Review.,30871341,10.1177/1945892418810293,,2019,metadata_ingested,1696,pending,pending
pmid-30728537,Precision epidemiology for infectious disease control.,30728537,10.1038/s41591-019-0345-2,,2019,metadata_ingested,841,pending,pending
pmid-30726761,Metformin Targets Mitochondrial Electron Transport to Reduce Air-Pollution-Induced Thrombosis.,30726761,10.1016/j.cmet.2018.12.001,,2019,metadata_ingested,0,pending,pending
pmid-30722013,Elaboration of Consensus Clinical Endpoints to Evaluate Antimicrobial Treatment Efficacy in Future Hospital-acquired/Ventilator-associated Bacterial Pneumonia Clinical Trials.,30722013,10.1093/cid/ciz093,,2019,metadata_ingested,1608,pending,pending
pmid-30710469,"International Consensus Guidelines for the Optimal Use of the Polymyxins: Endorsed by the American College of Clinical Pharmacy (ACCP), European Society of Clinical Microbiology and Infectious Diseases (ESCMID), Infectious Diseases Society of America (IDSA), International Society for Anti-infective Pharmacology (ISAP), Society of Critical Care Medicine (SCCM), and Society of Infectious Diseases Pharmacists (SIDP).",30710469,10.1002/phar.2209,,2019,metadata_ingested,1921,pending,pending
pmid-30706119,Challenges in severe community-acquired pneumonia: a point-of-view review.,30706119,10.1007/s00134-019-05519-y,,2019,metadata_ingested,1472,pending,pending
pmid-30689983,Principles and Practice of Antibiotic Stewardship in the ICU.,30689983,10.1016/j.chest.2019.01.013,,2019,metadata_ingested,863,pending,pending
pmid-30664748,Commonality despite exceptional diversity in the baseline human antibody repertoire.,30664748,10.1038/s41586-019-0879-y,,2019,metadata_ingested,1723,pending,pending
pmid-30621750,An amplicon-based sequencing framework for accurately measuring intrahost virus diversity using PrimalSeq and iVar.,30621750,10.1186/s13059-018-1618-7,,2019,metadata_ingested,734,pending,pending
pmid-30606844,Metagenomic sequencing at the epicenter of the Nigeria 2018 Lassa fever outbreak.,30606844,10.1126/science.aau9343,,2019,metadata_ingested,965,pending,pending
pmid-30561561,Low Admission Plasma Gelsolin Concentrations Identify Community-acquired Pneumonia Patients at High Risk for Severe Outcomes.,30561561,10.1093/cid/ciy1049,,2019,metadata_ingested,1827,pending,pending
pmid-30554520,Single-Cell Transcriptomic Analysis of Human Lung Provides Insights into the Pathobiology of Pulmonary Fibrosis.,30554520,10.1164/rccm.201712-2410OC,,2019,metadata_ingested,1828,pending,pending
pmid-30546099,Tracking virus outbreaks in the twenty-first century.,30546099,10.1038/s41564-018-0296-2,,2019,metadata_ingested,993,pending,pending
pmid-30485702,Serological response to influenza vaccination among adults hospitalized with community-acquired pneumonia.,30485702,10.1111/irv.12622,,2019,metadata_ingested,743,pending,pending
pmid-30398927,Multidimensional Assessment of the Host Response in Mechanically Ventilated Patients with Suspected Pneumonia.,30398927,10.1164/rccm.201804-0650OC,,2019,metadata_ingested,1799,pending,pending
pmid-30265290,Pneumococcal and Legionella Urinary Antigen Tests in Community-acquired Pneumonia: Prospective Evaluation of Indications for Testing.,30265290,10.1093/cid/ciy826,,2019,metadata_ingested,1792,pending,pending
pmid-30170004,DNA methylation as a transcriptional regulator of the immune system.,30170004,10.1016/j.trsl.2018.08.001,,2019,metadata_ingested,1010,pending,pending
pmid-30574558,Antimicrobial Chemicals Associate with Microbial Function and Antibiotic Resistance Indoors.,30574558,10.1128/mSystems.00200-18,,2018,metadata_ingested,2710,pending,pending
pmid-30512128,Invasive Mechanical Ventilation.,30512128,10.14423/SMJ.0000000000000905,,2018,metadata_ingested,594,pending,pending
pmid-30477498,Inflammatory pathways are upregulated in the nasal epithelium in patients with idiopathic pulmonary fibrosis.,30477498,10.1186/s12931-018-0932-7,,2018,metadata_ingested,1423,pending,pending
pmid-30333617,Antibody-mediated protection against Ebola virus.,30333617,10.1038/s41590-018-0233-9,,2018,metadata_ingested,1315,pending,pending
pmid-30332564,Genomic Analysis of Lassa Virus during an Increase in Cases in Nigeria in 2018.,30332564,10.1056/NEJMoa1804498,,2018,metadata_ingested,945,pending,pending
pmid-30270406,Effect and Safety of Meropenem-Vaborbactam versus Best-Available Therapy in Patients with Carbapenem-Resistant Enterobacteriaceae Infections: The TANGO II Randomized Clinical Trial.,30270406,10.1007/s40121-018-0214-1,,2018,metadata_ingested,2367,pending,pending
pmid-30226837,Large-scale investigation of the reasons why potentially important genes are ignored.,30226837,10.1371/journal.pbio.2006643,,2018,metadata_ingested,943,pending,pending
pmid-30220838,Systemic lupus erythematosus-associated diffuse alveolar hemorrhage: A case report and review of the literature.,30220838,,,2018,metadata_ingested,845,pending,pending
pmid-30185658,Multidimensional assessment of alveolar T cells in critically ill patients.,30185658,10.1172/jci.insight.123287,,2018,metadata_ingested,1164,pending,pending
pmid-30153231,Pneumococcal Colonization and the Nasopharyngeal Microbiota of Children in Botswana.,30153231,10.1097/INF.0000000000002174,,2018,metadata_ingested,1936,pending,pending
pmid-30096313,Systematic Analysis of Monoclonal Antibodies against Ebola Virus GP Defines Features that Contribute to Protection.,30096313,10.1016/j.cell.2018.07.033,,2018,metadata_ingested,1151,pending,pending
pmid-30092199,A Role for Fc Function in Therapeutic Monoclonal Antibody-Mediated Protection against Ebola Virus.,30092199,10.1016/j.chom.2018.07.009,,2018,metadata_ingested,1191,pending,pending
pmid-30038008,Analysis of CD8(+) T cell response during the 2013-2016 Ebola epidemic in West Africa.,30038008,10.1073/pnas.1806200115,,2018,metadata_ingested,1381,pending,pending
pmid-29942656,Bayesian phylogenetic and phylodynamic data integration using BEAST 1.10.,29942656,10.1093/ve/vey016,,2018,metadata_ingested,559,pending,pending
pmid-29908153,Testing for Respiratory Viruses in Adults With Severe Lower Respiratory Infection.,29908153,10.1016/j.chest.2018.06.003,,2018,metadata_ingested,618,pending,pending
pmid-29880819,"Pandemics: spend on surveillance, not prediction.",29880819,10.1038/d41586-018-05373-w,,2018,metadata_ingested,0,pending,pending
pmid-29866884,DNA methylation regulates the neonatal CD4(+) T-cell response to pneumonia in mice.,29866884,10.1074/jbc.RA118.003589,,2018,metadata_ingested,1839,pending,pending
pmid-29786110,"Multi‑layered prevention and treatment of chronic inflammation, organ fibrosis and cancer associated with canonical WNT/β‑catenin signaling activation (Review).",29786110,10.3892/ijmm.2018.3689,,2018,metadata_ingested,2450,pending,pending
pmid-29718447,Posterior Summarization in Bayesian Phylogenetics Using Tracer 1.7.,29718447,10.1093/sysbio/syy032,,2018,metadata_ingested,685,pending,pending
pmid-29687624,Environmental reservoirs for exoS+ and exoU+ strains of Pseudomonas aeruginosa.,29687624,10.1111/1758-2229.12653,,2018,metadata_ingested,1285,pending,pending
pmid-29678129,ClustAGE: a tool for clustering and distribution analysis of bacterial accessory genomic elements.,29678129,10.1186/s12859-018-2154-x,,2018,metadata_ingested,1854,pending,pending
pmid-29511909,Resistance Trends and Treatment Options in Gram-Negative Ventilator-Associated Pneumonia.,29511909,10.1007/s11908-018-0609-x,,2018,metadata_ingested,1735,pending,pending
pmid-28935729,"Complete Genome Sequence of Clostridioides difficile Epidemic Strain DH/NAP11/106/ST-42, Isolated from Stool from a Pediatric Patient with Diarrhea.",28935729,10.1128/genomeA.00923-17,,2017,metadata_ingested,312,pending,pending
