paper_id,pmid,year,title,abstract_excerpt,center,pi_candidates,pathogens,viruses,assay_types,paper_kind,cross_virus_relevance,cross_virus_reason,priority,priority_reason,review_status,notes
pmid-42518274,42518274,2026,The CRAC channel inhibitor Auxora Reprograms Pathogenic Alveolar Macrophage-T Cell Circuits in Viral Pneumonia.,,CViSB,Donald S Grant;Richard Wunderink,,,,primary_research,candidate,relevant viral/host/pathway terms matched: viral,high,recent paper with relevant terms: viral,pending,
pmid-42496611,42496611,2026,Pre-exposure to phosphate-buffer saline (PBS) renders some Pseudomonas aeruginosa strains susceptible to triclosan on solid medium.,"Triclosan is an antibiotic frequently used to selectively isolate Pseudomonas aeruginosa from environmental and animal samples. Here, we report that while nine tested P. aeruginosa strains were indeed triclosan-resistant when grown on Luria Bertani agar supplemented with tricl...",SCRIPT,Alan Hauser,pseudomonas_aeruginosa,,,primary_research,unknown,no explicit cross-virus or strong viral host-mechanism terms matched,medium,recent paper but no strong viral/pathway keywords matched,pending,
pmid-42429782,42429782,2026,Predictive accuracy of population meropenem models in critically ill pneumonia patients.,Population pharmacokinetic (PK) models may not generalize across critically ill populations. We evaluated the transportability of published parametric and nonparametric meropenem models as Bayesian priors. Seven published meropenem models were implemented in Monolix 2024R1. No...,SCRIPT,Richard Wunderink,,,clinical_modeling,primary_research,unknown,no explicit cross-virus or strong viral host-mechanism terms matched,medium,recent paper but no strong viral/pathway keywords matched,pending,
pmid-42393236,42393236,2026,Longitudinal analysis of drift in the circulating human antibody repertoire over four years.,"The human immune system is a sophisticated network of cells and molecules that plays a vital role in safeguarding the body against a broad range of foreign agents. One of the key components of the immune system is the circulating antibody repertoire, a vast collection of diffe...",,,,influenza,,data_or_analysis,unknown,no explicit cross-virus or strong viral host-mechanism terms matched,medium,recent paper but no strong viral/pathway keywords matched,pending,
pmid-42258748,42258748,2026,Longitudinal clinical proteomics reveals pneumonia type-specific protein biomarkers and autoantibodies.,"Community-acquired pneumonia is a major cause of morbidity and mortality globally. Specific molecular endotypes are currently not well defined, and different viral or bacterial pathogens may trigger specific host responses and pathogenic mechanisms. We performed longitudinal p...",CViSB,Donald S Grant;Richard Wunderink,,sars-cov-2;sars-cov;influenza,proteomics,data_or_analysis,candidate,relevant viral/host/pathway terms matched: viral,high,"recent paper with relevant terms: viral, sars, cov, influenza",pending,
pmid-42182519,42182519,2026,Pathogen-specific host responses define distinct pneumonia endotypes in the human lung.,"Pneumonia is the leading cause of death from infectious disease worldwide. The diagnosis and treatment of patients with pneumonia lag behind other major conditions, relying on syndromic definitions that lack molecular resolution and ignore underlying endotypes. We sought to te...",SCRIPT,Richard Wunderink,,sars-cov-2;influenza,transcriptomics;clinical_modeling,data_or_analysis,candidate,relevant viral/host/pathway terms matched: host-pathogen,high,recent paper with relevant terms: host-pathogen,pending,
pmid-42179346,42179346,2026,"A multiplexed, systems-based approach for prediction of antibody neutralization breadth for soluble human receptors.","For endemically circulating viruses, quantifying neutralization capacity of antibodies in a rapid and high-throughput manner is paramount given the ever-evolving targets of neutralization. Moreover, identifying features of an antibody response correlating with neutralization a...",CViSB,Ryan McNamara,,sars-cov-2;sars-cov;influenza,,primary_research,candidate,relevant viral/host/pathway terms matched: viral,high,"recent paper with relevant terms: viral, sars, cov",pending,
pmid-42141015,42141015,2026,Umbilical cord blood cell transcriptional and methylation signatures at birth are associated with BPD development and chorioamnionitis: a pilot study.,"Bronchopulmonary dysplasia (BPD) is the most common respiratory disease in preterm infants born at less than 28 weeks gestation. Most existing clinical prediction models for BPD show limited accuracy in predicting BPD development when validated using external data, stressing t...",,,,,transcriptomics;epigenomics,data_or_analysis,unknown,no explicit cross-virus or strong viral host-mechanism terms matched,medium,recent paper but no strong viral/pathway keywords matched,pending,
pmid-41909118,41909118,2026,Development of a Pilot Machine Learning Model to Predict Successful Short-Term Treatment Success in Critically Ill Patients With Community-Acquired Pneumonia.,,SCRIPT,Richard Wunderink,,,clinical_modeling,primary_research,unknown,no explicit cross-virus or strong viral host-mechanism terms matched,medium,recent paper but no strong viral/pathway keywords matched,pending,
pmid-41872475,41872475,2026,Author Correction: Systematic data capture reduces the need for source data verification: exploratory analysis from a phase 2 multicenter randomized controlled platform trial.,,,,,,,primary_research,unknown,no explicit cross-virus or strong viral host-mechanism terms matched,medium,recent paper but no strong viral/pathway keywords matched,pending,
pmid-41837898,41837898,2026,Comparing clinical assessments of pneumonia to bronchoalveolar lavage results in critically ill patients with suspected pneumonia.,"RATIONALE: While clinical criteria are used to diagnose pneumonia in critically ill patients, rates of concordance between a clinician's suspicion for pneumonia and a diagnosis of lower respiratory tract infection using bronchoalveolar lavage (BAL) results are undefined. OBJEC...",SCRIPT,Richard Wunderink,,,,review,unknown,no explicit cross-virus or strong viral host-mechanism terms matched,medium,recent paper but no strong viral/pathway keywords matched,pending,
pmid-41807181,41807181,2026,Single-cell RNAseq identifies persistent epithelial and immune dysfunction in PwCF by mitigating inter-individual sampling heterogeneity.,"INTRODUCTION: Nasal epithelium (NE) is used as a surrogate for lower airway epithelium in cystic fibrosis (CF). However, NE is composed of diverse cell types with unique functions; changes to this heterogeneous tissue in disease can be cell-type specific. To explore the impact...",,,,,transcriptomics,primary_research,unknown,no explicit cross-virus or strong viral host-mechanism terms matched,medium,recent paper but no strong viral/pathway keywords matched,pending,
pmid-41805254,41805254,2026,Complete genome sequences of KPC-producing Klebsiella pneumoniae isolates pre- and post-development of meropenem/vaborbactam resistance.,"Klebsiella pneumoniae carbapenemase-producing K. pneumoniae (KPC-Kp) are high-priority pathogens. Although meropenem/vaborbactam is a preferred treatment, resistance can emerge. Two KPC-Kp isolates from the Centers for Disease Control and Prevention(CDC) Antimicrobial Resistan...",SCRIPT,Alan Hauser,klebsiella_pneumoniae,,,primary_research,unknown,no explicit cross-virus or strong viral host-mechanism terms matched,medium,recent paper but no strong viral/pathway keywords matched,pending,
pmid-41794121,41794121,2026,Evaluating the Association Between Patient Priorities and ICU Care Delivery in Adults Receiving Mechanical Ventilation.,"BACKGROUND: Understanding how ICU treatments align with a patient's priorities is crucial to evaluating and improving critical care. Measuring this alignment is challenging, however, because patient priorities evolve over time and are not systematically documented in electroni...",SCRIPT,Richard Wunderink,,,,primary_research,unknown,no explicit cross-virus or strong viral host-mechanism terms matched,medium,recent paper but no strong viral/pathway keywords matched,pending,
pmid-41794027,41794027,2026,Dynamics of natural selection preceding human viral epidemics and pandemics.,"Using a phylogenetic framework to characterize natural selection, we investigate the hypothesis that zoonotic viruses require adaptation prior to zoonosis to sustain human-to-human transmission. Examining the zoonotic emergence of Ebola virus, Marburg virus, mpox virus, influe...",CViSB,Kristian Andersen,,sars-cov-2;sars-cov;influenza,,primary_research,candidate,"relevant viral/host/pathway terms matched: virus, viral",high,"recent paper with relevant terms: virus, viral, sars, cov, influenza",pending,
pmid-41763193,41763193,2026,Microbiologic Diagnosis of Respiratory Infections in Critically Ill Immunocompromised Patients.,"Critically ill, immunocompromised individuals are vulnerable to both common and uncommon etiologies of respiratory infection. Identifying the etiology of infection has therapeutic, prognostic, and public health implications. In some circumstances, immunocompromised patients ma...",,,,,,primary_research,unknown,no explicit cross-virus or strong viral host-mechanism terms matched,high,recent paper with relevant terms: respiratory infection,pending,
pmid-41711574,41711574,2026,Aminoglycosides enhance meropenem/vaborbactam activity against KPC-producing Klebsiella pneumoniae in the hollow fiber infection model.,"Meropenem/vaborbactam is a preferred treatment option for KPC-producing Klebsiella pneumoniae (KPC-Kp) infections, but clinical cure rates remain suboptimal when it is used alone. This study aimed to assess the pharmacodynamic activity of meropenem/vaborbactam alone and in com...",SCRIPT,Alan Hauser,klebsiella_pneumoniae,influenza,,primary_research,unknown,no explicit cross-virus or strong viral host-mechanism terms matched,medium,recent paper but no strong viral/pathway keywords matched,pending,
pmid-41663757,41663757,2026,Human CRAMP1 specifically promotes the expression of histone H1 genes.,Proper histone gene expression is critical for cell viability and maintenance of genomic integrity. Multiple histone genes are organized into three genomic loci that encode replication-coupled core and linker histones. Histone gene expression and transcript processing are orch...,,,,,proteomics,data_or_analysis,unknown,no explicit cross-virus or strong viral host-mechanism terms matched,medium,recent paper but no strong viral/pathway keywords matched,pending,
pmid-41646792,41646792,2026,Longitudinal clinical proteomics reveals pneumonia type-specific protein biomarkers and autoantibodies.,Community-acquired pneumonia is a major cause of morbidity and mortality globally. Specific molecular endotypes are currently not well defined and different viral or bacterial pathogens may trigger specific host responses and pathogenic mechanisms. We performed longitudinal pr...,SCRIPT,Richard Wunderink,,sars-cov-2;sars-cov;influenza,proteomics,data_or_analysis,candidate,relevant viral/host/pathway terms matched: viral,high,"recent paper with relevant terms: viral, sars, cov, influenza",pending,
pmid-41646725,41646725,2026,Developing and externally validating machine learning models to forecast short-term risk of ventilator-associated pneumonia.,"PURPOSE: Ventilator-associated pneumonia (VAP) remains one of the most serious hospital-acquired infections in the intensive care unit (ICU), with high morbidity and mortality. Early identification of patients at risk for developing VAP could enable timely diagnostics and inte...",SCRIPT,Richard Wunderink,,,clinical_modeling,methods,unknown,no explicit cross-virus or strong viral host-mechanism terms matched,medium,recent paper but no strong viral/pathway keywords matched,pending,
pmid-41646655,41646655,2026,Synonymous substitution rate slowdown preceding the emergence of SARS-CoV-2 variants and during persistent infections.,"The emergence of variants has shaped the COVID-19 pandemic. The lack of directly observed precursors to these variants has led to proposals that variants emerge from either persistent infections, transmission in non-human animal populations after reverse-zoonosis, or cryptic t...",CViSB,Kristian Andersen,,sars-cov-2;sars-cov,,primary_research,candidate,"relevant viral/host/pathway terms matched: virus, viral",high,"recent paper with relevant terms: virus, viral, sars, cov",pending,
pmid-41603707,41603707,2026,Complete genome sequences of Staphylococcus aureus isolates with a novel sequence type from a patient with hospital-acquired pneumonia.,"The complete genome of a Staphylococcus aureus isolate causing hospital-acquired pneumonia was sequenced. Genetic changes in subsequent isolates (cultured 8, 20, and 22 days later) from the lungs of the patient were identified. The genome comprised a 2.74 Mb chromosome encodin...",SCRIPT,Richard Wunderink;Alan Hauser,staphylococcus_aureus,,,primary_research,unknown,no explicit cross-virus or strong viral host-mechanism terms matched,medium,recent paper but no strong viral/pathway keywords matched,pending,
pmid-41593502,41593502,2026,Integration of bulk RNA-seq pipeline metrics for assessing low-quality samples.,"BACKGROUND: With the rise of RNA-seq as an essential and ubiquitous tool for biomedical research, the need for guidelines on quality control (QC) is pressing. Specifically, there remains limited data as to which technical metrics are most informative in identifying low-quality...",,,,,transcriptomics;clinical_modeling,methods,unknown,no explicit cross-virus or strong viral host-mechanism terms matched,medium,recent paper but no strong viral/pathway keywords matched,pending,
pmid-41460103,41460103,2026,Pharmacokinetic-pharmacodynamic target attainment with continuous infusion piperacillin in patients admitted to the ICU with hospital-acquired pneumonia.,"Optimizing β-lactam antibiotic exposure in critically ill patients with hospital-acquired pneumonia (HAP) remains a challenge due to significant pharmacokinetic variability, particularly in the setting of renal dysfunction and replacement therapies. Continuous infusion (CI) of...",SCRIPT,Alan Hauser;Richard Wunderink,,influenza,clinical_modeling,methods,unknown,no explicit cross-virus or strong viral host-mechanism terms matched,medium,recent paper but no strong viral/pathway keywords matched,pending,
pmid-41460101,41460101,2026,Critical threshold target attainment rates for tazobactam combined with piperacillin among patients admitted to the ICU with hospital-acquired pneumonia.,"Optimizing antibiotic exposures in hospital-acquired pneumonia (HAP) is crucial; however, dosing decisions often overlook target levels for the beta-lactamase inhibitor tazobactam (TAZ), and the impact of renal dysfunction and renal replacement therapy on TAZ pharmacokinetics...",SCRIPT,Alan Hauser;Richard Wunderink,,influenza,,primary_research,unknown,no explicit cross-virus or strong viral host-mechanism terms matched,medium,recent paper but no strong viral/pathway keywords matched,pending,
pmid-41429578,41429578,2026,The Sixth Annual Symposium of the Midwest Aging Consortium.,"Geroscience research benefits from interdisciplinary approaches, team science, and collaborations, which collectively facilitate the discovery of aging mechanisms and their translation into tangible, clinical interventions. Since its inception in 2019, the Midwest Aging Consor...",,,,,transcriptomics;metabolomics,primary_research,unknown,no explicit cross-virus or strong viral host-mechanism terms matched,medium,recent paper but no strong viral/pathway keywords matched,pending,
pmid-41384839,41384839,2026,Maternal proteome profiling reveals dynamic gestational age-specific responses to de novo vaccination.,Pregnancy is characterized by dynamic immunological adaptations which are essential for maintaining both maternal and fetal health. The first-time use of coronavirus disease 2019 (COVID-19) vaccines in pregnant individuals presented an opportunity to discover pregnancy-specifi...,,,,sars-cov-2,proteomics,data_or_analysis,candidate,relevant viral/host/pathway terms matched: proteome,medium,recent paper but no strong viral/pathway keywords matched,pending,
pmid-40700713,40700713,2026,Multi-Omic and Single-Cell Approaches for Elucidating Cell Biology and Pathobiology of Lung Disease.,"In this Perspective, we review the major themes from a Basic Science Core session at the American Thoracic Society 2024 International Conference: multi-omic and single-cell approaches for elucidating cellular biology and pathobiology of lung disease, with a focus on novel biol...",,,,,,review,unknown,no explicit cross-virus or strong viral host-mechanism terms matched,medium,recent paper but no strong viral/pathway keywords matched,pending,
pmid-42002983,42002983,2025,Evaluation of antigen and antibody assays for surveillance of Lassa virus in peri-domestic rodents in southeastern Sierra Leone: a cross-sectional study.,"BACKGROUND: Lassa fever, caused by Lassa mammarenavirus (LASV), is a rodent-borne disease endemic to west Africa. Zoonotic surveillance of LASV provides epidemiological insights into its potential presence. We aimed to assess LASV antigen and antibody prevalence in peri-domest...",CViSB,Donald S Grant;Kristian Andersen;Robert Garry,,,,primary_research,candidate,relevant viral/host/pathway terms matched: virus,medium,older paper with relevant terms: virus,pending,
pmid-41472675,41472675,2025,Rational Design of Multiclade Coronavirus Spike Immunodominant Domain Nanoparticles to Elicit Broad Antibody Responses.,"Four seasonal endemic human coronaviruses (HCoVs), HCoV-HKU1, HCoV-OC43, HCoV-229E, and HCoV-NL63, are culprits of mild upper respiratory and periodic severe diseases in vulnerable populations. Despite their prevalence, understanding HCoVs' antigenic and immune signatures rema...",CViSB,Ryan McNamara,,sars-cov-2;sars-cov,,primary_research,unknown,no explicit cross-virus or strong viral host-mechanism terms matched,medium,older paper with relevant terms: coronavirus,pending,
pmid-41415465,41415465,2025,Influenza A infection accelerates disease-associated microglia formation during physiological aging.,"Severe pneumonia is associated with an increased risk of cognitive decline and dementia, particularly in the elderly. Changes in microglia, the most abundant immune cell population in the brain, are also associated with cognitive decline and dementia, including the emergence o...",CViSB,Donald S Grant,,influenza,transcriptomics;metabolomics,data_or_analysis,candidate,relevant viral/host/pathway terms matched: virus,medium,older paper with relevant terms: virus,pending,
pmid-41380668,41380668,2025,Transitions in lung microbiota landscape associate with distinct patterns of pneumonia progression.,"The precise microbial determinants driving clinical outcomes in severe pneumonia are unknown. Competing ecological forces produce dynamic microbiota states in health and disease, and a more thorough understanding of these states has the potential to improve pneumonia therapy....",SCRIPT,Alan Hauser;Richard Wunderink,,,transcriptomics,data_or_analysis,unknown,no explicit cross-virus or strong viral host-mechanism terms matched,medium,older paper with relevant terms: host,pending,
pmid-41332588,41332588,2025,Unconventional linkers facilitate potent stabilized coronavirus stem antibody responses following nanoparticle vaccination.,"Vaccine technologies that protect against a range of related pathogens within viral families, such as human immunodeficiency virus (HIV), influenza, and coronaviruses (CoVs) represent the future of viral vaccine development. Towards developing broad-spectrum CoV and influenza...",CViSB,Ryan McNamara,,sars-cov-2;sars-cov;mers-cov;influenza;hiv,,primary_research,high,explicit cross-virus/shared-host language: broad-spectrum,medium,"older paper with relevant terms: virus, viral, coronavirus",pending,
pmid-41282925,41282925,2025,Microbial cell-free DNA sequencing of bronchoalveolar lavage fluid improves diagnostic yield and may add clinical utility in immunocompromised patients with severe pneumonia.,"BACKGROUND: Despite sophisticated standard of care (SOC) testing (including bronchoalveolar lavage (BAL) fluid culture and multiplex PCR), the etiology of pneumonia in immunocompromised patients is frequently unknown. Microbial cell-free DNA (mcfDNA) sequencing increases diagn...",SCRIPT,Richard Wunderink,,influenza,,data_or_analysis,unknown,no explicit cross-virus or strong viral host-mechanism terms matched,low,no strong literature-priority keywords matched,pending,
pmid-41280073,41280073,2025,Umbilical Cord Blood Cell Transcriptional and Methylation Signatures at Birth Are Associated with BPD Development.,"Bronchopulmonary dysplasia (BPD) is the most common respiratory disease in preterm infants born at less than 28 weeks gestation. Most existing clinical prediction models for BPD show limited accuracy in predicting BPD development when validated using external data, stressing t...",,,,,transcriptomics;epigenomics,data_or_analysis,unknown,no explicit cross-virus or strong viral host-mechanism terms matched,low,no strong literature-priority keywords matched,pending,
pmid-41279404,41279404,2025,GhostFold: Accurate protein structure prediction using structure-constrained synthetic coevolutionary signals.,"The accuracy of protein structure prediction models such as AlphaFold2 is tightly coupled to the depth and quality of multiple sequence alignments (MSAs), posing a persistent challenge for proteins with few or no identifiable homologs. We present GhostFold, a method for conjur...",,,,influenza,,methods,unknown,no explicit cross-virus or strong viral host-mechanism terms matched,low,no strong literature-priority keywords matched,pending,
pmid-41278889,41278889,2025,Biologically informed neural network models are robust to spurious interactions via self-pruning.,Computational models of cellular networks hold promise to uncover disease mechanisms and guide therapeutic strategies. Biology-informed neural networks (BINNs) is an emerging approach to create such models by combining the predictive power of deep learning with prior knowledge...,,,,,clinical_modeling,review,unknown,no explicit cross-virus or strong viral host-mechanism terms matched,low,no strong literature-priority keywords matched,pending,
pmid-41278878,41278878,2025,A Single-Cell Atlas of Transcriptional and Immunoglobulin Repertoire Evolution in Early B Cell Development.,"The development of human B cells in the bone marrow can be separated into functionally and transcriptionally distinct subsets, which while canonically described have yet to be profiled deeply and individually and with NGS and bioinformatic techniques. In this study, single-cel...",,,,influenza,transcriptomics,data_or_analysis,unknown,no explicit cross-virus or strong viral host-mechanism terms matched,low,no strong literature-priority keywords matched,pending,
pmid-41256685,41256685,2025,Multivariate analysis of glycogenes reveals coordinated regulation of immunoglobulin glycosylation in an immortalized human B cell system.,"While neutralizing ability has traditionally been considered the most important antibody function, appreciation has grown for Fc-mediated 'extra-neutralizing' functions, which are shaped by IgG glycosylation. However, there remain fundamental questions as to how B lymphocytes...",,,,,transcriptomics;clinical_modeling,data_or_analysis,unknown,no explicit cross-virus or strong viral host-mechanism terms matched,low,no strong literature-priority keywords matched,pending,
pmid-41256554,41256554,2025,Rational Design of Multiclade Coronavirus Spike Immunodominant Domain Nanoparticles to Elicit Broad Antibody Responses.,"Four seasonal endemic human coronaviruses (EhCoVs), HKU1-CoV, OC43-CoV, 229E-CoV, and NL63-CoV, are culprits of mild upper respiratory and periodic severe diseases in vulnerable populations. Despite their prevalence, understanding EhCoVs' antigenic and immune signatures remain...",CViSB,Ryan McNamara,,sars-cov-2;sars-cov,,primary_research,unknown,no explicit cross-virus or strong viral host-mechanism terms matched,medium,older paper with relevant terms: coronavirus,pending,
pmid-41162684,41162684,2025,Systematic data capture reduces the need for source data verification: exploratory analysis from a phase 2 multicenter randomized controlled platform trial.,"BACKGROUND: The COVID-19 pandemic gave rise to clinical trials focused on systematic, accurate primary data capture, and reduced reliance on source data verification (SDV). Here, we report on a natural experiment that allowed us to assess the quality, cost, and impact of this...",,,,sars-cov-2,,primary_research,unknown,no explicit cross-virus or strong viral host-mechanism terms matched,low,no strong literature-priority keywords matched,pending,
pmid-41157585,41157585,2025,Intra-Host Evolution of SARS-CoV-2 During Persistent Infection of Pediatric COVID-19 Patients.,"The Coronavirus disease 2019 (COVID-19) pandemic had a profound global impact, yet children exhibited distinct clinical and epidemiological patterns compared to adults. Pediatric cases of severe acute respiratory syndrome coronavirus 2 (SARS-CoV-2) were generally characterized...",,,,sars-cov-2;sars-cov,,data_or_analysis,candidate,"relevant viral/host/pathway terms matched: virus, viral",medium,"older paper with relevant terms: virus, viral, host, coronavirus",pending,
pmid-41091914,41091914,2025,An intramuscular prime and mucosal boost vaccine regimen protects against lethal clade 2.3.4.4b H5N1 challenge in cynomolgus macaques.,The H5N1 clade 2.3.4.4b avian influenza virus outbreak in poultry and dairy cattle is a potential pandemic threat for humans. A safe and effective H5N1 influenza vaccine will be needed if the virus acquires the capacity for efficient human-to-human transmission and may also be...,CViSB,Kristian Andersen;Ryan McNamara,,influenza,,primary_research,candidate,"relevant viral/host/pathway terms matched: virus, viral",medium,"older paper with relevant terms: virus, viral",pending,
pmid-40997178,40997178,2025,From reactive to proactive: Continuous protein monitoring for preventive health care.,"Continuous biomarker monitoring is revolutionizing chronic disease management, with glucose monitoring for diabetes as the primary example. Given the success of this approach, a transition to continuous protein monitoring (CPM, a real-time, implantable or wearable technology)...",,,,,clinical_modeling,review,unknown,no explicit cross-virus or strong viral host-mechanism terms matched,low,no strong literature-priority keywords matched,pending,
pmid-40986708,40986708,2025,A Cornucopia of Plasma Proteomics in Moderate-Severity Community-acquired Pneumonia.,,SCRIPT,Richard Wunderink,,,proteomics,primary_research,unknown,no explicit cross-virus or strong viral host-mechanism terms matched,low,no strong literature-priority keywords matched,pending,
pmid-40977378,40977378,2025,Large language models accurately identify immunosuppression in intensive care unit patients.,OBJECTIVE: Rule-based structured data algorithms and natural language processing (NLP) approaches applied to unstructured clinical notes have limited accuracy and poor generalizability for identifying immunosuppression. Large language models (LLMs) may effectively identify pat...,SCRIPT,Richard Wunderink,,,,primary_research,unknown,no explicit cross-virus or strong viral host-mechanism terms matched,low,no strong literature-priority keywords matched,pending,
pmid-40964040,40964040,2025,Versatile wastewater monitoring of pathogens and antimicrobial resistance enabled by metatranscriptomics and long-read metagenomics.,Widespread interest in the development of population-wide pathogen and antimicrobial resistance (AMR) monitoring has revealed wastewater's microbial footprint as a marker of public health. Near-source wastewater remains a difficult sample type for microbiome analyses but repre...,CViSB,Kristian Andersen,,,transcriptomics,methods,unknown,no explicit cross-virus or strong viral host-mechanism terms matched,medium,older paper with relevant terms: pathogen,pending,
pmid-40963760,40963760,2025,Cryptic spread of SARS-CoV-2 undermined targeted travel restrictions.,"The effectiveness of travel restrictions in mitigating the spread of novel viral variants remains understudied, particularly in regions with sparse genomic surveillance. We evaluated the efficacy of these restrictions in Western Asia, where countries sequenced less than one pe...",CViSB,Kristian Andersen,,sars-cov-2;sars-cov,,primary_research,candidate,relevant viral/host/pathway terms matched: viral,medium,older paper with relevant terms: viral,pending,
pmid-40962430,40962430,2025,Multi-omics profiling in severe pneumonia: the importance of robust study design.,"In this issue of the European Respiratory Journal, Fennell and co-workers report a robust, well-designed study characterising the lung microenvironment of SARS-CoV-2 pneumonia https://bit.ly/4iJbN1d",,,,sars-cov-2;sars-cov,,data_or_analysis,unknown,no explicit cross-virus or strong viral host-mechanism terms matched,low,no strong literature-priority keywords matched,pending,
pmid-40962401,40962401,2025,"Five-decade prevalence of delirium in pneumonia, risk factors and associated mortality: a systematic review and meta-analysis.","BACKGROUND: Delirium can occur in patients with pneumonia, but its prevalence is inconsistent across studies. Unreliable estimates and uncertainty regarding the significance of patient-specific versus microbiological risk factors hinder delirium management and prognosis. Here,...",SCRIPT,Richard Wunderink,,sars-cov-2,,review,unknown,no explicit cross-virus or strong viral host-mechanism terms matched,low,no strong literature-priority keywords matched,pending,
pmid-40956625,40956625,2025,Maintenance DNA methylation is required for induced Treg reparative function following viral pneumonia in mice.,"FOXP3+ natural regulatory T cells (nTregs) promote resolution of inflammation and repair of epithelial damage following viral pneumonia-induced lung injury, thus representing a cellular therapy for patients with severe viral pneumonia and the acute respiratory distress syndrom...",,,,influenza,epigenomics,data_or_analysis,candidate,"relevant viral/host/pathway terms matched: virus, viral",medium,"older paper with relevant terms: virus, viral",pending,
pmid-40950134,40950134,2025,Data-optimal scaling of paired antibody language models.,"Scaling laws for large language models in natural language domains are typically derived under the assumption that performance is primarily compute-constrained. In contrast, antibody language models (AbLMs) trained on paired sequences are primarily data-limited, thus requiring...",,,,,,primary_research,unknown,no explicit cross-virus or strong viral host-mechanism terms matched,low,no strong literature-priority keywords matched,pending,
pmid-40934267,40934267,2025,A curriculum learning approach to training antibody language models.,"There is growing interest in pre-training antibody language models (AbLMs) with a mixture of unpaired and natively paired sequences, seeking to combine the proven benefits of training with natively paired sequences with the massive scale of unpaired antibody sequence datasets....",,,,,,methods,unknown,no explicit cross-virus or strong viral host-mechanism terms matched,low,no strong literature-priority keywords matched,pending,
pmid-40931632,40931632,2025,"Welsh, González, and Negulescu share Lasker Award recognizing transformative treatments for people with cystic fibrosis.",,,,,,,primary_research,unknown,no explicit cross-virus or strong viral host-mechanism terms matched,low,no strong literature-priority keywords matched,pending,
pmid-40844272,40844272,2025,Recent advances in the inference of deep viral evolutionary history.,"The rapid rate of virus evolution, while useful for outbreak investigations, poses a challenge for accurately estimating long-term viral evolutionary divergence and leaves us with little genomic traces at deep evolutionary timescales, complicating the reconstruction of deep vi...",,,,,,review,candidate,"relevant viral/host/pathway terms matched: virus, viral",medium,"older paper with relevant terms: virus, viral, host",pending,
pmid-40832362,40832362,2025,Profibrotic monocyte-derived alveolar macrophages as a biomarker and therapeutic target in systemic sclerosis-associated interstitial lung disease.,Interstitial lung disease (ILD) is present in over 60% of patients with systemic sclerosis (SSc) and is the leading cause of SSc-related deaths. Profibrotic monocyte-derived alveolar macrophages (MoAM) play a causal role in the pathogenesis of pulmonary fibrosis in animal mode...,,,,influenza,transcriptomics,data_or_analysis,unknown,no explicit cross-virus or strong viral host-mechanism terms matched,low,no strong literature-priority keywords matched,pending,
pmid-40796194,40796194,2025,Infinite Mixture Models for Improved Modeling of Across-Site Evolutionary Variation.,"Scientific studies in many areas of biology routinely employ evolutionary analyses based on inference of phylogenetic trees from molecular sequence data. Evolutionary processes that act at the molecular level are highly variable, and properly accounting for heterogeneity is cr...",,,,,,primary_research,candidate,relevant viral/host/pathway terms matched: viral,medium,older paper with relevant terms: viral,pending,
pmid-40791728,40791728,2025,Development of a pilot machine learning model to predict successful cure in critically ill patients with community-acquired pneumonia.,"Severe community-acquired pneumonia (CAP) remains a major cause of critical illness, yet there are no validated early clinical criteria to predict short-term treatment outcomes in these patients. Short-term pneumonia treatment outcomes are less affected by confounding factors...",SCRIPT,Richard Wunderink,,,clinical_modeling,review,unknown,no explicit cross-virus or strong viral host-mechanism terms matched,low,no strong literature-priority keywords matched,pending,
pmid-40786117,40786117,2025,Zigzag path connects two Monte Carlo samplers: Hamiltonian counterpart to a piecewise deterministic Markov process.,"Zigzag and other piecewise deterministic Markov process samplers have attracted significant interest for their non-reversibility and other appealing properties for Bayesian posterior computation. Hamiltonian Monte Carlo is another state-of-the-art sampler, exploiting fictitiou...",,,,hiv,,primary_research,candidate,relevant viral/host/pathway terms matched: virus,medium,older paper with relevant terms: virus,pending,
pmid-40778124,40778124,2025,"Real-time, multi-pathogen wastewater genomic surveillance with Freyja 2.","Case-based infectious disease surveillance is fundamental to public health, but is resource-intensive, logistically complex, and prone to sampling bias. Wastewater testing and sequencing have increasingly been used for population-scale monitoring of pathogen dynamics, includin...",CViSB,Kristian Andersen,,sars-cov-2;influenza,,data_or_analysis,unknown,no explicit cross-virus or strong viral host-mechanism terms matched,medium,older paper with relevant terms: pathogen,pending,
pmid-40758886,40758886,2025,"The entities enabling scientific fraud at scale are large, resilient, and growing rapidly.","Science is characterized by collaboration and cooperation, but also by uncertainty, competition, and inequality. While there has always been some concern that these pressures may compel some to defect from the scientific research ethos-i.e., fail to make genuine contributions...",,,,,,primary_research,unknown,no explicit cross-virus or strong viral host-mechanism terms matched,low,no strong literature-priority keywords matched,pending,
pmid-40731125,40731125,2025,Developing and validating machine learning models to predict next-day extubation.,"Criteria to identify patients who are ready to be liberated from mechanical ventilation (MV) are imprecise, often resulting in prolonged MV or reintubation, both of which are associated with adverse outcomes. Daily protocol-driven assessment of the need for MV leads to earlier...",SCRIPT,Richard Wunderink,,,clinical_modeling,methods,unknown,no explicit cross-virus or strong viral host-mechanism terms matched,low,no strong literature-priority keywords matched,pending,
pmid-40701969,40701969,2025,Open-source computational pipeline flags instances of acute respiratory distress syndrome in mechanically ventilated adult patients.,"Physicians in critical care settings face information overload and decision fatigue, contributing to under-recognition of acute respiratory distress syndrome, which affects over 10% of intensive care patients and carries over 40% mortality rate. We present a reproducible compu...",,,,,,methods,unknown,no explicit cross-virus or strong viral host-mechanism terms matched,low,no strong literature-priority keywords matched,pending,
pmid-40678224,40678224,2025,Detecting Evolutionary Change-Points with Branch-Specific Substitution Models and Shrinkage Priors.,"Branch-specific substitution models are popular for detecting evolutionary change-points, such as shifts in selective pressure. However, applying such models typically requires prior knowledge of change-point locations on the phylogeny or faces scalability issues with large da...",,,,,,methods,candidate,relevant viral/host/pathway terms matched: viral,medium,older paper with relevant terms: viral,pending,
pmid-40671951,40671951,2025,Detecting Evolutionary Change-Points with Branch-Specific Substitution Models and Shrinkage Priors.,"Branch-specific substitution models are popular for detecting evolutionary change-points, such as shifts in selective pressure. However, applying such models typically requires prior knowledge of change-point locations on the phylogeny or faces scalability issues with large da...",,,,,,methods,candidate,relevant viral/host/pathway terms matched: viral,medium,older paper with relevant terms: viral,pending,
pmid-40658245,40658245,2025,"Correspondence on ""A common longitudinal intensive care unit data format (CLIF) for critical illness research"". Author's reply.",,,,,,,primary_research,unknown,no explicit cross-virus or strong viral host-mechanism terms matched,low,no strong literature-priority keywords matched,pending,
pmid-40646293,40646293,2025,Continuous vital sign monitoring of acute Lassa fever using wearable biosensor devices in West Africa.,"BACKGROUND: Lassa fever is a fulminant viral illness associated with high in-hospital mortality. This disease constitutes a serious public health concern in West Africa, in particular Nigeria and the Mano River Union region (Guinea, Liberia, and Sierra Leone). In Sierra Leone,...",CViSB,Donald S Grant;Kristian Andersen,,,,primary_research,candidate,relevant viral/host/pathway terms matched: viral,medium,older paper with relevant terms: viral,pending,
pmid-40632835,40632835,2025,Adenovirus and mRNA vaccines as well as mucosal boosting improve protective efficacy against influenza virus challenge in macaques.,"The clinically approved seasonal influenza vaccines provide only 10 to 60% efficacy, necessitating strategies to improve vaccine performance. Here, we explored strategies for improving influenza vaccine efficacy using gene-based vaccines and mucosal boosting strategies in nonh...",CViSB,Kristian Andersen;Ryan McNamara,,influenza,,primary_research,candidate,"relevant viral/host/pathway terms matched: virus, viral",medium,"older paper with relevant terms: virus, viral",pending,
pmid-40630536,40630536,2025,Integration of Bulk RNA-seq Pipeline Metrics for Assessing Low-Quality Samples.,"BACKGROUND: With the rise of RNA-seq as an essential and ubiquitous tool for biomedical research, the need for guidelines on quality control (QC) is pressing. Specifically, there remains limited data as to which technical metrics are most informative in identifying low-quality...",,,,,transcriptomics;clinical_modeling,methods,unknown,no explicit cross-virus or strong viral host-mechanism terms matched,low,no strong literature-priority keywords matched,pending,
pmid-40624354,40624354,2025,"BEAST X for Bayesian phylogenetic, phylogeographic and phylodynamic inference.","Here we present the open-source and cross-platform BEAST X software that combines molecular phylogenetic reconstruction with complex trait evolution, divergence-time dating and coalescent demographics in an efficient statistical inference engine. BEAST X significantly advances...",,,,,,primary_research,unknown,no explicit cross-virus or strong viral host-mechanism terms matched,low,no strong literature-priority keywords matched,pending,
pmid-40586539,40586539,2025,"Draft genome sequences of Stenotrophomonas maltophilia strains UPSm1, UPSm3, and UPSm5 and Stenotrophomonas pavanii strain UPSm2.","We report the draft genome sequences of Stenotrophomonas maltophilia strains UPSm1, UPSm3, and UPSm5 and Stenotrophomonas pavanii strain UPSm2, all of which had been isolated from the respiratory tract of human patients. The genome assemblies contain single contigs that have a...",SCRIPT,Alan Hauser,,,,primary_research,unknown,no explicit cross-virus or strong viral host-mechanism terms matched,low,no strong literature-priority keywords matched,pending,
pmid-40586301,40586301,2025,Novel enzyme-based reduced representation method for DNA methylation profiling with low inputs.,"Commonly used bisulfite-based procedures for DNA methylation sequencing can degrade DNA, worsening signal-to-noise ratios in samples with low DNA input. Enzymatic methylation sequencing (EM-seq) has been proposed as a less biased alternative for methylation profiling with grea...",,,,sars-cov-2;sars-cov,epigenomics,methods,unknown,no explicit cross-virus or strong viral host-mechanism terms matched,low,no strong literature-priority keywords matched,pending,
pmid-40575131,40575131,2025,Focused learning by antibody language models using preferential masking of non-templated regions.,"Existing antibody language models (AbLMs) are pre-trained using a masked language modeling (MLM) objective with uniform masking probabilities. While these models excel at predicting germline residues, they often struggle with mutated and non-templated residues, which concentra...",,,,,,primary_research,unknown,no explicit cross-virus or strong viral host-mechanism terms matched,low,no strong literature-priority keywords matched,pending,
pmid-40569388,40569388,2025,Comparative performance of viral landscape phylogeography approaches.,The rapid evolution of RNA viruses implies that their evolutionary and ecological processes occur on the same time scale. Genome sequences of these pathogens therefore can contain information about the processes that govern their transmission and dispersal. Landscape phylogeog...,,,,,,primary_research,high,explicit cross-virus/shared-host language: comparative,medium,"older paper with relevant terms: virus, viral",pending,
pmid-40502596,40502596,2025,Machine Learning Analysis of Electronic Health Records Identifies Interstitial Lung Disease and Predicts Mortality in Patients with Systemic Sclerosis.,"BACKGROUND: Interstitial lung disease (ILD) is the leading cause of death in patients with systemic sclerosis (SSc), affecting more than 40% of this population. Despite the availability of effective treatments to stabilize or improve lung function, survival for patients with S...",SCRIPT,Richard Wunderink,,,,primary_research,unknown,no explicit cross-virus or strong viral host-mechanism terms matched,low,no strong literature-priority keywords matched,pending,
pmid-40493423,40493423,2025,Cord blood proteomics identifies biomarkers of early-onset neonatal sepsis.,BACKGROUNDSymptoms of early-onset neonatal sepsis (EOS) in preterm infants are nonspecific and overlap with normal postnatal physiological adaptations and noninfectious pathologies. This clinical uncertainty and the lack of reliable EOS diagnostics results in liberal use of an...,,,,,proteomics,primary_research,unknown,no explicit cross-virus or strong viral host-mechanism terms matched,low,no strong literature-priority keywords matched,pending,
pmid-40492065,40492065,2025,"Five-Decade Prevalence of Delirium in Pneumonia, Risk Factors, and Associated Mortality: A Systematic Review and Meta-Analysis.","BACKGROUND: Delirium can occur in patients with pneumonia, but its prevalence is inconsistent across studies. Unreliable estimates and uncertainty regarding the significance of patient-specific vs. microbiological risk factors hinder delirium management and prognosis. Here, we...",SCRIPT,Richard Wunderink,,sars-cov-2,,review,unknown,no explicit cross-virus or strong viral host-mechanism terms matched,low,no strong literature-priority keywords matched,pending,
pmid-40447716,40447716,2025,"International importance and spread of SARS-CoV-2 variants Alpha, Delta, and Omicron BA.1 into Spain.","BACKGROUND: The spread of SARS-CoV-2 has been influenced by multiple factors, from the inherent transmission capabilities of the different variants to the control measurements put in place. Understanding how new variants enter a country is essential for managing future outbrea...",,,,sars-cov-2;sars-cov;influenza,,primary_research,candidate,relevant viral/host/pathway terms matched: virus,medium,older paper with relevant terms: virus,pending,
pmid-40388983,40388983,2025,Genomics reveals zoonotic and sustained human mpox spread in West Africa.,"Five years before the 2022 multi-country mpox outbreak, Nigeria and Cameroon reported their first cases in more than three decades1,2. Whereas the outbreak in Nigeria is recognized as an ongoing human epidemic, the drivers of the resurgence in Cameroon remain unclear3,4. The r...",CViSB,Kristian Andersen,,,,primary_research,candidate,"relevant viral/host/pathway terms matched: virus, viral",medium,"older paper with relevant terms: virus, viral",pending,
pmid-40372025,40372025,2025,Individual target pharmacokinetic/pharmacodynamic attainment rates among cefepime-treated patients admitted to the ICU with hospital-acquired pneumonia with and without ECMO.,"Cefepime (FEP) is used for hospital- and ventilator-associated pneumonia when Pseudomonas aeruginosa is involved. However, its pharmacokinetics (PK) in severe pneumonia necessitating extracorporeal membrane oxygenation (ECMO) remain unclear. This single-center, prospective stu...",SCRIPT,Alan Hauser;Richard Wunderink,pseudomonas_aeruginosa,,proteomics,primary_research,unknown,no explicit cross-virus or strong viral host-mechanism terms matched,low,no strong literature-priority keywords matched,pending,
pmid-40339581,40339581,2025,The recency and geographical origins of the bat viruses ancestral to SARS-CoV and SARS-CoV-2.,"The emergence of SARS-CoV in 2002 and SARS-CoV-2 in 2019 led to increased sampling of sarbecoviruses circulating in horseshoe bats. Employing phylogenetic inference while accounting for recombination of bat sarbecoviruses, we find that the closest-inferred bat virus ancestors...",,,,sars-cov-2;sars-cov,,primary_research,candidate,"relevant viral/host/pathway terms matched: virus, viral",medium,"older paper with relevant terms: virus, viral",pending,
pmid-40316844,40316844,2025,Antibiotic de-escalation patterns and outcomes in critically ill patients with suspected pneumonia as informed by bronchoalveolar lavage results.,"PURPOSE: Antibiotic stewardship in critically ill pneumonia patients is crucial yet challenging, partly due to the limitations of noninvasive diagnostic tests. This study reports an antibiotic de-escalation pattern informed by bronchoalveolar lavage (BAL) results, incorporatin...",SCRIPT,Richard Wunderink,,,,primary_research,candidate,relevant viral/host/pathway terms matched: viral,medium,older paper with relevant terms: viral,pending,
pmid-40215972,40215972,2025,Library-based single-cell analysis of CAR signaling reveals drivers of in vivo persistence.,"The anti-tumor function of engineered T cells expressing chimeric antigen receptors (CARs) is dependent on signals transduced through intracellular signaling domains (ICDs). Different ICDs are known to drive distinct phenotypes, but systematic investigations into how ICD archi...",,,,,,data_or_analysis,unknown,no explicit cross-virus or strong viral host-mechanism terms matched,low,no strong literature-priority keywords matched,pending,
pmid-40207916,40207916,2025,Pseudomonas aeruginosa population dynamics in a vancomycin-induced murine model of gastrointestinal carriage.,UNLABELLED: Pseudomonas aeruginosa is a common nosocomial pathogen and a major cause of morbidity and mortality in hospitalized patients. Multiple reports highlight that P. aeruginosa gastrointestinal colonization may precede systemic infections by this pathogen. Gaining a dee...,SCRIPT,Richard Wunderink;Alan Hauser,pseudomonas_aeruginosa,,,methods,unknown,no explicit cross-virus or strong viral host-mechanism terms matched,medium,older paper with relevant terms: pathogen,pending,
pmid-40196646,40196646,2025,Longitudinal analysis of drift in the circulating human antibody repertoire over four years.,"The human immune system is a sophisticated network of cells and molecules that plays a vital role in safeguarding the body against a broad range of foreign agents. One of the key components of the immune system is the circulating antibody repertoire, a vast collection of diffe...",,,,influenza,,data_or_analysis,unknown,no explicit cross-virus or strong viral host-mechanism terms matched,low,no strong literature-priority keywords matched,pending,
pmid-40196585,40196585,2025,Comparative performance of novel viral landscape phylogeography approaches.,The fast rate of evolution in RNA viruses implies that their evolutionary and ecological processes occur on the same time scale. Genome sequences of these pathogens can therefore contain information about the processes that govern their transmission and dispersal. In particula...,,,,,,primary_research,high,explicit cross-virus/shared-host language: comparative,medium,"older paper with relevant terms: virus, viral",pending,
pmid-40168990,40168990,2025,"Immunological drivers of zoonotic virus emergence, evolution, and endemicity.","The disruption of natural ecosystems caused by climate change and human activity is amplifying the risk of zoonotic spillover, presenting a growing global health threat. In the past two decades, the emergence of multiple zoonotic viruses has exposed critical gaps in our abilit...",CViSB,Kristian Andersen,,,,review,candidate,"relevant viral/host/pathway terms matched: virus, viral",medium,"older paper with relevant terms: virus, viral",pending,
pmid-40167310,40167310,2025,Regulatory T Cells Require TBET to Regulate Activated CD8+ T Cells During Recovery from Influenza.,,,,,influenza,,primary_research,unknown,no explicit cross-virus or strong viral host-mechanism terms matched,low,no strong literature-priority keywords matched,pending,
pmid-40133528,40133528,2025,Transmission dynamics of the 2022 mpox epidemic in New York City.,"The 2022 global mpox epidemic was caused by transmission of MPXV clade IIb, lineage B.1 through sexual contact networks, with New York City (NYC) experiencing the first and largest outbreak in the United States. By performing phylogeographic analysis of MPXV genomes sampled fr...",UCLA-Persistent-BSI,Melissa Johnson,,hiv,,primary_research,high,explicit cross-virus/shared-host language: comparative,low,no strong literature-priority keywords matched,pending,
pmid-40100289,40100289,2025,AMPK is necessary for Treg functional adaptation to microenvironmental stress during malignancy and viral pneumonia.,"CD4+FOXP3+ Treg cells maintain self tolerance, suppress the immune response to cancer, and protect against tissue injury during acute inflammation. Treg cells require mitochondrial metabolism to function, but how Treg cells adapt their metabolic programs to optimize their func...",,,,influenza,epigenomics,primary_research,candidate,"relevant viral/host/pathway terms matched: virus, viral",medium,"older paper with relevant terms: virus, viral",pending,
pmid-40080116,40080116,2025,A common longitudinal intensive care unit data format (CLIF) for critical illness research.,"RATIONALE: Critical illness threatens millions of lives annually. Electronic health record (EHR) data are a source of granular information that could generate crucial insights into the nature and optimal treatment of critical illness. OBJECTIVES: Overcome the data management,...",,,,,,primary_research,unknown,no explicit cross-virus or strong viral host-mechanism terms matched,low,no strong literature-priority keywords matched,pending,
pmid-40060663,40060663,2025,A curriculum learning approach to training antibody language models.,"There is growing interest in pre-training antibody language models (AbLMs) with a mixture of unpaired and natively paired sequences, seeking to combine the proven benefits of training with natively paired sequences with the massive scale of unpaired antibody sequence datasets....",,,,,,methods,unknown,no explicit cross-virus or strong viral host-mechanism terms matched,low,no strong literature-priority keywords matched,pending,
pmid-40060513,40060513,2025,Maintenance DNA methylation is required for induced regulatory T cell reparative function following viral pneumonia.,"FOXP3+ natural regulatory T cells (nTregs) promote resolution of inflammation and repair of epithelial damage following viral pneumonia-induced lung injury, thus representing a cellular therapy for patients with acute respiratory distress syndrome (ARDS). Whether in vitro indu...",,,,influenza,epigenomics,data_or_analysis,candidate,"relevant viral/host/pathway terms matched: virus, viral",medium,"older paper with relevant terms: virus, viral",pending,
pmid-40060453,40060453,2025,Dynamics of natural selection preceding human viral epidemics and pandemics.,"Using a phylogenetic framework to characterize natural selection, we investigate the hypothesis that zoonotic viruses require adaptation prior to zoonosis to sustain human-to-human transmission. Examining the zoonotic emergence of Ebola virus, Marburg virus, influenza A virus,...",CViSB,Kristian Andersen,,sars-cov-2;sars-cov;influenza,,primary_research,candidate,"relevant viral/host/pathway terms matched: virus, viral",medium,"older paper with relevant terms: virus, viral, host",pending,
pmid-40046892,40046892,2025,An Observational Cohort Study of Bronchoalveolar Lavage Fluid Galactomannan and Aspergillus Culture Positivity in Patients Requiring Mechanical Ventilation.,BACKGROUND: Critically ill patients who develop invasive pulmonary aspergillosis (IPA) have high mortality rates despite antifungal therapy. Diagnosis is difficult in these patients and incidences vary in the literature. Bronchoalveolar lavage (BAL) fluid galactomannan (GM) is...,SCRIPT,Richard Wunderink,,influenza,,primary_research,unknown,no explicit cross-virus or strong viral host-mechanism terms matched,low,no strong literature-priority keywords matched,pending,
pmid-39994477,39994477,2025,Steps to prevent and respond to an H5N1 epidemic in the USA.,,CViSB,Robert Garry,,,,primary_research,unknown,no explicit cross-virus or strong viral host-mechanism terms matched,low,no strong literature-priority keywords matched,pending,
pmid-39945534,39945534,2025,Tracing more than two decades of Japanese encephalitis virus circulation in mainland China.,"UNLABELLED: Japanese encephalitis is a viral disease caused by the Japanese encephalitis virus (JEV), primarily affecting rural areas of Asia and western Pacific region. China remains one of the main epicenters, experiencing a significant burden of human and animal cases despi...",,,,influenza,,primary_research,candidate,"relevant viral/host/pathway terms matched: virus, viral",medium,"older paper with relevant terms: virus, viral",pending,
pmid-39868236,39868236,2025,Tissue-resident skeletal muscle macrophages promote recovery from viral pneumonia-induced sarcopenia in normal aging.,"Sarcopenia, which diminishes lifespan and healthspan in the elderly, is commonly exacerbated by viral pneumonia, including influenza and COVID-19. In a study of influenza A pneumonia in mice, young mice fully recovered from sarcopenia, while older mice did not. We identified a...",CViSB,Donald S Grant,,sars-cov-2;influenza,,primary_research,candidate,"relevant viral/host/pathway terms matched: viral, interaction",medium,"older paper with relevant terms: viral, interaction",pending,
pmid-39867358,39867358,2025,Large language models outperform traditional structured data-based approaches in identifying immunosuppressed patients.,Identifying immunosuppressed patients using structured data can be challenging. Large language models effectively extract structured concepts from unstructured clinical text. Here we show that GPT-4o outperforms traditional approaches in identifying immunosuppressive condition...,SCRIPT,Richard Wunderink,,,,primary_research,unknown,no explicit cross-virus or strong viral host-mechanism terms matched,low,no strong literature-priority keywords matched,pending,
pmid-39836474,39836474,2025,The impact of remdesivir on SARS-CoV-2 evolution in vivo.,"The impact of remdesivir on SARS-CoV-2 diversity and evolution in vivo has remained unclear. In this single-center, retrospective cohort study, we assessed SARS-CoV-2 diversification and diversity over time in a cohort of hospitalized patients who did or did not receive remdes...",,,,sars-cov-2;sars-cov,,data_or_analysis,candidate,relevant viral/host/pathway terms matched: viral,medium,older paper with relevant terms: viral,pending,
pmid-39829857,39829857,2025,Distinct Control of histone H1 expression within the Histone Locus body by CRAMP1.,Proper histone gene expression is critical to cell viability and maintaining genomic integrity. Multiple histone genes organized into three genomic loci encode for replication coupled core and linker histones. Histone gene expression and transcript processing is orchestrated i...,,,,,,data_or_analysis,unknown,no explicit cross-virus or strong viral host-mechanism terms matched,low,no strong literature-priority keywords matched,pending,
pmid-39737444,39737444,2025,Integrating dynamical modeling and phylogeographic inference to characterize global influenza circulation.,"Global seasonal influenza circulation involves a complex interplay between local (seasonality, demography, host immunity) and global factors (international mobility) shaping recurrent epidemic patterns. No studies so far have reconciled the two spatial levels, evaluating the c...",,,,influenza,,primary_research,unknown,no explicit cross-virus or strong viral host-mechanism terms matched,medium,older paper with relevant terms: host,pending,
pmid-39704343,39704343,2025,The Fifth Annual Symposium of the Midwest Aging Consortium.,"As the healthcare burden caused by an increasingly aging population rapidly rises, a pressing need exists for innovative geroscience research that can elucidate aging mechanisms and precipitate the development of therapeutic interventions to support healthy aging. The Fifth An...",,,,,,primary_research,unknown,no explicit cross-virus or strong viral host-mechanism terms matched,low,no strong literature-priority keywords matched,pending,
pmid-39645657,39645657,2024,"Vimentin modulates regulatory T cell receptor-ligand interactions at distal pole complex, leading to dysregulated host response to viral pneumonia.",Forkhead box P3 (Foxp3)+ regulatory T cells (Tregs) resolve acute inflammation and repair the injured lung after viral pneumonia. Vimentin is a critical protein in the distal pole complex (DPC) of Tregs. This study reveals the inhibitory effect of vimentin on the suppressive a...,,,,influenza,,primary_research,candidate,relevant viral/host/pathway terms matched: viral,medium,"older paper with relevant terms: viral, host",pending,
pmid-39631779,39631779,2024,Evolution of a Graph Model for the OMOP Common Data Model.,"OBJECTIVE: Graph databases for electronic health record (EHR) data have become a useful tool for clinical research in recent years, but there is a lack of published methods to transform relational databases to a graph database schema. We developed a graph model for the Observa...",,,,,,methods,unknown,no explicit cross-virus or strong viral host-mechanism terms matched,low,no strong literature-priority keywords matched,pending,
pmid-39625970,39625970,2024,How fast are viruses spreading in the wild?,Genomic data collected from viral outbreaks can be exploited to reconstruct the dispersal history of viral lineages in a two-dimensional space using continuous phylogeographic inference. These spatially explicit reconstructions can subsequently be used to estimate dispersal me...,,,,,,primary_research,high,explicit cross-virus/shared-host language: comparative,medium,"older paper with relevant terms: viral, host",pending,
pmid-39605488,39605488,2024,Conformational ensemble-based framework enables rapid development of Lassa virus vaccine candidates.,"Lassa virus (LASV), an arenavirus endemic to West Africa, poses a significant public health threat due to its high pathogenicity and expanding geographic risk zone. LASV glycoprotein complex (GPC) is the only known target of neutralizing antibodies, but its inherent metastabil...",,,,,,primary_research,candidate,"relevant viral/host/pathway terms matched: virus, viral",medium,"older paper with relevant terms: virus, viral",pending,
pmid-39576825,39576825,2024,Long-term visual outcomes and histopathologic findings after cataract surgery in Ebola virus disease survivors in the Ebola virus RNA persistence in ocular tissues and fluids (EVICT) study.,"BACKGROUND/OBJECTIVES: Ebola virus disease (EVD) survivors develop post-acute ophthalmic sequelae, including a high prevalence of uveitis that may be complicated by vision-threatening cataract. After the non-detection of Ebola virus (EBOV) RNA in sampled ocular fluid, vision i...",CViSB,Robert Garry;Donald S Grant,,influenza,,primary_research,candidate,relevant viral/host/pathway terms matched: virus,medium,older paper with relevant terms: virus,pending,
pmid-39574676,39574676,2024,Decoding protein dynamicity in DNA ligase activity through deep learning-based structural ensembles.,"Numerous proteins perform their functions by transitioning between various structures. Understanding the conformational ensembles associated with these states is essential for uncovering crucial mechanistic aspects that regulate protein function. In this study, we utilized Alp...",,,,,,primary_research,unknown,no explicit cross-virus or strong viral host-mechanism terms matched,low,no strong literature-priority keywords matched,pending,
pmid-39553994,39553994,2024,Focused learning by antibody language models using preferential masking of non-templated regions.,"Existing antibody language models (LMs) are pre-trained using a masked language modeling (MLM) objective with uniform masking probabilities. While these models excel at predicting germline residues, they often struggle with mutated and non-templated residues, which are crucial...",,,,,,primary_research,unknown,no explicit cross-virus or strong viral host-mechanism terms matched,low,no strong literature-priority keywords matched,pending,
pmid-39488529,39488529,2024,Live imaging of airway epithelium reveals that mucociliary clearance modulates SARS-CoV-2 spread.,"SARS-CoV-2 initiates infection in the conducting airways, where mucociliary clearance inhibits pathogen penetration. However, it is unclear how mucociliary clearance impacts SARS-CoV-2 spread after infection is established. To investigate viral spread at this site, we perform...",SYBIL,Sumit Chanda,,sars-cov-2;sars-cov;influenza,,primary_research,candidate,"relevant viral/host/pathway terms matched: virus, viral",medium,"older paper with relevant terms: virus, viral, pathogen",pending,
pmid-39484236,39484236,2024,Humoral waning kinetics against SARS-CoV-2 is dictated by disease severity and vaccine platform.,"SARS-CoV-2 vaccine-acquired immunity provides robust cross-variant recognition, while infection-acquired immunity can be heterogenous, with disease severity often modulating post-recovery responses. We assessed antibody waning dynamics between infection- and vaccination-acquir...",SYBIL,Ryan McNamara;Rafael Medina,,sars-cov-2;sars-cov,,primary_research,unknown,no explicit cross-virus or strong viral host-mechanism terms matched,low,no strong literature-priority keywords matched,pending,
pmid-39475648,39475648,2024,Robust extraction of pneumonia-associated clinical states from electronic health records.,"Mining of electronic health records (EHR) promises to automate the identification of comprehensive disease phenotypes. However, the realization of this promise is hindered by the unavailability of generalizable ground-truth information, data incompleteness and heterogeneity, a...",,,,,,methods,unknown,no explicit cross-virus or strong viral host-mechanism terms matched,low,no strong literature-priority keywords matched,pending,
pmid-39390446,39390446,2024,Emergence of the B.1.214.2 SARS-CoV-2 lineage with an Omicron-like spike insertion and a unique upper airway immune signature.,"We investigate the emergence, mutation profile, and dissemination of SARS-CoV-2 lineage B.1.214.2, first identified in Belgium in January 2021. This variant, featuring a 3-amino acid insertion in the spike protein similar to the Omicron variant, was speculated to enhance trans...",,,,sars-cov-2;sars-cov,,primary_research,unknown,no explicit cross-virus or strong viral host-mechanism terms matched,low,no strong literature-priority keywords matched,pending,
pmid-39367123,39367123,2024,Profibrotic monocyte-derived alveolar macrophages are expanded in patients with persistent respiratory symptoms and radiographic abnormalities after COVID-19.,Monocyte-derived alveolar macrophages drive lung injury and fibrosis in murine models and are associated with pulmonary fibrosis in humans. Monocyte-derived alveolar macrophages have been suggested to develop a phenotype that promotes lung repair as injury resolves. We compare...,CViSB,Donald S Grant,,sars-cov-2;influenza,,data_or_analysis,unknown,no explicit cross-virus or strong viral host-mechanism terms matched,low,no strong literature-priority keywords matched,pending,
pmid-39314979,39314979,2024,Antibiotic De-escalation Patterns and Outcomes in Critically Ill Patients with Suspected Pneumonia as Informed by Bronchoalveolar Lavage Results.,"BACKGROUND: Antibiotic stewardship in critically ill pneumonia patients is crucial yet challenging, partly due to the limited diagnostic yield of noninvasive infectious tests. In this study, we report an antibiotic prescription pattern informed by bronchoalveolar lavage (BAL)...",SCRIPT,Richard Wunderink,,,,primary_research,candidate,relevant viral/host/pathway terms matched: viral,medium,older paper with relevant terms: viral,pending,
pmid-39303692,39303692,2024,Genetic tracing of market wildlife and viruses at the epicenter of the COVID-19 pandemic.,"Zoonotic spillovers of viruses have occurred through the animal trade worldwide. The start of the COVID-19 pandemic was traced epidemiologically to the Huanan Seafood Wholesale Market. Here, we analyze environmental qPCR and sequencing data collected in the Huanan market in ea...",CViSB,Robert Garry;Kristian Andersen,,sars-cov-2;sars-cov,,data_or_analysis,candidate,relevant viral/host/pathway terms matched: viral,medium,"older paper with relevant terms: viral, coronavirus",pending,
pmid-39255040,39255040,2024,Antibiotic use during influenza infection augments lung eosinophils that impair immunity against secondary bacterial pneumonia.,"A leading cause of mortality after influenza infection is the development of a secondary bacterial pneumonia. In the absence of a bacterial superinfection, prescribing antibacterial therapies is not indicated but has become a common clinical practice for those presenting with...",SCRIPT,Richard Wunderink,staphylococcus_aureus,influenza,,primary_research,candidate,relevant viral/host/pathway terms matched: viral,medium,older paper with relevant terms: viral,pending,
pmid-39229171,39229171,2024,Pseudomonas aeruginosa population dynamics in a vancomycin-induced murine model of gastrointestinal carriage.,Pseudomonas aeruginosa is a common nosocomial pathogen and a major cause of morbidity and mortality in hospitalized patients. Multiple reports highlight that P. aeruginosa gastrointestinal colonization may precede systemic infections by this pathogen. Gaining a deeper insight...,SCRIPT,Richard Wunderink;Alan Hauser,pseudomonas_aeruginosa,,,methods,unknown,no explicit cross-virus or strong viral host-mechanism terms matched,medium,older paper with relevant terms: pathogen,pending,
pmid-39224511,39224511,2024,Compartment-specific antibody correlates of protection to SARS-CoV-2 Omicron in macaques.,"Antibodies represent a primary mediator of protection against respiratory viruses. Serum neutralizing antibodies (NAbs) are often considered a primary correlate of protection. However, detailed antibody profiles including characterization of antibody functions in different ana...",CViSB,Ryan McNamara,,sars-cov-2;sars-cov,,primary_research,unknown,no explicit cross-virus or strong viral host-mechanism terms matched,medium,older paper with relevant terms: coronavirus,pending,
pmid-39213326,39213326,2024,The global population stru cture of Lacticaseibacillus rhamnosus and its application to an investigation of a rare case of infective endocarditis.,"BACKGROUND: Lacticaseibacillus (formerly Lactobacillus) rhamnosus is widely used in probiotics or food supplements to promote microbiome health and may also be part of the normal microbiota of the human gastrointestinal tract. However, it rarely also causes invasive or severe...",SCRIPT,Alan Hauser,,,,data_or_analysis,unknown,no explicit cross-virus or strong viral host-mechanism terms matched,low,no strong literature-priority keywords matched,pending,
pmid-39213155,39213155,2024,SARS-CoV-2 infection prior to vaccination amplifies Fc-mediated humoral profiles in an age-dependent manner.,"Immunity acquired by vaccination following infection, termed hybrid immunity, has been shown to confer enhanced protection against severe acute respiratory syndrome coronavirus 2 (SARS-CoV-2) by enhancing the breadth and potency of immune responses. Here, we assess Fc-mediated...",CViSB,Ryan McNamara,,sars-cov-2;sars-cov,,primary_research,unknown,no explicit cross-virus or strong viral host-mechanism terms matched,medium,older paper with relevant terms: coronavirus,pending,
pmid-39179693,39179693,2024,Evolution of SARS-CoV-2 in the murine central nervous system drives viral diversification.,"Severe coronavirus disease 2019 and post-acute sequelae of severe acute respiratory syndrome coronavirus 2 (SARS-CoV-2) infection are associated with neurological complications that may be linked to direct infection of the central nervous system (CNS), but the selective pressu...",,,,sars-cov-2;sars-cov,,primary_research,candidate,"relevant viral/host/pathway terms matched: virus, viral",medium,"older paper with relevant terms: virus, viral, coronavirus",pending,
pmid-39169236,39169236,2024,Phenotype and specificity of lung T cell responses correlate with outcome in SARS-CoV-2 pneumonia.,,,,,sars-cov-2;sars-cov,,primary_research,unknown,no explicit cross-virus or strong viral host-mechanism terms matched,low,no strong literature-priority keywords matched,pending,
pmid-39148859,39148859,2024,Transitions in lung microbiota landscape associate with distinct patterns of pneumonia progression.,"The precise microbial determinants driving clinical outcomes in severe pneumonia are unknown. Competing ecological forces produce dynamic microbiota states in health; infection and treatment effects on microbiota state must be defined to improve pneumonia therapy. Here, we lev...",SCRIPT,Alan Hauser;Richard Wunderink,,,transcriptomics,data_or_analysis,unknown,no explicit cross-virus or strong viral host-mechanism terms matched,medium,older paper with relevant terms: host,pending,
pmid-39138384,39138384,2024,Distinctive evolution of alveolar T cell responses is associated with clinical outcomes in unvaccinated patients with SARS-CoV-2 pneumonia.,"The evolution of T cell molecular signatures in the distal lung of patients with severe pneumonia is understudied. Here, we analyzed T cell subsets in longitudinal bronchoalveolar lavage fluid samples from 273 patients with severe pneumonia, including unvaccinated patients inf...",CViSB,Donald S Grant;Richard Wunderink,,sars-cov-2;sars-cov;influenza,,primary_research,candidate,relevant viral/host/pathway terms matched: pathway,medium,older paper with relevant terms: coronavirus,pending,
pmid-39013466,39013466,2024,Deep mutational scanning reveals functional constraints and antibody-escape potential of Lassa virus glycoprotein complex.,"Lassa virus is estimated to cause thousands of human deaths per year, primarily due to spillovers from its natural host, Mastomys rodents. Efforts to create vaccines and antibody therapeutics must account for the evolutionary variability of the Lassa virus's glycoprotein compl...",CViSB,Kristian Andersen,,,,methods,candidate,"relevant viral/host/pathway terms matched: virus, viral",medium,"older paper with relevant terms: virus, viral, host",pending,
pmid-39006420,39006420,2024,"Dispersal history of SARS-CoV-2 variants Alpha, Delta, and Omicron (BA.1) in Spain.","Different factors influence the spread of SARS-CoV-2, from the inherent transmission capabilities of the different variants to the control measurements put in place. Here we studied the introduction of the Alpha, Delta, and Omicron-BA.1 variants of concern (VOCs) into Spain. F...",,,,sars-cov-2;sars-cov;influenza,,primary_research,candidate,relevant viral/host/pathway terms matched: virus,medium,older paper with relevant terms: virus,pending,
pmid-39001278,39001278,2024,The Impact of Next-Generation Sequencing Added to Multiplex PCR on Antibiotic Stewardship in Critically Ill Patients with Suspected Pneumonia.,"INTRODUCTION: In patients with suspected pneumonia who are tested with respiratory culture and multiplex PCR, the potential added benefit of next-generation sequencing technologies is unknown. METHODS: This was a single-center, retrospective study in which residual bronchoalve...",SCRIPT,Richard Wunderink,,,,review,candidate,relevant viral/host/pathway terms matched: virus,medium,"older paper with relevant terms: virus, pathogen",pending,
pmid-38964363,38964363,2024,Lassa fever research priorities: towards effective medical countermeasures by the end of the decade.,"In 2016, WHO designated Lassa fever a priority disease for epidemic preparedness as part of the WHO Blueprint for Action to Prevent Epidemics. One aspect of preparedness is to promote development of effective medical countermeasures (ie, diagnostics, therapeutics, and vaccines...",CViSB,Melissa Johnson;Robert Garry;Donald S Grant,,,,primary_research,unknown,no explicit cross-virus or strong viral host-mechanism terms matched,low,no strong literature-priority keywords matched,pending,
pmid-38947052,38947052,2024,Genomic epidemiology uncovers the timing and origin of the emergence of mpox in humans.,"Five years before the 2022-2023 global mpox outbreak Nigeria reported its first cases in nearly 40 years, with the ongoing epidemic since driven by sustained human-to-human transmission. However, limited genomic data has left questions about the timing and origin of the mpox v...",CViSB,Kristian Andersen,,,,primary_research,candidate,"relevant viral/host/pathway terms matched: virus, viral",medium,"older paper with relevant terms: virus, viral, pathogen",pending,
pmid-38947021,38947021,2024,Molecular epidemiology of recurrent zoonotic transmission of mpox virus in West Africa.,"Nigeria and Cameroon reported their first mpox cases in over three decades in 2017 and 2018 respectively. The outbreak in Nigeria is recognised as an ongoing human epidemic. However, owing to sparse surveillance and genomic data, it is not known whether the increase in cases i...",CViSB,Kristian Andersen,,,,primary_research,candidate,"relevant viral/host/pathway terms matched: virus, viral",medium,"older paper with relevant terms: virus, viral",pending,
pmid-38947010,38947010,2024,Evolution of the Umbilical Cord Blood Proteome Across Gestational Development.,"Neonatal health is dependent on early risk stratification, diagnosis, and timely management of potentially devastating conditions, particularly in the setting of prematurity. Many of these conditions are poorly predicted in real-time by clinical data and current diagnostics. U...",,,,,proteomics,primary_research,candidate,relevant viral/host/pathway terms matched: proteome,low,no strong literature-priority keywords matched,pending,
pmid-38940448,38940448,2024,"Dispersal history of SARS-CoV-2 in Galicia, Spain.","The dynamics of severe acute respiratory syndrome coronavirus 2 (SARS-CoV-2) transmission are influenced by a variety of factors, including social restrictions and the emergence of distinct variants. In this study, we delve into the origins and dissemination of the Alpha, Delt...",,,,sars-cov-2;sars-cov;influenza,,primary_research,candidate,"relevant viral/host/pathway terms matched: virus, viral",medium,"older paper with relevant terms: virus, viral, coronavirus",pending,
pmid-38853959,38853959,2024,FOXP3+ Regulatory T Cells Require TBET to Regulate Activated CD8+ T Cells During Recovery from Influenza Infection.,"FOXP3+ regulatory T (Treg) cells are necessary to coordinate resolution of lung inflammation and a return to homeostasis after respiratory viral infections, but the specific molecular requirements for these functions and the cell types governed by Treg cells remain unclear. Th...",,,,influenza,,primary_research,candidate,relevant viral/host/pathway terms matched: viral,medium,older paper with relevant terms: viral,pending,
pmid-38848216,38848216,2024,Deep repertoire mining uncovers ultra-broad coronavirus neutralizing antibodies targeting multiple spike epitopes.,"The development of vaccines and therapeutics that are broadly effective against known and emergent coronaviruses is an urgent priority. We screened the circulating B cell repertoires of COVID-19 survivors and vaccinees to isolate over 9,000 severe acute respiratory syndrome co...",,,,sars-cov-2;sars-cov,,primary_research,unknown,no explicit cross-virus or strong viral host-mechanism terms matched,medium,older paper with relevant terms: coronavirus,pending,
pmid-38801652,38801652,2024,Ebola Virus-Specific Neutralizing Antibody Persists at High Levels in Survivors 2 Years After Resolution of Disease in a Sierra Leonean Cohort.,"Ebola virus (EBOV) infection results in Ebola virus disease (EVD), an often severe disease with a nonspecific presentation. Since its recognition, periodic outbreaks of EVD continue to occur in sub-Saharan Africa. The 2013-2016 West African EVD outbreak was the largest recorde...",CViSB,Robert Garry;Donald S Grant,,,,primary_research,candidate,relevant viral/host/pathway terms matched: virus,medium,older paper with relevant terms: virus,pending,
pmid-38800360,38800360,2024,Improving antibody language models with native pairing.,Existing antibody language models are limited by their use of unpaired antibody sequence data. A recently published dataset of ∼1.6 × 106 natively paired human antibody sequences offers a unique opportunity to evaluate how antibody language models are improved by training with...,,,,,,primary_research,unknown,no explicit cross-virus or strong viral host-mechanism terms matched,medium,older paper with relevant terms: pathogen,pending,
pmid-38766045,38766045,2024,Neutrophil percentages in bronchoalveolar lavage fluid: Implications for diagnosing bacterial pneumonia in patients with immunocompromise and neutropenia.,RATIONALE: Pneumonia is the most common infection in ICU patients and a leading cause for death. Assessment of bronchoalveolar lavage fluid (BALF) cellularity can aid in pneumonia diagnosis. Low percentages (<50%) of BALF neutrophils have a high negative predictive value for b...,SCRIPT,Richard Wunderink,,influenza,,primary_research,unknown,no explicit cross-virus or strong viral host-mechanism terms matched,low,no strong literature-priority keywords matched,pending,
pmid-38643200,38643200,2024,Deviations in RSV epidemiological patterns and population structures in the United States following the COVID-19 pandemic.,"Respiratory Syncytial Virus (RSV) is a leading cause of acute respiratory tract infection, with the greatest impact on infants, immunocompromised individuals, and older adults. RSV prevalence decreased substantially in the United States (US) following the implementation of COV...",,,,sars-cov-2;rsv,,primary_research,candidate,relevant viral/host/pathway terms matched: virus,medium,older paper with relevant terms: virus,pending,
pmid-38559244,38559244,2024,Integrating dynamical modeling and phylogeographic inference to characterize global influenza circulation.,"Global seasonal influenza circulation involves a complex interplay between local (seasonality, demography, host immunity) and global factors (international mobility) shaping recurrent epidemic patterns. No studies so far have reconciled the two spatial levels, evaluating the c...",,,,influenza,,primary_research,unknown,no explicit cross-virus or strong viral host-mechanism terms matched,medium,older paper with relevant terms: host,pending,
pmid-38551979,38551979,2024,Scalable gradients enable Hamiltonian Monte Carlo sampling for phylodynamic inference under episodic birth-death-sampling models.,"Birth-death models play a key role in phylodynamic analysis for their interpretation in terms of key epidemiological parameters. In particular, models with piecewise-constant rates varying at different epochs in time, to which we refer as episodic birth-death-sampling (EBDS) m...",,,,influenza;hiv,,primary_research,candidate,"relevant viral/host/pathway terms matched: virus, viral",medium,"older paper with relevant terms: virus, viral",pending,
pmid-38546716,38546716,2024,Meta-Research: Understudied genes are lost in a leaky pipeline between genome-wide assays and reporting of results.,"Present-day publications on human genes primarily feature genes that already appeared in many publications prior to completion of the Human Genome Project in 2003. These patterns persist despite the subsequent adoption of high-throughput technologies, which routinely identify...",,,,influenza,,methods,unknown,no explicit cross-virus or strong viral host-mechanism terms matched,low,no strong literature-priority keywords matched,pending,
pmid-38502186,38502186,2024,Prolonged exposure to lung-derived cytokines is associated with activation of microglia in patients with COVID-19.,"BACKGROUNDSurvivors of pneumonia, including SARS-CoV-2 pneumonia, are at increased risk for cognitive dysfunction and dementia. In rodent models, cognitive dysfunction following pneumonia has been linked to the systemic release of lung-derived pro-inflammatory cytokines. Micro...",CViSB,Donald S Grant;Richard Wunderink,,sars-cov-2;sars-cov;influenza,transcriptomics,data_or_analysis,unknown,no explicit cross-virus or strong viral host-mechanism terms matched,low,no strong literature-priority keywords matched,pending,
pmid-38464001,38464001,2024,Compartment-Specific Antibody Correlates of Protection to SARS-CoV-2 Omicron in Macaques.,"Antibodies represent a primary mediator of protection against respiratory viruses such as SARS-CoV-2. Serum neutralizing antibodies (NAbs) are often considered a primary correlate of protection. However, detailed antibody profiles including characterization of antibody functio...",CViSB,Ryan McNamara,,sars-cov-2;sars-cov,,primary_research,unknown,no explicit cross-virus or strong viral host-mechanism terms matched,low,no strong literature-priority keywords matched,pending,
pmid-38463998,38463998,2024,"Dispersal history of SARS-CoV-2 in Galicia, Spain.","The dynamics of SARS-CoV-2 transmission are influenced by a variety of factors, including social restrictions and the emergence of distinct variants. In this study, we delve into the origins and dissemination of the Alpha, Delta, and Omicron variants of concern in Galicia, nor...",,,,sars-cov-2;sars-cov;influenza,,primary_research,candidate,"relevant viral/host/pathway terms matched: virus, viral",medium,"older paper with relevant terms: virus, viral",pending,
pmid-38453939,38453939,2024,A SWI/SNF-dependent transcriptional regulation mediated by POU2AF2/C11orf53 at enhancer.,"Recent studies have identified a previously uncharacterized protein C11orf53 (now named POU2AF2/OCA-T1), which functions as a robust co-activator of POU2F3, the master transcription factor which is critical for both normal and neoplastic tuft cell identity and viability. Here,...",,,,,crispr_screen;epigenomics,data_or_analysis,candidate,relevant viral/host/pathway terms matched: crispr,medium,"older paper with relevant terms: crispr, screen",pending,
pmid-38446806,38446806,2024,"Genomic characterization of SARS-CoV-2 in Guinea, West Africa.","SARS-CoV-2 has claimed several million lives since its emergence in late 2019. The ongoing evolution of the virus has resulted in the periodic emergence of new viral variants with distinct fitness advantages, including enhanced transmission and immune escape. While several SAR...",,,,sars-cov-2;sars-cov,,primary_research,candidate,"relevant viral/host/pathway terms matched: virus, viral",medium,"older paper with relevant terms: virus, viral",pending,
pmid-38428427,38428427,2024,Mediator complex subunit 1 architects a tumorigenic Treg cell program independent of inflammation.,"While immunotherapy has revolutionized cancer treatment, its safety has been hampered by immunotherapy-related adverse events. Unexpectedly, we show that Mediator complex subunit 1 (MED1) is required for T regulatory (Treg) cell function specifically in the tumor microenvironm...",,,,,,primary_research,candidate,relevant viral/host/pathway terms matched: pathway,low,no strong literature-priority keywords matched,pending,
pmid-38386777,38386777,2024,Tissue-Resident Alveolar Macrophages Reduce Ozone-induced Inflammation via MerTK-mediated Efferocytosis.,"Lung inflammation, caused by acute exposure to ozone (O3), one of the six criteria air pollutants, is a significant source of morbidity in susceptible individuals. Alveolar macrophages (AMØs) are the most abundant immune cells in the normal lung, and their number increases aft...",,,,,,primary_research,unknown,no explicit cross-virus or strong viral host-mechanism terms matched,low,no strong literature-priority keywords matched,pending,
pmid-38383504,38383504,2024,Novel subtypes of severe COVID-19 respiratory failure based on biological heterogeneity: a secondary analysis of a randomized controlled trial.,"BACKGROUND: Despite evidence associating inflammatory biomarkers with worse outcomes in hospitalized adults with COVID-19, trials of immunomodulatory therapies have met with mixed results, likely due in part to biological heterogeneity of participants. Latent class analysis (L...",,,,sars-cov-2,,primary_research,unknown,no explicit cross-virus or strong viral host-mechanism terms matched,low,no strong literature-priority keywords matched,pending,
pmid-38370841,38370841,2024,An observational cohort study of bronchoalveolar lavage fluid galactomannan and Aspergillus culture positivity in patients requiring mechanical ventilation.,"RATIONALE: Critically ill patients who develop invasive pulmonary aspergillosis (IPA) have high mortality rates despite antifungal therapy. Diagnosis is difficult in these patients. Bronchoalveolar lavage (BAL) fluid galactomannan (GM) is a helpful marker of infection, althoug...",SCRIPT,Richard Wunderink,,influenza,,primary_research,unknown,no explicit cross-virus or strong viral host-mechanism terms matched,low,no strong literature-priority keywords matched,pending,
pmid-38370709,38370709,2024,Deep mutational scanning reveals functional constraints and antigenic variability of Lassa virus glycoprotein complex.,"Lassa virus is estimated to cause thousands of human deaths per year, primarily due to spillovers from its natural host, Mastomys rodents. Efforts to create vaccines and antibody therapeutics must account for the evolutionary variability of Lassa virus's glycoprotein complex (...",CViSB,Kristian Andersen,,,,methods,candidate,"relevant viral/host/pathway terms matched: virus, viral",medium,"older paper with relevant terms: virus, viral, host",pending,
pmid-38365222,38365222,2024,Culturing the Future of Medicine: The Imperative of Strengthening the Infectious Diseases Physician-Scientist Pipeline.,,,,,,,methods,unknown,no explicit cross-virus or strong viral host-mechanism terms matched,low,no strong literature-priority keywords matched,pending,
pmid-38360726,38360726,2024,Transcriptional profiling of peripheral blood mononuclear cells identifies inflammatory phenotypes in Ataxia Telangiectasia.,"INTRODUCTION: Ataxia telangiectasia (A-T) is an autosomal recessive neurodegenerative disease with widespread systemic manifestations and marked variability in clinical phenotypes. In this study, we sought to determine whether transcriptomic profiling of peripheral blood monon...",,,,,transcriptomics,data_or_analysis,unknown,no explicit cross-virus or strong viral host-mechanism terms matched,low,no strong literature-priority keywords matched,pending,
pmid-38326571,38326571,2024,Genome-wide association study identifies human genetic variants associated with fatal outcome from Lassa fever.,"Infection with Lassa virus (LASV) can cause Lassa fever, a haemorrhagic illness with an estimated fatality rate of 29.7%, but causes no or mild symptoms in many individuals. Here, to investigate whether human genetic variation underlies the heterogeneity of LASV infection, we...",CViSB,Kristian Andersen;Donald S Grant;Robert Garry,,,,primary_research,candidate,"relevant viral/host/pathway terms matched: virus, viral",medium,"older paper with relevant terms: virus, viral",pending,
pmid-38301954,38301954,2024,Activity and inhibition of the SARS-CoV-2 Omicron nsp13 R392C variant using RNA duplex unwinding assays.,"SARS-CoV-2 nsp13 helicase is an essential enzyme for viral replication and a promising target for antiviral drug development. This study compares the double-stranded RNA (dsRNA) unwinding activity of nsp13 and the Omicron nsp13R392C variant, which is predominant in currently c...",,,,sars-cov-2;sars-cov;influenza,,data_or_analysis,candidate,relevant viral/host/pathway terms matched: viral,medium,"older paper with relevant terms: viral, screen",pending,
pmid-38291080,38291080,2024,Humoral profiles of toddlers and young children following SARS-CoV-2 mRNA vaccination.,"Although young children generally experience mild symptoms following infection with SARS-CoV-2, severe acute and long-term complications can occur. SARS-CoV-2 mRNA vaccines elicit robust immunoglobulin profiles in children ages 5 years and older, and in adults, corresponding w...",CViSB,Ryan McNamara,,sars-cov-2;sars-cov,,primary_research,unknown,no explicit cross-virus or strong viral host-mechanism terms matched,low,no strong literature-priority keywords matched,pending,
pmid-38280377,38280377,2024,Monoclonal antibody therapy protects nonhuman primates against mucosal exposure to Lassa virus.,"Lassa fever (LF) is an acute viral illness that causes thousands of deaths annually in West Africa. There are currently no Lassa virus (LASV) vaccines or antivirals approved for human use. Recently, we showed that combinations of broadly neutralizing human monoclonal antibodie...",CViSB,Robert Garry,,,,primary_research,candidate,"relevant viral/host/pathway terms matched: virus, viral",medium,"older paper with relevant terms: virus, viral",pending,
pmid-38243701,38243701,2024,Many-core algorithms for high-dimensional gradients on phylogenetic trees.,"MOTIVATION: Advancements in high-throughput genomic sequencing are delivering genomic pathogen data at an unprecedented rate, positioning statistical phylogenetics as a critical tool to monitor infectious diseases globally. This rapid growth spurs the need for efficient infere...",,,,dengue,,data_or_analysis,candidate,"relevant viral/host/pathway terms matched: virus, viral",medium,"older paper with relevant terms: virus, viral, pathogen",pending,
pmid-38232695,38232695,2024,Integration of individualized and population-level molecular epidemiology data to model COVID-19 outcomes.,"Severe acute respiratory syndrome coronavirus 2 (SARS-CoV-2) variants with enhanced transmissibility and immune escape have emerged periodically throughout the coronavirus disease 2019 (COVID-19) pandemic, but the impact of these variants on disease severity has remained uncle...",,,,sars-cov-2;sars-cov,,data_or_analysis,candidate,relevant viral/host/pathway terms matched: viral,medium,"older paper with relevant terms: viral, coronavirus",pending,
pmid-38132670,38132670,2024,Phenotypes of a Pseudomonas aeruginosa hypermutator lineage that emerged during prolonged mechanical ventilation in a patient without cystic fibrosis.,Hypermutator lineages of Pseudomonas aeruginosa arise frequently during the years of airway infection experienced by patients with cystic fibrosis and bronchiectasis but are rare in the absence of chronic infection and structural lung disease. Since the onset of the COVID-19 p...,SCRIPT,Alan Hauser,pseudomonas_aeruginosa,sars-cov-2,,primary_research,unknown,no explicit cross-virus or strong viral host-mechanism terms matched,low,no strong literature-priority keywords matched,pending,
pmid-38112418,38112418,2024,Understanding Fc function for rational vaccine design against pathogens.,"Antibodies represent the primary correlate of immunity following most clinically approved vaccines. However, their mechanisms of action vary from pathogen to pathogen, ranging from neutralization, to opsonophagocytosis, to cytotoxicity. Antibody functions are regulated both by...",CViSB,Ryan McNamara,,influenza,,primary_research,candidate,relevant viral/host/pathway terms matched: interaction,medium,"older paper with relevant terms: pathogen, interaction",pending,
pmid-38078770,38078770,2024,Comparative evolution of influenza A virus H1 and H3 head and stalk domains across host species.,"For decades, researchers have studied the rapid evolution of influenza A viruses for vaccine design and as a useful model system for the study of host/parasite evolution. By performing an exhaustive analysis of hemagglutinin protein (HA) sequences from 49 lineages independentl...",,,,influenza,,review,high,explicit cross-virus/shared-host language: comparative,medium,"older paper with relevant terms: virus, host",pending,
pmid-37977230,37977230,2024,Temporal correlation between postreperfusion complement deposition and severe primary graft dysfunction in lung allografts.,"Growing evidence implicates complement in the pathogenesis of primary graft dysfunction (PGD). We hypothesized that early complement activation postreperfusion could predispose to severe PGD grade 3 (PGD-3) at 72 hours, which is associated with worst posttransplant outcomes. C...",,,,,,primary_research,unknown,no explicit cross-virus or strong viral host-mechanism terms matched,low,no strong literature-priority keywords matched,pending,
pmid-37804247,37804247,2024,The Third Annual Symposium of the Midwest Aging Consortium.,"The geroscience hypothesis suggests that addressing the fundamental mechanisms driving aging biology will prevent or mitigate the onset of multiple chronic diseases, for which the largest risk factor is advanced age. Research that investigates the root causes of aging is there...",,,,influenza,,primary_research,candidate,relevant viral/host/pathway terms matched: virus,medium,older paper with relevant terms: virus,pending,
pmid-37776284,37776284,2024,Reply: Research Bronchoscopy Standards and the Need for Noninvasive Sampling of the Failing Lungs.,,,,,,,primary_research,unknown,no explicit cross-virus or strong viral host-mechanism terms matched,low,no strong literature-priority keywords matched,pending,
pmid-36909550,36909550,2024,Meta-Research: understudied genes are lost in a leaky pipeline between genome-wide assays and reporting of results.,"Present-day publications on human genes primarily feature genes that already appeared in many publications prior to completion of the Human Genome Project in 2003. These patterns persist despite the subsequent adoption of high-throughput technologies, which routinely identify...",,,,influenza,,methods,unknown,no explicit cross-virus or strong viral host-mechanism terms matched,low,no strong literature-priority keywords matched,pending,
pmid-42281764,42281764,2023,"A Privacy Nihilist Perspective on Clinical Data Sharing: Open Clinical Data Sharing is Dead, Long Live the Walled Garden.","Clinical data sharing, combined with deep learning, and soon quantum computing, has the potential to radically accelerate research, improve health care, and lower costs. Unfortunately, those tools also make it much easier to use the data in ways that can harm patients. This ar...",,,,,,review,unknown,no explicit cross-virus or strong viral host-mechanism terms matched,low,no strong literature-priority keywords matched,pending,
pmid-38770434,38770434,2023,Shrinkage with shrunken shoulders: Gibbs sampling shrinkage model posteriors with guaranteed convergence rates.,"Use of continuous shrinkage priors - with a ""spike"" near zero and heavy-tails towards infinity - is an increasingly popular approach to induce sparsity in parameter estimates. When the parameters are only weakly identified by the likelihood, however, the posterior may end up w...",,,,,,primary_research,unknown,no explicit cross-virus or strong viral host-mechanism terms matched,low,no strong literature-priority keywords matched,pending,
pmid-38550789,38550789,2023,"Prior-Preconditioned Conjugate Gradient Method for Accelerated Gibbs Sampling in ""Large n, Large p"" Bayesian Sparse Regression.","In a modern observational study based on healthcare databases, the number of observations and of predictors typically range in the order of 105-106 and of 104-105. Despite the large sample size, data rarely provide sufficient information to reliably estimate such a large numbe...",,,,,,methods,unknown,no explicit cross-virus or strong viral host-mechanism terms matched,low,no strong literature-priority keywords matched,pending,
pmid-38168346,38168346,2023,A distinctive evolution of alveolar T cell responses is associated with clinical outcomes in unvaccinated patients with SARS-CoV-2 pneumonia.,"Pathogen clearance and resolution of inflammation in patients with pneumonia require an effective local T cell response. Nevertheless, local T cell activation may drive lung injury, particularly during prolonged episodes of respiratory failure characteristic of severe SARS-CoV...",CViSB,Donald S Grant;Richard Wunderink,,sars-cov-2;sars-cov;influenza,,data_or_analysis,unknown,no explicit cross-virus or strong viral host-mechanism terms matched,medium,older paper with relevant terms: pathogen,pending,
pmid-38168164,38168164,2023,Altered RSV Epidemiology and Genetic Diversity Following the COVID-19 Pandemic.,"Respiratory Syncytial Virus (RSV) is a leading cause of acute respiratory tract infection, with greatest impact on infants, immunocompromised individuals, and older adults. RSV prevalence decreased substantially following the implementation of non-pharmaceutical interventions...",,,,sars-cov-2;rsv,,primary_research,candidate,relevant viral/host/pathway terms matched: virus,medium,older paper with relevant terms: virus,pending,
pmid-38101407,38101407,2023,Genomic surveillance reveals dynamic shifts in the connectivity of COVID-19 epidemics.,"The maturation of genomic surveillance in the past decade has enabled tracking of the emergence and spread of epidemics at an unprecedented level. During the COVID-19 pandemic, for example, genomic data revealed that local epidemics varied considerably in the frequency of seve...",CViSB,Elaine Reed;Kristian Andersen,,sars-cov-2;sars-cov;influenza,,primary_research,unknown,no explicit cross-virus or strong viral host-mechanism terms matched,medium,older paper with relevant terms: coronavirus,pending,
pmid-38076988,38076988,2023,AMP-activated protein kinase is necessary for Treg cell functional adaptation to microenvironmental stress.,"CD4+FOXP3+ regulatory T (Treg) cells maintain self-tolerance, suppress the immune response to cancer, and protect against tissue injury in the lung and other organs. Treg cells require mitochondrial metabolism to exert their function, but how Treg cells adapt their metabolic p...",,,,influenza,epigenomics,primary_research,candidate,"relevant viral/host/pathway terms matched: virus, viral",medium,"older paper with relevant terms: virus, viral",pending,
pmid-38007686,38007686,2023,Beta-spike-containing boosters induce robust and functional antibody responses to SARS-CoV-2 in macaques primed with distinct vaccines.,"The reduced effectiveness of COVID-19 vaccines due to the emergence of variants of concern (VOCs) necessitated the use of vaccine boosters to bolster protection against disease. However, it remains unclear how boosting expands protective breadth when primary vaccine platforms...",CViSB,Ryan McNamara,,sars-cov-2;sars-cov,,primary_research,unknown,no explicit cross-virus or strong viral host-mechanism terms matched,medium,older paper with relevant terms: coronavirus,pending,
pmid-37995357,37995357,2023,SARS-CoV-2 genomics and impact on clinical care for COVID-19.,"The emergence and worldwide spread of SARS-CoV-2 during the COVID-19 pandemic necessitated the adaptation and rapid deployment of viral WGS and analysis techniques that had been previously applied on a more limited basis to other viral pathogens, such as HIV and influenza viru...",,,,sars-cov-2;sars-cov;influenza;hiv,,data_or_analysis,candidate,"relevant viral/host/pathway terms matched: virus, viral",medium,"older paper with relevant terms: virus, viral",pending,
pmid-37992162,37992162,2023,ELOA3: A primate-specific RNA polymerase II elongation factor encoded by a tandem repeat gene cluster.,The biological role of the repetitive DNA sequences in the human genome remains an outstanding question. Recent long-read human genome assemblies have allowed us to identify a function for one of these repetitive regions. We have uncovered a tandem array of conserved primate-s...,,,,,,primary_research,unknown,no explicit cross-virus or strong viral host-mechanism terms matched,low,no strong literature-priority keywords matched,pending,
pmid-37986982,37986982,2023,Tissue-resident alveolar macrophages reduce O(3)-induced inflammation via MerTK mediated efferocytosis.,"Lung inflammation, caused by acute exposure to ozone (O3) - one of the six criteria air pollutants - is a significant source of morbidity in susceptible individuals. Alveolar macrophages (AMØs) are the most abundant immune cells in the normal lung and their number increases fo...",,,,,,primary_research,unknown,no explicit cross-virus or strong viral host-mechanism terms matched,low,no strong literature-priority keywords matched,pending,
pmid-37975660,37975660,2023,Individual meropenem epithelial lining fluid and plasma PK/PD target attainment.,It is unclear whether plasma is a reliable surrogate for target attainment in the epithelial lining fluid (ELF). The objective of this study was to characterize meropenem target attainment in plasma and ELF using prospective samples. The first 24-hour T>MIC was evaluated vs 1x...,SCRIPT,Alan Hauser;Richard Wunderink,pseudomonas_aeruginosa,influenza,,primary_research,unknown,no explicit cross-virus or strong viral host-mechanism terms matched,low,no strong literature-priority keywords matched,pending,
pmid-37965226,37965226,2023,"Clinical significance of culture-negative, PCR-positive bronchoalveolar lavage results in severe pneumonia.","Some culture-negative, PCR-positive BAL samples may represent true infection. A subset of patients with a culture-negative, PCR-positive BAL result will have a subsequent BAL culture positive for the organism initially identified by PCR alone. https://bit.ly/3DWoFPo.",SCRIPT,Richard Wunderink,,,,primary_research,unknown,no explicit cross-virus or strong viral host-mechanism terms matched,low,no strong literature-priority keywords matched,pending,
pmid-37961423,37961423,2023,Scalable gradients enable Hamiltonian Monte Carlo sampling for phylodynamic inference under episodic birth-death-sampling models.,"Birth-death models play a key role in phylodynamic analysis for their interpretation in terms of key epidemiological parameters. In particular, models with piecewise-constant rates varying at different epochs in time, to which we refer as episodic birth-death-sampling (EBDS) m...",,,,influenza;hiv,,primary_research,candidate,"relevant viral/host/pathway terms matched: virus, viral",medium,"older paper with relevant terms: virus, viral",pending,
pmid-37950885,37950885,2023,Shrinkage-based Random Local Clocks with Scalable Inference.,"Molecular clock models undergird modern methods of divergence-time estimation. Local clock models propose that the rate of molecular evolution is constant within phylogenetic subtrees. Current local clock inference procedures exhibit one or more weaknesses, namely they achieve...",,,,influenza,,primary_research,candidate,relevant viral/host/pathway terms matched: virus,medium,older paper with relevant terms: virus,pending,
pmid-37901225,37901225,2023,Hypercapnia increases ACE2 expression and pseudo-SARS-CoV-2 entry in bronchial epithelial cells by augmenting cellular cholesterol.,"Patients with chronic lung disease, obesity, and other co-morbid conditions are at increased risk of severe illness and death when infected with severe acute respiratory syndrome coronavirus 2 (SARS-CoV-2). Hypercapnia, the elevation of CO2 in blood and tissue, commonly occurs...",,,,sars-cov-2;sars-cov;influenza,,primary_research,candidate,"relevant viral/host/pathway terms matched: virus, viral",medium,"older paper with relevant terms: virus, viral, coronavirus",pending,
pmid-37891657,37891657,2023,Resurgence of SARS-CoV-2 Delta after Omicron variant superinfection in an immunocompromised pediatric patient.,"BACKGROUND: Persistent SARS-CoV-2 infection in immunocompromised hosts is thought to contribute to viral evolution by facilitating long-term natural selection and viral recombination in cases of viral co-infection or superinfection. However, there are limited data on the longi...",,,,sars-cov-2;sars-cov,,data_or_analysis,candidate,relevant viral/host/pathway terms matched: viral,medium,"older paper with relevant terms: viral, host",pending,
pmid-37886711,37886711,2023,AntiRef: reference clusters of human antibody sequences.,"MOTIVATION: Genetic biases in the human antibody repertoire result in publicly available antibody sequence datasets that contain many duplicate or highly similar sequences. Available datasets are further skewed by the predominance of studies focused on specific disease states,...",,,,sars-cov-2;sars-cov;influenza;hiv,,primary_research,unknown,no explicit cross-virus or strong viral host-mechanism terms matched,low,no strong literature-priority keywords matched,pending,
pmid-37877703,37877703,2023,Genome-wide screens reveal shared and strain-specific genes that facilitate enteric colonization by Klebsiella pneumoniae.,"Klebsiella pneumoniae is a common cause of difficult-to-treat infections due to its propensity to express resistance to many antibiotics. For example, carbapenem-resistant K. pneumoniae has been named an urgent threat by the United States Centers for Disease Control and Preven...",SCRIPT,Alan Hauser,klebsiella_pneumoniae,,crispr_screen,primary_research,unknown,no explicit cross-virus or strong viral host-mechanism terms matched,low,no strong literature-priority keywords matched,pending,
pmid-37849403,37849403,2023,"The Arenaviridae Family: Knowledge Gaps, Animal Models, Countermeasures, and Prototype Pathogens.","Lassa virus (LASV), Junin virus (JUNV), and several other members of the Arenaviridae family are capable of zoonotic transfer to humans and induction of severe viral hemorrhagic fevers. Despite the importance of arenaviruses as potential pandemic pathogens, numerous gaps exist...",CViSB,Kristian Andersen;Robert Garry,,,,primary_research,candidate,"relevant viral/host/pathway terms matched: virus, viral",medium,"older paper with relevant terms: virus, viral",pending,
pmid-37843280,37843280,2023,Alveolar epithelial regeneration in the aging lung.,"Advancing age is the most important risk factor for the development of and mortality from acute and chronic lung diseases, including pneumonia, chronic obstructive pulmonary disease, and pulmonary fibrosis. This risk was manifest during the COVID-19 pandemic, when elderly peop...",,,,sars-cov-2;sars-cov,,review,unknown,no explicit cross-virus or strong viral host-mechanism terms matched,low,no strong literature-priority keywords matched,pending,
pmid-37790412,37790412,2023,SARS-CoV-2 Bottlenecks and Tissue-Specific Adaptation in the Central Nervous System.,"Severe COVID-19 and post-acute sequelae of SARS-CoV-2 infection are associated with neurological complications that may be linked to direct infection of the central nervous system (CNS), but the selective pressures ruling neuroinvasion are poorly defined. Here, we assessed SAR...",,,,sars-cov-2;sars-cov,,primary_research,candidate,"relevant viral/host/pathway terms matched: virus, viral",medium,"older paper with relevant terms: virus, viral",pending,
pmid-37745602,37745602,2023,Genetic tracing of market wildlife and viruses at the epicenter of the COVID-19 pandemic.,"Zoonotic spillovers of viruses have occurred through the animal trade worldwide. The start of the COVID-19 pandemic was traced epidemiologically to the Huanan Wholesale Seafood Market, the site with the most reported wildlife vendors in the city of Wuhan, China. Here, we analy...",CViSB,Robert Garry;Kristian Andersen,,sars-cov-2;sars-cov,,data_or_analysis,candidate,relevant viral/host/pathway terms matched: viral,medium,older paper with relevant terms: viral,pending,
pmid-37720034,37720034,2023,Live imaging of the airway epithelium reveals that mucociliary clearance modulates SARS-CoV-2 spread.,"SARS-CoV-2 initiates infection in the conducting airways, which rely on mucocilliary clearance (MCC) to minimize pathogen penetration. However, it is unclear how MCC impacts SARS-CoV-2 spread after infection is established. To understand viral spread at this site, we performed...",SYBIL,Sumit Chanda,,sars-cov-2;sars-cov;influenza,,primary_research,candidate,relevant viral/host/pathway terms matched: viral,medium,"older paper with relevant terms: viral, pathogen",pending,
pmid-37693543,37693543,2023,Genome-wide screens reveal shared and strain-specific genes that facilitate enteric colonization by Klebsiella pneumoniae.,"UNLABELLED: Gastrointestinal (GI) colonization by Klebsiella pneumoniae is a risk factor for subsequent infection as well as transmission to other patients. Additionally, colonization is achieved by many strain types that exhibit high diversity in genetic content. Thus, we aim...",SCRIPT,Alan Hauser,klebsiella_pneumoniae,,crispr_screen,data_or_analysis,unknown,no explicit cross-virus or strong viral host-mechanism terms matched,low,no strong literature-priority keywords matched,pending,
pmid-37681523,37681523,2023,Can immunological imprinting drive neurological dysfunction in long COVID?,This scientific commentary refers to ‘Neurologic sequelae of COVID-19 are determined by immunologic imprinting from previous coronaviruses’ by Spatola et al. (https://doi.org/10.1093/brain/awad155).,,,,sars-cov-2,,review,unknown,no explicit cross-virus or strong viral host-mechanism terms matched,low,no strong literature-priority keywords matched,pending,
pmid-37672567,37672567,2023,Humoral immunity to an endemic coronavirus is associated with postacute sequelae of COVID-19 in individuals with rheumatic diseases.,"Beyond the acute illness caused by severe acute respiratory coronavirus 2 (SARS-CoV-2) infection, about one-fifth of infections result in long-term persistence of symptoms despite the apparent clearance of infection. Insights into the mechanisms that underlie postacute sequela...",,,,sars-cov-2;sars-cov,,data_or_analysis,candidate,relevant viral/host/pathway terms matched: virus,medium,"older paper with relevant terms: virus, pathogen, coronavirus",pending,
pmid-37639445,37639445,2023,Accelerating Bayesian inference of dependency between mixed-type biological traits.,Inferring dependencies between mixed-type biological traits while accounting for evolutionary relationships between specimens is of great scientific interest yet remains infeasible when trait and specimen counts grow large. The state-of-the-art approach uses a phylogenetic mul...,,,,influenza;hiv,,methods,candidate,"relevant viral/host/pathway terms matched: viral, dependency",medium,"older paper with relevant terms: viral, dependency",pending,
pmid-37620306,37620306,2023,Antibody-mediated NK cell activation as a correlate of immunity against influenza infection.,"Antibodies play a critical role in protection against influenza; yet titers and viral neutralization represent incomplete correlates of immunity. Instead, the ability of antibodies to leverage the antiviral power of the innate immune system has been implicated in protection fr...",,,,influenza,,primary_research,candidate,relevant viral/host/pathway terms matched: viral,medium,older paper with relevant terms: viral,pending,
pmid-37546860,37546860,2023,Prolonged exposure to lung-derived cytokines is associated with inflammatory activation of microglia in patients with COVID-19.,"Neurological impairment is the most common finding in patients with post-acute sequelae of COVID-19. Furthermore, survivors of pneumonia from any cause have an elevated risk of dementia1-4. Dysfunction in microglia, the primary immune cell in the brain, has been linked to cogn...",CViSB,Donald S Grant;Richard Wunderink,,sars-cov-2;sars-cov,,primary_research,unknown,no explicit cross-virus or strong viral host-mechanism terms matched,low,no strong literature-priority keywords matched,pending,
pmid-37535402,37535402,2023,Anamnestic humoral correlates of immunity across SARS-CoV-2 variants of concern.,"While immune correlates against SARS-CoV-2 are typically defined at peak immunogenicity following vaccination, immunologic responses that expand selectively during the anamnestic response following infection can provide mechanistic and detailed insights into the immune mechani...",CViSB,Ryan McNamara,,sars-cov-2;sars-cov,,data_or_analysis,candidate,relevant viral/host/pathway terms matched: virus,medium,older paper with relevant terms: virus,pending,
pmid-37520413,37520413,2023,An Adjudication Protocol for Severe Pneumonia.,BACKGROUND: Clinical end points that constitute successful treatment in severe pneumonia are difficult to ascertain and vulnerable to bias. The utility of a protocolized adjudication procedure to determine meaningful end points in severe pneumonia has not been well described....,SCRIPT,Richard Wunderink,,,,review,candidate,relevant viral/host/pathway terms matched: viral,medium,older paper with relevant terms: viral,pending,
pmid-37502985,37502985,2023,The recency and geographical origins of the bat viruses ancestral to SARS-CoV and SARS-CoV-2.,The emergence of SARS-CoV in 2002 and SARS-CoV-2 in 2019 has led to increased sampling of related sarbecoviruses circulating primarily in horseshoe bats. These viruses undergo frequent recombination and exhibit spatial structuring across Asia. Employing recombination-aware phy...,,,,sars-cov-2;sars-cov,,primary_research,candidate,"relevant viral/host/pathway terms matched: virus, viral",medium,"older paper with relevant terms: virus, viral",pending,
pmid-37478826,37478826,2023,Catalytic spike antibodies: A new paradigm in neutralization.,"In this issue, McConnell et al.10 demonstrate that COVID-19 convalescent plasma (CCP)-derived antibodies can neutralize SARS-CoV-2 by proteolytically cleaving the spike protein. The CCP antibody-mediated catalysis has broader implications beyond COVID-19 and can be applicable...",CViSB,Ryan McNamara,,sars-cov-2;sars-cov,,primary_research,unknown,no explicit cross-virus or strong viral host-mechanism terms matched,low,no strong literature-priority keywords matched,pending,
pmid-37463441,37463441,2023,Differential roles of regulatory T cells in acute respiratory infections.,"Acute respiratory infections trigger an inflammatory immune response with the goal of pathogen clearance; however, overexuberant inflammation causes tissue damage and impairs pulmonary function. CD4+FOXP3+ regulatory T cells (Tregs) interact with cells of both the innate and t...",,,,,,review,unknown,no explicit cross-virus or strong viral host-mechanism terms matched,medium,"older paper with relevant terms: host, pathogen",pending,
pmid-37458991,37458991,2023,Scalable Bayesian Divergence Time Estimation With Ratio Transformations.,"Divergence time estimation is crucial to provide temporal signals for dating biologically important events from species divergence to viral transmissions in space and time. With the advent of high-throughput sequencing, recent Bayesian phylogenetic studies have analyzed hundre...",,,,,,methods,candidate,"relevant viral/host/pathway terms matched: virus, viral",medium,"older paper with relevant terms: virus, viral",pending,
pmid-37443074,37443074,2023,Waning and boosting of antibody Fc-effector functions upon SARS-CoV-2 vaccination.,"Since the emergence of SARS-CoV-2, vaccines targeting COVID-19 have been developed with unprecedented speed and efficiency. CoronaVac, utilising an inactivated form of the COVID-19 virus and the mRNA26 based Pfizer/BNT162b2 vaccines are widely distributed. Beyond the ability o...",SYBIL,Ryan McNamara;Rafael Medina,,sars-cov-2;sars-cov,,primary_research,candidate,relevant viral/host/pathway terms matched: virus,medium,older paper with relevant terms: virus,pending,
pmid-37387599,37387599,2023,"Finding Facts in Postacute Sequelae of COVID-19: Clinical, Radiographic, and Histopathologic Markers of Disease.",,,,,sars-cov-2,,primary_research,unknown,no explicit cross-virus or strong viral host-mechanism terms matched,low,no strong literature-priority keywords matched,pending,
pmid-37384622,37384622,2023,Antigen pressure from two founder viruses induces multiple insertions at a single antibody position to generate broadly neutralizing HIV antibodies.,"Vaccination strategies aimed at maturing broadly neutralizing antibodies (bnAbs) from naïve precursors are hindered by unusual features that characterize these Abs, including insertions and deletions (indels). Longitudinal studies of natural HIV infection cases shed light on t...",,,,hiv,,methods,candidate,relevant viral/host/pathway terms matched: virus,medium,older paper with relevant terms: virus,pending,
pmid-37322179,37322179,2023,ChAdOx1 nCoV-19 (AZD1222) vaccine-induced Fc receptor binding tracks with differential susceptibility to COVID-19.,"Despite the success of COVID-19 vaccines, severe acute respiratory syndrome coronavirus 2 (SARS-CoV-2) variants of concern have emerged that can cause breakthrough infections. Although protection against severe disease has been largely preserved, the immunological mediators of...",,,,sars-cov-2;sars-cov,,primary_research,unknown,no explicit cross-virus or strong viral host-mechanism terms matched,medium,older paper with relevant terms: coronavirus,pending,
pmid-37291214,37291214,2023,An integrated cell atlas of the lung in health and disease.,"Single-cell technologies have transformed our understanding of human tissues. Yet, studies typically capture only a limited number of donors and disagree on cell type definitions. Integrating many single-cell datasets can address these limitations of individual studies and cap...",,,,sars-cov-2,,data_or_analysis,unknown,no explicit cross-virus or strong viral host-mechanism terms matched,low,no strong literature-priority keywords matched,pending,
pmid-37286690,37286690,2023,Unified real-time environmental-epidemiological data for multiscale modeling of the COVID-19 pandemic.,"An impressive number of COVID-19 data catalogs exist. However, none are fully optimized for data science applications. Inconsistent naming and data conventions, uneven quality control, and lack of alignment between disease data and potential predictors pose barriers to robust...",,,,sars-cov-2,,primary_research,unknown,no explicit cross-virus or strong viral host-mechanism terms matched,low,no strong literature-priority keywords matched,pending,
pmid-37266566,37266566,2023,Cellular and molecular dynamics in the lungs of neonatal and juvenile mice in response to E. coli.,"Bacterial pneumonia in neonates can cause significant morbidity and mortality when compared to other childhood age groups. To understand the immune mechanisms that underlie these age-related differences, we employed a mouse model of Escherichia coli pneumonia to determine the...",,,,,,primary_research,unknown,no explicit cross-virus or strong viral host-mechanism terms matched,low,no strong literature-priority keywords matched,pending,
pmid-37252360,37252360,2023,Lectin Fingerprinting Distinguishes Antibody Neutralization in SARS-CoV-2.,"Enveloped viruses co-opt host glycosylation pathways to decorate their surface proteins. As viruses evolve, emerging strains can modify their glycosylation patterns to influence host interactions and subvert immune recognition. Still, changes in viral glycosylation or their im...",SCRIPT,Alan Hauser,,sars-cov-2;sars-cov;influenza,proteomics,methods,high,explicit cross-virus/shared-host language: comparative,medium,"older paper with relevant terms: viral, host",pending,
pmid-37249415,37249415,2023,Humoral profiling of pediatric patients with cancer reveals robust immunity following anti-SARS-CoV-2 vaccination superior to natural infection.,BACKGROUND: Pediatric patients with cancer infected with COVID-19 may be at higher risk of severe disease and may be unable to mount an adequate response to the virus due to compromised immunity secondary to their cancer therapy. PROCEDURE: This study presents immunologic anal...,,,,sars-cov-2;sars-cov,,data_or_analysis,candidate,relevant viral/host/pathway terms matched: virus,medium,older paper with relevant terms: virus,pending,
pmid-37209096,37209096,2023,Structural conservation of Lassa virus glycoproteins and recognition by neutralizing antibodies.,Lassa fever is an acute hemorrhagic fever caused by the zoonotic Lassa virus (LASV). The LASV glycoprotein complex (GPC) mediates viral entry and is the sole target for neutralizing antibodies. Immunogen design is complicated by the metastable nature of recombinant GPCs and th...,,,,,,primary_research,candidate,"relevant viral/host/pathway terms matched: virus, viral",medium,"older paper with relevant terms: virus, viral",pending,
pmid-37204925,37204925,2023,"Tissue-resident, extravascular Ly6c(-) monocytes are critical for inflammation in the synovium.","Monocytes are abundant immune cells that infiltrate inflamed organs. However, the majority of monocyte studies focus on circulating cells, rather than those in tissue. Here, we identify and characterize an intravascular synovial monocyte population resembling circulating non-c...",,,,,,primary_research,unknown,no explicit cross-virus or strong viral host-mechanism terms matched,low,no strong literature-priority keywords matched,pending,
pmid-37191546,37191546,2023,Serodominant SARS-CoV-2 Nucleocapsid Peptides Map to Unstructured Protein Regions.,"The SARS-CoV-2 nucleocapsid (N) protein is highly immunogenic, and anti-N antibodies are commonly used as markers for prior infection. While several studies have examined or predicted the antigenic regions of N, these have lacked consensus and structural context. Using COVID-1...",,,,sars-cov-2;sars-cov,,data_or_analysis,candidate,relevant viral/host/pathway terms matched: viral,medium,older paper with relevant terms: viral,pending,
pmid-37191517,37191517,2023,Genomics of Aminoglycoside Resistance in Pseudomonas aeruginosa Bloodstream Infections at a United States Academic Hospital.,"Pseudomonas aeruginosa frequently becomes resistant to aminoglycosides by the acquisition of aminoglycoside modifying enzyme (AME) genes and the occurrence of mutations in the mexZ, fusA1, parRS, and armZ genes. We examined resistance to aminoglycosides in a collection of 227...",SCRIPT,Alan Hauser,pseudomonas_aeruginosa,,,primary_research,unknown,no explicit cross-virus or strong viral host-mechanism terms matched,low,no strong literature-priority keywords matched,pending,
pmid-37182520,37182520,2023,Hybrid immunity expands the functional humoral footprint of both mRNA and vector-based SARS-CoV-2 vaccines.,"Despite the successes of current coronavirus disease 2019 (COVID-19) vaccines, waning immunity, the emergence of variants of concern, and breakthrough infections among vaccinees have begun to highlight opportunities to improve vaccine platforms. Real-world vaccine efficacy stu...",UCLA-Persistent-BSI,Melissa Johnson,,sars-cov-2;sars-cov,,primary_research,unknown,no explicit cross-virus or strong viral host-mechanism terms matched,medium,older paper with relevant terms: coronavirus,pending,
pmid-37173406,37173406,2023,Long-term humoral signatures following acute pediatric COVID-19 and Multisystem Inflammatory Syndrome in Children.,"BACKGROUND: Although most children experience mild symptoms during acute SARS-CoV-2 infection, some develop the severe post-COVID-19 complication, Multisystem Inflammatory Syndrome in Children (MIS-C). While acute presentations of COVID-19 and MIS-C have been well immunophenot...",,,,sars-cov-2;sars-cov,,primary_research,unknown,no explicit cross-virus or strong viral host-mechanism terms matched,low,no strong literature-priority keywords matched,pending,
pmid-37161609,37161609,2023,Neurologic sequelae of COVID-19 are determined by immunologic imprinting from previous coronaviruses.,"Coronavirus disease 2019 (COVID-19), which is caused by the severe acute respiratory syndrome coronavirus 2 (SARS-CoV-2), remains a global public health emergency. Although SARS-CoV-2 is primarily a respiratory pathogen, extra-respiratory organs, including the CNS, can also be...",,,,sars-cov-2;sars-cov,,primary_research,candidate,relevant viral/host/pathway terms matched: virus,medium,"older paper with relevant terms: virus, pathogen, coronavirus",pending,
pmid-37104035,37104035,2023,"Machine learning links unresolving secondary pneumonia to mortality in patients with severe pneumonia, including COVID-19.","BACKGROUNDDespite guidelines promoting the prevention and aggressive treatment of ventilator-associated pneumonia (VAP), the importance of VAP as a driver of outcomes in mechanically ventilated patients, including patients with severe COVID-19, remains unclear. We aimed to det...",CViSB,Donald S Grant;Richard Wunderink,,sars-cov-2,,primary_research,unknown,no explicit cross-virus or strong viral host-mechanism terms matched,low,no strong literature-priority keywords matched,pending,
pmid-37082529,37082529,2023,Selective SARS-CoV2 BA.2 escape of antibody Fc/Fc-receptor interactions.,"The number of mutations in the omicron (B.1.1.529) BA.1 variant of concern led to an unprecedented evasion of vaccine induced immunity. However, despite rise in global infections, severe disease did not increase proportionally and is likely linked to persistent recognition of...",,,,sars-cov,,primary_research,unknown,no explicit cross-virus or strong viral host-mechanism terms matched,low,no strong literature-priority keywords matched,pending,
pmid-37081398,37081398,2023,"Schema Playground: a tool for authoring, extending, and using metadata schemas to improve FAIRness of biomedical data.","BACKGROUND: Biomedical researchers are strongly encouraged to make their research outputs more Findable, Accessible, Interoperable, and Reusable (FAIR). While many biomedical research outputs are more readily accessible through open data efforts, finding relevant outputs remai...",,,,sars-cov-2,,primary_research,unknown,no explicit cross-virus or strong viral host-mechanism terms matched,low,no strong literature-priority keywords matched,pending,
pmid-37066325,37066325,2023,Humoral profiles of toddlers and young children following SARS-CoV-2 mRNA vaccination.,"Although young children generally experience mild symptoms following infection with SARS-CoV-2, severe acute and long-term complications can occur. SARS-CoV-2 mRNA vaccines elicit robust immunoglobulin profiles in children ages 5 years and older, and in adults, corresponding w...",CViSB,Ryan McNamara,,sars-cov-2;sars-cov,,primary_research,unknown,no explicit cross-virus or strong viral host-mechanism terms matched,low,no strong literature-priority keywords matched,pending,
pmid-37061918,37061918,2023,Antibodies against the Ebola virus soluble glycoprotein are associated with long-term vaccine-mediated protection of non-human primates.,"The 2013 Ebola epidemic in Central and West Africa heralded the emergence of wide-spread, highly pathogenic viruses. The successful recombinant vector vaccine against Ebola (rVSVΔG-ZEBOV-GP) will limit future outbreaks, but identifying mechanisms of protection is essential to...",CViSB,Ryan McNamara,,,,data_or_analysis,candidate,relevant viral/host/pathway terms matched: virus,medium,older paper with relevant terms: virus,pending,
pmid-37034676,37034676,2023,Deep repertoire mining uncovers ultra-broad coronavirus neutralizing antibodies targeting multiple spike epitopes.,Development of vaccines and therapeutics that are broadly effective against known and emergent coronaviruses is an urgent priority. Current strategies for developing pan-coronavirus countermeasures have largely focused on the receptor binding domain (RBD) and S2 regions of the...,,,,sars-cov-2;sars-cov,,methods,candidate,relevant viral/host/pathway terms matched: viral,medium,"older paper with relevant terms: viral, coronavirus",pending,
pmid-37022093,37022093,2023,Alveolar Macrophages during Inflammation: A Balancing Act.,,,,,,,primary_research,unknown,no explicit cross-virus or strong viral host-mechanism terms matched,low,no strong literature-priority keywords matched,pending,
pmid-37000623,37000623,2023,Fc-mediated pan-sarbecovirus protection after alphavirus vector vaccination.,"Group 2B β-coronaviruses (sarbecoviruses) have caused regional and global epidemics in modern history. Here, we evaluate the mechanisms of cross-sarbecovirus protective immunity, currently less clear yet important for pan-sarbecovirus vaccine development, using a panel of alph...",CViSB,Ryan McNamara,,sars-cov-2;sars-cov,,primary_research,high,explicit cross-virus/shared-host language: cross-virus,medium,"older paper with relevant terms: virus, coronavirus",pending,
pmid-36993465,36993465,2023,Novel Tools for Lassa Virus Surveillance in Peri-domestic Rodents.,"BACKGROUND: Lassa fever (LF) is a rodent-borne disease endemic to West Africa. In the absence of licensed therapeutics or vaccines, rodent exclusion from living spaces remains the primary method of preventing LF. Zoonotic surveillance of Lassa virus (LASV), the etiologic agent...",CViSB,Donald S Grant;Kristian Andersen;Robert Garry,,,,methods,candidate,"relevant viral/host/pathway terms matched: virus, viral",medium,"older paper with relevant terms: virus, viral",pending,
pmid-36853705,36853705,2023,Protocol for bulk RNA sequencing of enriched human neutrophils from whole blood and estimation of sample purity.,"Although neutrophils are the most abundant leukocyte in healthy individuals and impact outcomes of diseases ranging from sepsis to cancer, they remain understudied due to technical constraints of isolation, preservation, and sequencing. We present a modified Smart-Seq2 protoco...",,,,,transcriptomics,methods,unknown,no explicit cross-virus or strong viral host-mechanism terms matched,low,no strong literature-priority keywords matched,pending,
pmid-36823332,36823332,2023,Outbreak.info genomic reports: scalable and dynamic surveillance of SARS-CoV-2 variants and mutations.,"In response to the emergence of SARS-CoV-2 variants of concern, the global scientific community, through unprecedented effort, has sequenced and shared over 11 million genomes through GISAID, as of May 2022. This extraordinarily high sampling rate provides a unique opportunity...",CViSB,Kristian Andersen,,sars-cov-2;sars-cov,,primary_research,candidate,relevant viral/host/pathway terms matched: virus,medium,older paper with relevant terms: virus,pending,
pmid-36823331,36823331,2023,"Outbreak.info Research Library: a standardized, searchable platform to discover and explore COVID-19 resources.","Outbreak.info Research Library is a standardized, searchable interface of coronavirus disease 2019 (COVID-19) and severe acute respiratory syndrome coronavirus 2 (SARS-CoV-2) publications, clinical trials, datasets, protocols and other resources, built with a reusable framewor...",CViSB,Kristian Andersen,,sars-cov-2;sars-cov,,primary_research,unknown,no explicit cross-virus or strong viral host-mechanism terms matched,medium,older paper with relevant terms: coronavirus,pending,
pmid-36823198,36823198,2023,Addressing barriers in FAIR data practices for biomedical data.,,,,,,,primary_research,unknown,no explicit cross-virus or strong viral host-mechanism terms matched,low,no strong literature-priority keywords matched,pending,
pmid-36823157,36823157,2023,Developing a standardized but extendable framework to increase the findability of infectious disease datasets.,"Biomedical datasets are increasing in size, stored in many repositories, and face challenges in FAIRness (findability, accessibility, interoperability, reusability). As a Consortium of infectious disease researchers from 15 Centers, we aim to adopt open science practices to pr...",UCLA-Persistent-BSI,Michael Yeaman,,,,primary_research,unknown,no explicit cross-virus or strong viral host-mechanism terms matched,low,no strong literature-priority keywords matched,pending,
pmid-36781879,36781879,2023,Robust induction of functional humoral response by a plant-derived Coronavirus-like particle vaccine candidate for COVID-19.,"Despite the success of existing COVID-19 vaccine platforms, the persistent limitations in global deployment of vaccines and waning immunity exhibited by many of the currently deployed vaccine platforms have led to perpetual outbreaks of SARS-CoV-2 variants of concern. Thus, th...",,,,sars-cov-2;sars-cov,,methods,unknown,no explicit cross-virus or strong viral host-mechanism terms matched,medium,older paper with relevant terms: coronavirus,pending,
pmid-36669500,36669500,2023,The impact of multidrug-resistant microorganisms on critically ill patients with cirrhosis in the intensive care unit: a cohort study.,The impact of multidrug-resistant (MDR) colonization and MDR infection in critically ill cirrhosis patients remains unclear. We assessed the association of MDR colonization and MDR infection with these patients' survival. Observational cohort study including adult cirrhosis pa...,SCRIPT,Richard Wunderink,,,,primary_research,unknown,no explicit cross-virus or strong viral host-mechanism terms matched,low,no strong literature-priority keywords matched,pending,
pmid-36603089,36603089,2023,Wastewater surveillance for public health.,"Wastewater contains information on pathogen spread, evolution, and outbreak risk.",CViSB,Kristian Andersen,,,,primary_research,unknown,no explicit cross-virus or strong viral host-mechanism terms matched,medium,older paper with relevant terms: pathogen,pending,
pmid-36597886,36597886,2023,Circulating Spike Protein Detected in Post-COVID-19 mRNA Vaccine Myocarditis.,"BACKGROUND: Cases of adolescents and young adults developing myocarditis after vaccination with severe acute respiratory syndrome coronavirus 2 (SARS-CoV-2)-targeted mRNA vaccines have been reported globally, but the underlying immunoprofiles of these individuals have not been...",,,,sars-cov-2;sars-cov,,data_or_analysis,unknown,no explicit cross-virus or strong viral host-mechanism terms matched,medium,older paper with relevant terms: coronavirus,pending,
pmid-36475767,36475767,2023,"Early Genomic Surveillance and Phylogeographic Analysis of Getah Virus, a Reemerging Arbovirus, in Livestock in China.","Getah virus (GETV) mainly causes disease in livestock and may pose an epidemic risk due to its expanding host range and the potential of long-distance dispersal through animal trade. Here, we used metagenomic next-generation sequencing (mNGS) to identify GETV as the pathogen r...",,,,,,data_or_analysis,candidate,"relevant viral/host/pathway terms matched: virus, viral",medium,"older paper with relevant terms: virus, viral, host, pathogen",pending,
pmid-36472425,36472425,2023,Machine Learning To Stratify Methicillin-Resistant Staphylococcus aureus Risk among Hospitalized Patients with Community-Acquired Pneumonia.,Methicillin-resistant Staphylococcus aureus (MRSA) is an uncommon but serious cause of community-acquired pneumonia (CAP). A lack of validated MRSA CAP risk factors can result in overuse of empirical broad-spectrum antibiotics. We sought to develop robust models predicting the...,SCRIPT,Richard Wunderink,staphylococcus_aureus,,clinical_modeling,primary_research,high,explicit cross-virus/shared-host language: broad-spectrum,low,no strong literature-priority keywords matched,pending,
pmid-36281773,36281773,2023,Three Distinct Transcriptional Profiles of Monocytes Associate with Disease Activity in Scleroderma Patients.,OBJECTIVE: Patients with diffuse cutaneous systemic sclerosis (dcSSc) display a complex clinical phenotype. Transcriptional profiling of whole blood or tissue from patients are affected by changes in cellular composition that drive gene expression and an inability to detect mi...,,,,,transcriptomics,data_or_analysis,unknown,no explicit cross-virus or strong viral host-mechanism terms matched,low,no strong literature-priority keywords matched,pending,
pmid-36097163,36097163,2023,Lassa fever - the road ahead.,"Lassa virus (LASV) is endemic in the rodent populations of Sierra Leone, Nigeria and other countries in West Africa. Spillover to humans occurs frequently and results in Lassa fever, a viral haemorrhagic fever (VHF) associated with a high case fatality rate. Despite advances,...",CViSB,Robert Garry,,,,review,candidate,"relevant viral/host/pathway terms matched: virus, viral",medium,"older paper with relevant terms: virus, viral",pending,
pmid-35868417,35868417,2023,"COVID-19 booster dose induces robust antibody response in pregnant, lactating, and nonpregnant women.","BACKGROUND: Although emerging data during the SARS-CoV-2 pandemic have demonstrated robust messenger RNA vaccine-induced immunogenicity across populations, including pregnant and lactating individuals, the rapid waning of vaccine-induced immunity and the emergence of variants...",,,,sars-cov-2;sars-cov,,primary_research,unknown,no explicit cross-virus or strong viral host-mechanism terms matched,low,no strong literature-priority keywords matched,pending,
pmid-35696591,35696591,2023,Outcomes of Percutaneous Tracheostomy for Patients With SARS-CoV-2 Respiratory Failure.,BACKGROUND: Severe acute respiratory syndrome coronavirus 2 (SARS-CoV-2) can cause severe respiratory failure leading to prolonged mechanical ventilation. Data are just emerging about the practice and outcomes of tracheostomy in these patients. We reviewed our experience with...,SCRIPT,Richard Wunderink,,sars-cov-2;sars-cov,,primary_research,unknown,no explicit cross-virus or strong viral host-mechanism terms matched,medium,older paper with relevant terms: coronavirus,pending,
pmid-37118543,37118543,2022,Aging is associated with a systemic length-associated transcriptome imbalance.,"Aging is among the most important risk factors for morbidity and mortality. To contribute toward a molecular understanding of aging, we analyzed age-resolved transcriptomic data from multiple studies. Here, we show that transcript length alone explains most transcriptional cha...",CViSB,Donald S Grant,,,transcriptomics,data_or_analysis,unknown,no explicit cross-virus or strong viral host-mechanism terms matched,low,no strong literature-priority keywords matched,pending,
pmid-36968243,36968243,2022,Efficient isolation of rare B cells using next-generation antigen barcoding.,"The ability to efficiently isolate antigen-specific B cells in high throughput will greatly accelerate the discovery of therapeutic monoclonal antibodies (mAbs) and catalyze rational vaccine development. Traditional mAb discovery is a costly and labor-intensive process, althou...",,,,influenza;hiv,,methods,unknown,no explicit cross-virus or strong viral host-mechanism terms matched,low,no strong literature-priority keywords matched,pending,
pmid-36560718,36560718,2022,ViralVar: A Web Tool for Multilevel Visualization of SARS-CoV-2 Genomes.,The unprecedented growth of publicly available SARS-CoV-2 genome sequence data has increased the demand for effective and accessible SARS-CoV-2 data analysis and visualization tools. The majority of the currently available tools either require computational expertise to deploy...,,,,sars-cov-2;sars-cov,,primary_research,unknown,no explicit cross-virus or strong viral host-mechanism terms matched,low,no strong literature-priority keywords matched,pending,
pmid-36523403,36523403,2022,Superiority of intranasal over systemic administration of bioengineered soluble ACE2 for survival and brain protection against SARS-CoV-2 infection.,"The present study was designed to investigate the effects of a soluble ACE2 protein termed ACE2 618-DDC-ABD, bioengineered to have long duration of action and high binding affinity to SARS-CoV-2, when administered either intranasally (IN) or intraperitoneally (IP) and before o...",,,,sars-cov-2;sars-cov,,methods,candidate,relevant viral/host/pathway terms matched: viral,medium,older paper with relevant terms: viral,pending,
pmid-36477580,36477580,2022,Protection of the human gene research literature from contract cheating organizations known as research paper mills.,"Human gene research generates new biology insights with translational potential, yet few studies have considered the health of the human gene literature. The accessibility of human genes for targeted research, combined with unreasonable publication pressures and recent develop...",,,,,,review,unknown,no explicit cross-virus or strong viral host-mechanism terms matched,low,no strong literature-priority keywords matched,pending,
pmid-36463314,36463314,2022,BNT162b2 induces robust cross-variant SARS-CoV-2 immunity in children.,"Currently available mRNA vaccines are extremely safe and effective to prevent severe SARS-CoV-2 infections. However, the emergence of variants of concerns (VOCs) has highlighted the importance of high population-based vaccine rates to effectively suppress viral transmission an...",,,,sars-cov-2;sars-cov,,primary_research,candidate,relevant viral/host/pathway terms matched: viral,medium,older paper with relevant terms: viral,pending,
pmid-36441765,36441765,2022,Expansion of CD8+ T cell population in Lassa virus survivors with low T cell precursor frequency reveals durable immune response in most survivors.,"INTRODUCTION: Lassa virus is a priority pathogen for vaccine research and development, however the duration of cellular immunity and protection in Lassa fever (LF) survivors remains unclear. METHODS: We investigated Lassa virus specific CD8+ T cell responses in 93 LF survivors...",CViSB,Robert Garry;Donald S Grant,,,,primary_research,candidate,relevant viral/host/pathway terms matched: virus,medium,"older paper with relevant terms: virus, pathogen",pending,
pmid-36423141,36423141,2022,Challenges and Opportunities for Global Genomic Surveillance Strategies in the COVID-19 Era.,Global SARS-CoV-2 genomic surveillance efforts have provided critical data on the ongoing evolution of the virus to inform best practices in clinical care and public health throughout the pandemic. Impactful genomic surveillance strategies generally follow a multi-disciplinary...,,,,sars-cov-2;sars-cov,,review,candidate,"relevant viral/host/pathway terms matched: virus, viral",medium,"older paper with relevant terms: virus, viral",pending,
pmid-36385137,36385137,2022,Global disparities in SARS-CoV-2 genomic surveillance.,"Genomic sequencing is essential to track the evolution and spread of SARS-CoV-2, optimize molecular tests, treatments, vaccines, and guide public health responses. To investigate the global SARS-CoV-2 genomic surveillance, we used sequences shared via GISAID to estimate the im...",,,,sars-cov-2;sars-cov,,data_or_analysis,unknown,no explicit cross-virus or strong viral host-mechanism terms matched,low,no strong literature-priority keywords matched,pending,
pmid-36355862,36355862,2022,The evidence remains clear: SARS-CoV-2 emerged via the wildlife trade.,,CViSB,Robert Garry,,sars-cov-2;sars-cov,,primary_research,unknown,no explicit cross-virus or strong viral host-mechanism terms matched,low,no strong literature-priority keywords matched,pending,
pmid-36351430,36351430,2022,Nucleocapsid-specific antibody function is associated with therapeutic benefits from COVID-19 convalescent plasma therapy.,"Coronavirus disease 2019 (COVID-19) convalescent plasma (CCP), a passive polyclonal antibody therapeutic agent, has had mixed clinical results. Although antibody neutralization is the predominant approach to benchmarking CCP efficacy, CCP may also influence the evolution of th...",,,,sars-cov-2;sars-cov;influenza,,primary_research,unknown,no explicit cross-virus or strong viral host-mechanism terms matched,medium,older paper with relevant terms: coronavirus,pending,
pmid-36298561,36298561,2022,Relationship between Anti-Spike Antibodies and Risk of SARS-CoV-2 Infection in Infants Born to COVID-19 Vaccinated Mothers.,"The goal of this study was to investigate the relationship between anti-SARS-CoV-2-Spike IgG titers passively transferred to the fetus from maternal vaccination during pregnancy and timing of infant SARS-CoV-2 infection. Pregnant, vaccinated individuals (n = 105) and their inf...",,,,sars-cov-2;sars-cov,,primary_research,unknown,no explicit cross-virus or strong viral host-mechanism terms matched,low,no strong literature-priority keywords matched,pending,
pmid-36288283,36288283,2022,A cocktail of protective antibodies subverts the dense glycan shield of Lassa virus.,"Developing potent therapeutics and effective vaccines are the ultimate goals in controlling infectious diseases. Lassa virus (LASV), the causative pathogen of Lassa fever (LF), infects hundreds of thousands annually, but effective antivirals or vaccines against LASV infection...",CViSB,Robert Garry,,,,primary_research,candidate,relevant viral/host/pathway terms matched: virus,medium,"older paper with relevant terms: virus, pathogen",pending,
pmid-36211254,36211254,2022,"BAYESIAN MITIGATION OF SPATIAL COARSENING FOR A HAWKES MODEL APPLIED TO GUNFIRE, WILDFIRE AND VIRAL CONTAGION.","Self-exciting spatiotemporal Hawkes processes have found increasing use in the study of large-scale public health threats, ranging from gun violence and earthquakes to wildfires and viral contagion. Whereas many such applications feature locational uncertainty, that is, the ex...",,,,,,primary_research,candidate,relevant viral/host/pathway terms matched: viral,medium,older paper with relevant terms: viral,pending,
pmid-36208629,36208629,2022,Longitudinal characterization of circulating neutrophils uncovers phenotypes associated with severity in hospitalized COVID-19 patients.,"Mechanisms of neutrophil involvement in severe coronavirus disease 2019 (COVID-19) remain incompletely understood. Here, we collect longitudinal blood samples from 306 hospitalized COVID-19+ patients and 86 controls and perform bulk RNA sequencing of enriched neutrophils, plas...",,,,sars-cov-2;sars-cov,proteomics,data_or_analysis,unknown,no explicit cross-virus or strong viral host-mechanism terms matched,medium,older paper with relevant terms: coronavirus,pending,
pmid-36203557,36203557,2022,Impact of cross-coronavirus immunity in post-acute sequelae of COVID-19.,"Beyond the unpredictable acute illness caused by SARS-CoV-2, one-fifth of infections unpredictably result in long-term persistence of symptoms despite the apparent clearance of infection. Insights into the mechanisms that underlie post-acute sequelae of COVID-19 (PASC) will be...",,,,sars-cov-2;sars-cov,,data_or_analysis,candidate,relevant viral/host/pathway terms matched: virus,medium,"older paper with relevant terms: virus, pathogen, coronavirus",pending,
pmid-36173950,36173950,2022,SARS-CoV-2 furin cleavage site was not engineered.,,CViSB,Robert Garry,,sars-cov-2;sars-cov,,primary_research,unknown,no explicit cross-virus or strong viral host-mechanism terms matched,low,no strong literature-priority keywords matched,pending,
pmid-36167835,36167835,2022,Predicting the evolution of the Lassa virus endemic area and population at risk over the next decades.,"Lassa fever is a severe viral hemorrhagic fever caused by a zoonotic virus that repeatedly spills over to humans from its rodent reservoirs. It is currently not known how climate and land use changes could affect the endemic area of this virus, currently limited to parts of We...",CViSB,Donald S Grant;Robert Garry;Kristian Andersen,,,,primary_research,candidate,"relevant viral/host/pathway terms matched: virus, viral",medium,"older paper with relevant terms: virus, viral",pending,
pmid-36129295,36129295,2022,"Functional and Structural Characterization of OXA-935, a Novel OXA-10-Family β-Lactamase from Pseudomonas aeruginosa.","Resistance to antipseudomonal penicillins and cephalosporins is often driven by the overproduction of the intrinsic β-lactamase AmpC. However, OXA-10-family β-lactamases are a rich source of resistance in Pseudomonas aeruginosa. OXA β-lactamases have a propensity for mutation...",SCRIPT,Alan Hauser,pseudomonas_aeruginosa,,,data_or_analysis,unknown,no explicit cross-virus or strong viral host-mechanism terms matched,low,no strong literature-priority keywords matched,pending,
pmid-36116810,36116810,2022,Novel and Rapid Diagnostics for Common Infections in the Critically Ill Patient.,"There are several novel platforms that enhance detection of pathogens that cause common infections in the intensive care unit. These platforms have a sample to answer time of a few hours, are often higher yield than culture, and have the potential to improve antibiotic steward...",SCRIPT,Richard Wunderink,,,,primary_research,unknown,no explicit cross-virus or strong viral host-mechanism terms matched,low,no strong literature-priority keywords matched,pending,
pmid-36061870,36061870,2022,Gearing up for battle: Harnessing adaptive T cell immunity against gram-negative pneumonia.,"Pneumonia is one of the leading causes of morbidity and mortality worldwide and Gram-negative bacteria are a major cause of severe pneumonia. Despite advances in diagnosis and treatment, the rise of multidrug-resistant organisms and hypervirulent strains demonstrates that ther...",,,pseudomonas_aeruginosa;klebsiella_pneumoniae,,,review,unknown,no explicit cross-virus or strong viral host-mechanism terms matched,low,no strong literature-priority keywords matched,pending,
pmid-36060555,36060555,2022,Inferring Phenotypic Trait Evolution on Large Trees With Many Incomplete Measurements.,"Comparative biologists are often interested in inferring covariation between multiple biological traits sampled across numerous related taxa. To properly study these relationships, we must control for the shared evolutionary history of the taxa to avoid spurious inference. An...",,,,hiv,,primary_research,high,explicit cross-virus/shared-host language: comparative,low,no strong literature-priority keywords matched,pending,
pmid-36056073,36056073,2022,Selective transfer of maternal antibodies in preterm and fullterm children.,"Preterm newborns are more likely to suffer from infectious diseases at birth compared to children delivered at term. Whether this is due to compromised cellular, humoral, or organ-specific development remains unclear. To begin to define whether maternal-fetal antibody transfer...",,,,influenza;rsv;ebv,,primary_research,unknown,no explicit cross-virus or strong viral host-mechanism terms matched,medium,older paper with relevant terms: pathogen,pending,
pmid-36000735,36000735,2022,Hybrid Immunity Shifts the Fc-Effector Quality of SARS-CoV-2 mRNA Vaccine-Induced Immunity.,"Despite the robust immunogenicity of SARS-CoV-2 mRNA vaccines, emerging data have revealed enhanced neutralizing antibody and T cell cross-reactivity among individuals that previously experienced COVID-19, pointing to a hybrid immune advantage with infection-associated immune...",,,,sars-cov-2;sars-cov,,primary_research,candidate,"relevant viral/host/pathway terms matched: virus, viral",medium,"older paper with relevant terms: virus, viral",pending,
pmid-35989603,35989603,2022,Scalable Bayesian phylogenetics.,"Recent advances in Bayesian phylogenetics offer substantial computational savings to accommodate increased genomic sampling that challenges traditional inference methods. In this review, we begin with a brief summary of the Bayesian phylogenetic framework, and then conceptuali...",,,,sars-cov-2;sars-cov;hiv,,review,unknown,no explicit cross-virus or strong viral host-mechanism terms matched,low,no strong literature-priority keywords matched,pending,
pmid-35977496,35977496,2022,Systems approach to define humoral correlates of immunity to Shigella.,"Shigella infection is the second leading cause of death due to diarrheal disease in young children worldwide. With the rise of antibiotic resistance, initiatives to design and deploy a safe and effective Shigella vaccine are urgently needed. However, efforts to date have been...",,,,,,primary_research,unknown,no explicit cross-virus or strong viral host-mechanism terms matched,low,no strong literature-priority keywords matched,pending,
pmid-35973352,35973352,2022,The next frontier in vaccine design: blending immune correlates of protection into rational vaccine design.,"Despite the extraordinary speed and success in SARS-Cov-2 vaccine development, the emergence of variants of concern perplexed the vaccine development community. Neutralizing antibodies waned antibodies waned and were evaded by viral variants, despite the preservation of protec...",,,,sars-cov-2;sars-cov,,primary_research,candidate,relevant viral/host/pathway terms matched: viral,medium,"older paper with relevant terms: viral, coronavirus",pending,
pmid-35970983,35970983,2022,Regional connectivity drove bidirectional transmission of SARS-CoV-2 in the Middle East during travel restrictions.,"Regional connectivity and land travel have been identified as important drivers of SARS-CoV-2 transmission. However, the generalizability of this finding is understudied outside of well-sampled, highly connected regions. In this study, we investigated the relative contribution...",CViSB,Kristian Andersen,,sars-cov-2;sars-cov,,primary_research,unknown,no explicit cross-virus or strong viral host-mechanism terms matched,low,no strong literature-priority keywords matched,pending,
pmid-35961427,35961427,2022,Incidence and Clinical Characteristics of Severe Acute Respiratory Syndrome Coronavirus 2 Infection After Vaccination in Children.,"The objective of this single-center cohort study was to characterize the frequency, clinical characteristics, and molecular epidemiology of pediatric severe acute respiratory syndrome coronavirus 2 (SARS-CoV-2) infection after vaccination. Between May 15, 2021, and January 1,...",,,,sars-cov-2;sars-cov,,primary_research,unknown,no explicit cross-virus or strong viral host-mechanism terms matched,medium,older paper with relevant terms: coronavirus,pending,
pmid-35952712,35952712,2022,Context-specific emergence and growth of the SARS-CoV-2 Delta variant.,"The SARS-CoV-2 Delta (Pango lineage B.1.617.2) variant of concern spread globally, causing resurgences of COVID-19 worldwide1,2. The emergence of the Delta variant in the UK occurred on the background of a heterogeneous landscape of immunity and relaxation of non-pharmaceutica...",,,,sars-cov-2;sars-cov,,primary_research,candidate,relevant viral/host/pathway terms matched: virus,medium,older paper with relevant terms: virus,pending,
pmid-35924454,35924454,2022,Severity of Illness Caused by Severe Acute Respiratory Syndrome Coronavirus 2 Variants of Concern in Children: A Single-Center Retrospective Cohort Study.,BACKGROUND: Recent COVID-19 surges are attributed to emergence of more transmissible SARS-CoV-2 variants of concern (VOCs). The relative severity of VOCs in children is unknown. METHODS: We performed a single-center retrospective cohort study of children ≤18 years old diagnose...,,,,sars-cov-2;sars-cov,,data_or_analysis,unknown,no explicit cross-virus or strong viral host-mechanism terms matched,medium,older paper with relevant terms: coronavirus,pending,
pmid-35923313,35923313,2022,Waning and boosting of functional humoral immunity to SARS-CoV-2.,"Since the emergence of the SARS-CoV-2 virus, we have witnessed a revolution in vaccine development with the rapid emergence and deployment of both traditional and novel vaccine platforms. The inactivated CoronaVac vaccine and the mRNA-based Pfizer/BNT162b2 vaccine are among th...",SYBIL,Ryan McNamara;Rafael Medina,,sars-cov-2;sars-cov,,primary_research,candidate,relevant viral/host/pathway terms matched: virus,medium,older paper with relevant terms: virus,pending,
pmid-35919523,35919523,2022,Stromal Transcription Factor 21 Regulates Development of the Renal Stroma via Interaction with Wnt/β-Catenin Signaling.,BACKGROUND: Kidney formation requires coordinated interactions between multiple cell types. Input from the interstitial progenitor cells is implicated in multiple aspects of kidney development. We previously reported that transcription factor 21 (Tcf21) is required for ureteri...,,,,,,primary_research,candidate,relevant viral/host/pathway terms matched: interaction,medium,older paper with relevant terms: interaction,pending,
pmid-35899968,35899968,2022,De novo emergence of SARS-CoV-2 spike mutations in immunosuppressed patients.,BACKGROUND: The continuing evolution of severe acute respiratory syndrome coronavirus 2 (SARS-CoV-2) variants with decreased susceptibility to neutralizing antibodies is of clinical importance. Several spike mutations associated with immune escape have evolved independently in...,,,,sars-cov-2;sars-cov,,data_or_analysis,candidate,"relevant viral/host/pathway terms matched: virus, viral",medium,"older paper with relevant terms: virus, viral, coronavirus",pending,
pmid-35895416,35895416,2022,Evaluation of Three Clinical Prediction Tools to Predict Mortality in Hospitalized Patients with Lassa Fever.,Lassa fever is a viral hemorrhagic illness with a case fatality rate for hospitalized patients as high as 69%. Identifying cases before they progress to serious illness can lead to earlier treatment and improved clinical outcomes. Three existing clinical prediction tools were...,CViSB,Donald S Grant,,,,primary_research,candidate,relevant viral/host/pathway terms matched: viral,medium,older paper with relevant terms: viral,pending,
pmid-35881018,35881018,2022,SARS-CoV-2 mRNA vaccination elicits robust antibody responses in children.,"Although children have been largely spared from coronavirus disease 2019 (COVID-19), the emergence of severe acute respiratory syndrome coronavirus 2 (SARS-CoV-2) variants of concern (VOCs) with increased transmissibility, combined with fluctuating mask mandates and school reo...",UCLA-Persistent-BSI,Melissa Johnson,,sars-cov-2;sars-cov;influenza,,primary_research,unknown,no explicit cross-virus or strong viral host-mechanism terms matched,medium,older paper with relevant terms: coronavirus,pending,
pmid-35881010,35881010,2022,The Huanan Seafood Wholesale Market in Wuhan was the early epicenter of the COVID-19 pandemic.,"Understanding how severe acute respiratory syndrome coronavirus 2 (SARS-CoV-2) emerged in 2019 is critical to preventing future zoonotic outbreaks before they become the next pandemic. The Huanan Seafood Wholesale Market in Wuhan, China, was identified as a likely source of ca...",CViSB,Robert Garry;Kristian Andersen,,sars-cov-2;sars-cov,,primary_research,unknown,no explicit cross-virus or strong viral host-mechanism terms matched,medium,older paper with relevant terms: coronavirus,pending,
pmid-35881005,35881005,2022,The molecular epidemiology of multiple zoonotic origins of SARS-CoV-2.,Understanding the circumstances that lead to pandemics is important for their prevention. We analyzed the genomic diversity of severe acute respiratory syndrome coronavirus 2 (SARS-CoV-2) early in the coronavirus disease 2019 (COVID-19) pandemic. We show that SARS-CoV-2 genomi...,CViSB,Robert Garry;Kristian Andersen,,sars-cov-2;sars-cov,,primary_research,candidate,relevant viral/host/pathway terms matched: viral,medium,"older paper with relevant terms: viral, coronavirus",pending,
pmid-35869779,35869779,2022,Individual target pharmacokinetic/pharmacodynamic attainment rates among meropenem-treated patients admitted to the ICU with hospital-acquired pneumonia.,"OBJECTIVES: Critical illness reduces β-lactam pharmacokinetic/pharmacodynamic (PK/PD) attainment. We sought to quantify PK/PD attainment in patients with hospital-acquired pneumonia. METHODS: Meropenem plasma PK data (n = 70 patients) were modelled, PK/PD attainment rates were...",SCRIPT,Alan Hauser;Richard Wunderink,,,,primary_research,unknown,no explicit cross-virus or strong viral host-mechanism terms matched,low,no strong literature-priority keywords matched,pending,
pmid-35833903,35833903,2022,Suppression of Allergic Asthma by Loss of Function of Miz1-mediated Th1 Skewing.,"Asthma is the most prevalent chronic respiratory disease worldwide. There is currently no cure, and it remains an important cause of morbidity and mortality. Here we report that lung-specific loss of function of the transcription factor Miz1 (c-Myc-interacting zinc finger prot...",,,,,epigenomics,data_or_analysis,unknown,no explicit cross-virus or strong viral host-mechanism terms matched,low,no strong literature-priority keywords matched,pending,
pmid-35798029,35798029,2022,Wastewater sequencing reveals early cryptic SARS-CoV-2 variant transmission.,"As SARS-CoV-2 continues to spread and evolve, detecting emerging variants early is critical for public health interventions. Inferring lineage prevalence by clinical testing is infeasible at scale, especially in areas with limited resources, participation, or testing and/or se...",CViSB,Melissa Johnson;Elaine Reed;Kristian Andersen,,sars-cov-2;sars-cov,,data_or_analysis,candidate,relevant viral/host/pathway terms matched: virus,medium,older paper with relevant terms: virus,pending,
pmid-35795297,35795297,2022,Accommodating sampling location uncertainty in continuous phylogeography.,"Phylogeographic inference of the dispersal history of viral lineages offers key opportunities to tackle epidemiological questions about the spread of fast-evolving pathogens across human, animal and plant populations. In continuous space, i.e. when locations are specified by l...",,,,,,review,candidate,relevant viral/host/pathway terms matched: viral,medium,older paper with relevant terms: viral,pending,
pmid-35794893,35794893,2022,Outbreak.info genomic reports: scalable and dynamic surveillance of SARS-CoV-2 variants and mutations.,"The emergence of SARS-CoV-2 variants of concern has prompted the need for near real-time genomic surveillance to inform public health interventions. In response to this need, the global scientific community, through unprecedented effort, has sequenced and shared over 11 millio...",CViSB,Kristian Andersen,,sars-cov-2;sars-cov,,primary_research,candidate,relevant viral/host/pathway terms matched: virus,medium,older paper with relevant terms: virus,pending,
pmid-35776495,35776495,2022,Advancing Lung Immunology Research: An Official American Thoracic Society Workshop Report.,"The mammalian airways and lungs are exposed to a myriad of inhaled particulate matter, allergens, and pathogens. The immune system plays an essential role in protecting the host from respiratory pathogens, but a dysregulated immune response during respiratory infection can imp...",,,,,,primary_research,unknown,no explicit cross-virus or strong viral host-mechanism terms matched,medium,"older paper with relevant terms: host, pathogen",pending,
pmid-35771664,35771664,2022,Introduction and Establishment of SARS-CoV-2 Gamma Variant in New York City in Early 2021.,BACKGROUND: Monitoring the emergence and spread of severe acute respiratory syndrome coronavirus 2 (SARS-CoV-2) variants is an important public health objective. We investigated how the Gamma variant was established in New York City (NYC) in early 2021 in the presence of trave...,CViSB,Kristian Andersen,,sars-cov-2;sars-cov,,primary_research,candidate,relevant viral/host/pathway terms matched: viral,medium,"older paper with relevant terms: viral, coronavirus",pending,
pmid-35767652,35767652,2022,Antibody Fc characteristics and effector functions correlate with protection from symptomatic dengue virus type 3 infection.,"Preexisting cross-reactive antibodies have been implicated in both protection and pathogenesis during subsequent infections with different dengue virus (DENV) serotypes (DENV1-4). Nonetheless, humoral immune correlates and mechanisms of protection have remained elusive. Using...",,,,dengue,,primary_research,candidate,relevant viral/host/pathway terms matched: virus,medium,older paper with relevant terms: virus,pending,
pmid-35764643,35764643,2022,Maternal immune response and placental antibody transfer after COVID-19 vaccination across trimester and platforms.,"The availability of three COVID-19 vaccines in the United States provides an unprecedented opportunity to examine how vaccine platforms and timing of vaccination in pregnancy impact maternal and neonatal immunity. Here, we characterize the antibody profile after Ad26.COV2.S, m...",,,,sars-cov-2;sars-cov,,data_or_analysis,unknown,no explicit cross-virus or strong viral host-mechanism terms matched,low,no strong literature-priority keywords matched,pending,
pmid-35677074,35677074,2022,"Schema Playground: A tool for authoring, extending, and using metadata schemas to improve FAIRness of biomedical data.","BACKGROUND: Biomedical researchers are strongly encouraged to make their research outputs more Findable, Accessible, Interoperable, and Reusable (FAIR). While many biomedical research outputs are more readily accessible through open data efforts, finding relevant outputs remai...",,,,sars-cov-2,,primary_research,unknown,no explicit cross-virus or strong viral host-mechanism terms matched,low,no strong literature-priority keywords matched,pending,
pmid-35652578,35652578,2022,Rapid and Sensitive Detection of Antigen from SARS-CoV-2 Variants of Concern by a Multivalent Minibinder-Functionalized Nanomechanical Sensor.,New platforms for the rapid and sensitive detection of severe acute respiratory syndrome coronavirus 2 (SARS-CoV-2) variants of concern are urgently needed. Here we report the development of a nanomechanical sensor based on the deflection of a microcantilever capable of detect...,,,,sars-cov-2;sars-cov,,primary_research,unknown,no explicit cross-virus or strong viral host-mechanism terms matched,medium,older paper with relevant terms: coronavirus,pending,
pmid-35581238,35581238,2022,Author Correction: Reduced expression of mitochondrial complex I subunit Ndufs2 does not impact healthspan in mice.,,,,,,,primary_research,unknown,no explicit cross-virus or strong viral host-mechanism terms matched,low,no strong literature-priority keywords matched,pending,
pmid-35538057,35538057,2022,Archival influenza virus genomes from Europe reveal genomic variability during the 1918 pandemic.,"The 1918 influenza pandemic was the deadliest respiratory pandemic of the 20th century and determined the genomic make-up of subsequent human influenza A viruses (IAV). Here, we analyze both the first 1918 IAV genomes from Europe and the first from samples prior to the autumn...",,,,influenza;hiv,,primary_research,candidate,relevant viral/host/pathway terms matched: virus,medium,"older paper with relevant terms: virus, host",pending,
pmid-35455241,35455241,2022,Durability and Cross-Reactivity of SARS-CoV-2 mRNA Vaccine in Adolescent Children.,"Emergent SARS-CoV-2 variants and waning humoral immunity in vaccinated individuals have resulted in increased infections and hospitalizations. Children are not spared from infection nor complications of COVID-19, and the recent recommendation for boosters in individuals ages 1...",,,,sars-cov-2;sars-cov,,primary_research,unknown,no explicit cross-virus or strong viral host-mechanism terms matched,low,no strong literature-priority keywords matched,pending,
pmid-35442171,35442171,2022,Selected Bibliography of Recent Research in COVID-19.,,,,,sars-cov-2,,primary_research,unknown,no explicit cross-virus or strong viral host-mechanism terms matched,low,no strong literature-priority keywords matched,pending,
pmid-35440684,35440684,2022,Inter-individual variation in objective measure of reactogenicity following COVID-19 vaccination via smartwatches and fitness bands.,The ability to identify who does or does not experience the intended immune response following vaccination could be of great value in not only managing the global trajectory of COVID-19 but also helping guide future vaccine development. Vaccine reactogenicity can potentially l...,CViSB,Kristian Andersen,,sars-cov-2,,primary_research,unknown,no explicit cross-virus or strong viral host-mechanism terms matched,low,no strong literature-priority keywords matched,pending,
pmid-35430229,35430229,2022,Preserved recognition of Omicron spike following COVID-19 messenger RNA vaccination in pregnancy.,"BACKGROUND: SARS-CoV-2 infection is associated with enhanced disease severity in pregnant women. Despite the potential of COVID-19 vaccines to reduce severe disease, vaccine uptake remained relatively low among pregnant women. Just as coordinated messaging from the Centers for...",,,,sars-cov-2;sars-cov,,primary_research,unknown,no explicit cross-virus or strong viral host-mechanism terms matched,low,no strong literature-priority keywords matched,pending,
pmid-35411350,35411350,2022,"Wastewater sequencing uncovers early, cryptic SARS-CoV-2 variant transmission.","As SARS-CoV-2 continues to spread and evolve, detecting emerging variants early is critical for public health interventions. Inferring lineage prevalence by clinical testing is infeasible at scale, especially in areas with limited resources, participation, or testing/sequencin...",CViSB,Melissa Johnson;Elaine Reed;Kristian Andersen,,sars-cov-2;sars-cov,,data_or_analysis,candidate,relevant viral/host/pathway terms matched: virus,medium,older paper with relevant terms: virus,pending,
pmid-35411346,35411346,2022,An immunoPET probe to SARS-CoV-2 reveals early infection of the male genital tract in rhesus macaques.,"The systemic nature of SARS-CoV-2 infection is highly recognized, but poorly characterized. A non-invasive and unbiased method is needed to clarify whole body spatiotemporal dynamics of SARS-CoV-2 infection after transmission. We recently developed a probe based on the anti-SA...",,,,sars-cov-2;sars-cov;influenza,,methods,candidate,relevant viral/host/pathway terms matched: viral,medium,older paper with relevant terms: viral,pending,
pmid-35396471,35396471,2022,Unlocking capacities of genomics for the COVID-19 response and future pandemics.,"During the COVID-19 pandemic, genomics and bioinformatics have emerged as essential public health tools. The genomic data acquired using these methods have supported the global health response, facilitated development of testing methods, and allowed timely tracking of novel SA...",,,,sars-cov-2;sars-cov,,data_or_analysis,candidate,relevant viral/host/pathway terms matched: viral,medium,older paper with relevant terms: viral,pending,
pmid-35363994,35363994,2022,Expression of ACE2-a Key SARS-CoV-2 Entry Factor-Is Not Increased in the Nasal Mucosa of People with Cystic Fibrosis.,,,,,sars-cov-2;sars-cov,,primary_research,unknown,no explicit cross-virus or strong viral host-mechanism terms matched,low,no strong literature-priority keywords matched,pending,
pmid-35361968,35361968,2022,Defining the risk of SARS-CoV-2 variants on immune protection.,"The global emergence of many severe acute respiratory syndrome coronavirus 2 (SARS-CoV-2) variants jeopardizes the protective antiviral immunity induced after infection or vaccination. To address the public health threat caused by the increasing SARS-CoV-2 genomic diversity, t...",SYBIL,Melissa Johnson;Michael Schotsaert,,sars-cov-2;sars-cov,,primary_research,candidate,relevant viral/host/pathway terms matched: viral,medium,"older paper with relevant terms: viral, coronavirus",pending,
pmid-35359802,35359802,2022,Mathematical models to study the biology of pathogens and the infectious diseases they cause.,"Mathematical models have many applications in infectious diseases: epidemiologists use them to forecast outbreaks and design containment strategies; systems biologists use them to study complex processes sustaining pathogens, from the metabolic networks empowering microbial ce...",UCLA-Persistent-BSI,Michael Yeaman,,,,review,unknown,no explicit cross-virus or strong viral host-mechanism terms matched,medium,older paper with relevant terms: host,pending,
pmid-35357886,35357886,2022,A modified vaccinia Ankara vaccine expressing spike and nucleocapsid protects rhesus macaques against SARS-CoV-2 Delta infection.,"SARS-CoV-2 vaccines should induce broadly cross-reactive humoral and T cell responses to protect against emerging variants of concern (VOCs). Here, we inactivated the furin cleavage site (FCS) of spike expressed by a modified vaccinia Ankara (MVA) virus vaccine (MVA/SdFCS) and...",,,,sars-cov-2;sars-cov,,primary_research,candidate,relevant viral/host/pathway terms matched: virus,medium,older paper with relevant terms: virus,pending,
pmid-35348368,35348368,2022,mRNA-1273 and BNT162b2 COVID-19 vaccines elicit antibodies with differences in Fc-mediated effector functions.,"The successful development of several coronavirus disease 2019 (COVID-19) vaccines has substantially reduced morbidity and mortality in regions of the world where the vaccines have been deployed. However, in the wake of the emergence of viral variants that are able to evade va...",,,,sars-cov-2;sars-cov,,primary_research,candidate,relevant viral/host/pathway terms matched: viral,medium,"older paper with relevant terms: viral, coronavirus",pending,
pmid-35338200,35338200,2022,Reduced expression of mitochondrial complex I subunit Ndufs2 does not impact healthspan in mice.,Aging in mammals leads to reduction in genes encoding the 45-subunit mitochondrial electron transport chain complex I. It has been hypothesized that normal aging and age-related diseases such as Parkinson's disease are in part due to modest decrease in expression of mitochondr...,,,,,transcriptomics,primary_research,unknown,no explicit cross-virus or strong viral host-mechanism terms matched,low,no strong literature-priority keywords matched,pending,
pmid-35325204,35325204,2022,Selection Analysis Identifies Clusters of Unusual Mutational Changes in Omicron Lineage BA.1 That Likely Impact Spike Function.,Among the 30 nonsynonymous nucleotide substitutions in the Omicron S-gene are 13 that have only rarely been seen in other SARS-CoV-2 sequences. These mutations cluster within three functionally important regions of the S-gene at sites that will likely impact (1) interactions b...,,,,sars-cov-2;sars-cov,,data_or_analysis,candidate,relevant viral/host/pathway terms matched: virus,medium,older paper with relevant terms: virus,pending,
pmid-35309306,35309306,2022,Epigenetic Control of Regulatory T Cell Stability and Function: Implications for Translation.,"FoxP3+ regulatory T (Treg) cells maintain immune homeostasis, promote self-tolerance, and have an emerging role in resolving acute inflammation, providing tissue protection, and repairing tissue damage. Some data suggest that FoxP3+ T cells are plastic, exhibiting susceptibili...",,,,,,primary_research,unknown,no explicit cross-virus or strong viral host-mechanism terms matched,low,no strong literature-priority keywords matched,pending,
pmid-35290925,35290925,2022,Low-level SARS-CoV-2 viremia coincident with COVID placentitis and stillbirth.,SARS-CoV-2 infection in pregnancy and COVID placentitis are associated with an increased risk of stillbirth. We sought to investigate the presence of maternal viremia in people with SARS-CoV-2 infection during pregnancy who had histologic placentitis versus those without place...,,,,sars-cov-2;sars-cov,,primary_research,unknown,no explicit cross-virus or strong viral host-mechanism terms matched,low,no strong literature-priority keywords matched,pending,
pmid-35289637,35289637,2022,Omicron variant Spike-specific antibody binding and Fc activity are preserved in recipients of mRNA or inactivated COVID-19 vaccines.,"The Omicron variant of SARS-CoV-2 has been shown to evade neutralizing antibodies elicited by vaccination or infection. Despite the global spread of the Omicron variant, even among highly vaccinated populations, death rates have not increased concomitantly. These data suggest...",SYBIL,Rafael Medina,,sars-cov-2;sars-cov,,primary_research,candidate,relevant viral/host/pathway terms matched: virus,medium,older paper with relevant terms: virus,pending,
pmid-35262081,35262081,2022,An immunoPET probe to SARS-CoV-2 reveals early infection of the male genital tract in rhesus macaques.,"The systemic nature of SARS-CoV-2 infection is highly recognized, but poorly characterized. A non-invasive and unbiased method is needed to clarify whole body spatiotemporal dynamics of SARS-CoV-2 infection after transmission. We recently developed a probe based on the anti-SA...",,,,sars-cov-2;sars-cov;influenza,,methods,candidate,relevant viral/host/pathway terms matched: viral,medium,older paper with relevant terms: viral,pending,
pmid-35245365,35245365,2022,Altered Maternal Antibody Profiles in Women With Human Immunodeficiency Virus Drive Changes in Transplacental Antibody Transfer.,"BACKGROUND: Human immunodeficiency virus (HIV)-exposed, uninfected (HEU) children have a higher risk of severe infection, but the causes are poorly understood. Emerging data point to altered antibody transfer in women with HIV (WHIV); however, specific perturbations and the in...",,,,influenza;hiv;ebv,,primary_research,candidate,relevant viral/host/pathway terms matched: virus,medium,older paper with relevant terms: virus,pending,
pmid-35215114,35215114,2022,Enterotoxigenic Escherichia coli Heat-Stable Toxin and Ebola Virus Delta Peptide: Similarities and Differences.,Enterotoxigenic Escherichia coli (ETEC) STb toxin exhibits striking structural similarity to Ebola virus (EBOV) delta peptide. Both ETEC and EBOV delta peptide are enterotoxins. Comparison of the structural and functional similarities and differences of these two toxins illumi...,CViSB,Robert Garry,,,,primary_research,candidate,"relevant viral/host/pathway terms matched: virus, viral",medium,"older paper with relevant terms: virus, viral, pathogen",pending,
pmid-35213690,35213690,2022,Trends in Severe Acute Respiratory Syndrome Coronavirus 2 (SARS-CoV-2) Seroprevalence in Massachusetts Estimated from Newborn Screening Specimens.,"BACKGROUND: Estimating the cumulative incidence of severe acute respiratory syndrome coronavirus 2 (SARS-CoV-2) is essential for setting public health policies. We leveraged deidentified Massachusetts newborn screening specimens as an accessible, retrospective source of matern...",,,,sars-cov-2;sars-cov,,primary_research,unknown,no explicit cross-virus or strong viral host-mechanism terms matched,medium,older paper with relevant terms: coronavirus,pending,
pmid-35202558,35202558,2022,Lung Injury Induces Alveolar Type 2 Cell Hypertrophy and Polyploidy with Implications for Repair and Regeneration.,Epithelial polyploidization after injury is a conserved phenomenon recently shown to improve barrier restoration during wound healing. Whether lung injury can induce alveolar epithelial polyploidy is not known. We show that bleomycin injury induces alveolar type 2 cell (AT2) h...,CViSB,Donald S Grant,,,,primary_research,unknown,no explicit cross-virus or strong viral host-mechanism terms matched,low,no strong literature-priority keywords matched,pending,
pmid-35198645,35198645,2022,Assessment of Virological Contributions to COVID-19 Outcomes in a Longitudinal Cohort of Hospitalized Adults.,"BACKGROUND: While several demographic and clinical correlates of coronavirus disease 2019 (COVID-19) outcome have been identified, their relationship to virological and immunological parameters remains poorly defined. METHODS: To address this, we performed longitudinal collect...",,,,sars-cov-2;sars-cov,,primary_research,candidate,relevant viral/host/pathway terms matched: viral,medium,"older paper with relevant terms: viral, coronavirus",pending,
pmid-35194616,35194616,2022,Durability and cross-reactivity of SARS-CoV-2 mRNA vaccine in adolescent children.,"Emergent SARS-CoV-2 variants and waning humoral immunity in vaccinated individuals have resulted in increased infections and hospitalizations. Children are not spared from infection nor complications of COVID-19, and the recent recommendation for boosters in individuals ages 1...",,,,sars-cov-2;sars-cov,,primary_research,unknown,no explicit cross-virus or strong viral host-mechanism terms matched,low,no strong literature-priority keywords matched,pending,
pmid-35170002,35170002,2022,Methicillin-Resistant Staphylococcus aureus Hospital-Acquired Pneumonia/Ventilator-Associated Pneumonia.,Methicillin-resistant Staphylococcus aureus (MRSA) is a common cause of hospital-acquired pneumonia (HAP) and ventilator-associated pneumonia (VAP). MRSA pneumonia is associated with significant morbidity and mortality. Several virulence factors allow S. aureus to become an ef...,SCRIPT,Richard Wunderink,staphylococcus_aureus,,,primary_research,unknown,no explicit cross-virus or strong viral host-mechanism terms matched,medium,older paper with relevant terms: pathogen,pending,
pmid-35143473,35143473,2022,SARS-CoV-2 antibodies protect against reinfection for at least 6 months in a multicentre seroepidemiological workplace cohort.,"Identifying the potential for SARS-CoV-2 reinfection is crucial for understanding possible long-term epidemic dynamics. We analysed longitudinal PCR and serological testing data from a prospective cohort of 4,411 United States employees in 4 states between April 2020 and Febru...",,,,sars-cov-2;sars-cov,,primary_research,unknown,no explicit cross-virus or strong viral host-mechanism terms matched,low,no strong literature-priority keywords matched,pending,
pmid-35132411,35132411,2022,"Outbreak.info Research Library: A standardized, searchable platform to discover and explore COVID-19 resources.","To combat the ongoing COVID-19 pandemic, scientists have been conducting research at breakneck speeds, producing over 52,000 peer-reviewed articles within the first year. To address the challenge in tracking the vast amount of new research located in separate repositories, we...",CViSB,Kristian Andersen,,sars-cov-2;sars-cov,,primary_research,unknown,no explicit cross-virus or strong viral host-mechanism terms matched,low,no strong literature-priority keywords matched,pending,
pmid-35129576,35129576,2022,Durability of Anti-Spike Antibodies in Infants After Maternal COVID-19 Vaccination or Natural Infection.,This study compares the persistence of anti-spike IgG titers in infants of vaccinated mothers vs mothers who had been naturally infected with COVID-19.,,,,sars-cov-2,,primary_research,unknown,no explicit cross-virus or strong viral host-mechanism terms matched,low,no strong literature-priority keywords matched,pending,
pmid-35115515,35115515,2022,Multiple expansions of globally uncommon SARS-CoV-2 lineages in Nigeria.,"Disparities in SARS-CoV-2 genomic surveillance have limited our understanding of the viral population dynamics and may delay identification of globally important variants. Despite being the most populated country in Africa, Nigeria has remained critically under sampled. Here,...",,,,sars-cov-2;sars-cov,,primary_research,candidate,relevant viral/host/pathway terms matched: viral,medium,older paper with relevant terms: viral,pending,
pmid-35090580,35090580,2022,mRNA-1273 vaccine-induced antibodies maintain Fc effector functions across SARS-CoV-2 variants of concern.,"SARS-CoV-2 mRNA vaccines confer robust protection against COVID-19, but the emergence of variants has generated concerns regarding the protective efficacy of the currently approved vaccines, which lose neutralizing potency against some variants. Emerging data suggest that anti...",,,,sars-cov-2;sars-cov,,data_or_analysis,unknown,no explicit cross-virus or strong viral host-mechanism terms matched,low,no strong literature-priority keywords matched,pending,
pmid-35085383,35085383,2022,Clinical Characteristics and Outcomes of Patients With COVID-19-Associated Acute Respiratory Distress Syndrome Who Underwent Lung Transplant.,"IMPORTANCE: Lung transplantation is a potentially lifesaving treatment for patients who are critically ill due to COVID-19-associated acute respiratory distress syndrome (ARDS), but there is limited information about the long-term outcome. OBJECTIVE: To report the clinical cha...",,,,sars-cov-2,,primary_research,unknown,no explicit cross-virus or strong viral host-mechanism terms matched,low,no strong literature-priority keywords matched,pending,
pmid-35085382,35085382,2022,Proactive vs Reactive Machine Learning in Health Care: Lessons From the COVID-19 Pandemic.,,SCRIPT,Richard Wunderink,,sars-cov-2,,primary_research,unknown,no explicit cross-virus or strong viral host-mechanism terms matched,low,no strong literature-priority keywords matched,pending,
pmid-35075456,35075456,2022,Selection analysis identifies unusual clustered mutational changes in Omicron lineage BA.1 that likely impact Spike function.,Among the 30 non-synonymous nucleotide substitutions in the Omicron S-gene are 13 that have only rarely been seen in other SARS-CoV-2 sequences. These mutations cluster within three functionally important regions of the S-gene at sites that will likely impact (i) interactions...,,,,sars-cov-2;sars-cov,,data_or_analysis,unknown,no explicit cross-virus or strong viral host-mechanism terms matched,low,no strong literature-priority keywords matched,pending,
pmid-35073738,35073738,2022,Serological Markers of SARS-CoV-2 Reinfection.,"As public health guidelines throughout the world have relaxed in response to vaccination campaigns against SARS-CoV-2, it is likely that SARS-CoV-2 will remain endemic, fueled by the rise of more infectious SARS-CoV-2 variants. Moreover, in the setting of waning natural and va...",,,,sars-cov-2;sars-cov,,data_or_analysis,candidate,"relevant viral/host/pathway terms matched: virus, viral",medium,"older paper with relevant terms: virus, viral, pathogen",pending,
pmid-35058620,35058620,2022,Clinical trial design during and beyond the pandemic: the I-SPY COVID trial.,,,,,,,primary_research,unknown,no explicit cross-virus or strong viral host-mechanism terms matched,low,no strong literature-priority keywords matched,pending,
pmid-35040956,35040956,2022,From viral evolution to spatial contagion: a biologically modulated Hawkes model.,"SUMMARY: Mutations sometimes increase contagiousness for evolving pathogens. During an epidemic, scientists use viral genome data to infer a shared evolutionary history and connect this history to geographic spread. We propose a model that directly relates a pathogen's evoluti...",,,,,,primary_research,candidate,relevant viral/host/pathway terms matched: viral,medium,"older paper with relevant terms: viral, pathogen",pending,
pmid-35022730,35022730,2022,"Clinical and microbiological outcomes, by causative pathogen, in the ASPECT-NP randomized, controlled, Phase 3 trial comparing ceftolozane/tazobactam and meropenem for treatment of hospital-acquired/ventilator-associated bacterial pneumonia.","OBJECTIVES: In the ASPECT-NP trial, ceftolozane/tazobactam was non-inferior to meropenem for treating nosocomial pneumonia; efficacy outcomes by causative pathogen were to be evaluated. METHODS: Mechanically ventilated participants with hospital-acquired/ventilator-associated...",SCRIPT,Richard Wunderink,pseudomonas_aeruginosa;klebsiella_pneumoniae,,,primary_research,unknown,no explicit cross-virus or strong viral host-mechanism terms matched,medium,older paper with relevant terms: pathogen,pending,
pmid-35022248,35022248,2022,Identification of human gene research articles with wrongly identified nucleotide sequences.,Nucleotide sequence reagents underpin molecular techniques that have been applied across hundreds of thousands of publications. We have previously reported wrongly identified nucleotide sequence reagents in human research publications and described a semi-automated screening t...,,,,,,data_or_analysis,unknown,no explicit cross-virus or strong viral host-mechanism terms matched,medium,older paper with relevant terms: screen,pending,
pmid-35018376,35018376,2022,Comprehensive antibody profiling of mRNA vaccination in children.,"While children have been largely spared from COVID-19 disease, the emergence of viral variants of concern (VOC) with increased transmissibility, combined with fluctuating mask mandates and school re-openings have led to increased infections and disease among children. Thus, th...",UCLA-Persistent-BSI,Melissa Johnson,,sars-cov-2;influenza,,data_or_analysis,candidate,relevant viral/host/pathway terms matched: viral,medium,older paper with relevant terms: viral,pending,
pmid-34990452,34990452,2022,The characteristics of early-stage research into human genes are substantially different from subsequent research.,"Throughout the last 2 decades, several scholars observed that present day research into human genes rarely turns toward genes that had not already been extensively investigated in the past. Guided by hypotheses derived from studies of science and innovation, we present here a...",,,,,,primary_research,unknown,no explicit cross-virus or strong viral host-mechanism terms matched,low,no strong literature-priority keywords matched,pending,
pmid-34986351,34986351,2022,Ebola virus delta peptide is an enterotoxin.,"During the 2013-2016 West African (WA) Ebola virus (EBOV) outbreak, severe gastrointestinal symptoms were common in patients and associated with poor outcome. Delta peptide is a conserved product of post-translational processing of the abundant EBOV soluble glycoprotein (sGP)....",CViSB,Robert Garry,,influenza,transcriptomics,primary_research,candidate,relevant viral/host/pathway terms matched: virus,medium,older paper with relevant terms: virus,pending,
pmid-34951645,34951645,2022,Phylogeography Reveals Association between Swine Trade and the Spread of Porcine Epidemic Diarrhea Virus in China and across the World.,"The ongoing SARS (severe acute respiratory syndrome)-CoV (coronavirus)-2 pandemic has exposed major gaps in our knowledge on the origin, ecology, evolution, and spread of animal coronaviruses. Porcine epidemic diarrhea virus (PEDV) is a member of the genus Alphacoronavirus in...",,,,,,primary_research,candidate,relevant viral/host/pathway terms matched: virus,medium,"older paper with relevant terms: virus, coronavirus",pending,
pmid-34937051,34937051,2022,Local and systemic responses to SARS-CoV-2 infection in children and adults.,"It is not fully understood why COVID-19 is typically milder in children1-3. Here, to examine the differences between children and adults in their response to SARS-CoV-2 infection, we analysed paediatric and adult patients with COVID-19 as well as healthy control individuals (t...",SCRIPT,Richard Wunderink,,sars-cov-2;sars-cov,,data_or_analysis,candidate,relevant viral/host/pathway terms matched: viral,medium,older paper with relevant terms: viral,pending,
pmid-34931078,34931078,2022,Role of the T cell vitamin D receptor in severe COVID-19.,,CViSB,Robert Garry,,sars-cov-2,,primary_research,unknown,no explicit cross-virus or strong viral host-mechanism terms matched,low,no strong literature-priority keywords matched,pending,
pmid-34871701,34871701,2022,Kidney Recovery and Death in Critically Ill Patients With COVID-19-Associated Acute Kidney Injury Treated With Dialysis: The STOP-COVID Cohort Study.,RATIONALE & OBJECTIVE: Acute kidney injury treated with kidney replacement therapy (AKI-KRT) occurs frequently in critically ill patients with coronavirus disease 2019 (COVID-19). We examined the clinical factors that determine kidney recovery in this population. STUDY DESIGN:...,,,,sars-cov-2,,primary_research,unknown,no explicit cross-virus or strong viral host-mechanism terms matched,medium,older paper with relevant terms: coronavirus,pending,
pmid-34841975,34841975,2022,Combining cox regressions across a heterogeneous distributed research network facing small and zero counts.,"Studies of the effects of medical interventions increasingly take place in distributed research settings using data from multiple clinical data sources including electronic health records and administrative claims. In such settings, privacy concerns typically prohibit sharing...",,,,,,primary_research,high,explicit cross-virus/shared-host language: comparative,low,no strong literature-priority keywords matched,pending,
pmid-34811567,34811567,2022,"Safety and efficacy of multipotent adult progenitor cells in acute respiratory distress syndrome (MUST-ARDS): a multicentre, randomised, double-blind, placebo-controlled phase 1/2 trial.","PURPOSE: Bone marrow-derived, allogeneic, multipotent adult progenitor cells demonstrated safety and efficacy in preclinical models of acute respiratory distress syndrome (ARDS). METHODS: This phase 1/2 trial evaluated the safety and tolerability of intravenous multipotent adu...",SCRIPT,Richard Wunderink,,,,primary_research,unknown,no explicit cross-virus or strong viral host-mechanism terms matched,low,no strong literature-priority keywords matched,pending,
pmid-34731594,34731594,2022,Age-related Differences in the Nasal Mucosal Immune Response to SARS-CoV-2.,"Severe acute respiratory syndrome coronavirus 2 (SARS-CoV-2) has infected more than 180 million people since the onset of the pandemic. Despite similar viral load and infectivity rates between children and adults, children rarely develop severe illness. Differences in the host...",,,,sars-cov-2;sars-cov;influenza;rsv,,primary_research,candidate,"relevant viral/host/pathway terms matched: virus, viral",medium,"older paper with relevant terms: virus, viral, host, coronavirus",pending,
pmid-34694655,34694655,2022,Outcomes after extracorporeal membrane oxygenation support in COVID-19 and non-COVID-19 patients.,"BACKGROUND: Veno-venous extracorporeal membrane oxygenation (V-V ECMO) support is increasingly used in the management of COVID-19-related acute respiratory distress syndrome (ARDS). However, the clinical decision-making to initiate V-V ECMO for severe COVID-19 still remains un...",SCRIPT,Richard Wunderink,,sars-cov-2,,primary_research,unknown,no explicit cross-virus or strong viral host-mechanism terms matched,low,no strong literature-priority keywords matched,pending,
pmid-34668007,34668007,2022,Aminoglycoside-resistance gene signatures are predictive of aminoglycoside MICs for carbapenem-resistant Klebsiella pneumoniae.,"BACKGROUND: Aminoglycoside-containing regimens may be an effective treatment option for infections caused by carbapenem-resistant Klebsiella pneumoniae (CR-Kp), but aminoglycoside-resistance genes are common in these strains. The relationship between the aminoglycoside-resista...",SCRIPT,Alan Hauser,klebsiella_pneumoniae,,,primary_research,unknown,no explicit cross-virus or strong viral host-mechanism terms matched,low,no strong literature-priority keywords matched,pending,
pmid-34462589,34462589,2022,Mapping single-cell data to reference atlases by transfer learning.,"Large single-cell atlases are now routinely generated to serve as references for analysis of smaller-scale studies. Yet learning from reference data is complicated by batch effects between datasets, limited availability of computational resources and sharing restrictions on ra...",,,,sars-cov-2,,primary_research,unknown,no explicit cross-virus or strong viral host-mechanism terms matched,medium,older paper with relevant terms: coronavirus,pending,
pmid-34387183,34387183,2022,Decreasing incidence of Acinetobacter baumannii pneumonia and trends in antibiotic consumption: A single-center retrospective observational study.,"OBJECTIVE: To describe the epidemiology of Acinetobacter baumannnii (AB) pneumonia at our center, including the antibiotic exposure patterns of individual AB pneumonia cases and to investigate whether hospital-wide antibiotic consumption trends were associated with trends in A...",SCRIPT,Richard Wunderink,,,,primary_research,unknown,no explicit cross-virus or strong viral host-mechanism terms matched,low,no strong literature-priority keywords matched,pending,
pmid-35983577,35983577,2021,Scalable Algorithms for Large Competing Risks Data.,"This paper develops two orthogonal contributions to scalable sparse regression for competing risks time-to-event data. First, we study and accelerate the broken adaptive ridge method (BAR), a surrogate ℓ 0-based iteratively reweighted ℓ 2-penalization algorithm that achieves s...",,,,,,methods,unknown,no explicit cross-virus or strong viral host-mechanism terms matched,low,no strong literature-priority keywords matched,pending,
pmid-34981072,34981072,2021,Preserved Omicron Spike specific antibody binding and Fc-recognition across COVID-19 vaccine platforms.,"Despite the dramatic spread of Omicron globally, even among highly vaccinated populations, death rates have not increased concomitantly. These data argue that alternative immune mechanisms, beyond neutralization, may continue to confer protection against severe disease. Beyond...",SYBIL,Rafael Medina,,sars-cov-2,,primary_research,candidate,relevant viral/host/pathway terms matched: virus,medium,older paper with relevant terms: virus,pending,
pmid-34981069,34981069,2021,Context-specific emergence and growth of the SARS-CoV-2 Delta variant.,The Delta variant of concern of SARS-CoV-2 has spread globally causing large outbreaks and resurgences of COVID-19 cases 1-3 . The emergence of Delta in the UK occurred on the background of a heterogeneous landscape of immunity and relaxation of non-pharmaceutical intervention...,,,,sars-cov-2;sars-cov,,primary_research,candidate,relevant viral/host/pathway terms matched: virus,medium,older paper with relevant terms: virus,pending,
pmid-34981043,34981043,2021,Context-specific emergence and growth of the SARS-CoV-2 Delta variant.,The Delta variant of concern of SARS-CoV-2 has spread globally causing large outbreaks and resurgences of COVID-19 cases. The emergence of Delta in the UK occurred on the background of a heterogeneous landscape of immunity and relaxation of non-pharmaceutical interventions. He...,,,,sars-cov-2;sars-cov,,primary_research,candidate,relevant viral/host/pathway terms matched: virus,medium,older paper with relevant terms: virus,pending,
pmid-34911696,34911696,2021,Recovering from a pandemic: pulmonary fibrosis after SARS-CoV-2 infection.,"Acute manifestations of SARS-CoV-2 infection continue to impact the lives of many across the world. Post-acute sequelae of coronavirus disease 2019 (COVID-19) may affect 10-30% of survivors of COVID-19, and post-acute sequelae of COVID-19 (PASC)-pulmonary fibrosis is a long-te...",,,,sars-cov-2;sars-cov,transcriptomics,primary_research,unknown,no explicit cross-virus or strong viral host-mechanism terms matched,medium,older paper with relevant terms: coronavirus,pending,
pmid-34893512,34893512,2021,Toward a Paradigm to Distinguish Distinct Functions of FOXP3(+) Regulatory T Cells.,"FOXP3+ regulatory T (Treg) cells are a unique subset of CD4+ T cells that classically function as master regulators of immune homeostasis. Besides this canonical suppressive role, which is required to maintain self-tolerance, a growing body of literature has identified Treg ce...",,,,,,primary_research,unknown,no explicit cross-virus or strong viral host-mechanism terms matched,low,no strong literature-priority keywords matched,pending,
pmid-34835131,34835131,2021,Cross-Reactive Antibodies to SARS-CoV-2 and MERS-CoV in Pre-COVID-19 Blood Samples from Sierra Leoneans.,"Many countries in sub-Saharan Africa have experienced lower COVID-19 caseloads and fewer deaths than countries in other regions worldwide. Under-reporting of cases and a younger population could partly account for these differences, but pre-existing immunity to coronaviruses i...",CViSB,Kristian Andersen;Donald S Grant;Robert Garry,,sars-cov-2;sars-cov;mers-cov,,primary_research,unknown,no explicit cross-virus or strong viral host-mechanism terms matched,medium,older paper with relevant terms: coronavirus,pending,
pmid-34835041,34835041,2021,Epidemiological and Immunological Features of Obesity and SARS-CoV-2.,"Obesity is a key correlate of severe SARS-CoV-2 outcomes while the role of obesity on risk of SARS-CoV-2 infection, symptom phenotype, and immune response remain poorly defined. We examined data from a prospective SARS-CoV-2 cohort study to address these questions. Serostatus,...",,,,sars-cov-2;sars-cov;influenza,,primary_research,candidate,relevant viral/host/pathway terms matched: viral,medium,older paper with relevant terms: viral,pending,
pmid-34824251,34824251,2021,Functional convalescent plasma antibodies and pre-infusion titers shape the early severe COVID-19 immune response.,"Transfer of convalescent plasma (CP) had been proposed early during the SARS-CoV-2 pandemic as an accessible therapy, yet trial results worldwide have been mixed, potentially due to the heterogeneous nature of CP. Here we perform deep profiling of SARS-CoV-2-specific antibody...",,,,sars-cov-2;sars-cov;influenza,,data_or_analysis,unknown,no explicit cross-virus or strong viral host-mechanism terms matched,low,no strong literature-priority keywords matched,pending,
pmid-34812429,34812429,2021,Reduced antibody activity against SARS-CoV-2 B.1.617.2 delta virus in serum of mRNA-vaccinated individuals receiving tumor necrosis factor-α inhibitors.,"BACKGROUND: Although vaccines effectively prevent coronavirus disease 2019 (COVID-19) in healthy individuals, they appear to be less immunogenic in individuals with chronic inflammatory disease (CID) or receiving chronic immunosuppression therapy. METHODS: Here we assessed a c...",,,,sars-cov-2;sars-cov;influenza,,primary_research,candidate,relevant viral/host/pathway terms matched: virus,medium,"older paper with relevant terms: virus, coronavirus",pending,
pmid-34739850,34739850,2021,Selective functional antibody transfer into the breastmilk after SARS-CoV-2 infection.,"Antibody transfer via breastmilk represents an evolutionary strategy to boost immunity in early life. Although severe acute respiratory syndrome coronavirus 2 (SARS-CoV-2)-specific antibodies have been observed in the breastmilk, the functional quality of these antibodies rema...",,,,sars-cov-2;sars-cov;influenza,,primary_research,unknown,no explicit cross-virus or strong viral host-mechanism terms matched,medium,older paper with relevant terms: coronavirus,pending,
pmid-34729568,34729568,2021,Severity of Illness Caused by Severe Acute Respiratory Syndrome Coronavirus 2 Variants of Concern in Children: A Single-Center Retrospective Cohort Study.,"BACKGROUND: Recent surges in coronavirus 2019 disease (COVID-19) is attributed to the emergence of more transmissible severe acute respiratory syndrome coronavirus 2 (SARS-CoV-2) variants of concern (VOCs). However, the relative severity of SARS-CoV-2 VOCs in children is unkno...",,,,sars-cov-2;sars-cov,,data_or_analysis,candidate,relevant viral/host/pathway terms matched: viral,medium,"older paper with relevant terms: viral, coronavirus",pending,
pmid-34664987,34664987,2021,Maternal SARS-CoV-2 infection elicits sexually dimorphic placental immune responses.,There is a persistent bias toward higher prevalence and increased severity of coronavirus disease 2019 (COVID-19) in males. Underlying mechanisms accounting for this sex difference remain incompletely understood. Interferon responses have been implicated as a modulator of COVI...,,,,sars-cov-2;sars-cov,,primary_research,candidate,relevant viral/host/pathway terms matched: viral,medium,"older paper with relevant terms: viral, coronavirus",pending,
pmid-34664972,34664972,2021,"COVID-19 mRNA vaccines drive differential antibody Fc-functional profiles in pregnant, lactating, and nonpregnant women.","Substantial immunological changes occur throughout pregnancy to render the mother immunologically tolerant to the fetus and allow fetal growth. However, additional local and systemic immunological adaptations also occur, allowing the maternal immune system to continue to prote...",,,,sars-cov-2,,data_or_analysis,unknown,no explicit cross-virus or strong viral host-mechanism terms matched,medium,older paper with relevant terms: coronavirus,pending,
pmid-34652962,34652962,2021,Early cross-coronavirus reactive signatures of humoral immunity against COVID-19.,"The introduction of vaccines has inspired hope in the battle against SARS-CoV-2. However, the emergence of viral variants, in the absence of potent antivirals, has left the world struggling with the uncertain nature of this disease. Antibodies currently represent the strongest...",,,,sars-cov-2;sars-cov,,primary_research,candidate,relevant viral/host/pathway terms matched: viral,medium,"older paper with relevant terms: viral, coronavirus",pending,
pmid-34615350,34615350,2021,Biological Mitigation of Antibiotic Resistance Gene Dissemination by Antioxidant-Producing Microorganisms in Activated Sludge Systems.,Antibiotic resistance is the principal mechanism of an evergrowing bacterial threat. Antibiotic residues in the environment are a major contributor to the spread of antibiotic resistance genes (ARGs). Subinhibitory concentrations of antibiotics cause bacteria to produce reacti...,,,,,,data_or_analysis,candidate,relevant viral/host/pathway terms matched: pathway,medium,older paper with relevant terms: host,pending,
pmid-34578352,34578352,2021,Zika Virus Non-Structural Protein 1 Antigen-Capture Immunoassay.,"Infection with Zika virus (ZIKV), a member of the Flavivirus genus of the Flaviviridae family, typically results in mild self-limited illness, but severe neurological disease occurs in a limited subset of patients. In contrast, serious outcomes commonly occur in pregnancy that...",CViSB,Kristian Andersen;Robert Garry,,dengue;zika,,primary_research,candidate,relevant viral/host/pathway terms matched: virus,medium,"older paper with relevant terms: virus, flavivirus",pending,
pmid-34519526,34519526,2021,Genomic Features Associated with the Degree of Phenotypic Resistance to Carbapenems in Carbapenem-Resistant Klebsiella pneumoniae.,"Carbapenem-resistant Klebsiella pneumoniae strains cause severe infections that are difficult to treat. The production of carbapenemases such as the K. pneumoniae carbapenemase (KPC) is a common mechanism by which these strains resist killing by the carbapenems. However, the d...",SCRIPT,Alan Hauser,klebsiella_pneumoniae,influenza,,primary_research,unknown,no explicit cross-virus or strong viral host-mechanism terms matched,low,no strong literature-priority keywords matched,pending,
pmid-34508652,34508652,2021,Emergence of an early SARS-CoV-2 epidemic in the United States.,"The emergence of the COVID-19 epidemic in the United States (U.S.) went largely undetected due to inadequate testing. New Orleans experienced one of the earliest and fastest accelerating outbreaks, coinciding with Mardi Gras. To gain insight into the emergence of SARS-CoV-2 in...",CViSB,Robert Garry;Kristian Andersen,,sars-cov-2;sars-cov,,primary_research,unknown,no explicit cross-virus or strong viral host-mechanism terms matched,low,no strong literature-priority keywords matched,pending,
pmid-34494026,34494026,2021,Subtle immunological differences in mRNA-1273 and BNT162b2 COVID-19 vaccine induced Fc-functional profiles.,"The successful development of several COVID-19 vaccines has substantially reduced morbidity and mortality in regions of the world where the vaccines have been deployed. However, in the wake of the emergence of viral variants, able to evade vaccine induced neutralizing antibodi...",,,,sars-cov-2;sars-cov,,primary_research,candidate,relevant viral/host/pathway terms matched: viral,medium,older paper with relevant terms: viral,pending,
pmid-34485950,34485950,2021,Fab and Fc contribute to maximal protection against SARS-CoV-2 following NVX-CoV2373 subunit vaccine with Matrix-M vaccination.,"Recently approved vaccines have shown remarkable efficacy in limiting SARS-CoV-2-associated disease. However, with the variety of vaccines, immunization strategies, and waning antibody titers, defining the correlates of immunity across a spectrum of antibody titers is urgently...",,,,sars-cov-2;sars-cov,,primary_research,unknown,no explicit cross-virus or strong viral host-mechanism terms matched,low,no strong literature-priority keywords matched,pending,
pmid-34480864,34480864,2021,The origins of SARS-CoV-2: A critical review.,"Since the first reports of a novel severe acute respiratory syndrome (SARS)-like coronavirus in December 2019 in Wuhan, China, there has been intense interest in understanding how severe acute respiratory syndrome coronavirus 2 (SARS-CoV-2) emerged in the human population. Rec...",CViSB,Kristian Andersen;Robert Garry,,sars-cov-2;sars-cov,,review,unknown,no explicit cross-virus or strong viral host-mechanism terms matched,medium,older paper with relevant terms: coronavirus,pending,
pmid-34462754,34462754,2021,Global disparities in SARS-CoV-2 genomic surveillance.,"Genomic sequencing provides critical information to track the evolution and spread of SARS-CoV-2, optimize molecular tests, treatments and vaccines, and guide public health responses. To investigate the spatiotemporal heterogeneity in the global SARS-CoV-2 genomic surveillance...",,,,sars-cov-2;sars-cov,,data_or_analysis,unknown,no explicit cross-virus or strong viral host-mechanism terms matched,low,no strong literature-priority keywords matched,pending,
pmid-34446078,34446078,2021,Technology dictates algorithms: recent developments in read alignment.,"Aligning sequencing reads onto a reference is an essential step of the majority of genomic analysis pipelines. Computational algorithms for read alignment have evolved in accordance with technological advances, leading to today's diverse array of alignment methods. We provide...",,,,,,data_or_analysis,unknown,no explicit cross-virus or strong viral host-mechanism terms matched,low,no strong literature-priority keywords matched,pending,
pmid-34416262,34416262,2021,Screening Students and Staff for Asymptomatic Coronavirus Disease 2019 in Chicago Schools.,"OBJECTIVES: To assess rates of asymptomatic severe acute respiratory syndrome coronavirus-2 (SARS-CoV-2) positivity in K-8 schools with risk mitigation procedures in place, and to evaluate SARS-CoV-2 transmission in school and household contacts of these positive individuals....",,,,sars-cov-2;sars-cov,,primary_research,candidate,relevant viral/host/pathway terms matched: viral,medium,"older paper with relevant terms: viral, coronavirus",pending,
pmid-34409924,34409924,2021,Bacterial Superinfection Pneumonia in Patients Mechanically Ventilated for COVID-19 Pneumonia.,Rationale: Current guidelines recommend patients with severe acute respiratory syndrome coronavirus 2 (SARS-CoV-2) pneumonia receive empirical antibiotics for suspected bacterial superinfection on the basis of weak evidence. Rates of ventilator-associated pneumonia (VAP) in cl...,CViSB,Donald S Grant;Richard Wunderink,,sars-cov-2;sars-cov;influenza,,primary_research,unknown,no explicit cross-virus or strong viral host-mechanism terms matched,medium,older paper with relevant terms: coronavirus,pending,
pmid-34383901,34383901,2021,Intrapulmonary pharmacokinetic profile of cefiderocol in mechanically ventilated patients with pneumonia.,"OBJECTIVES: Lung penetration of cefiderocol, a novel siderophore cephalosporin approved for treatment of nosocomial pneumonia, has previously been evaluated in healthy subjects. This study assessed the intrapulmonary pharmacokinetic profile of cefiderocol at steady state in ho...",SCRIPT,Richard Wunderink,,influenza,,primary_research,unknown,no explicit cross-virus or strong viral host-mechanism terms matched,low,no strong literature-priority keywords matched,pending,
pmid-34380538,34380538,2021,"Ceftolozane/tazobactam versus meropenem in patients with ventilated hospital-acquired bacterial pneumonia: subset analysis of the ASPECT-NP randomized, controlled phase 3 trial.","BACKGROUND: Ceftolozane/tazobactam is approved for treatment of hospital-acquired/ventilator-associated bacterial pneumonia (HABP/VABP) at double the dose approved for other infection sites. Among nosocomial pneumonia subtypes, ventilated HABP (vHABP) is associated with the lo...",SCRIPT,Richard Wunderink,,,,primary_research,unknown,no explicit cross-virus or strong viral host-mechanism terms matched,low,no strong literature-priority keywords matched,pending,
pmid-34354329,34354329,2021,Scalable Bayesian inference for self-excitatory stochastic processes applied to big American gunfire data.,"The Hawkes process and its extensions effectively model self-excitatory phenomena including earthquakes, viral pandemics, financial transactions, neural spike trains and the spread of memes through social networks. The usefulness of these stochastic process models within a hos...",,,,,,primary_research,candidate,relevant viral/host/pathway terms matched: viral,medium,"older paper with relevant terms: viral, host",pending,
pmid-34304580,34304580,2021,Comparative First-Line Effectiveness and Safety of ACE (Angiotensin-Converting Enzyme) Inhibitors and Angiotensin Receptor Blockers: A Multinational Cohort Study.,[Figure: see text].,,,,,,primary_research,high,explicit cross-virus/shared-host language: comparative,low,no strong literature-priority keywords matched,pending,
pmid-34263736,34263736,2021,Distinctive features of severe SARS-CoV-2 pneumonia.,"The coronavirus disease 2019 (COVID-19) pandemic is among the most important public health crises of our generation. Despite the promise of prevention offered by effective vaccines, patients with severe COVID-19 will continue to populate hospitals and intensive care units for...",SCRIPT,Richard Wunderink,,sars-cov-2;sars-cov,,review,unknown,no explicit cross-virus or strong viral host-mechanism terms matched,medium,older paper with relevant terms: coronavirus,pending,
pmid-34261800,34261800,2021,Ebola vaccine-induced protection in nonhuman primates correlates with antibody specificity and Fc-mediated effects.,"Although substantial progress has been made with Ebola virus (EBOV) vaccine measures, the immune correlates of vaccine-mediated protection remain uncertain. Here, five mucosal vaccine vectors based on human and avian paramyxoviruses provided nonhuman primates with varying degr...",CViSB,Kristian Andersen,,,,primary_research,candidate,relevant viral/host/pathway terms matched: virus,medium,older paper with relevant terms: virus,pending,
pmid-34260615,34260615,2021,"Health seeking behavior after the 2013-16 Ebola epidemic: Lassa fever as a metric of persistent changes in Kenema District, Sierra Leone.","BACKGROUND: The West African Ebola epidemic of 2013-2016 killed nearly 4,000 Sierra Leoneans and devastated health infrastructure across West Africa. Changes in health seeking behavior (HSB) during the outbreak resulted in dramatic underreporting and substantial declines in ho...",CViSB,Robert Garry;Donald S Grant,,,,primary_research,unknown,no explicit cross-virus or strong viral host-mechanism terms matched,low,no strong literature-priority keywords matched,pending,
pmid-34201591,34201591,2021,Successful Clearance of 300 Day SARS-CoV-2 Infection in a Subject with B-Cell Depletion Associated Prolonged (B-DEAP) COVID by REGEN-COV Anti-Spike Monoclonal Antibody Cocktail.,"A 59-year-old male with follicular lymphoma treated by anti-CD20-mediated B-cell depletion and ablative chemotherapy was hospitalized with a COVID-19 infection. Although the patient did not develop specific humoral immunity, he had a mild clinical course overall. The failure o...",CViSB,Kristian Andersen;Robert Garry,,sars-cov-2;sars-cov,,primary_research,candidate,relevant viral/host/pathway terms matched: virus,medium,older paper with relevant terms: virus,pending,
pmid-34192736,34192736,2021,Untangling introductions and persistence in COVID-19 resurgence in Europe.,"After the first wave of SARS-CoV-2 infections in spring 2020, Europe experienced a resurgence of the virus starting in late summer 2020 that was deadlier and more difficult to contain1. Relaxed intervention measures and summer travel have been implicated as drivers of the seco...",,,,sars-cov-2;sars-cov,,primary_research,candidate,"relevant viral/host/pathway terms matched: virus, viral",medium,"older paper with relevant terms: virus, viral",pending,
pmid-34184912,34184912,2021,Mosaic Ends Tagmentation (METa) Assembly for Highly Efficient Construction of Functional Metagenomic Libraries.,"Functional metagenomic libraries, physical bacterial libraries which allow the high-throughput capture and expression of microbiome genes, have been instrumental in the sequence-naive and cultivation-independent exploration of metagenomes. However, preparation of these librari...",,,,,,methods,unknown,no explicit cross-virus or strong viral host-mechanism terms matched,medium,older paper with relevant terms: host,pending,
pmid-34152820,34152820,2021,Generating Genotype-Specific Aminoglycoside Combinations with Ceftazidime/Avibactam for KPC-Producing Klebsiella pneumoniae.,"Antibiotic combinations, including ceftazidime/avibactam (CAZ/AVI), are frequently employed to combat KPC-producing Klebsiella pneumoniae (KPC-Kp), though such combinations have not been rationally optimized. Clinical KPC-Kp isolates with common genes encoding aminoglycoside-m...",SCRIPT,Alan Hauser,klebsiella_pneumoniae,,,primary_research,unknown,no explicit cross-virus or strong viral host-mechanism terms matched,low,no strong literature-priority keywords matched,pending,
pmid-34079946,34079946,2021,"Timing of Intubation in Coronavirus Disease 2019: A Study of Ventilator Mechanics, Imaging, Findings, and Outcomes.",OBJECTIVES: Determine the variation in outcomes and respiratory mechanics between the subjects who are intubated earlier versus later in their coronavirus disease 2019 course. DESIGN: Retrospective cohort study. SETTING: Northwestern Memorial Hospital ICUs. PATIENTS: All patie...,,,,sars-cov-2,,review,unknown,no explicit cross-virus or strong viral host-mechanism terms matched,medium,older paper with relevant terms: coronavirus,pending,
pmid-34031078,34031078,2021,First report of Pseudomonas nitroreducens cultured from the lungs of a patient with pneumonia.,A man in his 50s with neutropenic fever and multifocal lung opacities was diagnosed with a viral pneumonia. A small number of bacteria grown from bronchoalveolar lavage fluid collected during a repeat bronchoscopy were initially identified as Pseudomonas aeruginosa by VITEK-2...,SCRIPT,Richard Wunderink;Alan Hauser,pseudomonas_aeruginosa,influenza,proteomics,data_or_analysis,candidate,relevant viral/host/pathway terms matched: viral,medium,older paper with relevant terms: viral,pending,
pmid-34013263,34013263,2021,Early cross-coronavirus reactive signatures of protective humoral immunity against COVID-19.,"The introduction of vaccines has inspired new hope in the battle against SARS-CoV-2. However, the emergence of viral variants, in the absence of potent antivirals, has left the world struggling with the uncertain nature of this disease. Antibodies currently represent the stron...",,,,sars-cov-2;sars-cov,,primary_research,candidate,relevant viral/host/pathway terms matched: viral,medium,"older paper with relevant terms: viral, coronavirus",pending,
pmid-33982098,33982098,2021,Expanded Analysis of 20 Pneumococcal Serotypes Associated With Radiographically Confirmed Community-acquired Pneumonia in Hospitalized US Adults.,"BACKGROUND: Streptococcus pneumoniae is a causative agent of community-acquired pneumonia (CAP). The 13-valent pneumococcal conjugate vaccine (PCV13) has significantly decreased the burden of PCV13-serotype pneumococcal disease; however, disease from nonvaccine serotypes remai...",CViSB,Donald S Grant;Richard Wunderink,,,,primary_research,unknown,no explicit cross-virus or strong viral host-mechanism terms matched,low,no strong literature-priority keywords matched,pending,
pmid-33972447,33972447,2021,Resetting proteostasis with ISRIB promotes epithelial differentiation to attenuate pulmonary fibrosis.,"Pulmonary fibrosis is a relentlessly progressive and often fatal disease with a paucity of available therapies. Genetic evidence implicates disordered epithelial repair, which is normally achieved by the differentiation of small cuboidal alveolar type 2 (AT2) cells into large,...",CViSB,Donald S Grant,,,,primary_research,unknown,no explicit cross-virus or strong viral host-mechanism terms matched,low,no strong literature-priority keywords matched,pending,
pmid-33929301,33929301,2021,Nucleic Acid-based Testing for Noninfluenza Viral Pathogens in Adults with Suspected Community-acquired Pneumonia. An Official American Thoracic Society Clinical Practice Guideline.,Background: This document provides evidence-based clinical practice guidelines on the diagnostic utility of nucleic acid-based testing of respiratory samples for viral pathogens other than influenza in adults with suspected community-acquired pneumonia (CAP).Methods: A multidi...,SCRIPT,Richard Wunderink,,sars-cov-2;sars-cov;influenza,,review,candidate,relevant viral/host/pathway terms matched: viral,medium,"older paper with relevant terms: viral, coronavirus",pending,
pmid-33905777,33905777,2021,Comprehensive evaluation of bronchoalveolar lavage from patients with severe COVID-19 and correlation with clinical outcomes.,"Information on bronchoalveolar lavage (BAL) in patients with COVID-19 is limited, and clinical correlation has not been reported. This study investigated the key features of BAL fluids from COVID-19 patients and assessed their clinical significance. A total of 320 BAL samples...",SCRIPT,Richard Wunderink,,sars-cov-2;sars-cov;influenza,,primary_research,candidate,relevant viral/host/pathway terms matched: viral,medium,older paper with relevant terms: viral,pending,
pmid-33880483,33880483,2021,Coincident rapid expansion of two SARS-CoV-2 lineages with enhanced infectivity in Nigeria.,The emergence of new SARS-CoV-2 variants with enhanced transmissibility or decreased susceptibility to immune responses is a major threat to global efforts to end the coronavirus disease 2019 (COVID-19) pandemic. Disparities in viral genomic surveillance capabilities and effor...,,,,sars-cov-2;sars-cov,,primary_research,candidate,"relevant viral/host/pathway terms matched: virus, viral",medium,"older paper with relevant terms: virus, viral, coronavirus",pending,
pmid-33875439,33875439,2021,Characterizing Risk Factors for Clostridioides difficile Infection among Hospitalized Patients with Community-Acquired Pneumonia.,"Hospitalized patients with community-acquired pneumonia (CAP) are at risk of developing Clostridioides difficile infection (CDI). We developed and tested clinical decision rules for identifying CDI risk in this patient population. The study was a single-center retrospective, c...",SCRIPT,Richard Wunderink,clostridioides_difficile,,,primary_research,high,explicit cross-virus/shared-host language: broad-spectrum,medium,older paper with relevant terms: pathogen,pending,
pmid-33861950,33861950,2021,Emergence and rapid transmission of SARS-CoV-2 B.1.1.7 in the United States.,"The highly transmissible B.1.1.7 variant of SARS-CoV-2, first identified in the United Kingdom, has gained a foothold across the world. Using S gene target failure (SGTF) and SARS-CoV-2 genomic sequencing, we investigated the prevalence and dynamics of this variant in the Unit...",CViSB,Kristian Andersen,,sars-cov-2;sars-cov,,data_or_analysis,unknown,no explicit cross-virus or strong viral host-mechanism terms matched,low,no strong literature-priority keywords matched,pending,
pmid-33853970,33853970,2021,"Genomics and epidemiology of the P.1 SARS-CoV-2 lineage in Manaus, Brazil.","Cases of severe acute respiratory syndrome coronavirus 2 (SARS-CoV-2) infection in Manaus, Brazil, resurged in late 2020 despite previously high levels of infection. Genome sequencing of viruses sampled in Manaus between November 2020 and January 2021 revealed the emergence an...",,,,sars-cov-2;sars-cov,,data_or_analysis,unknown,no explicit cross-virus or strong viral host-mechanism terms matched,medium,older paper with relevant terms: coronavirus,pending,
pmid-33852858,33852858,2021,Cellular mRNA triggers structural transformation of Ebola virus matrix protein VP40 to its essential regulatory form.,"The Ebola virus matrix protein VP40 forms distinct structures linked to distinct functions in the virus life cycle. Dimeric VP40 is a structural protein associated with virus assembly, while octameric, ring-shaped VP40 is associated with transcriptional control. In this study,...",CViSB,Kristian Andersen,,,proteomics,data_or_analysis,candidate,"relevant viral/host/pathway terms matched: virus, host factor",medium,"older paper with relevant terms: virus, host, host factor",pending,
pmid-33852832,33852832,2021,A Fc engineering approach to define functional humoral correlates of immunity against Ebola virus.,"Protective Ebola virus (EBOV) antibodies have neutralizing activity and induction of antibody constant domain (Fc)-mediated innate immune effector functions. Efforts to enhance Fc effector functionality often focus on maximizing antibody-dependent cellular cytotoxicity, yet di...",CViSB,Kristian Andersen;Donald S Grant;Robert Garry,,,,primary_research,candidate,relevant viral/host/pathway terms matched: virus,medium,older paper with relevant terms: virus,pending,
pmid-33846610,33846610,2021,"Integration of genomic sequencing into the response to the Ebola virus outbreak in Nord Kivu, Democratic Republic of the Congo.","On 1 August 2018, the Democratic Republic of the Congo (DRC) declared its tenth Ebola virus disease (EVD) outbreak. To aid the epidemiologic response, the Institut National de Recherche Biomédicale (INRB) implemented an end-to-end genomic surveillance system, including sequenc...",CViSB,Kristian Andersen,,,,data_or_analysis,candidate,relevant viral/host/pathway terms matched: virus,medium,older paper with relevant terms: virus,pending,
pmid-33836121,33836121,2021,Bayesian Phylogeographic Analysis Incorporating Predictors and Individual Travel Histories in BEAST.,"Advances in sequencing technologies have tremendously reduced the time and costs associated with sequence generation, making genomic data an important asset for routine public health practices. Within this context, phylogenetic and phylogeographic inference has become a popula...",,,,sars-cov-2;sars-cov,,methods,unknown,no explicit cross-virus or strong viral host-mechanism terms matched,medium,older paper with relevant terms: pathogen,pending,
pmid-33835905,33835905,2021,Update in COVID-19 2020.,,,,,sars-cov-2,,primary_research,unknown,no explicit cross-virus or strong viral host-mechanism terms matched,low,no strong literature-priority keywords matched,pending,
pmid-33811829,33811829,2021,Early outcomes after lung transplantation for severe COVID-19: a series of the first consecutive cases from four countries.,"BACKGROUND: Lung transplantation is a life-saving treatment for patients with end-stage lung disease; however, it is infrequently considered for patients with acute respiratory distress syndrome (ARDS) attributable to infectious causes. We aimed to describe the course of disea...",,,,sars-cov-2;sars-cov,,primary_research,unknown,no explicit cross-virus or strong viral host-mechanism terms matched,low,no strong literature-priority keywords matched,pending,
pmid-33789012,33789012,2021,Ebola Virus Transmission Initiated by Relapse of Systemic Ebola Virus Disease.,"During the 2018-2020 Ebola virus disease (EVD) outbreak in North Kivu province in the Democratic Republic of Congo, EVD was diagnosed in a patient who had received the recombinant vesicular stomatitis virus-based vaccine expressing a ZEBOV glycoprotein (rVSV-ZEBOV) (Merck). Hi...",CViSB,Kristian Andersen,,,,primary_research,candidate,relevant viral/host/pathway terms matched: virus,medium,older paper with relevant terms: virus,pending,
pmid-33780443,33780443,2021,Pandemic velocity: Forecasting COVID-19 in the US with a machine learning & Bayesian time series compartmental model.,"Predictions of COVID-19 case growth and mortality are critical to the decisions of political leaders, businesses, and individuals grappling with the pandemic. This predictive task is challenging due to the novelty of the virus, limited data, and dynamic political and societal...",,,,sars-cov-2,clinical_modeling,primary_research,candidate,relevant viral/host/pathway terms matched: virus,medium,older paper with relevant terms: virus,pending,
pmid-33775692,33775692,2021,Coronavirus disease 2019 vaccine response in pregnant and lactating women: a cohort study.,"BACKGROUND: Pregnant and lactating women were excluded from initial coronavirus disease 2019 vaccine trials; thus, data to guide vaccine decision making are lacking. OBJECTIVE: This study aimed to evaluate the immunogenicity and reactogenicity of coronavirus disease 2019 messe...",,,,sars-cov-2,,primary_research,unknown,no explicit cross-virus or strong viral host-mechanism terms matched,medium,older paper with relevant terms: coronavirus,pending,
pmid-33758875,33758875,2021,Functional Antibodies in COVID-19 Convalescent Plasma.,"In the absence of an effective vaccine or monoclonal therapeutic, transfer of convalescent plasma (CCP) was proposed early in the SARS-CoV-2 pandemic as an easily accessible therapy. However, despite the global excitement around this historically valuable therapeutic approach,...",,,,sars-cov-2;sars-cov;influenza,,data_or_analysis,unknown,no explicit cross-virus or strong viral host-mechanism terms matched,low,no strong literature-priority keywords matched,pending,
pmid-33747038,33747038,2021,Toward Accurate and Robust Environmental Surveillance Using Metagenomics.,"Environmental surveillance is a critical tool for combatting public health threats represented by the global COVID-19 pandemic and the continuous increase of antibiotic resistance in pathogens. With its power to detect entire microbial communities, metagenomics-based methods s...",,,,sars-cov-2,,review,unknown,no explicit cross-virus or strong viral host-mechanism terms matched,low,no strong literature-priority keywords matched,pending,
pmid-33727399,33727399,2021,"EMPress Enables Tree-Guided, Interactive, and Exploratory Analyses of Multi-omic Data Sets.","Standard workflows for analyzing microbiomes often include the creation and curation of phylogenetic trees. Here we present EMPress, an interactive web tool for visualizing trees in the context of microbiome, metabolome, and other community data scalable to trees with well ove...",CViSB,Kristian Andersen,,,metabolomics,data_or_analysis,unknown,no explicit cross-virus or strong viral host-mechanism terms matched,low,no strong literature-priority keywords matched,pending,
pmid-33720350,33720350,2021,"A Phase 3, Randomized, Double-Blind Study Comparing Tedizolid Phosphate and Linezolid for Treatment of Ventilated Gram-Positive Hospital-Acquired or Ventilator-Associated Bacterial Pneumonia.",BACKGROUND: Hospital-acquired bacterial pneumonia (HABP) and ventilator-associated bacterial pneumonia (VABP) are associated with high mortality rates. We evaluated the efficacy and safety of tedizolid (administered as tedizolid phosphate) for treatment of gram-positive ventil...,SCRIPT,Richard Wunderink,staphylococcus_aureus,,,primary_research,unknown,no explicit cross-virus or strong viral host-mechanism terms matched,low,no strong literature-priority keywords matched,pending,
pmid-33688664,33688664,2021,"Genomics and epidemiology of a novel SARS-CoV-2 lineage in Manaus, Brazil.","Cases of SARS-CoV-2 infection in Manaus, Brazil, resurged in late 2020, despite high levels of previous infection there. Through genome sequencing of viruses sampled in Manaus between November 2020 and January 2021, we identified the emergence and circulation of a novel SARS-C...",,,,sars-cov-2;sars-cov,,data_or_analysis,unknown,no explicit cross-virus or strong viral host-mechanism terms matched,low,no strong literature-priority keywords matched,pending,
pmid-33655275,33655275,2021,Outcomes of Percutaneous Tracheostomy for Patients with SARS-CoV-2 Respiratory Failure.,BACKGROUND: SARS-CoV-2 can cause severe respiratory failure leading to prolonged mechanical ventilation. Data are just emerging about the practice and outcomes of tracheostomy in these patients. We reviewed our experience with tracheostomies for SARS-CoV-2 at our tertiary-care...,SCRIPT,Richard Wunderink,,sars-cov-2;sars-cov,,primary_research,unknown,no explicit cross-virus or strong viral host-mechanism terms matched,low,no strong literature-priority keywords matched,pending,
pmid-33654293,33654293,2021,Single-cell meta-analysis of SARS-CoV-2 entry genes across tissues and demographics.,"Angiotensin-converting enzyme 2 (ACE2) and accessory proteases (TMPRSS2 and CTSL) are needed for severe acute respiratory syndrome coronavirus 2 (SARS-CoV-2) cellular entry, and their expression may shed light on viral tropism and impact across the body. We assessed the cell-t...",,,,sars-cov-2;sars-cov,transcriptomics,data_or_analysis,candidate,relevant viral/host/pathway terms matched: viral,medium,"older paper with relevant terms: viral, coronavirus",pending,
pmid-33619473,33619473,2021,Collaboration between the Fab and Fc contribute to maximal protection against SARS-CoV-2 following NVX-CoV2373 subunit vaccine with Matrix-M™ vaccination.,"Recently approved vaccines have already shown remarkable protection in limiting SARS-CoV-2 associated disease. However, immunologic mechanism(s) of protection, as well as how boosting alters immunity to wildtype and newly emerging strains, remain incompletely understood. Here...",,,,sars-cov-2;sars-cov,,primary_research,unknown,no explicit cross-virus or strong viral host-mechanism terms matched,low,no strong literature-priority keywords matched,pending,
pmid-33600379,33600379,2021,Aging imparts cell-autonomous dysfunction to regulatory T cells during recovery from influenza pneumonia.,"Regulatory T (Treg) cells orchestrate resolution and repair of acute lung inflammation and injury after viral pneumonia. Compared with younger patients, older individuals experience impaired recovery and worse clinical outcomes after severe viral infections, including influenz...",,,,sars-cov-2;sars-cov;influenza,epigenomics,data_or_analysis,candidate,relevant viral/host/pathway terms matched: viral,medium,"older paper with relevant terms: viral, coronavirus",pending,
pmid-33594355,33594355,2021,SARS-CoV-2 European resurgence foretold: interplay of introductions and persistence by leveraging genomic and mobility data.,"Following the first wave of SARS-CoV-2 infections in spring 2020, Europe experienced a resurgence of the virus starting late summer that was deadlier and more difficult to contain. Relaxed intervention measures and summer travel have been implicated as drivers of the second wa...",,,,sars-cov-2;sars-cov,,primary_research,candidate,relevant viral/host/pathway terms matched: virus,medium,older paper with relevant terms: virus,pending,
pmid-33589825,33589825,2021,Humoral signatures of protective and pathological SARS-CoV-2 infection in children.,"The severe acute respiratory syndrome coronavirus 2 (SARS-CoV-2) pandemic continues to spread relentlessly, associated with a high frequency of respiratory failure and mortality. Children experience largely asymptomatic disease, with rare reports of multisystem inflammatory sy...",,,,sars-cov-2;sars-cov,,primary_research,unknown,no explicit cross-virus or strong viral host-mechanism terms matched,medium,older paper with relevant terms: coronavirus,pending,
pmid-33589636,33589636,2021,Discrete SARS-CoV-2 antibody titers track with functional humoral stability.,"Antibodies serve as biomarkers of infection, but if sustained can confer long-term immunity. Yet, for most clinically approved vaccines, binding antibody titers only serve as a surrogate of protection. Instead, the ability of vaccine induced antibodies to neutralize or mediate...",,,,sars-cov-2;sars-cov,,primary_research,unknown,no explicit cross-virus or strong viral host-mechanism terms matched,medium,older paper with relevant terms: pathogen,pending,
pmid-33586677,33586677,2021,The lung microenvironment shapes a dysfunctional response of alveolar macrophages in aging.,Alveolar macrophages orchestrate the response to viral infections. Age-related changes in these cells may underlie the differential severity of pneumonia in older patients. We performed an integrated analysis of single-cell RNA-Seq data that revealed homogenous age-related cha...,,,,influenza,transcriptomics,primary_research,candidate,relevant viral/host/pathway terms matched: viral,medium,older paper with relevant terms: viral,pending,
pmid-33564781,33564781,2021,Emergence of an early SARS-CoV-2 epidemic in the United States.,"The emergence of the early COVID-19 epidemic in the United States (U.S.) went largely undetected, due to a lack of adequate testing and mitigation efforts. The city of New Orleans, Louisiana experienced one of the earliest and fastest accelerating outbreaks, coinciding with th...",CViSB,Robert Garry;Kristian Andersen,,sars-cov-2;sars-cov,,primary_research,unknown,no explicit cross-virus or strong viral host-mechanism terms matched,low,no strong literature-priority keywords matched,pending,
pmid-33564780,33564780,2021,Genomic epidemiology identifies emergence and rapid transmission of SARS-CoV-2 B.1.1.7 in the United States.,"As of January of 2021, the highly transmissible B.1.1.7 variant of SARS-CoV-2, which was first identified in the United Kingdom (U.K.), has gained a strong foothold across the world. Because of the sudden and rapid rise of B.1.1.7, we investigated the prevalence and growth dyn...",CViSB,Kristian Andersen,,sars-cov-2;sars-cov,,primary_research,unknown,no explicit cross-virus or strong viral host-mechanism terms matched,low,no strong literature-priority keywords matched,pending,
pmid-33564763,33564763,2021,Collaboration between the Fab and Fc contribute to maximal protection against SARS-CoV-2 in nonhuman primates following NVX-CoV2373 subunit vaccine with Matrix-M™ vaccination.,"UNLABELLED: Recently approved vaccines have already shown remarkable protection in limiting SARS-CoV-2 associated disease. However, immunologic mechanism(s) of protection, as well as how boosting alters immunity to wildtype and newly emerging strains, remain incompletely under...",,,,sars-cov-2;sars-cov,,primary_research,candidate,relevant viral/host/pathway terms matched: virus,medium,older paper with relevant terms: virus,pending,
pmid-33532801,33532801,2021,Immune response to SARS-CoV-2 in the nasal mucosa in children and adults.,"RATIONALE: Despite similar viral load and infectivity rates between children and adults infected with SARS-CoV-2, children rarely develop severe illness. Differences in the host response to the virus at the primary infection site are among the proposed mechanisms. OBJECTIVES:...",,,,sars-cov-2;sars-cov;influenza;rsv,,primary_research,candidate,"relevant viral/host/pathway terms matched: virus, viral",medium,"older paper with relevant terms: virus, viral, host",pending,
pmid-33528560,33528560,2021,"Relax, Keep Walking - A Practical Guide to Continuous Phylogeographic Inference with BEAST.",Spatially explicit phylogeographic analyses can be performed with an inference framework that employs relaxed random walks to reconstruct phylogenetic dispersal histories in continuous space. This core model was first implemented 10 years ago and has opened up new opportunitie...,,,,,,data_or_analysis,unknown,no explicit cross-virus or strong viral host-mechanism terms matched,low,no strong literature-priority keywords matched,pending,
pmid-33523968,33523968,2021,Critical role of synovial tissue-resident macrophage niche in joint homeostasis and suppression of chronic inflammation.,"Little is known about the mechanisms regulating the transition of circulating monocytes into pro- or anti-inflammatory macrophages in chronic inflammation. Here, we took advantage of our novel mouse model of rheumatoid arthritis, in which Flip is deleted under the control of a...",,,,influenza,,primary_research,unknown,no explicit cross-virus or strong viral host-mechanism terms matched,low,no strong literature-priority keywords matched,pending,
pmid-33517926,33517926,2021,Association between a rapid diagnostic test to detect methicillin-resistant Staphylococcus Aureus pneumonia and decreased vancomycin use in a medical intensive care unit over a 30-month period.,"Vancomycin overuse is common, yet few data are available regarding how to improve stewardship of this antibiotic. We identify an association between use of a PCR assay to rule out MRSA pneumonia and a significant, sustained decrease in average vancomycin days of therapy over a...",SCRIPT,Richard Wunderink,staphylococcus_aureus,,,primary_research,unknown,no explicit cross-virus or strong viral host-mechanism terms matched,low,no strong literature-priority keywords matched,pending,
pmid-33483311,33483311,2021,Triclosan Tolerance Is Driven by a Conserved Mechanism in Diverse Pseudomonas Species.,"Perturbation of natural microbial communities by antimicrobials, such as triclosan, can result in selection for antibiotic tolerance, which is of particular concern when pathogens are present. Members of the genus Pseudomonas are found in many natural microbial communities and...",,,pseudomonas_aeruginosa,influenza,,primary_research,unknown,no explicit cross-virus or strong viral host-mechanism terms matched,medium,older paper with relevant terms: pathogen,pending,
pmid-33478576,33478576,2021,Whole microbial community viability is not quantitatively reflected by propidium monoazide sequencing approach.,"BACKGROUND: High-throughput sequencing provides a powerful window into the structural and functional profiling of microbial communities, but it is unable to characterize only the viable portion of microbial communities at scale. There is as yet not one best solution to this pr...",,,,,,data_or_analysis,unknown,no explicit cross-virus or strong viral host-mechanism terms matched,low,no strong literature-priority keywords matched,pending,
pmid-33476549,33476549,2021,Compromised SARS-CoV-2-specific placental antibody transfer.,SARS-CoV-2 infection causes more severe disease in pregnant women compared to age-matched non-pregnant women. Whether maternal infection causes changes in the transfer of immunity to infants remains unclear. Maternal infections have previously been associated with compromised...,,,,sars-cov-2;sars-cov;influenza,,primary_research,unknown,no explicit cross-virus or strong viral host-mechanism terms matched,low,no strong literature-priority keywords matched,pending,
pmid-33469593,33469593,2021,Bacterial superinfection pneumonia in SARS-CoV-2 respiratory failure.,"BACKGROUND: Severe community-acquired pneumonia secondary to SARS-CoV-2 is a leading cause of death. Current guidelines recommend patients with SARS-CoV-2 pneumonia receive empirical antibiotic therapy for suspected bacterial superinfection, but little evidence supports these...",CViSB,Donald S Grant;Richard Wunderink,staphylococcus_aureus,sars-cov-2;sars-cov,,primary_research,unknown,no explicit cross-virus or strong viral host-mechanism terms matched,medium,older paper with relevant terms: pathogen,pending,
pmid-33455849,33455849,2021,Forest and Trees: Exploring Bacterial Virulence with Genome-wide Association Studies and Machine Learning.,The advent of inexpensive and rapid sequencing technologies has allowed bacterial whole-genome sequences to be generated at an unprecedented pace. This wealth of information has revealed an unanticipated degree of strain-to-strain genetic diversity within many bacterial specie...,SCRIPT,Alan Hauser,,,,review,high,explicit cross-virus/shared-host language: comparative,low,no strong literature-priority keywords matched,pending,
pmid-33448892,33448892,2021,Bronchoscopy on Intubated Patients with COVID-19 Is Associated with Low Infectious Risk to Operators.,,SCRIPT,Richard Wunderink,,sars-cov-2,,primary_research,unknown,no explicit cross-virus or strong viral host-mechanism terms matched,low,no strong literature-priority keywords matched,pending,
pmid-33429418,33429418,2021,Circuits between infected macrophages and T cells in SARS-CoV-2 pneumonia.,Some patients infected with severe acute respiratory syndrome coronavirus 2 (SARS-CoV-2) develop severe pneumonia and acute respiratory distress syndrome1 (ARDS). Distinct clinical features in these patients have led to speculation that the immune response to virus in the SARS...,CViSB,Donald S Grant;Richard Wunderink,,sars-cov-2;sars-cov;influenza,transcriptomics,data_or_analysis,candidate,relevant viral/host/pathway terms matched: virus,medium,"older paper with relevant terms: virus, coronavirus",pending,
pmid-33427208,33427208,2021,Dissecting strategies to tune the therapeutic potential of SARS-CoV-2-specific monoclonal antibody CR3022.,"The rapid spread of severe acute respiratory syndrome coronavirus 2 (SARS-CoV-2), coupled with a lack of therapeutics, has paralyzed the globe. Although significant effort has been invested in identifying antibodies that block infection, the ability of antibodies to target inf...",UCLA-Persistent-BSI,Melissa Johnson,,sars-cov-2;sars-cov,,primary_research,candidate,"relevant viral/host/pathway terms matched: virus, viral",medium,"older paper with relevant terms: virus, viral, coronavirus",pending,
pmid-33411796,33411796,2021,Transcriptional profiling of pediatric cholestatic livers identifies three distinct macrophage populations.,BACKGROUND & AIMS: Limited understanding of the role for specific macrophage subsets in the pathogenesis of cholestatic liver injury is a barrier to advancing medical therapy. Macrophages have previously been implicated in both the mal-adaptive and protective responses in obst...,,,,influenza,transcriptomics,data_or_analysis,unknown,no explicit cross-virus or strong viral host-mechanism terms matched,low,no strong literature-priority keywords matched,pending,
pmid-33328178,33328178,2021,Multicenter Evaluation of the Unyvero Platform for Testing Bronchoalveolar Lavage Fluid.,"Bronchoalveolar lavage (BAL) culture is a standard, though time-consuming, approach for identifying microorganisms in patients with severe lower respiratory tract (LRT) infections. The sensitivity of BAL culture is relatively low, and prior antimicrobial therapy decreases the...",SCRIPT,Richard Wunderink,,influenza;hiv,,primary_research,unknown,no explicit cross-virus or strong viral host-mechanism terms matched,low,no strong literature-priority keywords matched,pending,
pmid-33326561,33326561,2021,Optimizing aminoglycoside selection for KPC-producing Klebsiella pneumoniae with the aminoglycoside-modifying enzyme (AME) gene aac(6')-Ib.,"OBJECTIVES: KPC-producing Klebsiella pneumoniae (KPC-Kp) isolates commonly co-harbour the aminoglycoside-modifying enzyme (AME) gene aac(6')-Ib, which encodes an AME that can confer resistance to some of the commercially available aminoglycosides. We sought to determine the in...",SCRIPT,Alan Hauser,klebsiella_pneumoniae,influenza,,primary_research,unknown,no explicit cross-virus or strong viral host-mechanism terms matched,low,no strong literature-priority keywords matched,pending,
pmid-33168615,33168615,2021,Pharmacokinetic and Pharmacodynamic Profiling of Minocycline for Injection following a Single Infusion in Critically Ill Adults in a Phase IV Open-Label Multicenter Study (ACUMIN).,"Intravenous (i.v.) minocycline is increasingly used to treat infections caused by multidrug-resistant (MDR) Acinetobacter baumannii Despite its being approved nearly 50 years ago, published information on its pharmacokinetic (PK) profile is limited. This multicenter study exam...",SCRIPT,Richard Wunderink,,,,data_or_analysis,unknown,no explicit cross-virus or strong viral host-mechanism terms matched,low,no strong literature-priority keywords matched,pending,
pmid-33125256,33125256,2021,Comparing Nasopharyngeal and BAL SARS-CoV-2 Assays in Respiratory Failure.,,SCRIPT,Richard Wunderink,,sars-cov-2;sars-cov,,primary_research,unknown,no explicit cross-virus or strong viral host-mechanism terms matched,low,no strong literature-priority keywords matched,pending,
pmid-32785589,32785589,2021,"A Randomized, Double-blind, Multicenter Trial Comparing Efficacy and Safety of Imipenem/Cilastatin/Relebactam Versus Piperacillin/Tazobactam in Adults With Hospital-acquired or Ventilator-associated Bacterial Pneumonia (RESTORE-IMI 2 Study).","BACKGROUND: Imipenem combined with the β-lactamase inhibitor relebactam has broad antibacterial activity, including against carbapenem-resistant gram-negative pathogens. We evaluated efficacy and safety of imipenem/cilastatin/relebactam in treating hospital-acquired/ventilator...",SCRIPT,Richard Wunderink,pseudomonas_aeruginosa;klebsiella_pneumoniae,,,primary_research,unknown,no explicit cross-virus or strong viral host-mechanism terms matched,low,no strong literature-priority keywords matched,pending,
pmid-32687171,32687171,2021,Relaxed Random Walks at Scale.,Relaxed random walk (RRW) models of trait evolution introduce branch-specific rate multipliers to modulate the variance of a standard Brownian diffusion process along a phylogeny and more accurately model overdispersed biological data. Increased taxonomic sampling challenges i...,,,,,,methods,candidate,relevant viral/host/pathway terms matched: virus,medium,older paper with relevant terms: virus,pending,
pmid-32415977,32415977,2021,Markov-Modulated Continuous-Time Markov Chains to Identify Site- and Branch-Specific Evolutionary Variation in BEAST.,Markov models of character substitution on phylogenies form the foundation of phylogenetic inference frameworks. Early models made the simplifying assumption that the substitution process is homogeneous over time and across sites in the molecular sequence alignment. While stan...,,,,,,primary_research,candidate,relevant viral/host/pathway terms matched: viral,medium,older paper with relevant terms: viral,pending,
pmid-34013276,34013276,2020,Alveolitis in severe SARS-CoV-2 pneumonia is driven by self-sustaining circuits between infected alveolar macrophages and T cells.,UNLABELLED: Some patients infected with Severe Acute Respiratory Syndrome Coronavirus-2 (SARS-CoV-2) develop severe pneumonia and the acute respiratory distress syndrome (ARDS) [1]. Distinct clinical features in these patients have led to speculation that the immune response t...,CViSB,Donald S Grant;Richard Wunderink,,sars-cov-2;sars-cov;influenza,transcriptomics,data_or_analysis,candidate,relevant viral/host/pathway terms matched: virus,medium,"older paper with relevant terms: virus, coronavirus",pending,
pmid-33257409,33257409,2020,Lung transplantation for patients with severe COVID-19.,"Lung transplantation can potentially be a life-saving treatment for patients with nonresolving COVID-19-associated respiratory failure. Concerns limiting lung transplantation include recurrence of SARS-CoV-2 infection in the allograft, technical challenges imposed by viral-med...",,,,sars-cov-2;sars-cov;influenza,transcriptomics,data_or_analysis,candidate,relevant viral/host/pathway terms matched: viral,medium,older paper with relevant terms: viral,pending,
pmid-33243278,33243278,2020,Elevated L-threonine is a biomarker for Lassa fever and Ebola.,BACKGROUND: Lassa fever and Ebola are characterized by non-specific initial presentations that can progress to severe multisystem illnesses with high fatality rates. Samples from additional subjects are examined to extend and corroborate biomarkers with prognostic value for th...,CViSB,Robert Garry;Donald S Grant,,,proteomics;metabolomics,primary_research,candidate,"relevant viral/host/pathway terms matched: virus, viral",medium,"older paper with relevant terms: virus, viral",pending,
pmid-33231169,33231169,2020,COVID-19 research risks ignoring important host genes due to pre-established research patterns.,"It is known that research into human genes is heavily skewed towards genes that have been widely studied for decades, including many genes that were being studied before the productive phase of the Human Genome Project. This means that the genes most frequently investigated by...",,,,sars-cov-2;sars-cov,,primary_research,unknown,no explicit cross-virus or strong viral host-mechanism terms matched,medium,older paper with relevant terms: host,pending,
pmid-33207184,33207184,2020,Compromised Humoral Functional Evolution Tracks with SARS-CoV-2 Mortality.,"The urgent need for an effective SARS-CoV-2 vaccine has forced development to progress in the absence of well-defined correlates of immunity. While neutralization has been linked to protection against other pathogens, whether neutralization alone will be sufficient to drive pr...",SCRIPT,Alan Hauser,,sars-cov-2;sars-cov,,primary_research,unknown,no explicit cross-virus or strong viral host-mechanism terms matched,low,no strong literature-priority keywords matched,pending,
pmid-33200139,33200139,2020,Epidemiological and immunological features of obesity and SARS-CoV-2.,"Obesity is a key correlate of severe SARS-CoV-2 outcomes while the role of obesity on risk of SARS-CoV-2 infection, symptom phenotype, and immune response are poorly defined. We examined data from a prospective SARS-CoV-2 cohort study to address these questions. Serostatus, bo...",,,,sars-cov-2;sars-cov;influenza,,primary_research,candidate,relevant viral/host/pathway terms matched: viral,medium,older paper with relevant terms: viral,pending,
pmid-33171099,33171099,2020,Quick COVID-19 Healers Sustain Anti-SARS-CoV-2 Antibody Production.,Antibodies are key immune effectors that confer protection against pathogenic threats. The nature and longevity of the antibody response to SARS-CoV-2 infection are not well defined. We charted longitudinal antibody responses to SARS-CoV-2 in 92 subjects after symptomatic COVI...,SCRIPT,Alan Hauser,,sars-cov-2;sars-cov,,primary_research,candidate,relevant viral/host/pathway terms matched: virus,medium,older paper with relevant terms: virus,pending,
pmid-33159066,33159066,2020,Epidemiological hypothesis testing using a phylogeographic and phylodynamic framework.,"Computational analyses of pathogen genomes are increasingly used to unravel the dispersal history and transmission dynamics of epidemics. Here, we show how to go beyond historical reconstructions and use spatially-explicit phylogeographic and phylodynamic approaches to formall...",CViSB,Kristian Andersen,,,,methods,candidate,"relevant viral/host/pathway terms matched: virus, viral",medium,"older paper with relevant terms: virus, viral, pathogen",pending,
pmid-33127906,33127906,2020,SARS-CoV-2 viral load is associated with increased disease severity and mortality.,"The relationship between SARS-CoV-2 viral load and risk of disease progression remains largely undefined in coronavirus disease 2019 (COVID-19). Here, we quantify SARS-CoV-2 viral load from participants with a diverse range of COVID-19 disease severity, including those requiri...",,,,sars-cov-2;sars-cov,,primary_research,candidate,relevant viral/host/pathway terms matched: viral,medium,"older paper with relevant terms: viral, coronavirus",pending,
pmid-33037213,33037213,2020,Accommodating individual travel history and unsampled diversity in Bayesian phylogeographic inference of SARS-CoV-2.,"Spatiotemporal bias in genome sampling can severely confound discrete trait phylogeographic inference. This has impeded our ability to accurately track the spread of SARS-CoV-2, the virus responsible for the COVID-19 pandemic, despite the availability of unprecedented numbers...",CViSB,Kristian Andersen,,sars-cov-2;sars-cov,clinical_modeling,primary_research,candidate,relevant viral/host/pathway terms matched: virus,medium,older paper with relevant terms: virus,pending,
pmid-32927409,32927409,2020,A multiplex polymerase chain reaction assay for antibiotic stewardship in suspected pneumonia.,"BACKGROUND: Multiplexed molecular rapid diagnostic tests (RDTs) may allow for rapid and accurate diagnosis of the microbial etiology of pneumonia. However, little data are available on multiplexed RDTs in pneumonia and their impact on clinical practice. METHODS: This retrospec...",SCRIPT,Richard Wunderink,,,,primary_research,unknown,no explicit cross-virus or strong viral host-mechanism terms matched,low,no strong literature-priority keywords matched,pending,
pmid-32923688,32923688,2020,Hamiltonian Monte Carlo sampling to estimate past population dynamics using the skygrid coalescent model in a Bayesian phylogenetics framework.,"Nonparametric coalescent-based models are often employed to infer past population dynamics over time. Several of these models, such as the skyride and skygrid models, are equipped with a block-updating Markov chain Monte Carlo sampling scheme to efficiently estimate model para...",,,,,,primary_research,unknown,no explicit cross-virus or strong viral host-mechanism terms matched,low,no strong literature-priority keywords matched,pending,
pmid-32916059,32916059,2020,Reproducible Single-Cell Genomic Research in Pulmonary and Critical Care Medicine.,,,,,,,primary_research,unknown,no explicit cross-virus or strong viral host-mechanism terms matched,low,no strong literature-priority keywords matched,pending,
pmid-32912998,32912998,2020,The emergence of SARS-CoV-2 in Europe and North America.,"Accurate understanding of the global spread of emerging viruses is critical for public health responses and for anticipating and preventing future outbreaks. Here we elucidate when, where, and how the earliest sustained severe acute respiratory syndrome coronavirus 2 (SARS-CoV...",,,,sars-cov-2;sars-cov,,primary_research,candidate,relevant viral/host/pathway terms matched: virus,medium,"older paper with relevant terms: virus, coronavirus",pending,
pmid-32909012,32909012,2020,Bronchoscopy on Intubated COVID-19 Patients is Associated with Low Infectious Risk to Operators at a High-Volume Center Using an Aerosol-minimizing Protocol.,"BACKGROUND: The coronavirus disease 2019 (COVID-19) pandemic raised concern for exposure to healthcare providers through aerosol generating procedures, such as bronchoalveolar lavage (BAL). Current society guidelines recommended limiting use of BAL to reduce operators' risk fo...",SCRIPT,Richard Wunderink,,sars-cov-2;sars-cov,,methods,unknown,no explicit cross-virus or strong viral host-mechanism terms matched,medium,older paper with relevant terms: coronavirus,pending,
pmid-32907984,32907984,2020,Broad-Spectrum Antiviral Entry Inhibition by Interfacially Active Peptides.,Numerous peptides inhibit the entry of enveloped viruses into cells. Some of these peptides have been shown to inhibit multiple unrelated viruses. We have suggested that such broad-spectrum antiviral peptides share a property called interfacial activity; they are somewhat hydr...,CViSB,Robert Garry,,influenza;dengue;hiv,,data_or_analysis,high,explicit cross-virus/shared-host language: broad-spectrum,medium,"older paper with relevant terms: virus, viral, host",pending,
pmid-32897881,32897881,2020,Maintenance DNA methylation is essential for regulatory T cell development and stability of suppressive function.,"Tregs require Foxp3 expression and induction of a specific DNA hypomethylation signature during development, after which Tregs persist as a self-renewing population that regulates immune system activation. Whether maintenance DNA methylation is required for Treg lineage develo...",,,,,epigenomics,primary_research,unknown,no explicit cross-virus or strong viral host-mechanism terms matched,low,no strong literature-priority keywords matched,pending,
pmid-32878931,32878931,2020,Evolution of Early SARS-CoV-2 and Cross-Coronavirus Immunity.,"The novel coronavirus, SARS-coronavirus (CoV)-2 (SARS-CoV-2), has caused over 17 million infections in just a few months, with disease manifestations ranging from largely asymptomatic infection to critically severe disease. The remarkable spread and unpredictable disease outco...",,,,sars-cov-2;sars-cov;influenza;rsv,,primary_research,candidate,"relevant viral/host/pathway terms matched: virus, viral",medium,"older paper with relevant terms: virus, viral, coronavirus",pending,
pmid-32858009,32858009,2020,International Perspective on the New 2019 American Thoracic Society/Infectious Diseases Society of America Community-Acquired Pneumonia Guideline: A Critical Appraisal by a Global Expert Panel.,"In 2019, the American Thoracic Society (ATS) and Infectious Diseases Society of America (IDSA) issued a substantial revision of the 2007 guideline on community-acquired pneumonia (CAP). Despite the fact that generalization of infectious disease guidelines is limited because of...",SCRIPT,Richard Wunderink,,influenza,,review,unknown,no explicit cross-virus or strong viral host-mechanism terms matched,low,no strong literature-priority keywords matched,pending,
pmid-32851183,32851183,2020,Epithelial cell-specific loss of function of Miz1 causes a spontaneous COPD-like phenotype and up-regulates Ace2 expression in mice.,"Cigarette smoking, the leading cause of chronic obstructive pulmonary disease (COPD), has been implicated as a risk factor for severe disease in patients infected with the severe acute respiratory syndrome coronavirus 2 (SARS-CoV-2). Here we show that mice with lung epithelial...",,,,sars-cov-2;sars-cov,,primary_research,unknown,no explicit cross-virus or strong viral host-mechanism terms matched,medium,older paper with relevant terms: coronavirus,pending,
pmid-32843552,32843552,2020,A Genome-Based Model to Predict the Virulence of Pseudomonas aeruginosa Isolates.,"Variation in the genome of Pseudomonas aeruginosa, an important pathogen, can have dramatic impacts on the bacterium's ability to cause disease. We therefore asked whether it was possible to predict the virulence of P. aeruginosa isolates based on their genomic content. We app...",SCRIPT,Alan Hauser,pseudomonas_aeruginosa,influenza,clinical_modeling,primary_research,unknown,no explicit cross-virus or strong viral host-mechanism terms matched,medium,older paper with relevant terms: pathogen,pending,
pmid-32789184,32789184,2020,COVID-19 and the next influenza season.,,,,,sars-cov-2;influenza,,primary_research,unknown,no explicit cross-virus or strong viral host-mechanism terms matched,low,no strong literature-priority keywords matched,pending,
pmid-32783920,32783920,2020,Distinct Early Serological Signatures Track with SARS-CoV-2 Survival.,"As SARS-CoV-2 infections and death counts continue to rise, it remains unclear why some individuals recover from infection, whereas others rapidly progress and die. Although the immunological mechanisms that underlie different clinical trajectories remain poorly defined, patho...",SCRIPT,Alan Hauser,,sars-cov-2;sars-cov,,primary_research,unknown,no explicit cross-virus or strong viral host-mechanism terms matched,medium,older paper with relevant terms: pathogen,pending,
pmid-32755751,32755751,2020,"Dissecting the antibody-OME: past, present, and future.","Humoral immunity is key to protection for nearly all licensed vaccines. Yet, the design of vaccines has been more difficult for some of our most deadly killers (e.g. HIV, influenza, Dengue virus, etc.), likely due to our incomplete understanding of the precise immunological me...",,,,influenza;dengue;hiv,,primary_research,candidate,relevant viral/host/pathway terms matched: virus,medium,older paper with relevant terms: virus,pending,
pmid-32747391,32747391,2020,Pathogenesis of COVID-19-induced ARDS: implications for an ageing population.,The coronavirus disease 2019 (COVID-19) pandemic has elicited a swift response by the scientific community to elucidate the pathogenesis of severe acute respiratory syndrome-coronavirus-2 (SARS-CoV-2)-induced lung injury and develop effective therapeutics. Clinical data indica...,,,,sars-cov-2;sars-cov;influenza,,review,candidate,"relevant viral/host/pathway terms matched: virus, viral",medium,"older paper with relevant terms: virus, viral, host, coronavirus",pending,
pmid-32720752,32720752,2020,Impaired phagocytic function in CX3CR1(+) tissue-resident skeletal muscle macrophages prevents muscle recovery after influenza A virus-induced pneumonia in old mice.,Skeletal muscle dysfunction in survivors of pneumonia disproportionately affects older individuals in whom it causes substantial morbidity. We found that skeletal muscle recovery was impaired in old compared with young mice after influenza A virus-induced pneumonia. In young m...,,,,influenza,transcriptomics,data_or_analysis,candidate,relevant viral/host/pathway terms matched: virus,medium,older paper with relevant terms: virus,pending,
pmid-32620586,32620586,2020,Breathing fresh air into respiratory research with single-cell RNA sequencing.,"The complex cellular heterogeneity of the lung poses a unique challenge to researchers in the field. While the use of bulk RNA sequencing has become a ubiquitous technology in systems biology, the technique necessarily averages out individual contributions to the overall trans...",,,,,transcriptomics,review,unknown,no explicit cross-virus or strong viral host-mechanism terms matched,low,no strong literature-priority keywords matched,pending,
pmid-32609537,32609537,2020,Age-Dependent Differences in T-Cell Responses to Influenza A Virus.,"Respiratory infections from influenza A virus (IAV) cause substantial morbidity and mortality in children relative to adults. T cells play a critical role in the host response to IAV by supporting the innate and humoral responses, mediating cytotoxic activity, and promoting re...",,,,influenza,,review,candidate,relevant viral/host/pathway terms matched: virus,medium,"older paper with relevant terms: virus, host",pending,
pmid-32596695,32596695,2020,"Accommodating individual travel history, global mobility, and unsampled diversity in phylogeography: a SARS-CoV-2 case study.","Spatiotemporal bias in genome sequence sampling can severely confound phylogeographic inference based on discrete trait ancestral reconstruction. This has impeded our ability to accurately track the emergence and spread of SARS-CoV-2, which is the virus responsible for the COV...",CViSB,Kristian Andersen,,sars-cov-2;sars-cov,,primary_research,candidate,relevant viral/host/pathway terms matched: virus,medium,older paper with relevant terms: virus,pending,
pmid-32568661,32568661,2020,Persistence of Severe Acute Respiratory Syndrome Coronavirus 2 in Aerosol Suspensions.,We aerosolized severe acute respiratory syndrome coronavirus 2 and determined that its dynamic aerosol efficiency surpassed those of severe acute respiratory syndrome coronavirus and Middle East respiratory syndrome. Although we performed experiment only once across several la...,CViSB,Melissa Johnson;Robert Garry;Elaine Reed,,,,primary_research,unknown,no explicit cross-virus or strong viral host-mechanism terms matched,medium,older paper with relevant terms: coronavirus,pending,
pmid-32561442,32561442,2020,Treatment of Community-Acquired Pneumonia in Immunocompromised Adults: A Consensus Statement Regarding Initial Strategies.,"BACKGROUND: Community-acquired pneumonia (CAP) guidelines have improved the treatment and outcomes of patients with CAP, primarily by standardization of initial empirical therapy. But current society-published guidelines exclude immunocompromised patients. RESEARCH QUESTION: T...",SCRIPT,Richard Wunderink,,,,primary_research,unknown,no explicit cross-virus or strong viral host-mechanism terms matched,low,no strong literature-priority keywords matched,pending,
pmid-32554594,32554594,2020,Measles virus and rinderpest virus divergence dated to the sixth century BCE.,"Many infectious diseases are thought to have emerged in humans after the Neolithic revolution. Although it is broadly accepted that this also applies to measles, the exact date of emergence for this disease is controversial. We sequenced the genome of a 1912 measles virus and...",,,,,,primary_research,candidate,relevant viral/host/pathway terms matched: virus,medium,older paper with relevant terms: virus,pending,
pmid-32550242,32550242,2020,SARS-CoV-2 Entry Genes Are Most Highly Expressed in Nasal Goblet and Ciliated Cells within Human Airways.,"The SARS-CoV-2 coronavirus, the etiologic agent responsible for COVID-19 coronavirus disease, is a global threat. To better understand viral tropism, we assessed the RNA expression of the coronavirus receptor, ACE2, as well as the viral S protein priming protease TMPRSS2 thoug...",,,,sars-cov-2;sars-cov,transcriptomics,data_or_analysis,candidate,relevant viral/host/pathway terms matched: viral,medium,"older paper with relevant terms: viral, coronavirus",pending,
pmid-32540903,32540903,2020,Isolation of potent SARS-CoV-2 neutralizing antibodies and protection from disease in a small animal model.,"Countermeasures to prevent and treat coronavirus disease 2019 (COVID-19) are a global health priority. We enrolled a cohort of severe acute respiratory syndrome coronavirus 2 (SARS-CoV-2)-recovered participants, developed neutralization assays to investigate antibody responses...",,,,sars-cov-2;sars-cov,,methods,candidate,relevant viral/host/pathway terms matched: viral,medium,"older paper with relevant terms: viral, screen, coronavirus",pending,
pmid-32513865,32513865,2020,Genomic surveillance reveals multiple introductions of SARS-CoV-2 into Northern California.,"The coronavirus disease 2019 (COVID-19) pandemic caused by severe acute respiratory syndrome coronavirus 2 (SARS-CoV-2) has spread globally, with >365,000 cases in California as of 17 July 2020. We investigated the genomic epidemiology of SARS-CoV-2 in Northern California from...",CViSB,Kristian Andersen,,sars-cov-2;sars-cov,,primary_research,candidate,relevant viral/host/pathway terms matched: viral,medium,"older paper with relevant terms: viral, coronavirus",pending,
pmid-32511558,32511558,2020,A Unique Clade of SARS-CoV-2 Viruses is Associated with Lower Viral Loads in Patient Upper Airways.,"BACKGROUND: The rapid spread of SARS-CoV-2, the causative agent of Coronavirus disease 2019 (COVID-19), has been accompanied by the emergence of distinct viral clades, though their clinical significance remains unclear. Here, we aimed to investigate the phylogenetic characteri...",SCRIPT,Alan Hauser,,sars-cov-2;sars-cov;influenza,,data_or_analysis,candidate,"relevant viral/host/pathway terms matched: virus, viral",medium,"older paper with relevant terms: virus, viral, coronavirus",pending,
pmid-32511433,32511433,2020,Comparative dynamic aerosol efficiencies of three emergent coronaviruses and the unusual persistence of SARS-CoV-2 in aerosol suspensions.,,CViSB,Melissa Johnson;Robert Garry;Elaine Reed,,sars-cov-2;sars-cov,,primary_research,high,explicit cross-virus/shared-host language: comparative,low,no strong literature-priority keywords matched,pending,
pmid-32511416,32511416,2020,The emergence of SARS-CoV-2 in Europe and the US.,"Accurate understanding of the global spread of emerging viruses is critically important for public health response and for anticipating and preventing future outbreaks. Here, we elucidate when, where and how the earliest sustained SARS-CoV-2 transmission networks became establ...",,,,sars-cov-2;sars-cov,,primary_research,candidate,relevant viral/host/pathway terms matched: virus,medium,older paper with relevant terms: virus,pending,
pmid-32458974,32458974,2020,Gradients Do Grow on Trees: A Linear-Time O(N)-Dimensional Gradient for Statistical Phylogenetics.,"Calculation of the log-likelihood stands as the computational bottleneck for many statistical phylogenetic algorithms. Even worse is its gradient evaluation, often used to target regions of high probability. Order O(N)-dimensional gradient calculations based on the standard pr...",,,,dengue,,data_or_analysis,candidate,relevant viral/host/pathway terms matched: virus,medium,older paper with relevant terms: virus,pending,
pmid-32457420,32457420,2020,Field evaluation of a Pan-Lassa rapid diagnostic test during the 2018 Nigerian Lassa fever outbreak.,"Lassa virus (LASV) is the causative agent of Lassa fever (LF), an often-fatal hemorrhagic disease. LF is endemic in Nigeria, Sierra Leone and other West African countries. Diagnosis of LASV infection is challenged by the genetic diversity of the virus, which is greatest in Nig...",CViSB,Donald S Grant;Robert Garry,,,,primary_research,candidate,relevant viral/host/pathway terms matched: virus,medium,older paper with relevant terms: virus,pending,
pmid-32407507,32407507,2020,"Genomic Epidemiology, Evolution, and Transmission Dynamics of Porcine Deltacoronavirus.",The emergence of severe acute respiratory syndrome coronavirus 2 (SARS-CoV-2) has shown once again that coronavirus (CoV) in animals are potential sources for epidemics in humans. Porcine deltacoronavirus (PDCoV) is an emerging enteropathogen of swine with a worldwide distribu...,,,,sars-cov-2;sars-cov,,primary_research,candidate,relevant viral/host/pathway terms matched: virus,medium,"older paper with relevant terms: virus, coronavirus",pending,
pmid-32359479,32359479,2020,"COVID-19: Epidemiology, Evolution, and Cross-Disciplinary Perspectives.","The recent outbreak of COVID-19 in Wuhan turned into a public health emergency of international concern. With no antiviral drugs nor vaccines, and the presence of carriers without obvious symptoms, traditional public health intervention measures are significantly less effectiv...",,,,sars-cov-2;sars-cov,,primary_research,candidate,relevant viral/host/pathway terms matched: virus,medium,"older paper with relevant terms: virus, coronavirus",pending,
pmid-32327758,32327758,2020,SARS-CoV-2 entry factors are highly expressed in nasal epithelial cells together with innate immune genes.,"We investigated SARS-CoV-2 potential tropism by surveying expression of viral entry-associated genes in single-cell RNA-sequencing data from multiple tissues from healthy human donors. We co-detected these transcripts in specific respiratory, corneal and intestinal epithelial...",,,,sars-cov-2;sars-cov,transcriptomics,data_or_analysis,candidate,relevant viral/host/pathway terms matched: viral,medium,older paper with relevant terms: viral,pending,
pmid-32315548,32315548,2020,A Call for Rational Intensive Care in the Era of COVID-19.,,SCRIPT,Richard Wunderink,,sars-cov-2,,primary_research,unknown,no explicit cross-virus or strong viral host-mechanism terms matched,low,no strong literature-priority keywords matched,pending,
pmid-32311297,32311297,2020,COVID-19: First Do No Harm.,,SCRIPT,Richard Wunderink,,sars-cov-2,,primary_research,unknown,no explicit cross-virus or strong viral host-mechanism terms matched,low,no strong literature-priority keywords matched,pending,
pmid-32298730,32298730,2020,The Burden of Community-Acquired Pneumonia Requiring Admission to ICU in the United States.,"BACKGROUND: A paucity of studies have assessed the epidemiology of community-acquired pneumonia (CAP) that require ICU admission. We conducted a study on this group of patients with the primary objective of defining the incidence, epidemiology, and mortality rate of CAP in the...",SCRIPT,Richard Wunderink,,,,primary_research,unknown,no explicit cross-virus or strong viral host-mechanism terms matched,low,no strong literature-priority keywords matched,pending,
pmid-32284615,32284615,2020,The proximal origin of SARS-CoV-2.,,CViSB,Kristian Andersen;Robert Garry,,sars-cov-2;sars-cov,,primary_research,unknown,no explicit cross-virus or strong viral host-mechanism terms matched,low,no strong literature-priority keywords matched,pending,
pmid-32173339,32173339,2020,Feasibility of Venovenous Extracorporeal Membrane Oxygenation Without Systemic Anticoagulation.,"BACKGROUND: Venovenous extracorporeal membrane oxygenation (ECMO) is increasingly being used for acute respiratory distress syndrome and as a bridge to lung transplantation. After initiation of venovenous ECMO, systemic anticoagulation therapy is traditionally administered and...",SCRIPT,Richard Wunderink,,,,review,unknown,no explicit cross-virus or strong viral host-mechanism terms matched,low,no strong literature-priority keywords matched,pending,
pmid-32156726,32156726,2020,A comparative genomics approach identifies contact-dependent growth inhibition as a virulence determinant.,"Emerging evidence suggests the Pseudomonas aeruginosa accessory genome is enriched with uncharacterized virulence genes. Identification and characterization of such genes may reveal novel pathogenic mechanisms used by particularly virulent isolates. Here, we utilized a mouse b...",SCRIPT,Alan Hauser,pseudomonas_aeruginosa,,,data_or_analysis,high,explicit cross-virus/shared-host language: comparative,medium,older paper with relevant terms: host,pending,
pmid-32150460,32150460,2020,Identifying Clinical Research Priorities in Adult Pulmonary and Critical Care. NHLBI Working Group Report.,"Preventing, treating, and promoting recovery from critical illness due to pulmonary disease are foundational goals of the critical care community and the NHLBI. Decades of clinical research in acute respiratory distress syndrome, acute respiratory failure, pneumonia, and sepsi...",SCRIPT,Richard Wunderink,,,,primary_research,unknown,no explicit cross-virus or strong viral host-mechanism terms matched,low,no strong literature-priority keywords matched,pending,
pmid-32125289,32125289,2020,CoRESTed development of regulatory T cells.,"Tregs require specific epigenetic signatures to induce and maintain their suppressive function in the context of inflammation and cancer surveillance. In this issue of the JCI, Xiong and colleagues identify a critical role for the epigenetic repressor REST corepressor 1 (CoRES...",,,,,,primary_research,unknown,no explicit cross-virus or strong viral host-mechanism terms matched,low,no strong literature-priority keywords matched,pending,
pmid-32123088,32123088,2020,Assessing the role of live poultry trade in community-structured transmission of avian influenza in China.,"The live poultry trade is thought to play an important role in the spread and maintenance of highly pathogenic avian influenza A viruses (HP AIVs) in Asia. Despite an abundance of small-scale observational studies, the role of the poultry trade in disseminating AIV over large...",,,,influenza,,primary_research,candidate,relevant viral/host/pathway terms matched: virus,medium,older paper with relevant terms: virus,pending,
pmid-32120884,32120884,2020,Proteomics Computational Analyses Suggest That the Envelope Glycoproteins of Segmented Jingmen Flavi-Like Viruses are Class II Viral Fusion Proteins (b-Penetrenes) with Mucin-Like Domains.,Jingmen viruses are newly described segmented flavi-like viruses that have a worldwide distribution in ticks and have been associated with febrile illnesses in humans. Computational analyses were used to predict that Jingmen flavi-like virus glycoproteins have structural featu...,CViSB,Robert Garry,,,proteomics,primary_research,candidate,"relevant viral/host/pathway terms matched: virus, viral",medium,"older paper with relevant terms: virus, viral, flavivirus",pending,
pmid-32101295,32101295,2020,Online Bayesian Phylodynamic Inference in BEAST with Application to Epidemic Reconstruction.,"Reconstructing pathogen dynamics from genetic data as they become available during an outbreak or epidemic represents an important statistical scenario in which observations arrive sequentially in time and one is interested in performing inference in an ""online"" fashion. Widel...",,,,,,primary_research,candidate,relevant viral/host/pathway terms matched: virus,medium,"older paper with relevant terms: virus, pathogen",pending,
pmid-32065600,32065600,2020,Comparison of Cardiovascular and Safety Outcomes of Chlorthalidone vs Hydrochlorothiazide to Treat Hypertension.,"IMPORTANCE: Chlorthalidone is currently recommended as the preferred thiazide diuretic to treat hypertension, but no trials have directly compared risks and benefits. OBJECTIVE: To compare the effectiveness and safety of chlorthalidone and hydrochlorothiazide as first-line the...",,,,,,primary_research,high,explicit cross-virus/shared-host language: comparative,low,no strong literature-priority keywords matched,pending,
pmid-32028998,32028998,2020,Angiotensin I and angiotensin II concentrations and their ratio in catecholamine-resistant vasodilatory shock.,"BACKGROUND: In patients with vasodilatory shock, plasma concentrations of angiotensin I (ANG I) and II (ANG II) and their ratio may reflect differences in the response to severe vasodilation, provide novel insights into its biology, and predict clinical outcomes. The objective...",SCRIPT,Richard Wunderink,,,,methods,unknown,no explicit cross-virus or strong viral host-mechanism terms matched,low,no strong literature-priority keywords matched,pending,
pmid-32025755,32025755,2020,Identification and validation of biomarkers of persistent acute kidney injury: the RUBY study.,PURPOSE: The aim of the RUBY study was to evaluate novel candidate biomarkers to enable prediction of persistence of renal dysfunction as well as further understand potential mechanisms of kidney tissue damage and repair in acute kidney injury (AKI). METHODS: The RUBY study wa...,SCRIPT,Richard Wunderink,,,,primary_research,unknown,no explicit cross-virus or strong viral host-mechanism terms matched,low,no strong literature-priority keywords matched,pending,
pmid-31992714,31992714,2020,Systemic infection facilitates transmission of Pseudomonas aeruginosa in mice.,"Health care-associated infections such as Pseudomonas aeruginosa bacteremia pose a major clinical risk for hospitalized patients. However, these systemic infections are presumed to be a ""dead-end"" for P. aeruginosa and to have no impact on transmission. Here, we use a mouse in...",SCRIPT,Alan Hauser,pseudomonas_aeruginosa,,,primary_research,unknown,no explicit cross-virus or strong viral host-mechanism terms matched,low,no strong literature-priority keywords matched,pending,
pmid-31980672,31980672,2020,Comparisons of the antibody repertoires of a humanized rodent and humans by high throughput sequencing.,"The humanization of animal model immune systems by genetic engineering has shown great promise for antibody discovery, tolerance studies and for the evaluation of vaccines. Assessment of the baseline antibody repertoires of unimmunized model animals will be useful as a benchma...",,,,,,data_or_analysis,unknown,no explicit cross-virus or strong viral host-mechanism terms matched,low,no strong literature-priority keywords matched,pending,
pmid-31971995,31971995,2020,Mobilizable antibiotic resistance genes are present in dust microbial communities.,"The decades-long global trend of urbanization has led to a population that spends increasing amounts of time indoors. Exposure to microbes in buildings, and specifically in dust, is thus also increasing, and has been linked to various health outcomes and to antibiotic resistan...",,,,,,methods,unknown,no explicit cross-virus or strong viral host-mechanism terms matched,low,no strong literature-priority keywords matched,pending,
pmid-31948967,31948967,2020,"Complete Genome Sequence of Klebsiella pneumoniae Strain TK421, a Conjugative Hypervirulent Isolate.","Klebsiella pneumoniae is a Gram-negative bacterium that is a major cause of nosocomial infections worldwide. Here, we present the complete genome sequence of TK421, a clinical bacteremia isolate containing a hypervirulence plasmid carrying tra-associated conjugation machinery...",SCRIPT,Alan Hauser,klebsiella_pneumoniae,,,primary_research,unknown,no explicit cross-virus or strong viral host-mechanism terms matched,low,no strong literature-priority keywords matched,pending,
pmid-31790143,31790143,2020,Incorporating heterogeneous sampling probabilities in continuous phylogeographic inference - Application to H5N1 spread in the Mekong region.,MOTIVATION: The potentially low precision associated with the geographic origin of sampled sequences represents an important limitation for spatially explicit (i.e. continuous) phylogeographic inference of fast-evolving pathogens such as RNA viruses. A substantial proportion o...,,,,influenza,,methods,unknown,no explicit cross-virus or strong viral host-mechanism terms matched,low,no strong literature-priority keywords matched,pending,
pmid-31714898,31714898,2020,Linear ubiquitin assembly complex regulates lung epithelial-driven responses during influenza infection.,Influenza A virus (IAV) is among the most common causes of pneumonia-related death worldwide. Pulmonary epithelial cells are the primary target for viral infection and replication and respond by releasing inflammatory mediators that recruit immune cells to mount the host respo...,,,,influenza,,primary_research,candidate,"relevant viral/host/pathway terms matched: virus, viral",medium,"older paper with relevant terms: virus, viral, host",pending,
pmid-31601718,31601718,2020,A spatially restricted fibrotic niche in pulmonary fibrosis is sustained by M-CSF/M-CSFR signalling in monocyte-derived alveolar macrophages.,"Ontologically distinct populations of macrophages differentially contribute to organ fibrosis through unknown mechanisms.We applied lineage tracing, single-cell RNA sequencing and single-molecule fluorescence in situ hybridisation to a spatially restricted model of asbestos-in...",,,,influenza,transcriptomics,data_or_analysis,unknown,no explicit cross-virus or strong viral host-mechanism terms matched,low,no strong literature-priority keywords matched,pending,
pmid-31583403,31583403,2020,Long-term Persistence of an Extensively Drug-Resistant Subclade of Globally Distributed Pseudomonas aeruginosa Clonal Complex 446 in an Academic Medical Center.,"BACKGROUND: Antimicrobial resistance (AMR) is a major challenge in the treatment of infections caused by Pseudomonas aeruginosa. Highly drug-resistant infections are disproportionally caused by a small subset of globally distributed P. aeruginosa sequence types (STs), termed ""...",SCRIPT,Alan Hauser,pseudomonas_aeruginosa,,,primary_research,unknown,no explicit cross-virus or strong viral host-mechanism terms matched,low,no strong literature-priority keywords matched,pending,
pmid-31301137,31301137,2020,Survivors of Ebola Virus Disease Develop Polyfunctional Antibody Responses.,"Monoclonal antibodies can mediate protection against Ebola virus (EBOV) infection through direct neutralization as well as through the recruitment of innate immune effector functions. However, the antibody functional response following survival of acute EBOV disease has not be...",CViSB,Kristian Andersen;Robert Garry;Donald S Grant,,,,primary_research,candidate,relevant viral/host/pathway terms matched: virus,medium,older paper with relevant terms: virus,pending,
pmid-31157370,31157370,2020,The Emperor's New Clothes: PRospective Observational Evaluation of the Association Between Initial VancomycIn Exposure and Failure Rates Among ADult HospitalizEd Patients With Methicillin-resistant Staphylococcus aureus Bloodstream Infections (PROVIDE).,"BACKGROUND: Vancomycin is the most commonly administered antibiotic in hospitalized patients, but optimal exposure targets remain controversial. To clarify the therapeutic exposure range, this study evaluated the association between vancomycin exposure and outcomes in patients...",SCRIPT,Richard Wunderink,staphylococcus_aureus,,,primary_research,unknown,no explicit cross-virus or strong viral host-mechanism terms matched,low,no strong literature-priority keywords matched,pending,
pmid-31809523,31809523,2019,Distinct rates and patterns of spread of the major HIV-1 subtypes in Central and East Africa.,"Since the ignition of the HIV-1 group M pandemic in the beginning of the 20th century, group M lineages have spread heterogeneously throughout the world. Subtype C spread rapidly through sub-Saharan Africa and is currently the dominant HIV lineage worldwide. Yet the epidemiolo...",,,,hiv,,primary_research,unknown,no explicit cross-virus or strong viral host-mechanism terms matched,low,no strong literature-priority keywords matched,pending,
pmid-31720009,31720009,2019,Divergence dating using mixed effects clock modelling: An application to HIV-1.,The need to estimate divergence times in evolutionary histories in the presence of various sources of substitution rate variation has stimulated a rich development of relaxed molecular clock models. Viral evolutionary studies frequently adopt an uncorrelated clock model as a g...,,,,hiv,,primary_research,candidate,relevant viral/host/pathway terms matched: viral,medium,older paper with relevant terms: viral,pending,
pmid-31671157,31671157,2019,Twenty years of West Nile virus spread and evolution in the Americas visualized by Nextstrain.,"It has been 20 years since West Nile virus first emerged in the Americas, and since then, little progress has been made to control outbreaks caused by this virus. After its first detection in New York in 1999, West Nile virus quickly spread across the continent, causing an epi...",CViSB,Kristian Andersen,,,,review,candidate,"relevant viral/host/pathway terms matched: virus, viral",medium,"older paper with relevant terms: virus, viral, pathogen",pending,
pmid-31668726,31668726,2019,"Comprehensive comparative effectiveness and safety of first-line antihypertensive drug classes: a systematic, multinational, large-scale analysis.","BACKGROUND: Uncertainty remains about the optimal monotherapy for hypertension, with current guidelines recommending any primary agent among the first-line drug classes thiazide or thiazide-like diuretics, angiotensin-converting enzyme inhibitors, angiotensin receptor blockers...",,,,,,primary_research,high,explicit cross-virus/shared-host language: comparative,low,no strong literature-priority keywords matched,pending,
pmid-31539417,31539417,2019,A quantitative approach for the analysis of clinician recognition of acute respiratory distress syndrome using electronic health record data.,"IMPORTANCE: Despite its efficacy, low tidal volume ventilation (LTVV) remains severely underutilized for patients with acute respiratory distress syndrome (ARDS). Physician under-recognition of ARDS is a significant barrier to LTVV use. We propose a computational method that a...",SCRIPT,Richard Wunderink,,,,methods,unknown,no explicit cross-virus or strong viral host-mechanism terms matched,low,no strong literature-priority keywords matched,pending,
pmid-31491976,31491976,2019,Predictors of Obesity among Gut Microbiota Biomarkers in African American Men with and without Diabetes.,Gut microbiota and their biomarkers may be associated with obesity. This study evaluated associations of body mass index (BMI) with circulating microbiota biomarkers in African American men (AAM) (n = 75). The main outcomes included fecal microbial community structure (16S rRN...,,,,,,primary_research,unknown,no explicit cross-virus or strong viral host-mechanism terms matched,low,no strong literature-priority keywords matched,pending,
pmid-31442400,31442400,2019,Travel Surveillance and Genomics Uncover a Hidden Zika Outbreak during the Waning Epidemic.,"The Zika epidemic in the Americas has challenged surveillance and control. As the epidemic appears to be waning, it is unclear whether transmission is still ongoing, which is exacerbated by discrepancies in reporting. To uncover locations with lingering outbreaks, we investiga...",CViSB,Kristian Andersen,,zika,,data_or_analysis,candidate,relevant viral/host/pathway terms matched: virus,medium,older paper with relevant terms: virus,pending,
pmid-31416162,31416162,2019,Proteomics Computational Analyses Suggest that the Antennavirus Glycoprotein Complex Includes a Class I Viral Fusion Protein (α-Penetrene) with an Internal Zinc-Binding Domain and a Stable Signal Peptide.,A metatranscriptomic study of RNA viruses in cold-blooded vertebrates identified two related viruses from frogfish (Antennarius striatus) that represent a new genus Antennavirus in the family Arenaviridae (Order: Bunyavirales). Computational analyses were used to identify feat...,CViSB,Robert Garry,,,proteomics;transcriptomics,primary_research,candidate,relevant viral/host/pathway terms matched: viral,medium,older paper with relevant terms: viral,pending,
pmid-31398326,31398326,2019,Convergent Structures Illuminate Features for Germline Antibody Binding and Pan-Lassa Virus Neutralization.,"Lassa virus (LASV) causes hemorrhagic fever and is endemic in West Africa. Protective antibody responses primarily target the LASV surface glycoprotein (GPC), and GPC-B competition group antibodies often show potent neutralizing activity in humans. However, which features conf...",CViSB,Robert Garry,,,,primary_research,candidate,relevant viral/host/pathway terms matched: virus,medium,older paper with relevant terms: virus,pending,
pmid-31368812,31368812,2019,Improving the Quality and Reproducibility of Flow Cytometry in the Lung. An Official American Thoracic Society Workshop Report.,Defining responses of the structural and immune cells in biologic systems is critically important to understanding disease states and responses to injury. This requires accurate and sensitive methods to define cell types in organ systems. The principal method to delineate the...,,,,,,methods,unknown,no explicit cross-virus or strong viral host-mechanism terms matched,low,no strong literature-priority keywords matched,pending,
pmid-31326608,31326608,2019,Gut Colonization Preceding Mucosal Barrier Injury Bloodstream Infection in Pediatric Hematopoietic Stem Cell Transplantation Recipients.,The gastrointestinal tract is the predicted reservoir for most bloodstream infections (BSIs) after hematopoietic stem cell transplantation (HSCT). Whole-genome sequencing and comparative genomics have the potential to improve our understanding of the dynamics of gut colonizati...,,,,,,data_or_analysis,high,explicit cross-virus/shared-host language: comparative,low,no strong literature-priority keywords matched,pending,
pmid-31320415,31320415,2019,"Draft Genome Sequence of Pseudomonas aeruginosa Strain BWH047, a Sequence Type 235 Multidrug-Resistant Clinical Isolate Expressing High Levels of Colistin Resistance.","The Gram-negative bacterium Pseudomonas aeruginosa is often multidrug resistant, associated with global epidemic outbreaks, and responsible for significant morbidity and mortality in hospitalized patients. Here, we present the draft genome sequence of BWH047, a multidrug-resis...",SCRIPT,Alan Hauser,pseudomonas_aeruginosa,,,primary_research,unknown,no explicit cross-virus or strong viral host-mechanism terms matched,low,no strong literature-priority keywords matched,pending,
pmid-31312805,31312805,2019,"Machine-learning Prognostic Models from the 2014-16 Ebola Outbreak: Data-harmonization Challenges, Validation Strategies, and mHealth Applications.","BACKGROUND: Ebola virus disease (EVD) plagues low-resource and difficult-to-access settings. Machine learning prognostic models and mHealth tools could improve the understanding and use of evidence-based care guidelines in such settings. However, data incompleteness and lack o...",CViSB,Robert Garry;Donald S Grant,,,,primary_research,candidate,"relevant viral/host/pathway terms matched: virus, viral",medium,"older paper with relevant terms: virus, viral",pending,
pmid-31301278,31301278,2019,"A high-throughput, bead-based, antigen-specific assay to assess the ability of antibodies to induce complement activation.","The complement system plays a critical role in innate immune defense against pathogens, both via non-specific direct pathogen recognition and killing or via antigen-specific indirect recruitment by complement fixing antibodies. While various assays for measuring complement act...",,,,,,primary_research,unknown,no explicit cross-virus or strong viral host-mechanism terms matched,medium,older paper with relevant terms: pathogen,pending,
pmid-31264905,31264905,2019,A Practical Guide to the Measurement and Analysis of DNA Methylation.,"DNA methylation represents a fundamental epigenetic mark that is associated with transcriptional repression during development, maintenance of homeostasis, and disease. In addition to methylation-sensitive PCR and targeted deep-amplicon bisulfite sequencing to measure DNA meth...",,,,,epigenomics,data_or_analysis,unknown,no explicit cross-virus or strong viral host-mechanism terms matched,low,no strong literature-priority keywords matched,pending,
pmid-31173069,31173069,2019,The Population Structure of Pseudomonas aeruginosa Is Characterized by Genetic Isolation of exoU+ and exoS+ Lineages.,The diversification of microbial populations may be driven by many factors including adaptation to distinct ecological niches and barriers to recombination. We examined the population structure of the bacterial pathogen Pseudomonas aeruginosa by analyzing whole-genome sequence...,SCRIPT,Alan Hauser,pseudomonas_aeruginosa,,,primary_research,unknown,no explicit cross-virus or strong viral host-mechanism terms matched,medium,older paper with relevant terms: pathogen,pending,
pmid-31136295,31136295,2019,Detection of respiratory pathogens in clinical samples using metagenomic shotgun sequencing.,"PURPOSE: In this pilot study, we used shotgun metagenome sequencing (SMS) strategy on bronchoalveolar lavage (BAL) samples from hospitalized patients with suspected ventilate-associated pneumonia (VAP) in order to explore its potential for improving detection of ventilator-ass...",SCRIPT,Richard Wunderink,,,,data_or_analysis,candidate,relevant viral/host/pathway terms matched: viral,medium,"older paper with relevant terms: viral, pathogen",pending,
pmid-31107246,31107246,2019,The role of macrophages in the resolution of inflammation.,"Macrophages are tissue-resident or infiltrated immune cells critical for innate immunity, normal tissue development, homeostasis, and repair of damaged tissue. Macrophage function is a sum of their ontogeny, the local environment in which they reside, and the type of injuries...",,,,,,review,unknown,no explicit cross-virus or strong viral host-mechanism terms matched,medium,older paper with relevant terms: pathogen,pending,
pmid-31081802,31081802,2019,Immunometabolism of pro-repair cells.,"Immune cell populations determine the balance between ongoing damage and repair following tissue injury. Cells responding to a tissue-damaged environment have significant bioenergetic and biosynthetic needs. In addition to supporting these needs, metabolic pathways govern the...",,,,,,review,unknown,no explicit cross-virus or strong viral host-mechanism terms matched,low,no strong literature-priority keywords matched,pending,
pmid-31036723,31036723,2019,Diversity of Contact-Dependent Growth Inhibition Systems of Pseudomonas aeruginosa.,Contact-dependent growth inhibition (CDI) systems are used in bacterial competition to hinder the growth of neighboring microbes. These systems utilize a two-partner secretion mechanism to display the CdiA exoprotein at the bacterial cell surface. CdiA forms a long filamentous...,SCRIPT,Alan Hauser,pseudomonas_aeruginosa,,,review,unknown,no explicit cross-virus or strong viral host-mechanism terms matched,low,no strong literature-priority keywords matched,pending,
pmid-31034053,31034053,2019,"BEAGLE 3: Improved Performance, Scaling, and Usability for a High-Performance Computing Library for Statistical Phylogenetics.","BEAGLE is a high-performance likelihood-calculation library for phylogenetic inference. The BEAGLE library defines a simple, but flexible, application programming interface (API), and includes a collection of efficient implementations for calculation under a variety of evoluti...",,,,,,methods,unknown,no explicit cross-virus or strong viral host-mechanism terms matched,low,no strong literature-priority keywords matched,pending,
pmid-31004175,31004175,2019,Bayesian Inference of Evolutionary Histories under Time-Dependent Substitution Rates.,"Many factors complicate the estimation of time scales for phylogenetic histories, requiring increasingly complex evolutionary models and inference procedures. The widespread application of molecular clock dating has led to the insight that evolutionary rate estimates may vary...",,,,,,primary_research,candidate,relevant viral/host/pathway terms matched: virus,medium,older paper with relevant terms: virus,pending,
pmid-30995076,30995076,2019,The Human Lung Cell Atlas: A High-Resolution Reference Map of the Human Lung in Health and Disease.,Lung disease accounts for every sixth death globally. Profiling the molecular state of all lung cell types in health and disease is currently revolutionizing the identification of disease mechanisms and will aid the design of novel diagnostic and personalized therapeutic regim...,,,,,transcriptomics,data_or_analysis,unknown,no explicit cross-virus or strong viral host-mechanism terms matched,low,no strong literature-priority keywords matched,pending,
pmid-30992445,30992445,2019,Microbial and metabolic succession on common building materials under high humidity conditions.,"Despite considerable efforts to characterize the microbial ecology of the built environment, the metabolic mechanisms underpinning microbial colonization and successional dynamics remain unclear, particularly at high moisture conditions. Here, we applied bacterial/viral partic...",,,,influenza,metabolomics,data_or_analysis,candidate,relevant viral/host/pathway terms matched: viral,medium,older paper with relevant terms: viral,pending,
pmid-30980566,30980566,2019,Impacts of indoor surface finishes on bacterial viability.,"Microbes in indoor environments are constantly being exposed to antimicrobial surface finishes. Many are rendered non-viable after spending extended periods of time under low-moisture, low-nutrient surface conditions, regardless of whether those surfaces have been amended with...",,,,influenza,,primary_research,unknown,no explicit cross-virus or strong viral host-mechanism terms matched,low,no strong literature-priority keywords matched,pending,
pmid-30936161,30936161,2019,A Genomic Approach To Identify Klebsiella pneumoniae and Acinetobacter baumannii Strains with Enhanced Competitive Fitness in the Lungs during Multistrain Pneumonia.,"Microbial competition is most often studied at the genus or species level, but interstrain competition has been less thoroughly examined. Klebsiella pneumoniae is an important pathogen in the context of hospital-acquired pneumonia, and a better understanding of strain competit...",SCRIPT,Alan Hauser,klebsiella_pneumoniae,influenza,,methods,unknown,no explicit cross-virus or strong viral host-mechanism terms matched,medium,older paper with relevant terms: pathogen,pending,
pmid-30921383,30921383,2019,"A medical records and data capture and management system for Lassa fever in Sierra Leone: Approach, implementation, and challenges.","Situated in southeastern Sierra Leone, Kenema Government Hospital (KGH) maintains one of the world's only Lassa fever isolation wards and was a strategic Ebola virus disease (EVD) treatment facility during the 2014 EVD outbreak. Since 2006, the Viral Hemorrhagic Fever Consorti...",CViSB,Donald S Grant;Robert Garry,,influenza,,primary_research,candidate,"relevant viral/host/pathway terms matched: virus, viral",medium,"older paper with relevant terms: virus, viral",pending,
pmid-30909507,30909507,2019,A Review of the Clinical Pharmacokinetics of Polymyxin B.,"Polymyxin B remains an antibiotic of last resort because of its toxicities. Although newer therapies are becoming available, it is anticipated that resistance to these agents will continue to emerge, and understanding the safest and most efficacious manner to deliver polymyxin...",SCRIPT,Alan Hauser,,,,review,unknown,no explicit cross-virus or strong viral host-mechanism terms matched,low,no strong literature-priority keywords matched,pending,
pmid-30896465,30896465,2019,Patient and Family Engagement During Treatment Decisions in an ICU: A Discourse Analysis of the Electronic Health Record.,"OBJECTIVES: Shared decision-making is recommended for critically ill adults who face major, preference-sensitive treatment decisions. Yet, little is known about when and how patients and families are engaged in treatment decision-making over the longitudinal course of a critic...",SCRIPT,Richard Wunderink,,,,primary_research,unknown,no explicit cross-virus or strong viral host-mechanism terms matched,low,no strong literature-priority keywords matched,pending,
pmid-30871341,30871341,2019,Procalcitonin as a Biomarker in Rhinosinusitis: A Systematic Review.,"OBJECTIVES: (1) To describe the existing literature on procalcitonin (PCT) as a biomarker in patients with acute rhinosinusitis (ARS), (2) to analyze outcomes in ARS patients who were treated with PCT-guided therapy versus traditional management, and (3) to compare PCT to othe...",SCRIPT,Richard Wunderink,,,,review,unknown,no explicit cross-virus or strong viral host-mechanism terms matched,low,no strong literature-priority keywords matched,pending,
pmid-30728537,30728537,2019,Precision epidemiology for infectious disease control.,"Advances in genomics and computing are transforming the capacity for the characterization of biological systems, and researchers are now poised for a precision-focused transformation in the way they prepare for, and respond to, infectious diseases. This includes the use of gen...",CViSB,Kristian Andersen,,,,review,unknown,no explicit cross-virus or strong viral host-mechanism terms matched,medium,older paper with relevant terms: pathogen,pending,
pmid-30726761,30726761,2019,Metformin Targets Mitochondrial Electron Transport to Reduce Air-Pollution-Induced Thrombosis.,,,,,,,primary_research,unknown,no explicit cross-virus or strong viral host-mechanism terms matched,low,no strong literature-priority keywords matched,pending,
pmid-30722013,30722013,2019,Elaboration of Consensus Clinical Endpoints to Evaluate Antimicrobial Treatment Efficacy in Future Hospital-acquired/Ventilator-associated Bacterial Pneumonia Clinical Trials.,"BACKGROUND: Randomized clinical trials (RCTs) in hospital-acquired and ventilator-associated bacterial pneumonia (HABP and VABP, respectively) are important for the evaluation of new antimicrobials. However, the heterogeneity in endpoints used in RCTs evaluating treatment of H...",SCRIPT,Richard Wunderink,,,,methods,unknown,no explicit cross-virus or strong viral host-mechanism terms matched,low,no strong literature-priority keywords matched,pending,
pmid-30710469,30710469,2019,"International Consensus Guidelines for the Optimal Use of the Polymyxins: Endorsed by the American College of Clinical Pharmacy (ACCP), European Society of Clinical Microbiology and Infectious Diseases (ESCMID), Infectious Diseases Society of America (IDSA), International Society for Anti-infective Pharmacology (ISAP), Society of Critical Care Medicine (SCCM), and Society of Infectious Diseases Pharmacists (SIDP).","The polymyxin antibiotics colistin (polymyxin E) and polymyxin B became available in the 1950s and thus did not undergo contemporary drug development procedures. Their clinical use has recently resurged, assuming an important role as salvage therapy for otherwise untreatable g...",SCRIPT,Richard Wunderink,,,,primary_research,unknown,no explicit cross-virus or strong viral host-mechanism terms matched,low,no strong literature-priority keywords matched,pending,
pmid-30706119,30706119,2019,Challenges in severe community-acquired pneumonia: a point-of-view review.,"PURPOSE: Severe community-acquired pneumonia (SCAP) is still associated with substantial morbidity and mortality. In this point-of-view review paper, a group of experts discuss the main controversies in SCAP: the role of severity scores to guide patient settings of care and em...",SCRIPT,Richard Wunderink,,influenza,,review,candidate,relevant viral/host/pathway terms matched: viral,medium,older paper with relevant terms: viral,pending,
pmid-30689983,30689983,2019,Principles and Practice of Antibiotic Stewardship in the ICU.,"In the face of emerging drug-resistant pathogens and a decrease in the development of new antimicrobial agents, antibiotic stewardship should be practiced in all critical care units. Antibiotic stewardship should be a core competency of all critical care practitioners in conju...",SCRIPT,Richard Wunderink,,,,primary_research,unknown,no explicit cross-virus or strong viral host-mechanism terms matched,low,no strong literature-priority keywords matched,pending,
pmid-30664748,30664748,2019,Commonality despite exceptional diversity in the baseline human antibody repertoire.,"In principle, humans can produce an antibody response to any non-self-antigen molecule in the appropriate context. This flexibility is achieved by the presence of a large repertoire of naive antibodies, the diversity of which is expanded by somatic hypermutation following anti...",,,,,,primary_research,unknown,no explicit cross-virus or strong viral host-mechanism terms matched,low,no strong literature-priority keywords matched,pending,
pmid-30621750,30621750,2019,An amplicon-based sequencing framework for accurately measuring intrahost virus diversity using PrimalSeq and iVar.,"How viruses evolve within hosts can dictate infection outcomes; however, reconstructing this process is challenging. We evaluate our multiplexed amplicon approach, PrimalSeq, to demonstrate how virus concentration, sequencing coverage, primer mismatches, and replicates influen...",CViSB,Kristian Andersen,,influenza;zika,,methods,candidate,relevant viral/host/pathway terms matched: virus,medium,older paper with relevant terms: virus,pending,
pmid-30606844,30606844,2019,Metagenomic sequencing at the epicenter of the Nigeria 2018 Lassa fever outbreak.,"The 2018 Nigerian Lassa fever season saw the largest ever recorded upsurge of cases, raising concerns over the emergence of a strain with increased transmission rate. To understand the molecular epidemiology of this upsurge, we performed, for the first time at the epicenter of...",,,,,,data_or_analysis,unknown,no explicit cross-virus or strong viral host-mechanism terms matched,medium,older paper with relevant terms: pathogen,pending,
pmid-30561561,30561561,2019,Low Admission Plasma Gelsolin Concentrations Identify Community-acquired Pneumonia Patients at High Risk for Severe Outcomes.,"BACKGROUND: Plasma gelsolin (pGSN) is an abundant circulating protein that neutralizes actin exposed by damaged cells, modulates inflammatory responses, and enhances alveolar macrophage antimicrobial activity. We investigated whether adults with low pGSN at hospital admission...",SCRIPT,Richard Wunderink,,,,primary_research,unknown,no explicit cross-virus or strong viral host-mechanism terms matched,low,no strong literature-priority keywords matched,pending,
pmid-30554520,30554520,2019,Single-Cell Transcriptomic Analysis of Human Lung Provides Insights into the Pathobiology of Pulmonary Fibrosis.,Rationale: The contributions of diverse cell populations in the human lung to pulmonary fibrosis pathogenesis are poorly understood. Single-cell RNA sequencing can reveal changes within individual cell populations during pulmonary fibrosis that are important for disease pathog...,,,,,transcriptomics,data_or_analysis,unknown,no explicit cross-virus or strong viral host-mechanism terms matched,low,no strong literature-priority keywords matched,pending,
pmid-30546099,30546099,2019,Tracking virus outbreaks in the twenty-first century.,"Emerging viruses have the potential to impose substantial mortality, morbidity and economic burdens on human populations. Tracking the spread of infectious diseases to assist in their control has traditionally relied on the analysis of case data gathered as the outbreak procee...",CViSB,Kristian Andersen,,,,data_or_analysis,candidate,relevant viral/host/pathway terms matched: virus,medium,"older paper with relevant terms: virus, pathogen",pending,
pmid-30485702,30485702,2019,Serological response to influenza vaccination among adults hospitalized with community-acquired pneumonia.,Ninety-five adults enrolled in the Etiology of Pneumonia in the Community study with negative admission influenza polymerase chain reaction (PCR) tests received influenza vaccination during hospitalization. Acute and convalescent influenza serology was performed. After vaccina...,SCRIPT,Richard Wunderink,,influenza,,primary_research,unknown,no explicit cross-virus or strong viral host-mechanism terms matched,low,no strong literature-priority keywords matched,pending,
pmid-30398927,30398927,2019,Multidimensional Assessment of the Host Response in Mechanically Ventilated Patients with Suspected Pneumonia.,Rationale: The identification of informative elements of the host response to infection may improve the diagnosis and management of bacterial pneumonia. Objectives: To determine whether the absence of alveolar neutrophilia can exclude bacterial pneumonia in critically ill pati...,SCRIPT,Alan Hauser;Richard Wunderink,pseudomonas_aeruginosa,influenza,transcriptomics,primary_research,unknown,no explicit cross-virus or strong viral host-mechanism terms matched,medium,"older paper with relevant terms: host, pathogen",pending,
pmid-30265290,30265290,2019,Pneumococcal and Legionella Urinary Antigen Tests in Community-acquired Pneumonia: Prospective Evaluation of Indications for Testing.,"BACKGROUND: Adult, community-acquired pneumonia (CAP) guidelines from the Infectious Diseases Society of America (IDSA) and American Thoracic Society (ATS) include indications for urinary antigen tests (UATs) for Streptococcus pneumoniae (SP) and Legionella pneumophila (LP). T...",SCRIPT,Richard Wunderink,,,,primary_research,unknown,no explicit cross-virus or strong viral host-mechanism terms matched,low,no strong literature-priority keywords matched,pending,
pmid-30170004,30170004,2019,DNA methylation as a transcriptional regulator of the immune system.,"DNA methylation is a dynamic epigenetic modification with a prominent role in determining mammalian cell development, lineage identity, and transcriptional regulation. Primarily linked to gene silencing, novel technologies have expanded the ability to measure DNA methylation o...",,,,,epigenomics,primary_research,unknown,no explicit cross-virus or strong viral host-mechanism terms matched,medium,older paper with relevant terms: host,pending,
pmid-30574558,30574558,2018,Antimicrobial Chemicals Associate with Microbial Function and Antibiotic Resistance Indoors.,"Humans purposefully and inadvertently introduce antimicrobial chemicals into buildings, resulting in widespread compounds, including triclosan, triclocarban, and parabens, in indoor dust. Meanwhile, drug-resistant infections continue to increase, raising concerns that building...",,,,influenza,proteomics,data_or_analysis,unknown,no explicit cross-virus or strong viral host-mechanism terms matched,medium,older paper with relevant terms: host,pending,
pmid-30512128,30512128,2018,Invasive Mechanical Ventilation.,"Invasive mechanical ventilation is a potentially lifesaving intervention for acutely ill patients. The goal of this review is to provide a concise, clinically focused overview of basic invasive mechanical ventilation for the many clinicians who care for mechanically ventilated...",,,,,,review,unknown,no explicit cross-virus or strong viral host-mechanism terms matched,low,no strong literature-priority keywords matched,pending,
pmid-30477498,30477498,2018,Inflammatory pathways are upregulated in the nasal epithelium in patients with idiopathic pulmonary fibrosis.,"Idiopathic pulmonary fibrosis (IPF) is characterized by progressive scarring of the lung parenchyma, leading to respiratory failure and death. High resolution computed tomography of the chest is often diagnostic for IPF, but its cost and the risk of radiation exposure limit it...",,,,,transcriptomics,data_or_analysis,candidate,relevant viral/host/pathway terms matched: pathway,low,no strong literature-priority keywords matched,pending,
pmid-30333617,30333617,2018,Antibody-mediated protection against Ebola virus.,"Recent Ebola virus disease epidemics have highlighted the need for effective vaccines and therapeutics to prevent future outbreaks. Antibodies are clearly critical for control of this deadly disease; however, the specific mechanisms of action of protective antibodies have yet...",,,,,,review,candidate,relevant viral/host/pathway terms matched: virus,medium,older paper with relevant terms: virus,pending,
pmid-30332564,30332564,2018,Genomic Analysis of Lassa Virus during an Increase in Cases in Nigeria in 2018.,"During 2018, an unusual increase in Lassa fever cases occurred in Nigeria, raising concern among national and international public health agencies. We analyzed 220 Lassa virus genomes from infected patients, including 129 from the 2017-2018 transmission season, to understand t...",CViSB,Robert Garry;Kristian Andersen,,,,primary_research,candidate,"relevant viral/host/pathway terms matched: virus, viral",medium,"older paper with relevant terms: virus, viral",pending,
pmid-30270406,30270406,2018,Effect and Safety of Meropenem-Vaborbactam versus Best-Available Therapy in Patients with Carbapenem-Resistant Enterobacteriaceae Infections: The TANGO II Randomized Clinical Trial.,"INTRODUCTION: Treatment options for carbapenem-resistant Enterobacteriaceae (CRE) infections are limited and CRE infections remain associated with high clinical failure and mortality rates, particularly in vulnerable patient populations. A Phase 3, multinational, open-label, r...",SCRIPT,Richard Wunderink,,,,primary_research,unknown,no explicit cross-virus or strong viral host-mechanism terms matched,low,no strong literature-priority keywords matched,pending,
pmid-30226837,30226837,2018,Large-scale investigation of the reasons why potentially important genes are ignored.,"Biomedical research has been previously reported to primarily focus on a minority of all known genes. Here, we demonstrate that these differences in attention can be explained, to a large extent, exclusively from a small set of identifiable chemical, physical, and biological p...",,,,,,primary_research,unknown,no explicit cross-virus or strong viral host-mechanism terms matched,low,no strong literature-priority keywords matched,pending,
pmid-30220838,30220838,2018,Systemic lupus erythematosus-associated diffuse alveolar hemorrhage: A case report and review of the literature.,"Systemic lupus erythematosus is associated with numerous pleuropulmonary complications. Although uncommon, diffuse alveolar hemorrhage represents a life-threatening cause of acute respiratory failure among patients with lupus. Here, we present a 24-year-old woman with a histor...",,,,,,review,unknown,no explicit cross-virus or strong viral host-mechanism terms matched,low,no strong literature-priority keywords matched,pending,
pmid-30185658,30185658,2018,Multidimensional assessment of alveolar T cells in critically ill patients.,"Pneumonia represents the leading infectious cause of death in the United States. Foxp3+ regulatory T cells promote recovery from severe pneumonia in mice, but T cell responses in patients with pneumonia remain incompletely characterized because of the limited ability to serial...",SCRIPT,Richard Wunderink,,influenza,transcriptomics;epigenomics,methods,unknown,no explicit cross-virus or strong viral host-mechanism terms matched,low,no strong literature-priority keywords matched,pending,
pmid-30153231,30153231,2018,Pneumococcal Colonization and the Nasopharyngeal Microbiota of Children in Botswana.,BACKGROUND: Nasopharyngeal colonization precedes infections caused by Streptococcus pneumoniae. A more detailed understanding of interactions between S. pneumoniae and the nasopharyngeal microbiota of children could inform strategies to prevent pneumococcal infections. METHODS...,,,,,,primary_research,unknown,no explicit cross-virus or strong viral host-mechanism terms matched,low,no strong literature-priority keywords matched,pending,
pmid-30096313,30096313,2018,Systematic Analysis of Monoclonal Antibodies against Ebola Virus GP Defines Features that Contribute to Protection.,"Antibodies are promising post-exposure therapies against emerging viruses, but which antibody features and in vitro assays best forecast protection are unclear. Our international consortium systematically evaluated antibodies against Ebola virus (EBOV) using multidisciplinary...",CViSB,Kristian Andersen,,influenza,,primary_research,candidate,"relevant viral/host/pathway terms matched: virus, viral",medium,"older paper with relevant terms: virus, viral",pending,
pmid-30092199,30092199,2018,A Role for Fc Function in Therapeutic Monoclonal Antibody-Mediated Protection against Ebola Virus.,"The recent Ebola virus (EBOV) epidemic highlighted the need for effective vaccines and therapeutics to limit and prevent outbreaks. Host antibodies against EBOV are critical for controlling disease, and recombinant monoclonal antibodies (mAbs) can protect from infection. Howev...",CViSB,Kristian Andersen,,,,primary_research,candidate,relevant viral/host/pathway terms matched: virus,medium,"older paper with relevant terms: virus, host",pending,
pmid-30038008,30038008,2018,Analysis of CD8(+) T cell response during the 2013-2016 Ebola epidemic in West Africa.,"The recent Ebola epidemic exemplified the importance of understanding and controlling emerging infections. Despite the importance of T cells in clearing virus during acute infection, little is known about Ebola-specific CD8+ T cell responses. We investigated immune responses o...",CViSB,Donald S Grant;Robert Garry;Kristian Andersen,,,,primary_research,candidate,"relevant viral/host/pathway terms matched: virus, viral",medium,"older paper with relevant terms: virus, viral",pending,
pmid-29942656,29942656,2018,Bayesian phylogenetic and phylodynamic data integration using BEAST 1.10.,The Bayesian Evolutionary Analysis by Sampling Trees (BEAST) software package has become a primary tool for Bayesian phylogenetic and phylodynamic inference from genetic sequence data. BEAST unifies molecular phylogenetic reconstruction with complex discrete and continuous tra...,,,,,,primary_research,unknown,no explicit cross-virus or strong viral host-mechanism terms matched,low,no strong literature-priority keywords matched,pending,
pmid-29908153,29908153,2018,Testing for Respiratory Viruses in Adults With Severe Lower Respiratory Infection.,Viral pathogens are a common cause of severe lower respiratory tract infection in adults. Our ability to rapidly and accurately identify viral infections has dramatically improved as slow culture-based techniques have been largely replaced by multiplex high-throughput systems....,SCRIPT,Richard Wunderink,,,,primary_research,candidate,relevant viral/host/pathway terms matched: viral,medium,older paper with relevant terms: viral,pending,
pmid-29880819,29880819,2018,"Pandemics: spend on surveillance, not prediction.",,CViSB,Kristian Andersen,,,,primary_research,unknown,no explicit cross-virus or strong viral host-mechanism terms matched,low,no strong literature-priority keywords matched,pending,
pmid-29866884,29866884,2018,DNA methylation regulates the neonatal CD4(+) T-cell response to pneumonia in mice.,"Pediatric acute lung injury, usually because of pneumonia, has a mortality rate of more than 20% and an incidence that rivals that of all childhood cancers combined. CD4+ T-cells coordinate the immune response to pneumonia but fail to function robustly among the very young, wh...",,,,,transcriptomics;epigenomics,data_or_analysis,candidate,relevant viral/host/pathway terms matched: pathway,low,no strong literature-priority keywords matched,pending,
pmid-29786110,29786110,2018,"Multi‑layered prevention and treatment of chronic inflammation, organ fibrosis and cancer associated with canonical WNT/β‑catenin signaling activation (Review).","β‑catenin/CTNNB1 is an intracellular scaffold protein that interacts with adhesion molecules (E‑cadherin/CDH1, N‑cadherin/CDH2, VE‑cadherin/CDH5 and α‑catenins), transmembrane‑type mucins (MUC1/CD227 and MUC16/CA125), signaling regulators (APC, AXIN1, AXIN2 and NHERF1/EBP50) a...",,,,hcv,,review,candidate,relevant viral/host/pathway terms matched: virus,medium,older paper with relevant terms: virus,pending,
pmid-29718447,29718447,2018,Posterior Summarization in Bayesian Phylogenetics Using Tracer 1.7.,Bayesian inference of phylogeny using Markov chain Monte Carlo (MCMC) plays a central role in understanding evolutionary history from molecular sequence data. Visualizing and analyzing the MCMC-generated samples from the posterior distribution is a key step in any non-trivial...,,,,,,primary_research,unknown,no explicit cross-virus or strong viral host-mechanism terms matched,low,no strong literature-priority keywords matched,pending,
pmid-29687624,29687624,2018,Environmental reservoirs for exoS+ and exoU+ strains of Pseudomonas aeruginosa.,"Pseudomonas aeruginosa uses its type III secretion system to inject the effector proteins ExoS and ExoU into eukaryotic cells, which subverts these cells to the bacterium's advantage and contributes to severe infections. We studied the environmental reservoirs of exoS+ and exo...",SCRIPT,Alan Hauser,pseudomonas_aeruginosa,,,data_or_analysis,unknown,no explicit cross-virus or strong viral host-mechanism terms matched,low,no strong literature-priority keywords matched,pending,
pmid-29678129,29678129,2018,ClustAGE: a tool for clustering and distribution analysis of bacterial accessory genomic elements.,BACKGROUND: The non-conserved accessory genome of bacteria can be associated with important adaptive characteristics that can contribute to niche specificity or pathogenicity of strains. High degrees of structural and compositional diversity in genomic islands and other elemen...,,,pseudomonas_aeruginosa,,,primary_research,unknown,no explicit cross-virus or strong viral host-mechanism terms matched,low,no strong literature-priority keywords matched,pending,
pmid-29511909,29511909,2018,Resistance Trends and Treatment Options in Gram-Negative Ventilator-Associated Pneumonia.,"PURPOSE OF REVIEW: Hospital-acquired and ventilator-associated pneumonia (VAP) are frequent causes of infection among critically ill patients. VAP is the most common hospital-acquired bacterial infection among mechanically ventilated patients. Unfortunately, many of the nosoco...",SCRIPT,Richard Wunderink;Alan Hauser,,,,review,unknown,no explicit cross-virus or strong viral host-mechanism terms matched,low,no strong literature-priority keywords matched,pending,
pmid-28935729,28935729,2017,"Complete Genome Sequence of Clostridioides difficile Epidemic Strain DH/NAP11/106/ST-42, Isolated from Stool from a Pediatric Patient with Diarrhea.","We report here the complete genome sequence of Clostridioides difficile strain DH/NAP11/106/ST-42, which is now the most common strain causing C. difficile infection among U.S. adults. This strain was isolated from the stool from a hospitalized pediatric patient with frequent...",SCRIPT,Alan Hauser,clostridioides_difficile,,,primary_research,unknown,no explicit cross-virus or strong viral host-mechanism terms matched,low,no strong literature-priority keywords matched,pending,
