paper_id,pmid,source_collection,year,title,center,pi_candidates,previous_subset_reason,parse_status,body_word_count,decision,decision_reason,title_abstract_virus_hits,title_abstract_specific_virus_hits,title_abstract_mechanism_hits,virus_hits,mechanism_hits,cross_virus_hits,off_topic_hits,non_viral_pathogen_hits,method_resource_hits,therapeutic_clinical_hits,body_excerpt
pmid-37758692,37758692,hpmi,2023,Proteomic and genetic analyses of influenza A viruses identify pan-viral host targets.,HPMI,,explicit cross-virus/shared-host signal,cached_normalized,19723,relevant,explicit cross-virus/shared-host full-text language: pan-viral,virus;viral;influenza;coronavirus;sars-cov-2;sars,influenza;coronavirus;sars-cov-2;sars;h1n1;h3n2;h5n1,host factor;host factors;interaction;interactions;protein interaction;replication;network,virus;viral;influenza;coronavirus;sars-cov-2;sars;covid-19,host factor;host factors;host response;pathway;pathways;interaction;interactions;interactome;protein interaction;proteomics;screen;replication;macrophage;epithelial;network,pan-viral,kidney,bacterium;salmonella;candida,,,"ntial to virus replication rather than directly targeting viral-encoded factors. Thus, HDTs largely side-step the challenge of developed drug resistance and have the potential for pan-viral efficacy, as many diverse viruses utilize the same host pathways 15 – 17 . Proteomic approaches that identify virus-host protein-protein interactions (PPIs) and virus-induced changes in host signaling pathways can pinpoint key host linchpins essential to virus propagation 18 – 33 . Global IAV-human PPI networ"
pmid-33060197,33060197,hpmi,2020,Comparative host-coronavirus protein interaction networks reveal pan-viral disease mechanisms.,HPMI,,explicit cross-virus/shared-host signal,normalized,16444,relevant,explicit cross-virus/shared-host full-text language: pan-viral,virus;viral;coronavirus;sars-cov-2;sars,coronavirus;sars-cov-2;sars,host factor;host factors;interaction;interactions;protein interaction;screen;network,virus;viral;coronavirus;sars-cov-2;sars;covid-19;hiv,host factor;host factors;pathway;interaction;interactions;interactome;protein interaction;proteomics;screen;crispr;dependency;replication;epithelial;network,pan-viral,fracture,bacterial;streptococcus;candida,,,"A central goal of this study is to understand, from a systems level, the conservation of target proteins and cellular processes between SARS-CoV-2, SARS-CoV-1, and MERS-CoV, thereby identifying shared vulnerabilities that can be targeted with antiviral therapeutics. All three strains encode four homologous structural proteins (E, M, N, and S) and 16 nonstructural proteins (Nsps). The latter are proteolytically cleaved from a polyprotein precursor that is expressed from one large open reading fra"
pmid-42013838,42013838,pi-backlog,2026,Systematic discovery of pro- and anti-HIV host factors in primary human CD4+ T cells.,HPMI,Andrej Sali,"viral context plus mechanism/resource terms: virus, viral, hiv, interaction",cached_normalized,15298,relevant,"viral context plus mechanism-rich title/abstract: hiv, virus, viral, hiv, host factor, host factors",virus;viral;hiv,hiv,host factor;host factors;interaction;screen;crispr,virus;viral;sars-cov-2;sars;hiv,host factor;host factors;pathway;pathways;interaction;interactions;protein interaction;proteomics;screen;crispr;dependency;restriction factor;replication;macrophage;network,,cancer;kidney,candida,,,"al infection are known as proviral or dependency factors, whereas those that inhibit viral infection are referred to as antiviral or restriction factors. 1 – 4 Modulation of these host factors represents a promising strategy to impede viral replication. Therefore, extensive efforts have been made to identify the critical host effectors that regulate HIV infection, including large-scale screens based on RNA interference and CRISPR-Cas9. 5 – 10 Unfortunately, the overlap between these efforts has"
pmid-37738970,37738970,hpmi,2023,SARS-CoV-2 variants evolve convergent strategies to remodel the host response.,HPMI,,candidate relevance plus virus/pathogen/assay support,cached_normalized,14280,relevant,"explicit cross-virus/shared-host full-text language: cross virus, conserved host",virus;viral;sars-cov-2;sars;covid-19,sars-cov-2;sars;covid-19,host response;interaction;interactions;protein interaction,virus;viral;influenza;coronavirus;sars-cov-2;sars;covid-19;hiv,host factor;host response;pathway;pathways;interaction;interactions;protein interaction;proteomics;transcriptomics;screen;immune evasion;replication;epithelial;network,cross virus;conserved host;host adaptation,ovarian,bacterial,,,"ally performed affinity purification-mass spectrometry (AP-MS) on ectopically overexpressed VOC and W1 proteins to define changes in virus-host protein interactions ( Fig. 1D ). Across virus and host, our proteomics data captured 58,000–62,000 unique peptides ( Fig. S1D ) mapping to 4800–5100 proteins ( Fig. S1E ) per sample for abundance, and 23,000–35,000 unique phosphorylated peptides ( Fig. S1F – G ) mapping to 3700–4300 phosphorylated proteins ( Fig. S1H ), with strong reproducibility acro"
pmid-42134328,42134328,hpmi,2026,Coronavirus protein interaction mapping in bat and human cells reveals network rewiring governing immune evasion and zoonotic potential.,HPMI,,explicit cross-virus/shared-host signal,cached_normalized,14226,relevant,"explicit cross-virus/shared-host full-text language: cross virus, shared host, conserved host",virus;coronavirus;sars-cov-2;sars,coronavirus;sars-cov-2;sars,interaction;interactions;protein interaction;restriction factor;immune evasion;network,virus;viral;influenza;coronavirus;sars-cov-2;sars;covid-19;hiv,host factor;host factors;host response;pathway;pathways;interaction;interactions;interactome;protein interaction;proteomics;transcriptomics;screen;dependency;restriction factor;immune evasion;replication;epithelial;network,cross virus;shared host;conserved host;host adaptation;species barriers,kidney,bacterial;candida,,,"PPI’). This analysis revealed differential binding to mitochondrial proteins Tom70 and MTARC2, particularly in bat cells ( Figure 3C ). While Orf9b-Tom70 interaction is conserved across viruses in HEK293T cells, SARS-CoV-2 interacts with Tom70 more strongly than RaTG13 in bat cells. Conversely, MTARC2-Orf9b interaction was detected only in bat cells and was enriched for RaTG13 Orf9b. MTARC2 is a mitochondrial amidoxime-reductase involved in lipid metabolism and redox regulation 27 , 28 and has n"
pmid-42182519,42182519,current-program,2026,Pathogen-specific host responses define distinct pneumonia endotypes in the human lung.,SCRIPT,Richard Wunderink,candidate relevance plus virus/pathogen/assay support,cached_normalized,13704,relevant,"virus-focused title/abstract plus weaker cross-virus framing in body: broad-spectrum, covid-19, host response, interaction, interactions, alveolar",covid-19,covid-19,host response;interaction;interactions;alveolar,virus;viral;influenza;sars-cov-2;sars;covid-19;hiv,host response;pathway;pathways;interaction;interactions;macrophage;alveolar;epithelial,broad-spectrum,hemodialysis,legionella;bacterial;fungal;streptococcus;pneumophila,,,"result, guideline-based care applies similar therapy to all hospitalized patients meeting the syndromic definition, necessarily leading to overtreatment. In particular, empirical broad-spectrum antibiotics are recommended regardless of the underlying pathogen, even when a viral etiology is identified, contributing to disruption of the patient microbiome and the emergence of antibiotic-resistant pathogens, a growing public health concern 5 . These limitations may partially explain the persistent"
pmid-34171302,34171302,hpmi,2021,"An ancient viral epidemic involving host coronavirus interacting genes more than 20,000 years ago in East Asia.",HPMI,,candidate relevance plus virus/pathogen/assay support,normalized,12795,relevant,explicit cross-virus/shared-host full-text language: multiple viruses,virus;viral;coronavirus;sars-cov-2;sars;covid-19,coronavirus;sars-cov-2;sars;covid-19,interaction;interactions,virus;viral;influenza;coronavirus;sars-cov-2;sars;covid-19;hiv;zika,interaction;interactions;interactome;protein interaction;screen;replication;network,multiple viruses;host adaptation,,candida,,,"manually curated from coronaviruses literature (e.g., SARS-CoV-1, MERS, HCoV-NL63, etc.; Data S1 C) 16 and are part of a larger set of 5,291 VIPs ( STAR Methods ; Data S1 A) from multiple viruses. 16 Our focus on VIPs is motivated by evidence indicating that these protein interactions are the central mechanism that viruses use to hijack the host cellular machinery. 16 , 19 Accordingly, VIPs are much more likely to have functional impacts on viruses than other proteins ( STAR Methods ). An alter"
pmid-32645325,32645325,hpmi,2020,The Global Phosphorylation Landscape of SARS-CoV-2 Infection.,HPMI,,candidate relevance plus virus/pathogen/assay support,normalized,11779,relevant,"virus-focused title/abstract plus weaker cross-virus framing in body: broad-spectrum, coronavirus, sars-cov-2, sars, covid-19, pathway",virus;viral;coronavirus;sars-cov-2;sars;covid-19,coronavirus;sars-cov-2;sars;covid-19,pathway;pathways;proteomics,virus;viral;influenza;coronavirus;sars-cov-2;sars;covid-19;hiv;dengue;ebola,host response;pathway;pathways;interaction;interactions;protein interaction;proteomics;dependency;restriction factor;replication;epithelial;network,broad-spectrum,cancer;tumor;leukemia;ovarian;kidney;acute myeloid leukemia,,,,"vaccines and therapies to protect against and treat COVID-19. Clinical management of COVID-19 is largely limited to infection prevention and supportive care. So far, remdesivir, a broad-spectrum antiviral agent, is the only medication approved for emergency use to treat COVID-19 by the US Food and Drug Administration (FDA) ( Grein et al., 2020 ). Although the evidence supporting remdesivir use in patients with advanced COVID-19 is promising, there remains an urgent need for potent SARS-CoV-2 the"
pmid-38411080,38411080,pi-backlog,2024,CRISPR-Cas9 screen of E3 ubiquitin ligases identifies TRAF2 and UHRF1 as regulators of HIV latency in primary human T cells.,HPMI,Melanie Ott,"viral context plus mechanism/resource terms: virus, viral, hiv, pathway, proteomics, screen",cached_normalized,11432,relevant,"viral context plus mechanism-rich title/abstract: hiv, virus, viral, hiv, pathway, pathways",virus;viral;hiv,hiv,pathway;pathways;interaction;interactions;proteomics;screen;crispr;replication,virus;viral;hiv,pathway;pathways;interaction;interactions;proteomics;screen;crispr;replication,,,,,,
pmid-37738983,37738983,hpmi,2023,Impact of SARS-CoV-2 ORF6 and its variant polymorphisms on host responses and viral pathogenesis.,HPMI,,candidate relevance plus virus/pathogen/assay support,cached_normalized,11339,relevant,"viral context plus mechanism-rich title/abstract: sars-cov-2, sars, virus, viral, sars-cov-2, sars",virus;viral;sars-cov-2;sars,sars-cov-2;sars,host response;interaction;interactions;immune evasion,virus;viral;coronavirus;sars-cov-2;sars;covid-19,host response;pathway;pathways;interaction;interactions;proteomics;screen;immune evasion;replication;alveolar;epithelial,,,bacterial,,,"ists such as ORF9B and ORF6, and enhanced innate immune suppression 24 . In this study, we closely dissect the impact of ORF6 and its recently emerged variant polymorphisms on the host response to SARS-CoV-2 infection to gain more detailed insights into the mechanisms employed by SARS-CoV-2 to escape innate antiviral responses and drive COVID-19 pathogenesis. We and others have previously shown that the SARS-CoV-2 accessory protein ORF6 directly interacts with Nup98-Rae1 at the nuclear pore comp"
pmid-31682641,31682641,pi-backlog,2019,The ETS transcription factor ELF1 regulates a broadly antiviral program distinct from the type I interferon response.,SYBIL,Adolfo Garcia-Sastre,explicit cross-virus or shared-host framing in title/abstract,normalized,11030,relevant,"viral context plus mechanism-rich title/abstract: influenza, virus, viral, influenza, host response, replication",virus;viral;influenza,influenza,host response;replication,virus;viral;influenza;zika;rsv;ebola;yellow fever virus,host response;pathway;pathways;interaction;interactions;protein interaction;screen;crispr;dependency;replication;alveolar;epithelial,,cancer;kidney,parasite;candida,,,"on and signaling are signal transducers and activators of transcription ( STAT s) and interferon-regulatory factors ( IRF s). Triggered by pathogen sensing and pattern recognition pathways, IRF3 and IRF7 bind to interferon promoters to initiate interferon production [ 6 ]. Upon interferon signal transduction, phosphorylated STAT1/2 and IRF9 form the interferon-stimulated gene factor 3 (ISGF3) complex, which localizes to interferon-sensitive response elements (ISREs) and initiates the transcripti"
pmid-36197970,36197970,pi-backlog,2022,"Common and species-specific molecular signatures, networks, and regulators of influenza virus infection in mice, ferrets, and humans.",SYBIL,Adolfo Garcia-Sastre,explicit cross-virus or shared-host framing in title/abstract,normalized,10803,relevant,"viral context plus mechanism-rich title/abstract: influenza, virus, viral, influenza, host factor, pathway",virus;viral;influenza,influenza,host factor;pathway;pathways;epithelial;network,virus;viral;influenza;coronavirus;sars-cov-2;sars;dengue,host factor;host factors;host response;pathway;pathways;interaction;interactions;protein interaction;replication;macrophage;epithelial;network,,tumor;prostate;kidney,bacterial;toxoplasma;candida,,,"widely used in influenza research, would provide insights into the commonalities and differences of the host immune responses to IAV infection, as well as the common and specific host factors that contribute to enhanced disease severity or resilience. Here, we carry out a comprehensive comparative study of RNA sequencing (RNA-seq) data derived from blood, primary epithelial cells, and lung tissues collected from IAV-infected humans, ferrets, and mice to identify conserved and species-specific"
pmid-42150007,42150007,pi-backlog,2026,Self-Dimerization Induced Proximity Targeting Chimeras (SDIPTAC) Lead to DCAF1 Loss of Function and Inhibition of HIV Replication.,HPMI,Melanie Ott,"viral context plus mechanism/resource terms: viral, hiv, interaction",cached_normalized,10668,relevant,"viral context plus mechanism-rich title/abstract: hiv, viral, hiv, interaction, replication",viral;hiv,hiv,interaction;replication,virus;viral;hiv,pathway;pathways;interaction;interactions;interactome;protein interaction;screen;restriction factor;immune evasion;replication;macrophage;network,,tumor,,,,"e SDIPTACs only consist of two identical ligands of the same drug target connected by a linker, exhibit no significant general toxicity, and are independent of protein degradation pathways, thereby avoiding most limitations associated with RIPTACs and PROTACs. This strategy could be applied to deactivate a wide range of drug targets regardless of their function and is practically effective for antagonizing the interaction between drug targets and their protein partners, especially when the inter"
pmid-30550790,30550790,hpmi,2018,Comparative Flavivirus-Host Protein Interaction Mapping Reveals Mechanisms of Dengue and Zika Virus Pathogenesis.,HPMI,,explicit cross-virus/shared-host signal,normalized,10594,relevant,"explicit cross-virus/shared-host full-text language: cross-virus, cross virus",virus;dengue;zika,dengue;zika;flavivirus,interaction;interactions;protein interaction;replication,virus;viral;influenza;hiv;dengue;zika,host factor;host factors;pathway;pathways;interaction;interactions;interactome;protein interaction;proteomics;screen;crispr;dependency;restriction factor;immune evasion;replication;network,cross-virus;cross virus;broad-spectrum,,parasite;candida,,,"act test), and 45 shared at the pathway or complex level ( Figure S6A ), suggesting that we are uncovering shared biology across both hosts. To gain a global understanding of how cross-virus and cross-host virus-host PPIs may be conserved at the complex and pathway level, enrichment analyses was performed on all three networks (DENV-human, ZIKV-human and DENV-mosquito) at the level of biological processes and cellular compartments ( Figures 4A and S6B , Table S5 ). One advantage of focusing on"
pmid-36095012,36095012,pi-backlog,2022,SIRT5 is a proviral factor that interacts with SARS-CoV-2 Nsp14 protein.,HPMI,Melanie Ott,"viral context plus mechanism/resource terms: viral, sars, interactome, interaction",normalized,10282,relevant,"viral context plus mechanism-rich title/abstract: sars-cov-2, sars, viral, sars-cov-2, sars, interaction",viral;sars-cov-2;sars,sars-cov-2;sars,interaction;interactome;replication,virus;viral;influenza;coronavirus;sars-cov-2;sars;covid-19;hiv,pathway;pathways;interaction;interactions;interactome;protein interaction;proteomics;crispr;restriction factor;replication;alveolar;epithelial,,cancer;tumor,bacterial;streptococcus,,inhibitor,"n cellular NAD levels. NAD is a necessary co-substrate, and SIRT5 activity is highly correlated with cellular NAD levels. In cells, most NAD is synthesized through the NAD salvage pathway [ 35 ]. Treating cells with the NAMPT inhibitor FK866 blocks the rate-limiting step in the pathway and rapidly depletes NAD levels, and supplementing cells with the NAD precursor nicotinamide mononucleotide (NMN) rescues the depletion [ 36 ] ( S1C Fig ). SIRT5 -KD cells were transfected for 24 hours with Nsp14"
pmid-40339581,40339581,current-program,2025,The recency and geographical origins of the bat viruses ancestral to SARS-CoV and SARS-CoV-2.,,,candidate relevance plus virus/pathogen/assay support,cached_normalized,10180,relevant,"viral context plus mechanism-rich title/abstract: sars-cov-2, sars, virus, viral, sars-cov-2, sars",virus;viral;sars-cov-2;sars,sars-cov-2;sars,interaction;interactions,virus;viral;sars-cov-2;sars,interaction;interactions,,,,,,
pmid-33464917,33464917,hpmi,2021,Proteomic Approaches to Study SARS-CoV-2 Biology and COVID-19 Pathology.,HPMI,,candidate relevance plus virus/pathogen/assay support,normalized,10019,relevant,"virus-focused title/abstract plus weaker cross-virus framing in body: species barriers, coronavirus, sars-cov-2, sars, covid-19, pathway",virus;viral;coronavirus;sars-cov-2;sars;covid-19,coronavirus;sars-cov-2;sars;covid-19,pathway;pathways;interaction;protein interaction;replication,virus;viral;influenza;coronavirus;sars-cov-2;sars;covid-19;hiv;zika;ebola;hepatitis b virus,host factor;host factors;host response;pathway;pathways;interaction;interactions;interactome;protein interaction;proteomics;transcriptomics;screen;dependency;restriction factor;replication;alveolar;network,species barriers,cancer;kidney,bacterial;candida,,,"gh identification of conserved virus-host interactions across different coronavirus species, host factors that increase or mitigate pathogenicity, severity, infectivity, and cross-species barriers could be identified. These data would be a starting point for designing pan-Coronavirus treatment strategies. During infection a complicated battle takes place wherein viruses must simultaneously rewire cellular pathways they need for replication while evading the host cell’s innate immune defenses. Pe"
pmid-36519174,36519174,pi-backlog,2022,Interaction between chicken TRIM25 and MDA5 and their role in mediated antiviral activity against IBDV infection.,SYBIL,Adolfo Garcia-Sastre,"viral context plus mechanism/resource terms: virus, viral, pathway, interaction",normalized,9834,relevant,"viral context plus mechanism-rich title/abstract: virus, viral, pathway, interaction, replication",virus;viral,,pathway;interaction;replication,virus;viral;influenza;coronavirus,pathway;pathways;interaction;interactions;crispr;restriction factor;replication;macrophage,,cancer,,,,"tightly regulated to prevent undesirable activation on uninfected cells, as well as exacerbated responses and excessive inflammation during infection. Therefore, immune signaling pathways are highly regulated by numerous positive and negative interactions, many of which are targeted by viral proteins in order to facilitate virus replication. Innate immunity is characterized by the expression of type I interferons (IFNs) and other pro-inflammatory cytokines, which are produced when host pattern"
pmid-33654293,33654293,current-program,2021,Single-cell meta-analysis of SARS-CoV-2 entry genes across tissues and demographics.,,,candidate relevance plus virus/pathogen/assay support,normalized,9516,relevant,"viral context plus mechanism-rich title/abstract: sars-cov-2, sars, covid-19, viral, sars-cov-2, sars",viral;sars-cov-2;sars;covid-19,sars-cov-2;sars;covid-19,pathway;pathways;macrophage;alveolar;epithelial,virus;viral;coronavirus;sars-cov-2;sars;covid-19,pathway;pathways;interaction;interactions;screen;macrophage;alveolar;epithelial;network,,cancer;ovarian;prostate;kidney,,,,"from different cell types in one tissue; cell programs distinguish double positive cells from the rest of the cells of the same type ( Methods ). Tissue programs were enriched in pathways related to viral infection and immune response, including phagosome structure, antigen processing and presentation, and apoptosis ( Fig. 4a , b , Supplementary Fig. 11a , b for selected genes, Supplementary Tables 7 - 10 ). These include CEACAM5 (lung, nasal, gut programs) and CEACAM6 42 (lung), surface attach"
pmid-35018374,35018374,pi-backlog,2022,SIRT5 is a proviral factor that interacts with SARS-CoV-2 Nsp14 protein.,HPMI,Melanie Ott,"viral context plus mechanism/resource terms: viral, sars, interactome, interaction",normalized,9503,relevant,"viral context plus mechanism-rich title/abstract: sars-cov-2, sars, viral, sars-cov-2, sars, interaction",viral;sars-cov-2;sars,sars-cov-2;sars,interaction;interactome;replication,virus;viral;influenza;coronavirus;sars-cov-2;sars;covid-19;hiv,pathway;pathways;interaction;interactions;interactome;protein interaction;proteomics;crispr;restriction factor;replication;alveolar;epithelial,,cancer;tumor,bacterial;streptococcus,,inhibitor,"n cellular NAD levels. NAD is a necessary co-substrate, and SIRT5 activity is highly correlated with cellular NAD levels. In cells, most NAD is synthesized through the NAD salvage pathway ( 35 ). Treating cells with the NAMPT inhibitor FK866 blocks the rate-limiting step in the pathway and rapidly depletes NAD levels, and supplementing cells with the NAD precursor nicotinamide mononucleotide (NMN) rescues the depletion ( 36 ) ( Supplementary Fig. S1B ). Sirt5 -KD cells were transfected for 24 ho"
pmid-32084337,32084337,hpmi,2020,A Quantitative Genetic Interaction Map of HIV Infection.,HPMI,,candidate relevance plus virus/pathogen/assay support,normalized,9493,relevant,explicit cross-virus/shared-host full-text language: pan-viral,viral;hiv,hiv,pathway;pathways;interaction;dependency,virus;viral;influenza;hiv,host factor;host factors;pathway;pathways;interaction;interactions;protein interaction;proteomics;screen;dependency;restriction factor;replication;epithelial;network,pan-viral,,bacterial;candida,,,"ound that CNOT1 knockdown upregulates ISG15 and IFIT1 in A549 lung epithelial cells, and reduces spreading infection of influenza-A, suggesting that depletion of CNOT1 may cause a pan-viral restriction of infection ( Figure S6 ). We hypothesized that the reduction of HIV infection accompanying knockout of CNOT1, 10 or 11 resulted from upregulation of ISGs. To identify which ISGs mediate this function, we targeted each of the top 30 genes upregulated by CNOT10 knockout (FDR < 0.01) with 3 guide"
pmid-31253590,31253590,hpmi,2019,ARIH2 Is a Vif-Dependent Regulator of CUL5-Mediated APOBEC3G Degradation in HIV Infection.,HPMI,,candidate relevance plus virus/pathogen/assay support,normalized,9434,relevant,"viral context plus mechanism-rich title/abstract: hiv, viral, hiv, proteomics, restriction factor",viral;hiv,hiv,proteomics;restriction factor,virus;viral;hiv,host factor;host factors;host response;pathway;interaction;interactions;interactome;protein interaction;proteomics;screen;crispr;restriction factor;replication;macrophage;network,,,candida,,,"with ARIH1 and ARIH2 for substrates of the CUL2 Vif/CBFß and CUL5 Vif/CBFß E3 ligases, respectively. To investigate the potential impact on HIV infection of the four Vif-dependent host factors identified here, ARIH1, ARIH2, ALIX or DCAF11, we selected them for further functional validation. To functionally validate the potential importance of Vif-dependent host factors, we used a recently developed platform for CRISPR-Cas9 genome engineering in primary CD4+ T cells ( Hultquist et al., 2019 ; 201"
pmid-34942634,34942634,hpmi,2022,Evolution of enhanced innate immune evasion by SARS-CoV-2.,HPMI,,candidate relevance plus virus/pathogen/assay support,normalized,9363,relevant,"virus-focused title/abstract plus weaker cross-virus framing in body: host adaptation, sars-cov-2, sars, interaction, proteomics, immune evasion",viral;sars-cov-2;sars,sars-cov-2;sars,interaction;proteomics;immune evasion;replication;epithelial,virus;viral;coronavirus;sars-cov-2;sars;covid-19;hiv,host response;pathway;pathways;interaction;interactions;proteomics;immune evasion;replication;epithelial;network,host adaptation,,,,,"oes Alpha express more Orf9b early in infection, but it may also be regulated more effectively by unknown host kinases to manipulate host innate immunity, consistent with enhanced host adaptation by Alpha. Our data reveal that changes outside the spike protein—including noncoding changes—are important in SARS-CoV-2 adaptation through influencing sgRNA and protein expression. For Alpha, we discovered an upregulation of key viral innate antagonists, Orf9b, Orf6 and N, leading to enhanced innate im"
pmid-41091914,41091914,current-program,2025,An intramuscular prime and mucosal boost vaccine regimen protects against lethal clade 2.3.4.4b H5N1 challenge in cynomolgus macaques.,CViSB,Kristian Andersen;Ryan McNamara,candidate relevance plus virus/pathogen/assay support,cached_normalized,9281,relevant,"viral context plus mechanism-rich title/abstract: influenza, h5n1, virus, viral, influenza, replication",virus;viral;influenza,influenza;h5n1,replication;alveolar,virus;viral;influenza;coronavirus;sars-cov-2;sars,screen;replication;macrophage;alveolar;network,,tumor;kidney,,,,"20 min. Reactions were stopped with excess EDTA. C3 deposition was quantified through anti-C3 FITC (MP Biomedicals, no. MP0855385). Flow cytometry was done on the Intellicyt iQue Screener PLUS (Intellicyt/Sartorius, no. 11811) and analyzed using Intellicyt Fore-Cyt version 8.1. Data were exported as .csv files and analyzed using R Studio version 7.0. Viral RNA was monitored by an RT-PCR assay targeting the H5N1 nucleocapsid. RNA was isolated using the Qiagen MinElute virus spin kit and eluted i"
pmid-34556855,34556855,hpmi,2021,Restriction factor compendium for influenza A virus reveals a mechanism for evasion of autophagy.,HPMI,,candidate relevance plus virus/pathogen/assay support,normalized,8919,relevant,"virus-focused title/abstract plus weaker cross-virus framing in body: broad-spectrum, influenza, interaction, proteomics, transcriptomics, screen",virus;viral;influenza,influenza,interaction;proteomics;transcriptomics;screen;restriction factor;replication,virus;viral;influenza;coronavirus;sars-cov-2;sars;zika,host factor;host factors;pathway;pathways;interaction;interactions;protein interaction;proteomics;transcriptomics;screen;crispr;dependency;restriction factor;replication;macrophage;epithelial;network,broad-spectrum,,legionella;bacterial;salmonella;pneumophila,,,"ular circuit probably represents a convergent evolutionary evasion strategy. Therefore, therapeutic targeting of this mechanism may be an important strategy for the development of broad-spectrum antivirals that act to restore lysosomal degradation of viral cargo. A549 (ATCC CCL-185), MDCK (ATCC CCL-34), HEK293T (ATCC CRL-3216) and MEF (ATCC CRL-2991) cells were cultured in DMEM (Fisher Scientific) supplemented with 10% FBS (Gibco), 1 mM sodium pyruvate (Life Technologies), 2 mM l -glutamine (Fis"
pmid-34986351,34986351,current-program,2022,Ebola virus delta peptide is an enterotoxin.,CViSB,Robert Garry,candidate relevance plus virus/pathogen/assay support,normalized,8781,relevant,"viral context plus mechanism-rich title/abstract: ebola, virus, ebola, pathway, pathways",virus;ebola,ebola,pathway;pathways,virus;viral;influenza;ebola,pathway;pathways;interaction;interactions;transcriptomics;replication;epithelial,,,bacterial,,,"peptide-treated tissues 9 h after treatment. Of the 3,320 gene sets in the analysis, 357 are upregulated at 9 h, using a false discovery rate cutoff 0.05. Only three mitochondrial pathways are downregulated in treated tissues at FDR %0.05. Over 70% of upregulated gene sets belong to three broad categories: (i) immune system and damage responses, (ii) growth and differentiation, and (iii) nucleotide, ribosome, and chromatin biochemistry, each with the proportions shown in Figure 5D . Example GSEA"
pmid-35632848,35632848,pi-backlog,2022,"Type I and Type II Interferon Antagonism Strategies Used by Paramyxoviridae: Previous and New Discoveries, in Comparison.",SYBIL,Adolfo Garcia-Sastre,"viral context plus mechanism/resource terms: viral, pathway",normalized,8710,relevant,"viral context plus mechanism-rich title/abstract: virus, viral, pathway, replication",virus;viral,,pathway;replication,virus;viral;influenza,host factor;host factors;pathway;pathways;interaction;interactions;replication;macrophage,,tumor,,,,"and the other with TRIM25 SPRY domain, in this way preventing TRIM25 mediated ubiquitination of RIG-I interrupting the downstream RIG-I mediated signaling. The discoveries of new host factors that regulate interferon activation have facilitated additional discoveries in how viruses have developed in parallel strategies to subvert these factors. This is true in the case of the recent discovery of de-phosphorylation and activation of RIG-I and MDA5 by PP1α/γ. MeV and NiV keep RIG-I and MDA5 in a"
pmid-42258748,42258748,current-program,2026,Longitudinal clinical proteomics reveals pneumonia type-specific protein biomarkers and autoantibodies.,CViSB,Donald S Grant;Richard Wunderink,candidate relevance plus virus/pathogen/assay support,cached_normalized,8699,relevant,"viral context plus mechanism-rich title/abstract: influenza, sars-cov-2, sars, covid-19, viral, influenza",viral;influenza;sars-cov-2;sars;covid-19,influenza;sars-cov-2;sars;covid-19,host response;proteomics;alveolar,virus;viral;influenza;sars-cov-2;sars;covid-19;hiv,host response;pathway;pathways;interaction;interactions;proteomics;screen;macrophage;alveolar;network,,tumor;kidney;diabetes,legionella;bacterial;fungal;staphylococcus;streptococcus;pneumophila,,,"Figure 1E ). Hierarchical clustering identified 12 protein modules (6 bacterial pneumonia–specific, 3 COVID-19–specific, 3 influenza-specific), which we further interrogated using pathway analysis. Proteins belonging to the bacterial pneumonia–specific modules were enriched, among other biological processes, in neutrophil degranulation (module B2), signaling by Rho GTPases (module B4), and respiratory electron transport (module B3) ( Figure 1F , Supplemental Figure 1C , and Supplemental Table 2"
pmid-30550789,30550789,hpmi,2018,Protein Interaction Mapping Identifies RBBP6 as a Negative Regulator of Ebola Virus Replication.,HPMI,,candidate relevance plus virus/pathogen/assay support,normalized,8659,relevant,"viral context plus mechanism-rich title/abstract: ebola, virus, viral, ebola, pathway, pathways",virus;viral;ebola,ebola,pathway;pathways;interaction;protein interaction;replication,virus;viral;influenza;hiv;ebola,host factor;host factors;pathway;pathways;interaction;interactions;interactome;protein interaction;screen;replication;macrophage;network,,kidney,bacterial,,,"nock-down may increase EBOV infection. To test this hypothesis, HeLa cells were transfected with siRNAs targeting RBBP6, alongside a scrambled siRNA and an siRNA targeting NPC1, a host factor essential for EBOV entry ( Miller et al., 2012 ). These cells were challenged with EBOV containing an EGFP reporter, and infected cells were quantified by microscopy 24 hours later. As expected, NPC1 knock-down inhibited infection relative to the mock transfected and scrambled siRNA treated controls ( Figur"
pmid-33333024,33333024,hpmi,2021,Genetic Screens Identify Host Factors for SARS-CoV-2 and Common Cold Coronaviruses.,HPMI,,candidate relevance plus virus/pathogen/assay support,normalized,8573,relevant,explicit cross-virus/shared-host full-text language: multiple viruses,virus;viral;coronavirus;sars-cov-2;sars,coronavirus;sars-cov-2;sars,host factor;host factors;pathway;pathways;screen;crispr;replication,virus;viral;coronavirus;sars-cov-2;sars;ebola,host factor;host factors;pathway;pathways;interaction;interactions;interactome;protein interaction;proteomics;screen;crispr;replication;epithelial;network,multiple viruses;broad-spectrum,,streptococcus;candida,,,"are potential targets for antiviral therapy. Host-directed therapy is advantageous as it allows pre-existing drugs to be repurposed, may provide broad-spectrum inhibition against multiple viruses, and is generally thought to be more refractory to viral escape mutations than drugs targeting viral factors ( Bekerman and Einav, 2015 ). We therefore explored whether the cellular pathways identified in our screens could serve as targets for therapy against coronavirus infection. Given the strong de"
pmid-39645657,39645657,current-program,2024,"Vimentin modulates regulatory T cell receptor-ligand interactions at distal pole complex, leading to dysregulated host response to viral pneumonia.",,,candidate relevance plus virus/pathogen/assay support,cached_normalized,8562,relevant,"viral context plus mechanism-rich title/abstract: influenza, viral, influenza, host response, interaction, interactions",viral;influenza,influenza,host response;interaction;interactions,virus;viral;influenza;coronavirus;covid-19,host response;pathway;interaction;interactions;macrophage;alveolar;epithelial;network,,tumor;kidney,,,inhibitor,"had increased Helios and CD73 expression, while no differences were observed in Foxp3 and CD25 expression compared to splenic nTregs from WT mice ( Figure S2E ). To evaluate the host response to viral pneumonia, WT and vimentin cKO mice were infected with a lethal dose of IAV. At 10 days post-infection (dpi), 80% of WT mice had died, while ~90% of vimentin cKO mice remained alive ( Figure 2A ). Vimentin cKO mice exhibited >50% survival, and surviving cKO mice exhibited mild lethargy, coat ruff"
pmid-41654489,41654489,pi-backlog,2026,Prenatal and postnatal effects of gestational immune activation on synaptic and neurodevelopmental pathways via epigenetic mechanisms.,SYBIL,Adolfo Garcia-Sastre,"viral context plus mechanism/resource terms: virus, influenza, transcriptome",cached_normalized,8551,relevant,"viral context plus mechanism-rich title/abstract: influenza, h1n1, virus, influenza, pathway, pathways",virus;influenza,influenza;h1n1,pathway;pathways;network,virus;viral;influenza,pathway;pathways;interaction;interactions;network,,diabetes,toxoplasma,,,"synaptic function and neurotransmission in offspring, impacting multiple neurotransmitter systems, including GABAergic, serotonergic, glutamatergic, dopaminergic, and cholinergic pathways [ 7 , 20 – 23 ]. The frontal cortex governs executive, cognitive, and emotional regulation and continues to mature well into adolescence [ 24 ]. Its prolonged developmental trajectory and extensive synaptic remodeling make it particularly sensitive to prenatal environmental disturbances [ 25 ]. Disrupted matu"
pmid-41917196,41917196,pi-backlog,2026,Programmable kinetic barcoding for multiplexed RNA detection with Cas13a.,HPMI,Melanie Ott,explicit cross-virus or shared-host framing in title/abstract,cached_normalized,8519,relevant,explicit cross-virus/shared-host full-text language: multiple viruses,virus;viral;sars-cov-2;sars,sars-cov-2;sars,interaction;crispr,virus;viral;influenza;coronavirus;sars-cov-2;sars,interaction;interactions;screen;crispr,multiple viruses,,,,,"PR-Cas13a offer rapid RNA detection by avoiding reverse transcription and DNA amplification required of gold-standard PCR assays, these assays are not easily multiplexed to detect multiple viruses or variants without dividing the sample into separate reactions. Here we show that Cas13a acting on single-target RNAs exhibits variable nuclease activity that depends on the interaction between the target RNA and crRNA. To exploit this feature for multiplexed detection, we devised a crRNA modification"
pmid-21483486,21483486,pi-backlog,2011,Dissection of the influenza A virus endocytic routes reveals macropinocytosis as an alternative entry pathway.,SYBIL,Adolfo Garcia-Sastre,"viral context plus mechanism/resource terms: virus, influenza, pathway",normalized,8443,relevant,"viral context plus mechanism-rich title/abstract: influenza, virus, influenza, pathway, pathways",virus;influenza,influenza,pathway;pathways,virus;viral;influenza,pathway;pathways;interaction;interactions;screen;dependency;replication;alveolar;epithelial;network,,,,,inhibitor,"ked glycoproteins or gangliosides or even to specific receptors within these groups) affects the subsequent endocytic steps. Obviously, knowledge about the repertoire of endocytic pathways that can successfully be used by IAV will increase our insights into cell and species tropism of IAV. In turn, this will contribute to our understanding of the requirements for the generation of novel viruses with pandemic potential that can arise by exchange of RNA segments between currently circulating human"
pmid-34937051,34937051,current-program,2022,Local and systemic responses to SARS-CoV-2 infection in children and adults.,SCRIPT,Richard Wunderink,candidate relevance plus virus/pathogen/assay support,normalized,8342,relevant,"viral context plus mechanism-rich title/abstract: sars-cov-2, sars, covid-19, viral, sars-cov-2, sars",viral;sars-cov-2;sars;covid-19,sars-cov-2;sars;covid-19,replication;epithelial,virus;viral;sars-cov-2;sars;covid-19,pathway;pathways;interaction;transcriptomics;screen;replication;macrophage;alveolar;epithelial,,cancer;tumor;ovarian;diabetes,,,,"n 25 . The most recent single-cell transcriptional study analysing the upper airways of children with mild COVID-19 revealed that higher expression of pattern recognition receptor pathways was related to a stronger innate immune response 11 . However, differences in the coordination of local and systemic immune responses to SARS-CoV-2 between children and adults including patients with severe COVID-19 remain to be elucidated. To address these questions and identify paediatric-specific responses"
pmid-32287326,32287326,pi-backlog,2020,Characterizing Emerging Canine H3 Influenza Viruses.,SYBIL,Adolfo Garcia-Sastre,"viral context plus mechanism/resource terms: influenza, network",normalized,8336,relevant,"virus-focused title/abstract plus weaker cross-virus framing in body: species barriers, influenza, network",virus;viral;influenza,influenza,network,virus;viral;influenza,screen;replication;epithelial;network,species barriers,cancer;kidney,candida,,,"H are important criteria for assessing emergence risk, as those have been observed to be key determinants in other examples of successful adaptation and transmission when crossing species barriers [ 23 ]. The amino acids around the receptor binding site of the H3 CIVs suggest preferential binding to α2,3-linked sialic acid (SA) receptors like other Eurasian lineage avian H3 viruses [ 3 ]. Indeed, glycan binding analysis confirmed that the binding profile of CIV-41915 differed qualitatively from"
pmid-39868236,39868236,current-program,2025,Tissue-resident skeletal muscle macrophages promote recovery from viral pneumonia-induced sarcopenia in normal aging.,CViSB,Donald S Grant,candidate relevance plus virus/pathogen/assay support,cached_normalized,8316,relevant,"viral context plus mechanism-rich title/abstract: influenza, covid-19, viral, influenza, covid-19, interaction",viral;influenza;covid-19,influenza;covid-19,interaction;macrophage,viral;influenza;covid-19,interaction;macrophage,,,,,,
pmid-41384839,41384839,current-program,2026,Maternal proteome profiling reveals dynamic gestational age-specific responses to de novo vaccination.,,,candidate relevance plus virus/pathogen/assay support,cached_normalized,8245,relevant,"viral context plus mechanism-rich title/abstract: coronavirus, covid-19, virus, coronavirus, covid-19, pathway",virus;coronavirus;covid-19,coronavirus;covid-19,pathway;pathways,virus;viral;coronavirus;sars-cov-2;sars;covid-19,pathway;pathways;interaction;interactions;proteomics;macrophage;network,,,,,,"ined by progressive increases in adipocytokine signaling, growth hormone synthesis, prolactin, AMPK and mTOR signaling; the second trimester by progressive downregulation in these pathways, in addition to downregulation in endocrine signaling pathways, T cell receptor and NOD-like receptor signaling, and dopamine signaling; and the third trimester by progressive increases in signaling in the apelin, Hippo, and Wnt signaling pathways, among others. Furthermore, administration of Dose 1 and Dose 2"
pmid-31375585,31375585,pi-backlog,2019,Innate Immune Response to Influenza Virus at Single-Cell Resolution in Human Epithelial Cells Revealed Paracrine Induction of Interferon Lambda 1.,SYBIL,Adolfo Garcia-Sastre,"viral context plus mechanism/resource terms: virus, viral, influenza, interaction",normalized,8184,relevant,explicit cross-virus/shared-host full-text language: multiple viruses,virus;influenza,influenza,interaction;interactions;replication;epithelial,virus;viral;influenza;rsv,host factor;host factors;host response;pathway;pathways;interaction;interactions;interactome;replication;epithelial,multiple viruses,tumor;kidney,candida,,,"tein and is also known to repress cellular gene expression ( 46 , 47 ). In conclusion, we found that the expression of viral proteins per cell is MOI dependent—due to infection by multiple viruses per cell at the higher MOI—and is associated with reduced transcription of cellular innate immune genes. Single-cell transcriptome analysis allows us the unique opportunity to tease out differences in the immune responses of infected cells, mainly elicited by sensing and autocrine signaling, and bystan"
pmid-41554267,41554267,pi-backlog,2026,"ALG-000184 (pevifoscorvir sodium) monotherapy in participants with chronic HBV infection: a phase 1, multicentre, randomised, dose escalation trial.",SYBIL,Sumit Chanda,"viral context plus mechanism/resource terms: virus, pathway",cached_normalized,8133,relevant,"viral context plus mechanism-rich title/abstract: hepatitis b virus, hbv, virus, viral, hepatitis b virus, hbv",virus;viral;hepatitis b virus;hbv,hepatitis b virus;hbv,pathway;screen;replication,virus;viral;covid-19;hepatitis b virus;hbv,pathway;screen;replication,,spinal,,,,"nd shortterm antiviral activity of orally administered ALG000184 in participants with HBeAgnegative and HBeAgpositive chronic HBV infection to determine the subsequent development pathway for this novel therapeutic. This phase 1, multicentre, randomised, dose escalation trial was designed to evaluate the safety, tolerability, pharmaco kinetics and preliminary antiviral effect of orally administered ALG000184 as a monotherapy. Parts 1 and 2 were done at a clinical pharmacology unit in New Zealan"
pmid-33730579,33730579,pi-backlog,2021,A genome-wide CRISPR screen identifies UFMylation and TRAMP-like complexes as host factors required for hepatitis A virus infection.,HPMI,Melanie Ott,"viral context plus mechanism/resource terms: virus, viral, screen",normalized,8099,relevant,explicit cross-virus/shared-host full-text language: shared host,virus;viral,,host factor;host factors;screen;crispr;replication,virus;viral;hepatitis b virus;hbv,host factor;host factors;pathway;pathways;interaction;interactions;screen;crispr;dependency;replication,shared host,,,,,"et al., 2016 ). Last, a comparison with results from a CRISPR screen for hepatitis B virus (HBV), a DNA virus replicating through reverse transcription, highlighted ZCCHC14 as a shared host dependency factor between HAV and HBV ( Figure S1D ; Hyrina et al., 2019 ). Together, these data illustrate that the host factor requirements for HAV are largely unique compared to other picornaviruses but reveal an unexpected commonality between HAV and HBV infection. To validate the results of our screen,"
pmid-37000623,37000623,current-program,2023,Fc-mediated pan-sarbecovirus protection after alphavirus vector vaccination.,CViSB,Ryan McNamara,explicit cross-virus/shared-host signal,normalized,8067,relevant,explicit cross-virus/shared-host full-text language: cross-virus,virus;coronavirus;sars-cov-2;sars,coronavirus;sars-cov-2;sars,replication,virus;viral;influenza;coronavirus;sars-cov-2;sars;covid-19;dengue,pathway;pathways;interaction;interactions;screen;replication;macrophage;alveolar;network,cross-virus,tumor;kidney,candida,,,"β-Coronaviruses (β-CoVs) have caused epidemic and pandemic disease in human populations in the twenty-first century. The 2002 severe acute respiratory coronavirus (SARS-CoV) and the 2019 SARS-CoV-2 represent prototype clade 1a and clade 1b group 2B β-CoV strains, belonging to subgenus sarbecovirus. SARS-CoV and SARS-CoV-2 likely emerged from bat reservoirs either through intermediate host transmission events or through direct spread into human populations. 1 , 2 The subgenus includes other highl"
pmid-39464067,39464067,pi-backlog,2024,Identification and Targeting of Regulators of SARS-CoV-2-Host Interactions in the Airway Epithelium.,SYBIL,Adolfo Garcia-Sastre;Michael Schotsaert,"viral context plus mechanism/resource terms: virus, sars, network, host response",cached_normalized,8019,relevant,"viral context plus mechanism-rich title/abstract: sars-cov-2, sars, virus, viral, sars-cov-2, sars",virus;viral;sars-cov-2;sars,sars-cov-2;sars,host response;pathway;pathways;interaction;interactions;crispr;epithelial;network,virus;viral;sars-cov-2;sars,host response;pathway;pathways;interaction;interactions;crispr;epithelial;network,,,,,,
pmid-41646792,41646792,current-program,2026,Longitudinal clinical proteomics reveals pneumonia type-specific protein biomarkers and autoantibodies.,SCRIPT,Richard Wunderink,candidate relevance plus virus/pathogen/assay support,cached_normalized,7965,relevant,"viral context plus mechanism-rich title/abstract: influenza, sars-cov-2, sars, covid-19, viral, influenza",viral;influenza;sars-cov-2;sars;covid-19,influenza;sars-cov-2;sars;covid-19,host response;proteomics;alveolar,virus;viral;influenza;sars-cov-2;sars;covid-19;hiv,host response;pathway;pathways;interaction;interactions;proteomics;screen;macrophage;alveolar;network,,tumor;kidney;diabetes,legionella;bacterial;fungal;staphylococcus;streptococcus;pneumophila,,,"( Fig. 1e ). Hierarchical clustering identified 12 protein modules (6 bacterial pneumonia-specific, 3 COVID-19-specific, 3 influenza-specific), which we further interrogated using pathway analysis. Proteins belonging to the bacterial pneumonia-specific modules were enriched, among other biological processes, in neutrophil degranulation (module B2), Signalling by Rho GTPases (module B4), and respiratory electron transport (module B3) ( Fig. 1f ; Fig. S1a ; Table S2). Consistent with these finding"
pmid-35337019,35337019,hpmi,2022,A BioID-Derived Proximity Interactome for SARS-CoV-2 Proteins.,HPMI,,candidate relevance plus virus/pathogen/assay support,normalized,7939,relevant,"viral context plus mechanism-rich title/abstract: coronavirus, sars-cov-2, sars, covid-19, virus, viral",virus;viral;coronavirus;sars-cov-2;sars;covid-19,coronavirus;sars-cov-2;sars;covid-19,pathway;pathways;interaction;interactions;interactome,virus;viral;coronavirus;sars-cov-2;sars;covid-19;zika;ebola,pathway;pathways;interaction;interactions;interactome;protein interaction;proteomics;screen;immune evasion;replication;alveolar;epithelial;network,,cancer,bacterial;candida,,,"lication of technologies that reveal how viral proteins behave in host cells. Current efforts to map the SARS-CoV-2 virus-host interactome have offered great insight into possible pathways directly affected by various viral proteins, yet differences in experimental approaches and data analysis methods inevitably lead to discrepancies when comparing reported interactomes [ 11 , 12 , 13 , 14 , 15 , 16 , 17 , 18 , 19 , 20 , 21 , 22 ]. As with any large-scale approach to identifying gene or protein"
pmid-21075352,21075352,pi-backlog,2010,Mouse STAT2 restricts early dengue virus replication.,SYBIL,Adolfo Garcia-Sastre,"viral context plus mechanism/resource terms: virus, viral, dengue, pathway",normalized,7849,relevant,"viral context plus mechanism-rich title/abstract: dengue, virus, viral, dengue, pathway, replication",virus;viral;dengue,dengue,pathway;replication,virus;viral;influenza;sars;dengue;rsv;ebola;yellow fever virus,host factor;host factors;pathway;pathways;interaction;interactions;protein interaction;restriction factor;replication;macrophage,,,bacterial,,,"nfected control samples ( Fig. 1D lanes 7 and 8). Thus the species specificity responsible for STAT2 degradation observed occurs at the level of STAT2 and is not due to additional host factors. We repeated the transfection based STAT2 degradation assay, this time in the hamster cell line BHK21, in order to determine whether NS5 alone was able to degrade STAT2 without additional human host factors. To mimic expression of NS5 as a precursor (absent the need of NS4b), HA-tagged NS5 was expressed in"
pmid-39138384,39138384,current-program,2024,Distinctive evolution of alveolar T cell responses is associated with clinical outcomes in unvaccinated patients with SARS-CoV-2 pneumonia.,CViSB,Donald S Grant;Richard Wunderink,candidate relevance plus virus/pathogen/assay support,cached_normalized,7840,relevant,"viral context plus mechanism-rich title/abstract: sars-cov-2, sars, sars-cov-2, sars, pathway, pathways",sars-cov-2;sars,sars-cov-2;sars,pathway;pathways;alveolar,virus;viral;coronavirus;sars-cov-2;sars;covid-19,pathway;pathways;interaction;interactions;screen;replication;macrophage;alveolar;network,,,legionella;bacterial;streptococcus,,,"8 and cluster 1_CD4) were associated with T cell proliferation, heightened immune cell activation typified by an enriched interferon γ (IFN-γ) and TNF signature, vascular-specific pathways and co-inhibitory markers ( Fig. 2b , Extended Data Fig. 5h – j , Supplementary Data 7 and Supplementary Data 8a – f ). Correlation analyses between differentially expressed genes in BAL CD8 + and CD4 + T cells and clinical variables, followed by GSEA with leading edge analysis, indicated that T cells from pa"
pmid-38648902,38648902,pi-backlog,2024,The IRE1α-XBP1 arm of the unfolded protein response is a host factor activated in SARS-CoV-2 infection.,SYBIL,Adolfo Garcia-Sastre;Michael Schotsaert,"viral context plus mechanism/resource terms: viral, sars, pathway, host factor",cached_normalized,7838,relevant,"viral context plus mechanism-rich title/abstract: sars-cov-2, sars, viral, sars-cov-2, sars, host factor",viral;sars-cov-2;sars,sars-cov-2;sars,host factor;pathway;replication;epithelial,viral;sars-cov-2;sars,host factor;pathway;replication;epithelial,,,,,,
pmid-32023470,32023470,pi-backlog,2020,OTUB1 Is a Key Regulator of RIG-I-Dependent Immune Signaling and Is Targeted for Proteasomal Degradation by Influenza A NS1.,SYBIL,Adolfo Garcia-Sastre,"viral context plus mechanism/resource terms: virus, viral, influenza, pathway",normalized,7821,relevant,"viral context plus mechanism-rich title/abstract: influenza, virus, viral, influenza, pathway, pathways",virus;viral;influenza,influenza,pathway;pathways,virus;viral;influenza;zika,host factor;host factors;pathway;pathways;interaction;screen;crispr;epithelial,,tumor;ovarian,candida,,,"antiviral genes. Not surprisingly, during the course of their co-evolution, viruses have acquired strategies to subvert such immune mechanisms by various means, such as exploiting host factors to their own advantage or triggering their degradation to dysregulate intracellular processes. Ubiquitylation is strategically positioned to fine-tune the magnitude and duration of immune signaling cascades and, therefore, is also an attractive target for viral subversion mechanisms (Ribet and Cossart, 20"
pmid-41034576,41034576,hpmi,2025,A miniature CRISPR-Cas10 enzyme confers immunity by inhibitory signalling.,HPMI,,candidate relevance plus virus/pathogen/assay support,cached_normalized,7779,relevant,"viral context plus mechanism-rich title/abstract: virus, viral, pathway, pathways, crispr, immune evasion",virus;viral,,pathway;pathways;crispr;immune evasion,virus;viral,pathway;pathways;crispr;immune evasion,,,,,inhibitor,
pmid-31921042,31921042,pi-backlog,2019,"Functional Characterization and Direct Comparison of Influenza A, B, C, and D NS1 Proteins in vitro and in vivo.",SYBIL,Adolfo Garcia-Sastre,"viral context plus mechanism/resource terms: viral, influenza, interaction",normalized,7688,relevant,"viral context plus mechanism-rich title/abstract: influenza, virus, viral, influenza, host factor, host factors",virus;viral;influenza,influenza,host factor;host factors;interaction;replication,virus;viral;influenza,host factor;host factors;pathway;interaction;interactions;replication;epithelial,,cancer;kidney,,,,"and IDV NS1 proteins are very different, suggesting that the mechanism(s) of counteracting host innate immune responses and/or interactions with host proteins involved in the IFN pathway, could be different for the NS1 proteins of these diverse influenza viruses. The IBV, ICV, and IDV NS1 proteins tested in our study do not have the ability to inhibit host gene expression ( Figure 1 ), similar to some IAV strains, such as PR8 ( Kochs et al., 2007 ). However, all of them were able to inhibit ISR"
pmid-34127972,34127972,hpmi,2021,Evolution of enhanced innate immune evasion by the SARS-CoV-2 B.1.1.7 UK variant.,HPMI,,candidate relevance plus virus/pathogen/assay support,normalized,7650,relevant,"viral context plus mechanism-rich title/abstract: sars-cov-2, sars, viral, sars-cov-2, sars, interaction",viral;sars-cov-2;sars,sars-cov-2;sars,interaction;proteomics;immune evasion;replication;epithelial,virus;viral;coronavirus;sars-cov-2;sars;hiv,host response;pathway;pathways;interaction;interactions;proteomics;immune evasion;replication;epithelial;network,,,,,,"sequence 33 , 34 . We therefore focused on characterising the mechanism of enhanced antagonism of the innate response which was unique to the B.1.1.7 lineage. To compare cellular host responses to SARS-CoV-2 variants, we performed global mass spectrometry-based protein abundance and phosphorylation profiling (i.e. phosphoproteomics) as well as total RNAseq on infected Calu-3 cells at 10 and 24 hours post infection (hpi) ( Fig. 2a , Table S1 ). The proteomic analysis was performed using a data-i"
pmid-39652575,39652575,pi-backlog,2025,HBV Remodels PP2A Complexes to Rewire Kinase Signaling in Hepatocellular Carcinoma.,HPMI,Trey Ideker,"viral context plus mechanism/resource terms: virus, interaction, network",cached_normalized,7627,relevant,"viral context plus mechanism-rich title/abstract: hepatitis b virus, hbv, virus, hepatitis b virus, hbv, host factor",virus;hepatitis b virus;hbv,hepatitis b virus;hbv,host factor;host factors;pathway;pathways;interaction;interactions;network,virus;hepatitis b virus;hbv,host factor;host factors;pathway;pathways;interaction;interactions;network,,cancer;tumor,,,inhibitor,
pmid-35325204,35325204,current-program,2022,Selection Analysis Identifies Clusters of Unusual Mutational Changes in Omicron Lineage BA.1 That Likely Impact Spike Function.,,,candidate relevance plus virus/pathogen/assay support,normalized,7605,relevant,"viral context plus mechanism-rich title/abstract: sars-cov-2, sars, virus, sars-cov-2, sars, interaction",virus;sars-cov-2;sars,sars-cov-2;sars,interaction;interactions,virus;viral;coronavirus;sars-cov-2;sars;hiv,interaction;interactions;restriction factor;immune evasion;replication;network,,,,,,"cs at the 13 codon sites encoding these amino acids indicates that the mutations at these sites in BA.1 are likely interacting with one another, that the combined effects of these interactions are likely adaptive, and that these adaptations likely underlie at least some of the recently discovered shifts in BA.1 Spike function. Relative to the Wuhan-Hu-1 reference variant of SARS-CoV-2, BA.1 has 30 nonsynonymous substitutions in its S-gene ( fig. 1 ). Sixteen of the codon sites where these mutati"
pmid-20617177,20617177,pi-backlog,2010,Adaptation of hepatitis C virus to mouse CD81 permits infection of mouse cells in the absence of human entry factors.,HPMI,Melanie Ott,"viral context plus mechanism/resource terms: virus, interaction",normalized,7533,relevant,"viral context plus mechanism-rich title/abstract: hcv, hepatitis c virus, virus, host factor, host factors, interaction",virus,hcv;hepatitis c virus,host factor;host factors;interaction;interactions,virus;viral,host factor;host factors;interaction;interactions;restriction factor;replication,,leukemia,,,,"l models. Besides humans the only host for HCV is the chimpanzee and an immunocompetent small animal model is still lacking. The restricted tropism of HCV likely reflects specific host factor requirements for entry, RNA-replication, assembly and release of virions. Although mouse cells have been shown to sustain HCV RNA replication [6] , the efficiency is low and release of progeny virus particles was not observed [7] . Moreover, cell entry of HCV into rodent cells is possible, but requires over"
pmid-42409264,42409264,pi-backlog,2026,Substrate and target selectivity of 4'-fluoroadenosine against viral and host polymerases.,SYBIL,Sumit Chanda,explicit cross-virus or shared-host framing in title/abstract,cached_normalized,7526,relevant,"virus-focused title/abstract plus weaker cross-virus framing in body: broad-spectrum, coronavirus, interaction, interactions",virus;viral;coronavirus,coronavirus,interaction;interactions,virus;viral;influenza;coronavirus;sars-cov-2;sars;hiv;dengue;rsv;ebola,pathway;interaction;interactions;proteomics;screen;replication;epithelial,broad-spectrum,kidney,bacterial,,,"ymes vary across viral families, the active site is generally conserved to accommodate nucleoside triphosphates (NTPs) (4) (5) (6) . This feature provides opportunities to develop broad-spectrum antivirals that could be rapidly employed against emerging pathogens. Nucleoside and nucleotide analogs (NAs) mimic natural NTPs and commonly inhibit viral RNA synthesis once incorporated into the growing RNA strand (4, 7) . Remdesivir (RDV), a 1 ′ -cyano modified C-linked adenosine monophosphate prodru"
pmid-32415096,32415096,pi-backlog,2020,mRNA display with library of even-distribution reveals cellular interactors of influenza virus NS1.,SYBIL,Sumit Chanda,"viral context plus mechanism/resource terms: virus, influenza, interaction",normalized,7514,relevant,"viral context plus mechanism-rich title/abstract: influenza, virus, influenza, interaction, interactions, protein interaction",virus;influenza,influenza,interaction;interactions;protein interaction,virus;viral;influenza;dengue,host factor;host factors;host response;pathway;pathways;interaction;interactions;interactome;protein interaction;screen;replication;network,,,candida,,,"lusters, a few other novel interactors have known functional roles in viral replication (Fig. 2d ). Overall, the identified binders were significantly enriched for influenza virus host factors when compared with cellular proteins globally (chi-square test, P = 0.002) 1 , reflecting the linkage between physical and functional interactions. To obtain a detailed comparison between md-LED and AP-MS, we performed quantitative AP-MS using the same NS1. NS1 and GFP were cloned with a C-terminal 2xStrep"
pmid-32353859,32353859,hpmi,2020,A SARS-CoV-2 protein interaction map reveals targets for drug repurposing.,HPMI,,candidate relevance plus virus/pathogen/assay support,normalized,7488,relevant,"explicit cross-virus/shared-host full-text language: multiple viruses, pan-viral",virus;viral;coronavirus;sars-cov-2;sars;covid-19,coronavirus;sars-cov-2;sars;covid-19,host factor;host factors;interaction;interactions;protein interaction;screen,virus;viral;influenza;coronavirus;sars-cov-2;sars;covid-19;hiv,host factor;host factors;pathway;pathways;interaction;interactions;interactome;protein interaction;proteomics;screen;restriction factor;replication;epithelial;network,multiple viruses;pan-viral;broad-spectrum,cancer;kidney,mycobacter;tuberculosis;bacterium;candida,,inhibitor;preclinical,", 26 We also identified interactions between SARS-CoV-2 Orf6 and NUP98-RAE1 ( Fig. 4a i ), an interferon-inducible mRNA nuclear export complex 27 that is hijacked or degraded by multiple viruses including VSV, Influenza-A, KSHV, and Polio, and is a restriction factor for Influenza-A infection 28 – 31 . The X-ray structure of VSV M protein complexed with NUP98-RAE1 32 reveals key binding interactions, including a buried methionine residue on the M protein packing into a hydrophobic pocket in RA"
pmid-32720752,32720752,current-program,2020,Impaired phagocytic function in CX3CR1(+) tissue-resident skeletal muscle macrophages prevents muscle recovery after influenza A virus-induced pneumonia in old mice.,,,candidate relevance plus virus/pathogen/assay support,normalized,7362,relevant,"viral context plus mechanism-rich title/abstract: influenza, virus, influenza, pathway, pathways, macrophage",virus;influenza,influenza,pathway;pathways;macrophage,virus;viral;influenza;coronavirus;sars,pathway;pathways;interaction;interactions;transcriptomics;screen;crispr;replication;macrophage;alveolar,,kidney,,,,"istent with previous reports that MERTK is necessary for cardiac repair after myocardial infarction and that mesenchymal stem cells promote cardiac repair by activating phagocytic pathways in cardiac macrophages, strengthening the causal association between tissue‐resident skeletal muscle macrophage function and muscle satellite cell proliferation (DeBerge et al., 2017 ; Vagnozzi et al., 2020 ; Zhang et al., 2019 ). Our findings fit into an emerging body of literature implicating impaired phago"
pmid-35417684,35417684,hpmi,2022,Global post-translational modification profiling of HIV-1-infected cells reveals mechanisms of host cellular pathway remodeling.,HPMI,,candidate relevance plus virus/pathogen/assay support,normalized,7334,relevant,"viral context plus mechanism-rich title/abstract: hiv, virus, hiv, pathway, pathways, proteomics",virus;hiv,hiv,pathway;pathways;proteomics,virus;viral;influenza;hiv,pathway;pathways;interaction;interactions;protein interaction;proteomics;screen;crispr;replication;macrophage;network,,,,,,"The HIV-1 genome encodes several accessory genes that are dispensable for replication in some cell lines but are required in vivo for replication and evasion of host antiviral pathways. Three HIV-1 accessory genes, Vif , Vpr , and Vpu , encode proteins that bind to Cullin RING-type E3 ubiquitin ligases (CRLs) to rewire host ubiquitination systems and to antagonize antiviral host pathways ( Sauter and Kirschhoff, 2018 ). The HIV-1 Vif protein binds to the Cullin-5/Elongin-B/Elongin-C (CRL5 El"
pmid-34981043,34981043,current-program,2021,Context-specific emergence and growth of the SARS-CoV-2 Delta variant.,,,candidate relevance plus virus/pathogen/assay support,normalized,7272,relevant,"viral context plus mechanism-rich title/abstract: sars-cov-2, sars, covid-19, virus, sars-cov-2, sars",virus;sars-cov-2;sars;covid-19,sars-cov-2;sars;covid-19,interaction;interactions,virus;viral;coronavirus;sars-cov-2;sars;covid-19,interaction;interactions,,ovarian,,,,"To provide global context for the emergence of Delta in the UK, we first conducted a phylodynamic analysis of 975 Delta SARS-CoV-2 genome sequences sampled evenly by collection date between March 4, 2021 and June 15, 2021. Details of the origin and spread of Delta within India are still uncertain but coincided with a substantial increase in genomic surveillance across the country which will likely facilitate the study of these important events, but is outside the scope of this work. However, to"
pmid-21852950,21852950,pi-backlog,2011,Differential contribution of PB1-F2 to the virulence of highly pathogenic H5N1 influenza A virus in mammalian and avian species.,SYBIL,Adolfo Garcia-Sastre,explicit cross-virus or shared-host framing in title/abstract,normalized,7210,relevant,"virus-focused title/abstract plus weaker cross-virus framing in body: species barriers, influenza, h5n1, replication",virus;viral;influenza,influenza;h5n1,replication,virus;viral;influenza,host factor;host factors;host response;interaction;screen;replication;macrophage;alveolar;epithelial,species barriers,kidney,bacterial,,,"HO: updated January 20 th , 2011). Unlike seasonal influenza A viruses, HPAIVs do not yet have the ability to spread directly from human-to-human, a likely consequence of multiple species barriers, including their preferential attachment to alpha 2,3-linked sialic acids which are rarely present in the upper regions of the human respiratory tract [2] . However, human infections with these viruses often clinically manifest with an unusual hyperactivation of the host immune response, vast overprodu"
pmid-34981069,34981069,current-program,2021,Context-specific emergence and growth of the SARS-CoV-2 Delta variant.,,,candidate relevance plus virus/pathogen/assay support,normalized,7175,relevant,"viral context plus mechanism-rich title/abstract: sars-cov-2, sars, covid-19, virus, sars-cov-2, sars",virus;sars-cov-2;sars;covid-19,sars-cov-2;sars;covid-19,interaction;interactions,virus;viral;coronavirus;sars-cov-2;sars;covid-19,interaction;interactions,,ovarian,,,,"To provide global context for the emergence of Delta in the UK, we first conducted a phylodynamic analysis of 975 Delta SARS-CoV-2 genome sequences sampled evenly by collection date between March 4, 2021 and June 15, 2021. Details of the origin and spread of Delta within India are still uncertain but coincided with a substantial increase in genomic surveillance across the country which will likely facilitate the study of these important events, but is outside the scope of this work. However, to"
pmid-34129317,34129317,pi-backlog,2021,Screening a Library of FDA-Approved and Bioactive Compounds for Antiviral Activity against SARS-CoV-2.,HPMI,Melanie Ott,explicit cross-virus or shared-host framing in title/abstract,normalized,7102,relevant,"viral context plus mechanism-rich title/abstract: coronavirus, sars-cov-2, sars, covid-19, virus, viral",virus;viral;coronavirus;sars-cov-2;sars;covid-19,coronavirus;sars-cov-2;sars;covid-19,pathway;pathways;screen;replication;epithelial,virus;viral;coronavirus;sars-cov-2;sars;covid-19,host factor;host factors;pathway;pathways;interaction;proteomics;screen;dependency;replication;epithelial,,cancer;kidney,bacterial;candida,,inhibitor;repurposing screen;preclinical,"s based upon their proposed mechanism of action, including (1) protein kinase and protease inhibitors, (2) anti-inflammatory compounds, (3) direct-acting antivirals, and (4) other host factor-targeting compounds. This set of hits contained compounds with previously reported SARS-CoV-2 antiviral activity (dinaciclib, GC376 sodium, cyclosporin A, and camostat mesylate) and seven compounds that have not previously been reported to have anti-SARS-CoV-2 activity (Table 2 ). [21] [22] [23] [24] Previo"
pmid-32240278,32240278,pi-backlog,2020,Chemical intervention of influenza virus mRNA nuclear export.,SYBIL,Adolfo Garcia-Sastre,"viral context plus mechanism/resource terms: virus, viral, influenza, pathway, screen",normalized,7064,relevant,"viral context plus mechanism-rich title/abstract: influenza, virus, viral, influenza, pathway, screen",virus;viral;influenza,influenza,pathway;screen;replication,virus;viral;influenza,pathway;pathways;interaction;interactions;screen;crispr;replication;epithelial;network,,,candida,,inhibitor,"ocessing factors [ 10 ], and that this process requires key viral-host interactions for both splicing and nuclear export of the viral M2 mRNA [ 9 , 11 – 13 ]. These data suggest a pathway in which the viral NS1 protein interacts with the cellular NS1-BP protein, which in turn binds hnRNP K to target the M1 mRNA from the nucleoplasm to nuclear speckles. At this nuclear body, the U1 snRNP and/or dissociation of NS1 induces a remodeling of the protein-RNA complex in a manner that hnRNP K recruits U"
pmid-24586175,24586175,pi-backlog,2014,Human genome-wide RNAi screen identifies an essential role for inositol pyrophosphates in Type-I interferon response.,SYBIL,Adolfo Garcia-Sastre,"viral context plus mechanism/resource terms: viral, influenza, pathway, screen",normalized,7030,relevant,"viral context plus mechanism-rich title/abstract: influenza, virus, viral, influenza, pathway, screen",virus;viral;influenza,influenza,pathway;screen,virus;viral;influenza,host response;pathway;pathways;proteomics;screen;macrophage;network,,kidney,,,,"The innate immune system, a primordial yet highly organized defense mechanism, plays critical roles in the host response against RNA viruses. The first step in the innate immune response involves recognition of pathogen-associated molecular patterns by several host encoded pattern recognition receptors (PRR). A key mediator of antiviral immunity is the type-I interferon family of cytokines, which are transcribed upon detect"
pmid-38045338,38045338,hpmi,2023,Assembly reactions of SARS-CoV-2 nucleocapsid protein with nucleic acid.,HPMI,,candidate relevance plus virus/pathogen/assay support,cached_normalized,7025,relevant,"viral context plus mechanism-rich title/abstract: sars-cov-2, sars, viral, sars-cov-2, sars, interaction",viral;sars-cov-2;sars,sars-cov-2;sars,interaction;interactions;protein interaction,virus;viral;coronavirus;sars-cov-2;sars,pathway;pathways;interaction;interactions;protein interaction;dependency;immune evasion,,,bacterial,,,"ring ( 1 , 2 ). vRNPs have 14 −16 nm sized pillar-shaped structures, are heterogeneous, and are composed of nucleocapsid (N-)protein and RNA with unknown architecture and assembly pathway. N-protein is a 419 aa protein highly expressed in infected cells, and besides its key role in vRNP formation it is highly multifunctional ( 3 – 5 ). It consists in two folded domains, the NTD and CTD, which are linked and flanked by large intrinsically disordered regions (IDRs) termed N-arm, linker, and C-arm"
pmid-39580801,39580801,pi-backlog,2024,TRIM65 regulates innate immune signaling by enhancing K6-linked ubiquitination of IRF3 and its chromatin recruitment.,SYBIL,Adolfo Garcia-Sastre,"viral context plus mechanism/resource terms: viral, interaction",cached_normalized,6992,relevant,"viral context plus mechanism-rich title/abstract: viral, pathway, pathways, interaction",viral,,pathway;pathways;interaction,virus;viral;influenza,pathway;pathways;interaction;interactions;protein interaction;screen;crispr;replication;macrophage;network,,tumor,,,,"id-inducible gene-I (RIG-I)-like receptors (RLRs) family, have been described as the main receptors in the recognition of RNA viruses. They initiate the interferon (IFN) induction pathway by sensing nonself-pathogen-associated molecular patterns (PAMPs) in the cytoplasm after infection. 1, 2 Specifically, upon sensing of intracellular viral RNA in the infected cell, the signal is transduced downstream through mitochondrial antiviral signaling (MAVS) protein. This adaptor protein subsequently rec"
pmid-33429418,33429418,current-program,2021,Circuits between infected macrophages and T cells in SARS-CoV-2 pneumonia.,CViSB,Donald S Grant;Richard Wunderink,candidate relevance plus virus/pathogen/assay support,normalized,6985,relevant,"viral context plus mechanism-rich title/abstract: coronavirus, sars-cov-2, sars, covid-19, virus, coronavirus",virus;coronavirus;sars-cov-2;sars;covid-19,coronavirus;sars-cov-2;sars;covid-19,macrophage;alveolar,virus;viral;influenza;coronavirus;sars-cov-2;sars;covid-19,screen;replication;macrophage;alveolar;epithelial;network,,,legionella;bacterial;fungal;streptococcus,,,". Patients ≥ 18 years of age with suspicion of pneumonia based on clinical criteria (including but not limited to fever, radiographic infiltrate, and respiratory secretions) were screened for enrollment into the SCRIPT study. Inability to safely perform BAL or NBBAL were considered exclusion criteria 44 . In our center, patients with respiratory failure are intubated based on the judgement of bedside clinicians for worsening hypoxemia, hypercapnia, or work of breathing refractory to high-flow o"
pmid-29370303,29370303,pi-backlog,2018,MERS-CoV 4b protein interferes with the NF-κB-dependent innate immune response during infection.,SYBIL,Adolfo Garcia-Sastre,"viral context plus mechanism/resource terms: virus, coronavirus, interaction",normalized,6857,relevant,"viral context plus mechanism-rich title/abstract: coronavirus, virus, viral, coronavirus, pathway, pathways",virus;viral;coronavirus,coronavirus,pathway;pathways;interaction,virus;viral;influenza;coronavirus;sars;ebola,pathway;pathways;interaction;interactions;proteomics;screen;replication;epithelial,,kidney,,,,"κB activity is essential for lymphocyte survival and activation, and for initiating and propagating optimal immune responses. By contrast, the constitutive activation of the NF-κB pathway is often associated with inflammatory diseases, such as rheumatoid arthritis and asthma. Exacerbated NF-κB activity has been demonstrated to be important for the inflammatory immunopathology induced by respiratory viruses such as severe acute respiratory syndrome (SARS)-CoV [ 5 , 6 ] and influenza A virus [ 7 ]"
pmid-38306481,38306481,pi-backlog,2024,Viral afterlife: SARS-CoV-2 as a reservoir of immunomimetic peptides that reassemble into proinflammatory supramolecular complexes.,UCLA-Persistent-BSI,Michael Yeaman,"viral context plus mechanism/resource terms: viral, coronavirus, sars, transcriptome",cached_normalized,6836,relevant,"viral context plus mechanism-rich title/abstract: coronavirus, sars-cov-2, sars, covid-19, virus, viral",virus;viral;coronavirus;sars-cov-2;sars;covid-19,coronavirus;sars-cov-2;sars;covid-19,macrophage;epithelial,virus;viral;coronavirus;sars-cov-2;sars;covid-19,macrophage;epithelial,,,,,,
pmid-41459948,41459948,pi-backlog,2026,Disease modulation by TIV vaccination during secondary pneumococcal infections in influenza-infected mice.,SYBIL,Michael Schotsaert,"viral context plus mechanism/resource terms: virus, viral, influenza, host response",cached_normalized,6825,relevant,"viral context plus mechanism-rich title/abstract: influenza, h1n1, virus, viral, influenza, host response",virus;viral;influenza,influenza;h1n1,host response;macrophage;alveolar,virus;viral;influenza;sars-cov-2;sars,host response;pathway;interaction;interactions;replication;macrophage;alveolar;epithelial,,kidney,mycobacter;tuberculosis;bacterial;bacterium;staphylococcus;streptococcus,,preclinical,"mune response to influenza virus in the two different scenarios. We also explored the role of pre-existing immunity to influenza, provided by TIV vaccination, on modulation of the host response to infection. Our results show that mortality rates are elevated in both coinfections and superinfections in the context of NC99 and Spn challenges that are sublethal on their own. Relevant differences were detected between the two secondary infection regimes. Superinfection led to 100% mortality within"
pmid-39187718,39187718,hpmi,2024,Birth of protein folds and functions in the virome.,HPMI,,candidate relevance plus virus/pathogen/assay support,cached_normalized,6818,relevant,"viral context plus mechanism-rich title/abstract: virus, viral, interaction, interactions, immune evasion, replication",virus;viral,,interaction;interactions;immune evasion;replication,virus;viral,interaction;interactions;immune evasion;replication,,,,,,
pmid-27783955,27783955,pi-backlog,2016,A Cas9 Ribonucleoprotein Platform for Functional Genetic Studies of HIV-Host Interactions in Primary Human T Cells.,HPMI,Jennifer Doudna,"viral context plus mechanism/resource terms: viral, hiv, dependency, screen",normalized,6695,relevant,"viral context plus mechanism-rich title/abstract: hiv, viral, hiv, host factor, host factors, interaction",viral;hiv,hiv,host factor;host factors;interaction;interactions;screen;crispr;dependency;restriction factor,virus;viral;hiv,host factor;host factors;pathway;pathways;interaction;interactions;protein interaction;screen;crispr;dependency;restriction factor;replication,,,candida,,,"5 gene that prevented HIV entry into these cells ( Allers et al., 2011 ; Hutter et al., 2009 ). This success has motivated ongoing efforts to engineer human immune cells that lack host factors required for HIV pathogenesis as a means to achieve a permanent cure ( Baltimore, 1988 ; Deeks and McCune, 2010 ; Leibman and Riley, 2015 ). Several clinical trials are currently underway using zinc-finger nucleases (ZFNs) to delete the HIV co-receptors CXCR4 and CCR5 to generate immune cells that are res"
pmid-38643200,38643200,current-program,2024,Deviations in RSV epidemiological patterns and population structures in the United States following the COVID-19 pandemic.,,,candidate relevance plus virus/pathogen/assay support,cached_normalized,6677,relevant,explicit cross-virus/shared-host full-text language: pan-viral,virus;covid-19;rsv,covid-19;rsv,,virus;viral;influenza;sars-cov-2;sars;covid-19;rsv,immune evasion;replication;network,pan-viral,,,,,"ined by an increase in outpatient detections, which is strongly associated with a shift in the diagnostic testing platforms being used in our hospital system. The increased use of pan-viral molecular diagnostics platforms may increase the number of incidental detections that must be considered when interpreting epidemiological trends. This observed increase in molecular diagnostic usage could likewise be attributed to shifts in practice and societal norms regarding testing. Namely, changes in in"
pmid-30209081,30209081,pi-backlog,2018,Multiple Routes to Oncogenesis Are Promoted by the Human Papillomavirus-Host Protein Network.,HPMI,Trey Ideker,"viral context plus mechanism/resource terms: virus, viral, pathway, interaction, network",normalized,6676,relevant,"viral context plus mechanism-rich title/abstract: virus, viral, pathway, interaction, interactions, protein interaction",virus;viral,,pathway;interaction;interactions;protein interaction;network,virus;viral,pathway;pathways;interaction;interactions;interactome;protein interaction;crispr;replication;epithelial;network,,cancer;tumor;kidney;breast cancer,,,,"number of other tumor suppressors and proto-oncoproteins have been established as viral targets, suggesting that establishment of infection and tumorigenesis share a set of common pathways ( 7 – 9 ). Focusing on these known oncogenic viral proteins, previous studies have used affinity purification-mass spectrometry (AP-MS) or yeast two-hybrid methods to construct catalogs of HPV-human PPI networks ( 9 – 12 ). However, a complete interactome between all HPV and human proteins is still lacking, an"
pmid-35982664,35982664,hpmi,2022,NF-κB inhibitor alpha has a cross-variant role during SARS-CoV-2 infection in ACE2-overexpressing human airway organoids.,HPMI,,candidate relevance plus virus/pathogen/assay support,normalized,6548,relevant,"viral context plus mechanism-rich title/abstract: sars-cov-2, sars, viral, sars-cov-2, sars, replication",viral;sars-cov-2;sars,sars-cov-2;sars,replication;epithelial,virus;viral;coronavirus;sars-cov-2;sars;covid-19,pathway;transcriptomics;replication;alveolar;epithelial,,cancer,,,inhibitor,"set of variants, and applied scRNA-seq to understand the cell-intrinsic response to SARS-CoV-2 in this primary cell model. We identified NFKBIA, a critical regulator of the NF-κB pathway, as a universal gene that marks highly infected cells across all viral variants, underscoring the recognized link between inflammation and SARS-CoV-2 infection that dominates acute respiratory distress syndrome and severe disease in the lung. HAOs were grown from digested uninfected donor lungs, according to a"
pmid-39089348,39089348,pi-backlog,2024,Patient subtyping analysis of baseline multi-omic data reveals distinct pre-immune states associated with antibody response to seasonal influenza vaccination.,SYBIL,Adolfo Garcia-Sastre,"viral context plus mechanism/resource terms: influenza, proteomics",cached_normalized,6420,relevant,"viral context plus mechanism-rich title/abstract: influenza, influenza, proteomics, transcriptomics",influenza,influenza,proteomics;transcriptomics,influenza,proteomics;transcriptomics,,,,,,
pmid-23593007,23593007,pi-backlog,2013,Lipid droplet-binding protein TIP47 regulates hepatitis C Virus RNA replication through interaction with the viral NS5A protein.,HPMI,Melanie Ott,"viral context plus mechanism/resource terms: virus, viral, interaction, screen",normalized,6370,relevant,"viral context plus mechanism-rich title/abstract: hcv, hepatitis c virus, virus, viral, interaction, screen",virus;viral,hcv;hepatitis c virus,interaction;screen;replication,virus;viral;hiv;dengue;rsv,host factor;host factors;pathway;pathways;interaction;interactions;protein interaction;screen;replication,,,,,,"interaction serves to make LD membranes accessible for RNA replication, thus potentially participating in membrane rearrangements known to support HCV RNA replication. To identify host factors that interact with HCV NS5A, a Y2H assay was performed using the N-terminal amphipathic α-helix as bait ( Figure 1A,B ). The screen resulted in 22 confirmed positive clones. 12 of the 22 clones were found to be TIP47 (4 by sequencing and 8 by restriction digest), thus identifying TIP47 as a novel interacti"
pmid-34031651,34031651,hpmi,2021,"CryoEM and AI reveal a structure of SARS-CoV-2 Nsp2, a multifunctional protein involved in key host processes.",HPMI,,candidate relevance plus virus/pathogen/assay support,normalized,6361,relevant,"viral context plus mechanism-rich title/abstract: coronavirus, sars-cov-2, sars, virus, viral, coronavirus",virus;viral;coronavirus;sars-cov-2;sars,coronavirus;sars-cov-2;sars,interaction;replication,virus;viral;coronavirus;sars-cov-2;sars;covid-19,host factor;host factors;pathway;pathways;interaction;interactions;interactome;protein interaction;proteomics;replication;network,,,,,inhibitor,"lfill a number of essential viral functions including RNA replication, replication proofreading, double-membrane vesicle formation, and others 1 . Many of these also interact with host factors to effectively subvert the host cell to meet the virus’s needs 2 . Such subversion, for example, includes suppressing host innate immune responses, host translation, nuclear import, and other effects 3 – 5 . Despite their central importance to viral pathogenesis, many non-structural proteins remain structu"
pmid-34013269,34013269,hpmi,2021,"CryoEM and AI reveal a structure of SARS-CoV-2 Nsp2, a multifunctional protein involved in key host processes.",HPMI,,candidate relevance plus virus/pathogen/assay support,normalized,6361,relevant,"viral context plus mechanism-rich title/abstract: coronavirus, sars-cov-2, sars, virus, viral, coronavirus",virus;viral;coronavirus;sars-cov-2;sars,coronavirus;sars-cov-2;sars,interaction;replication,virus;viral;coronavirus;sars-cov-2;sars;covid-19,host factor;host factors;pathway;pathways;interaction;interactions;interactome;protein interaction;proteomics;replication;network,,,,,inhibitor,"lfill a number of essential viral functions including RNA replication, replication proofreading, double-membrane vesicle formation, and others 1 . Many of these also interact with host factors to effectively subvert the host cell to meet the virus’s needs 2 . Such subversion, for example, includes suppressing host innate immune responses, host translation, nuclear import, and other effects 3 – 5 . Despite their central importance to viral pathogenesis, many non-structural proteins remain structu"
pmid-34225493,34225493,pi-backlog,2021,Expression of the Ebola Virus VP24 Protein Compromises the Integrity of the Nuclear Envelope and Induces a Laminopathy-Like Cellular Phenotype.,SYBIL,Adolfo Garcia-Sastre,"viral context plus mechanism/resource terms: virus, interactome, interaction",normalized,6327,relevant,"viral context plus mechanism-rich title/abstract: ebola, virus, viral, ebola, pathway, pathways",virus;viral;ebola,ebola,pathway;pathways;interaction;interactome,virus;viral;ebola,pathway;pathways;interaction;interactions;interactome;replication;macrophage,,,candida,,,"cumulation of DNA damage, and an altered pattern of heterochromatin distribution and signaling abnormalities, including those affecting the mitogen-activated protein kinase (MAPK) pathway, features of many diseases collectively known as laminopathies. The critical roles of the nuclear envelope as both a cellular barrier and a regulator of gene expression explain why many viral pathogens have evolved to modulate its permeability ( 27 ). Here, we show that EBOV VP24 interacts with emerin, lamin A"
pmid-38168164,38168164,current-program,2023,Altered RSV Epidemiology and Genetic Diversity Following the COVID-19 Pandemic.,,,candidate relevance plus virus/pathogen/assay support,cached_normalized,6304,relevant,explicit cross-virus/shared-host full-text language: pan-viral,virus;covid-19;rsv,covid-19;rsv,,virus;viral;influenza;sars-cov-2;sars;covid-19;rsv,immune evasion;replication;network,pan-viral,,,,,"an increase in outpatient detections, which is strongly associated with a shift in the diagnostic testing platforms being used in our hospital system. The increased use of rapid, pan-viral molecular diagnostics platforms may increase the number of incidental detections that must be considered when interpreting epidemiological trends. This observed increase in molecular diagnostic usage could likewise be attributed to shifts in practice and societal norms regarding testing. Namely, changes in in"
pmid-35291294,35291294,pi-backlog,2022,Low expression of EXOSC2 protects against clinical COVID-19 and impedes SARS-CoV-2 replication.,HPMI,Nevan Krogan,"viral context plus mechanism/resource terms: virus, viral, sars, interaction",normalized,6265,relevant,"viral context plus mechanism-rich title/abstract: sars-cov-2, sars, covid-19, virus, viral, sars-cov-2",virus;viral;sars-cov-2;sars;covid-19,sars-cov-2;sars;covid-19,interaction;interactions;crispr;replication,virus;viral;influenza;coronavirus;sars-cov-2;sars;covid-19;rsv,pathway;interaction;interactions;screen;crispr;replication,,cancer,candida,,,"ficant functional enrichment by adjusted p-value, within the set of 2,445 genes up-regulated in WT Calu-3 cells after SARS-CoV-2 infection ( Supplementary Fig. S2A ), was the KEGG pathway ‘TNF signalling pathway’ (Fisher exact test, adjusted p=2.28e-21, OR=7.87) suggesting that this represents the immune response to acute SARS-CoV-2 infection. Our observations are consistent with previous literature: the 2,445 genes were highly enriched with reported gene expression changes in Calu-3 cells infec"
pmid-23825951,23825951,pi-backlog,2013,Cellular RNA binding proteins NS1-BP and hnRNP K regulate influenza A virus RNA splicing.,SYBIL,Adolfo Garcia-Sastre,"viral context plus mechanism/resource terms: virus, viral, influenza, proteomics",normalized,6225,relevant,"viral context plus mechanism-rich title/abstract: influenza, virus, viral, influenza, proteomics, replication",virus;viral;influenza,influenza,proteomics;replication,virus;viral;influenza;hiv;hepatitis b virus,host response;pathway;pathways;interaction;interactions;interactome;protein interaction;proteomics;replication;epithelial,,,,,,"[7] , [8] . Recently, a ribosomal frameshift product derived from the RNA segment that encodes PA has been identified and termed PA-X [9] . This protein was then shown to modulate host response [9] . Furthermore, additional products from the PA segment have been reported including PA-N155 and PA-N182, which may also function in virus replication [10] . Two of the influenza virus RNA segments generate spliced products: NS segment encodes the non-structural protein (NS1) and nuclear export protei"
pmid-30833725,30833725,hpmi,2019,Identification of antiviral roles for the exon-junction complex and nonsense-mediated decay in flaviviral infection.,HPMI,,candidate relevance plus virus/pathogen/assay support,normalized,6196,relevant,"viral context plus mechanism-rich title/abstract: dengue, zika, flavivirus, virus, viral, dengue",virus;viral;dengue;zika,dengue;zika;flavivirus,pathway;pathways;interaction;screen,virus;viral;hiv;dengue;zika;yellow fever virus,host factor;host factors;pathway;pathways;interaction;interactions;interactome;protein interaction;proteomics;screen;replication;network,,,candida,,,"ethora of factors identified is likely incomplete. Here, we combine a mass spectrometry-based approach for mapping protein-protein interactions with genetic screening to identify host factors that physically interact with WNV proteins and influence infection. This approach is a powerful strategy to uncover mechanisms of viral infection and subversion of cell-intrinsic restriction pathways 10 – 14 . In total, we identified 259 WNV-interacting host proteins by co-immunoprecipitation of WNV protei"
pmid-29391557,29391557,pi-backlog,2018,SMARCA2-regulated host cell factors are required for MxA restriction of influenza A viruses.,SYBIL,Adolfo Garcia-Sastre,"viral context plus mechanism/resource terms: virus, influenza, screen, transcriptome",normalized,6172,relevant,"viral context plus mechanism-rich title/abstract: influenza, h5n1, virus, viral, influenza, screen",virus;viral;influenza,influenza;h5n1,screen;restriction factor;epithelial,virus;viral;influenza;hiv,host factor;host factors;pathway;pathways;interaction;interactions;protein interaction;screen;crispr;restriction factor;replication;epithelial;network,,tumor,candida,,,se knockdown led to a significant (p-value < 0.05) increase in virus growth in A549-MxA cells (Supplementary Table S2 ). In parallel with the RNAi-mediated approach of identifying host factors required for MxA activity we employed a second strategy aimed at identifying host cell factors that interact with MxA. Experimental conditions were largely maintained to allow a combined bioinformatic analysis of siRNA screening and proteomic screening data at a later step. The antiviral activity of Mx pro
pmid-31851929,31851929,pi-backlog,2019,Viral Fitness Landscapes in Diverse Host Species Reveal Multiple Evolutionary Lines for the NS1 Gene of Influenza A Viruses.,SYBIL,Adolfo Garcia-Sastre,"viral context plus mechanism/resource terms: viral, influenza, host response",normalized,6120,relevant,explicit cross-virus/shared-host full-text language: conserved host,virus;viral;influenza,influenza,host response;pathway;pathways;replication,virus;viral;influenza,host factor;host factors;host response;pathway;pathways;interaction;interactions;protein interaction;replication;epithelial;network,conserved host,kidney,,,,"ism among the IAV NS1 genes result from adaptations to specific host factors among the large variety of known NS1 interactors. For instance, NS1 proteins that interact with highly conserved host proteins to enhance viral replication might display a broad host tropism. Such is the case of the host polyadenylation factor CPSF30, which is one of the known host targets interacting with NS1 ( Nemeroff et al., 1998 ). In contrast, NS1 variants that do not interact with CPSF30, like the 2009 pandemic H"
pmid-42067193,42067193,pi-backlog,2026,Repurposing drug screen for the identification of helicase inhibitors from viruses of pandemic concern.,HPMI,Melanie Ott,"viral context plus mechanism/resource terms: virus, viral, sars, screen",cached_normalized,6002,relevant,"explicit cross-virus/shared-host full-text language: multiple viruses, pan-viral",virus;viral;coronavirus;sars-cov-2;sars;yellow fever virus,coronavirus;sars-cov-2;sars;yellow fever virus;flavivirus,screen;replication,virus;viral;coronavirus;sars-cov-2;sars;covid-19;dengue;zika;yellow fever virus,interaction;interactions;screen;replication;network,multiple viruses;pan-viral;broad-spectrum,kidney,bacterial;candida,ligand docking,inhibitor,The emergence and spread of multiple viruses from the Coronaviridae family over the last 20 years has emphasized the need for direct-acting antivirals (DAA) to combat emerging coronaviruses and other viruses of pandemic concern [ 1 ] . The most attractive targets for DAA development are virally-encoded enzymes essential to viral replication and i
pmid-40579228,40579228,hpmi,2025,Inference of differential kinase interaction networks with KINference.,HPMI,,candidate relevance plus virus/pathogen/assay support,cached_normalized,5981,relevant,"viral context plus mechanism-rich title/abstract: sars-cov-2, sars, virus, sars-cov-2, sars, pathway",virus;sars-cov-2;sars,sars-cov-2;sars,pathway;interaction;interactions;proteomics;replication;network,virus;sars-cov-2;sars,pathway;interaction;interactions;proteomics;replication;network,,cancer;breast cancer,,,,
pmid-39026801,39026801,pi-backlog,2024,Global siRNA Screen Reveals Critical Human Host Factors of SARS-CoV-2 Multicycle Replication.,SYBIL;HPMI,Adolfo Garcia-Sastre;Trey Ideker,"viral context plus mechanism/resource terms: virus, viral, coronavirus, sars, pathway, dependency",cached_normalized,5967,relevant,"viral context plus mechanism-rich title/abstract: coronavirus, sars-cov-2, sars, virus, viral, coronavirus",virus;viral;coronavirus;sars-cov-2;sars,coronavirus;sars-cov-2;sars,host factor;host factors;pathway;pathways;interaction;interactions;screen;crispr;dependency;replication,virus;viral;coronavirus;sars-cov-2;sars,host factor;host factors;pathway;pathways;interaction;interactions;screen;crispr;dependency;replication,,,,,,
pmid-34512601,34512601,pi-backlog,2021,African Swine Fever Virus Induces STAT1 and STAT2 Degradation to Counteract IFN-I Signaling.,SYBIL,Adolfo Garcia-Sastre,"viral context plus mechanism/resource terms: virus, viral, pathway",normalized,5904,relevant,"viral context plus mechanism-rich title/abstract: virus, viral, pathway, replication",virus;viral,,pathway;replication,virus;viral;sars-cov-2;sars;dengue;zika;rsv;ebola,pathway;interaction;immune evasion;replication;macrophage;alveolar,,kidney,,,inhibitor,"he infected cells ( Kawai and Akira, 2006 ; Thompson et al., 2011 ). Once secreted, IFN-I acts both in autocrine and paracrine manners via the activation of the JAK/STAT signaling pathway. IFN-I binds to its receptor (IFNAR, composed by IFNAR1 and IFNAR2 subunits) to trigger the activation of the receptor-associated kinases JAK1 and TYK2 ( Remy et al., 1999 ), which in turn regulate the phosphorylation of STAT1 and STAT2 and the formation of the ISGF3 complex. The ISGF3 complex, composed of phos"
pmid-18003608,18003608,pi-backlog,2008,2'-deoxy-4'-azido nucleoside analogs are highly potent inhibitors of hepatitis C virus replication despite the lack of 2'-alpha-hydroxyl groups.,SYBIL,Sumit Chanda,"viral context plus mechanism/resource terms: virus, viral, interaction",normalized,5821,relevant,"viral context plus mechanism-rich title/abstract: hcv, hepatitis c virus, virus, viral, interaction, replication",virus;viral,hcv;hepatitis c virus,interaction;replication,virus;viral;influenza;hepatitis b virus,pathway;interaction;interactions;screen;replication,,,bacterial;candida,,inhibitor;preclinical,"by HCV NS5B, or optimization of phosphorylation efficiency to increase the intracellular concentration of the nucleoside triphosphate analog. In particular, the first step in the pathway to the triphosphate, the formation of nucleoside monophosphate, appears to be a limiting step for a majority of nucleoside analogs (9, 26, 27) . HCV is a positive strand RNA virus encoding an RNA-dependent RNA polymerase essential for the replication of viral RNA in the cytoplasm of infected cells. RNA polymer"
pmid-32511329,32511329,hpmi,2020,A SARS-CoV-2-Human Protein-Protein Interaction Map Reveals Drug Targets and Potential Drug-Repurposing.,HPMI,,candidate relevance plus virus/pathogen/assay support,normalized,5820,relevant,"explicit cross-virus/shared-host full-text language: multiple viruses, conserved host",virus;viral;coronavirus;sars-cov-2;sars;covid-19,coronavirus;sars-cov-2;sars;covid-19,host factor;host factors;interaction;interactions;protein interaction;dependency,virus;viral;influenza;coronavirus;sars-cov-2;sars;covid-19;hiv;dengue;zika;ebola,host factor;host factors;pathway;pathways;interaction;interactions;interactome;protein interaction;dependency;restriction factor;replication;network,multiple viruses;conserved host,kidney,mycobacter;tuberculosis;bacterium;candida,,preclinical,"; we identified a novel, high-confidence interaction between SARS-CoV-2 Orf6 and NUP98-RAE1, an interferon-inducible mRNA nuclear export complex 64 that is hijacked or degraded by multiple viruses, including VSV, Influenza-A, KSHV, and Polio, and is a restriction factor for Influenza-A infection 58 , 60 , 62 , 65 . The X-ray structure of VSV M protein complexed with NUP98-RAE1 66 reveals key binding interactions that include a buried methionine residue on the M-protein packing into a hydrophobic"
pmid-26329395,26329395,pi-backlog,2015,Manipulation of the host protein acetylation network by human immunodeficiency virus type 1.,HPMI,Melanie Ott,"viral context plus mechanism/resource terms: virus, viral, hiv, network",normalized,5804,relevant,explicit cross-virus/shared-host full-text language: conserved host,virus;viral;hiv,hiv,network,virus;viral;hiv,host factor;host factors;pathway;pathways;interaction;interactions;protein interaction;screen;replication;macrophage;network,conserved host,cancer;tumor,candida,,inhibitor,"In sum, these studies suggest that HDAC1 can regulate HIV infection either positively or negatively, depending on the context of viral interaction. Cyclophilin A (CypA), a highly conserved host peptidyl-prolyl cis - trans isomerase, has complex functions in diverse cellular processes such as protein folding, signal transduction, and cell-cycle regulation. During HIV infection, CypA is recruited by the group-specific antigen (Gag) precursor polyprotein, which consists of important components of"
pmid-26845514,26845514,pi-backlog,2016,Therapeutics Targeting Protein Acetylation Perturb Latency of Human Viruses.,HPMI,Melanie Ott,"viral context plus mechanism/resource terms: viral, hiv, pathway",normalized,5760,relevant,"viral context plus mechanism-rich title/abstract: hiv, virus, viral, hiv, pathway, pathways",virus;viral;hiv,hiv,pathway;pathways,virus;viral;hiv,host factor;host factors;pathway;pathways;interaction;interactions;replication;macrophage;epithelial,,cancer;tumor,,,,"and hematopoietic progenitor cells. Establishment of HIV latency likely occurs early in infection ( 37 ) and is influenced by the integration site ( 38 ) , availability of certain host factors ( 39 ) , and stochastic transcriptional changes coupled to the strong positive feedback loop driven by the viral transactivator of transcription (Tat) ( 40 ) . HIV transcription is orchestrated by a single promoter located within the viral 5′ long terminal repeat (LTR) that drives the expression of a mult"
pmid-35867415,35867415,pi-backlog,2022,Proteomic Identification of Potential Target Proteins of Cathepsin W for Its Development as a Drug Target for Influenza.,SYBIL,Adolfo Garcia-Sastre,"viral context plus mechanism/resource terms: virus, viral, influenza, host factor",normalized,5757,relevant,"viral context plus mechanism-rich title/abstract: influenza, virus, viral, influenza, host factor, host factors",virus;viral;influenza,influenza,host factor;host factors;interaction;interactions;screen;replication,virus;viral;influenza,host factor;host factors;interaction;interactions;screen;replication,,kidney,candida,,,"s hijack host cell proteins to replicate, a thorough understanding of this intricate virus-host interlay is of paramount importance to develop novel anti-influenza drugs targeting host factors involved in virus replication ( 4 ). In this study, we analyzed the role of the host cell protease cathepsin W (CTSW) in IAV entry, as we had previously found that knockdown (KD) of CTSW expression led to entrapment of IAV in the late endosome due to a block at the stage of viral fusion ( 5 ). Moreover, w"
pmid-38768348,38768348,pi-backlog,2024,Inhibition of mRNA nuclear export promotes SARS-CoV-2 pathogenesis.,SYBIL,Adolfo Garcia-Sastre,"viral context plus mechanism/resource terms: viral, coronavirus, sars, pathway, interaction",cached_normalized,5756,relevant,"viral context plus mechanism-rich title/abstract: coronavirus, sars-cov-2, sars, virus, viral, coronavirus",virus;viral;coronavirus;sars-cov-2;sars,coronavirus;sars-cov-2;sars,pathway;pathways;interaction;replication,virus;viral;coronavirus;sars-cov-2;sars,pathway;pathways;interaction;replication,,,,,inhibitor,
pmid-21464929,21464929,pi-backlog,2011,A transient homotypic interaction model for the influenza A virus NS1 protein effector domain.,SYBIL,Adolfo Garcia-Sastre,"viral context plus mechanism/resource terms: virus, influenza, interaction",normalized,5748,relevant,"viral context plus mechanism-rich title/abstract: influenza, virus, influenza, host factor, host factors, interaction",virus;influenza,influenza,host factor;host factors;interaction;interactions,virus;viral;influenza;sars,host factor;host factors;pathway;interaction;interactions;protein interaction;screen;replication,,,bacterial,,,"has been implicated in countering several host antiviral mechanisms [3] , [7] , [35] , although the primary consequence has been proposed to be antagonism of the 2’-5’ OAS/RNaseL pathway [7] . A previous study has implicated NS1 ED dimerization in functionally stabilizing the RBD [22] . To formally test whether ED dimerization affects the dsRNA-binding activity of NS1, we used poly I:C pull-down assays to assess the interaction of WT or W187A NS1 with synthetic dsRNA. As shown in Fig. 4D , WT N"
pmid-32995787,32995787,hpmi,2020,Functional genomic screens identify human host factors for SARS-CoV-2 and common cold coronaviruses.,HPMI,,candidate relevance plus virus/pathogen/assay support,normalized,5696,relevant,explicit cross-virus/shared-host full-text language: multiple viruses,virus;viral;coronavirus;sars-cov-2;sars,coronavirus;sars-cov-2;sars,host factor;host factors;pathway;pathways;screen;crispr;replication,virus;viral;coronavirus;sars-cov-2;sars;ebola,host factor;host factors;pathway;pathways;interaction;interactions;interactome;proteomics;screen;crispr;replication;epithelial;network,multiple viruses;broad-spectrum,,streptococcus;candida,,,"e potential targets for antiviral therapy. Host-directed therapy is advantageous as it allows pre-existing drugs to be repurposed, it may provide broad-spectrum inhibition against multiple viruses, and it is generally thought to be more refractory to viral escape mutations than drugs targeting viral factors 52 . We therefore explored whether the cellular pathways identified in our screens could serve as targets for therapy against coronavirus infection. Given the strong dependence of all three"
pmid-33427208,33427208,current-program,2021,Dissecting strategies to tune the therapeutic potential of SARS-CoV-2-specific monoclonal antibody CR3022.,UCLA-Persistent-BSI,Melissa Johnson,candidate relevance plus virus/pathogen/assay support,normalized,5689,relevant,"viral context plus mechanism-rich title/abstract: coronavirus, sars-cov-2, sars, virus, viral, coronavirus",virus;viral;coronavirus;sars-cov-2;sars,coronavirus;sars-cov-2;sars,interaction;interactions;replication,virus;viral;coronavirus;sars-cov-2;sars;covid-19;dengue,host response;interaction;interactions;replication;macrophage,,kidney,candida,,,"load disparity across the mice and hamsters, both models exhibited increased weight loss upon treatment with the Fc-enhanced CR3022 ( Figure 3G and Figure 4B ), suggesting similar host responses to the Fc-enhanced monoclonal. Thus, collectively, these data point to the critical importance of balancing Fc effector function to temper pathology in susceptible populations. Given the rapid spread of SARS-CoV-2, therapeutics are urgently needed to not only prevent but also treat COVID-19. Among the st"
pmid-25616068,25616068,pi-backlog,2015,A combined proteomics/genomics approach links hepatitis C virus infection with nonsense-mediated mRNA decay.,HPMI,Melanie Ott,"viral context plus mechanism/resource terms: virus, viral, pathway, interaction, proteomics",normalized,5607,relevant,explicit cross-virus/shared-host full-text language: multiple viruses,virus;viral,hcv;hepatitis c virus,pathway;interaction;interactions;protein interaction;proteomics,virus;viral;influenza;hiv;dengue,host factor;host factors;pathway;pathways;interaction;interactions;interactome;protein interaction;proteomics;screen;restriction factor;replication;network,multiple viruses,cancer;leukemia,candida,,,"viral proteins, we found the strongest interactions involve viral NS3/4A protease via NS4A. We compared our results to other virus-host interactomes to find pathways targeted by multiple viruses and those unique to HCV. Comparison with the HIV-host PPI study ( Jager et al., 2011 ), identifies 42 proteins targeted by both HIV and HCV. These include the 26S proteasome, the mitochondrial ribosome, and ubiquitination-related enzymes, including a shared interaction with the ubiquitin-conjugating en"
pmid-21876670,21876670,pi-backlog,2011,Activation of HIV transcription by the viral Tat protein requires a demethylation step mediated by lysine-specific demethylase 1 (LSD1/KDM1).,HPMI,Melanie Ott,"viral context plus mechanism/resource terms: viral, hiv, interaction",normalized,5605,relevant,"viral context plus mechanism-rich title/abstract: hiv, viral, hiv, interaction, interactions",viral;hiv,hiv,interaction;interactions,virus;viral;hiv,interaction;interactions;replication,,tumor,,,inhibitor,"tions of the HIV Tat protein [10] , [11] , [12] , [13] , [14] , [15] , [16] . Tat is an essential viral gene product that potently activates HIV gene expression through its unique interactions with the TAR element located at the 5′ ends of nascent viral transcripts and the cellular positive transcription elongation factor b (P-TEFb) [17] , [18] . Two Tat species naturally exist in HIV-infected cells: a full-length Tat protein of ∼101 aa length encoded by both tat exons and a shorter splice varia"
pmid-24237697,24237697,pi-backlog,2013,Type I interferon imposes a TSG101/ISG15 checkpoint at the Golgi for glycoprotein trafficking during influenza virus infection.,SYBIL,Adolfo Garcia-Sastre,"viral context plus mechanism/resource terms: virus, influenza, pathway",normalized,5541,relevant,"viral context plus mechanism-rich title/abstract: influenza, virus, influenza, pathway, pathways, crispr",virus;influenza,influenza,pathway;pathways;crispr,virus;viral;influenza;hiv;ebola,host factor;host factors;pathway;pathways;interaction;interactions;protein interaction;screen;crispr;dependency;restriction factor;replication;epithelial;network,,tumor;ovarian,bacterial,,,"Assembly and release of enveloped viruses is a multi-step process that requires host factors, often hijacked by the virus to execute membrane remodeling and budding. The best characterized are retroviruses, which exploit the cellular endosomal sorting complex required for transport (ESCRT) machinery for budding ( Martin-Serrano and Neil, 2011 ). The matrix protein of many such viruses contain a la"
pmid-19521506,19521506,pi-backlog,2009,Influenza B virus ribonucleoprotein is a potent activator of the antiviral kinase PKR.,SYBIL,Adolfo Garcia-Sastre,"viral context plus mechanism/resource terms: virus, viral, influenza, interaction",normalized,5522,relevant,"viral context plus mechanism-rich title/abstract: influenza, virus, viral, influenza, interaction, replication",virus;viral;influenza,influenza,interaction;replication,virus;viral;influenza;ebola,host factor;pathway;interaction;interactions;dependency;replication,,tumour;kidney,fungal,,,"also shown to modify the nuclear speckle compartment [38] . Thus, a given mutation in the NS1 gene may affect multiple functions, thereby complicating the assignment of a specific host factor as being responsible for a certain phenotype. In the present report, we propose a novel concept for the induction and control of PKR by influenza viruses that may also apply to other negative strand RNA viruses. Analysis of recombinant viruses showed that activation of PKR is triggered upon the appearance"
pmid-34731594,34731594,current-program,2022,Age-related Differences in the Nasal Mucosal Immune Response to SARS-CoV-2.,,,candidate relevance plus virus/pathogen/assay support,normalized,5512,relevant,"viral context plus mechanism-rich title/abstract: influenza, coronavirus, sars-cov-2, sars, rsv, virus",virus;viral;influenza;coronavirus;sars-cov-2;sars;rsv,influenza;coronavirus;sars-cov-2;sars;rsv,host response;pathway;pathways,virus;viral;influenza;coronavirus;sars-cov-2;sars;covid-19;rsv,host response;pathway;pathways;interaction;interactions;transcriptomics;screen;replication;macrophage;epithelial;network,,,bacterial;fungal,,,"iagnoses and 71% of symptomatic SARS-CoV-2–infected children never required supplemental oxygen or other respiratory support, making them comparable to our adult cohort. The local host response in the nasal mucosa of asymptomatic children could not be distinguished from more severely affected pediatric participants, suggesting factors outside the upper respiratory tract drive severe SARS-CoV-2 infections in children. Third, our transcriptomic analysis was performed on a biopsy from a complex tis"
pmid-37901225,37901225,current-program,2023,Hypercapnia increases ACE2 expression and pseudo-SARS-CoV-2 entry in bronchial epithelial cells by augmenting cellular cholesterol.,,,candidate relevance plus virus/pathogen/assay support,cached_normalized,5354,relevant,"viral context plus mechanism-rich title/abstract: influenza, coronavirus, sars-cov-2, sars, virus, viral",virus;viral;influenza;coronavirus;sars-cov-2;sars,influenza;coronavirus;sars-cov-2;sars,replication;epithelial,virus;viral;influenza;coronavirus;sars-cov-2;sars;covid-19;hiv;zika,pathway;interaction;replication;macrophage;alveolar;epithelial,,cancer;breast cancer,bacterial;candida,,inhibitor,"on of ABC transporters which promote cholesterol efflux ( Figures 3A ). These results suggested that culture in hypercapnia might increase cellular cholesterol by upregulating the pathway leading to its synthesis ( Figure 3B ) and decreasing export of cholesterol from the cell. Interestingly, high cellular cholesterol content has been shown to increase SARS-CoV-2 infection ( 20 , 22 , 36 ). Here we found that exposure of mice to normoxic hypercapnia for 7 d increased protein expression of HMGCS1"
pmid-32092305,32092305,pi-backlog,2020,Influenza virus NS1- C/EBPβ gene regulatory complex inhibits RIG-I transcription.,SYBIL,Adolfo Garcia-Sastre,"viral context plus mechanism/resource terms: virus, influenza, interaction",normalized,5296,relevant,"viral context plus mechanism-rich title/abstract: influenza, virus, viral, influenza, interaction, epithelial",virus;viral;influenza,influenza,interaction;epithelial,virus;viral;influenza,host response;pathway;pathways;interaction;protein interaction;replication;epithelial,,,,,,"ulation of influenza virus replication and innate immune activation, but also implicates NS1 as critical regulator in these processes. Different influenza virus strains can alter host response differently. Therefore, we infected A549 cells with pandemic H1N1 (pH1N1) and seasonal H3N2 viruses to study role of C/EBPβ. Overexpression of hC/EBPβ and siRNA knockdown of C/EBPβ in A549 cells resulted in decrease and increase in RIG-I expression respectively by both pH1N1 and H3N2 viruses similar to th"
pmid-33979618,33979618,hpmi,2021,Efficient generation of isogenic primary human myeloid cells using CRISPR-Cas9 ribonucleoproteins.,HPMI,,candidate relevance plus virus/pathogen/assay support,normalized,5278,relevant,"viral context plus mechanism-rich title/abstract: hiv, hiv, interaction, interactions, crispr, restriction factor",hiv,hiv,interaction;interactions;crispr;restriction factor;macrophage,virus;viral;hiv,interaction;interactions;crispr;restriction factor;replication;macrophage;alveolar,,cancer,mycobacter;tuberculosis;bacterial;bacterium,,,"can then be quickly differentiated into monocyte-derived macrophages (MDMs) or monocyte-derived DCs (MDDCs). We demonstrate the utility of using this system to study host-pathogen interactions; however, this approach is equally suited to the study of any number of other phenotypic outcomes. The platform is designed to be scalable and is compatible with workflows assessed by microscopy, flow cytometry, and a wide range of other common assays, and is suitable for the interrogation of both cell-int"
pmid-18854154,18854154,pi-backlog,2008,Global analysis of host-pathogen interactions that regulate early-stage HIV-1 replication.,HPMI,Trey Ideker,"viral context plus mechanism/resource terms: virus, viral, hiv, interactome, network",normalized,5261,relevant,"viral context plus mechanism-rich title/abstract: hiv, virus, viral, hiv, interaction, interactions",virus;viral;hiv,hiv,interaction;interactions;interactome;replication;network,virus;viral;hiv,host factor;host factors;pathway;pathways;interaction;interactions;interactome;protein interaction;screen;replication;macrophage;network,,leukemia,candida,,,"esent a genome-wide analysis of viral-host interactions affecting early steps of HIV-1 infection. In this study, we combined several genome-wide analytical methods to characterize host factors required in the early steps of HIV infection. We performed genome-wide RNAi screens for genes required for infection utilizing a single cycle HIV-1 reporter virus engineered to encode luciferase and bearing the Vesicular Stomatitis Virus Glycoprotein (VSV-G) on its surface to facilitate efficient infection"
pmid-42454370,42454370,pi-backlog,2026,A potential RNA-RNA distal interaction competing with a functional pseudoknot in the 3'-untranslated region of SARS-like coronaviruses.,SYBIL,Adolfo Garcia-Sastre,"viral context plus mechanism/resource terms: virus, viral, sars, interaction",cached_normalized,5226,relevant,"viral context plus mechanism-rich title/abstract: coronavirus, sars-cov-2, sars, virus, viral, coronavirus",virus;viral;coronavirus;sars-cov-2;sars,coronavirus;sars-cov-2;sars,interaction;replication,virus;viral;coronavirus;sars-cov-2;sars,interaction;interactions;replication,,,bacterial;candida,,,"d LRIscan [ 21 ] on a Clustal Omega alignment [ 22 ] of four complete SARS-CoV-2 sequencing projects (NCBI NC_045 512, MT295464 , MT295465 , and MT324684 ), establishing a minimum interaction energy (Δ G i ) of −10 kcal mol −1 and a minimum length of 7 nt for the contacting sequences [ 21 ]. To avoid cluttering the results with local interactions, a minimum distance of 200 nt between the interacting segments was also established. 16 923 hits obtained with this initial search were filtered with a"
pmid-27978436,27978436,pi-backlog,2016,The mTOR Complex Controls HIV Latency.,HPMI,Melanie Ott,"viral context plus mechanism/resource terms: viral, hiv, pathway, screen",normalized,5211,relevant,"viral context plus mechanism-rich title/abstract: hiv, viral, hiv, pathway, screen",viral;hiv,hiv,pathway;screen,virus;viral;hiv,pathway;pathways;screen;crispr;restriction factor;replication,,tumor,,,inhibitor,"AF) ( Chen and Mallampalli, 2013 ), regulators of T-cell differentiation (CD46), regulators of actin cytoskeleton organization (CDC42EP5, ABI1) but no evidence for unique cellular pathways controlling latency. To identify such pathways, we used two complementary methods to analyze enrichment of genes in our dataset. First, we investigated enriched pathways for enriched (latency-promoting) and disenriched (latency-inhibiting) genes separately using Ingenuity Pathway Analysis (IPA), selecting gen"
pmid-33676971,33676971,pi-backlog,2021,Intestinal Host Response to SARS-CoV-2 Infection and COVID-19 Outcomes in Patients With Gastrointestinal Symptoms.,SYBIL,Adolfo Garcia-Sastre,"viral context plus mechanism/resource terms: viral, sars, host response",normalized,5178,relevant,"viral context plus mechanism-rich title/abstract: sars-cov-2, sars, covid-19, viral, sars-cov-2, sars",viral;sars-cov-2;sars;covid-19,sars-cov-2;sars;covid-19,host response;epithelial,virus;viral;coronavirus;sars-cov-2;sars;covid-19,host response;pathway;pathways;macrophage;epithelial,,tumor;diabetes,,,,d electron microscopic detection of SARS-CoV-2 in small intestinal biopsy samples obtained from patients with COVID-19. The results also reveal down-regulation of key inflammatory pathways and reduced myeloid cells in intestinal biopsy samples as well as lower severity and mortality in patients with COVID-19 with GI symptoms in a multivariable model in 2 large independent cohorts from the United States and Europe. Clinical documentation of gastrointestinal (GI) symptoms might vary depending on p
pmid-41676649,41676649,hpmi,2026,Regulation of virion production by the ORF8 signal peptide across SARS-CoV-2 variants.,HPMI,,candidate relevance plus virus/pathogen/assay support,cached_normalized,5166,relevant,"virus-focused title/abstract plus weaker cross-virus framing in body: host adaptation, sars-cov-2, sars, immune evasion",virus;viral;sars-cov-2;sars,sars-cov-2;sars,immune evasion,virus;viral;coronavirus;sars-cov-2;sars;covid-19;dengue,pathway;pathways;interaction;interactions;protein interaction;immune evasion;replication;network,host adaptation,,,,,"act in its natural host. Comparing ORF8 of Bat coronavirus (RaTG13) with SARS-CoV-2 ORF8 shows different interaction with monocytes ( 38 ), suggesting a potential role for ORF8 in host adaptation. With these truncations and deletions, it is plausible that SARS-CoV-2 evolution shapes minimal ORF8 length for optimal viral replication in humans. Due to antibody issues, we could not determine whether ORF8 might have some roles in the other two structural proteins (M and E) during VLP production, but"
pmid-25211074,25211074,pi-backlog,2014,The interferon signaling antagonist function of yellow fever virus NS5 protein is activated by type I interferon.,SYBIL,Adolfo Garcia-Sastre,"viral context plus mechanism/resource terms: virus, viral, pathway, interaction",normalized,5057,relevant,"viral context plus mechanism-rich title/abstract: yellow fever virus, flavivirus, virus, viral, yellow fever virus, pathway",virus;viral;yellow fever virus,yellow fever virus;flavivirus,pathway;interaction,virus;viral;yellow fever virus,pathway;pathways;interaction;screen;immune evasion;replication,,,candida,,,"IFN-II, signaling was reduced in YFV-infected Vero cells as demonstrated with an NDV-GFP bioassay ( Park et al., 2003 ) ( Figure 1C ). To identify the step of the IFN-I signaling pathway that is targeted by YFV, the expression, phosphorylation and nuclear translocation of STAT1 and STAT2 were examined in YFV-infected cells. Immunofluorescence analysis ( Figure 1D, 1E ), as well as Western blots ( Figure 1F ), revealed that STAT1 and STAT2 levels were not reduced by YFV infection. If anything, S"
pmid-39384042,39384042,pi-backlog,2024,Cellular NS1-BP protein interacts with the mRNA export receptor NXF1 to mediate nuclear export of influenza virus M mRNAs.,SYBIL,Adolfo Garcia-Sastre,"viral context plus mechanism/resource terms: virus, viral, influenza, pathway",cached_normalized,5056,relevant,"viral context plus mechanism-rich title/abstract: influenza, virus, viral, influenza, pathway, interaction",virus;viral;influenza,influenza,pathway;interaction;interactions;replication,virus;viral;influenza,pathway;interaction;interactions;replication,,,,,,
pmid-27116236,27116236,pi-backlog,2016,Antiviral Role of IFITM Proteins in African Swine Fever Virus Infection.,SYBIL,Adolfo Garcia-Sastre,"viral context plus mechanism/resource terms: virus, viral, pathway",normalized,4993,relevant,"viral context plus mechanism-rich title/abstract: virus, viral, pathway, restriction factor",virus;viral,,pathway;restriction factor,virus;viral;influenza;coronavirus;sars;hiv;dengue,pathway;interaction;interactions;restriction factor;replication;macrophage,,leukemia,,,,"as human papillomavirus (HPV), human cytomegalovirus (HCMV) and adenovirus 5 (Ad5) [ 9 ]. The antiviral effect of IFITMs is mainly exerted through their effects on the endocytic pathway and would affect viruses entering the cell through a late endosomal compartment [ 4 ]. To further expand our understanding on the antiviral activity of IFITMs against DNA viruses, we investigated the role of these proteins in the replication cycle of the African swine fever virus (ASFV), belonging to the nucleo"
pmid-26651948,26651948,pi-backlog,2015,"Meta- and Orthogonal Integration of Influenza ""OMICs"" Data Defines a Role for UBR4 in Virus Budding.",SYBIL;HPMI,Adolfo Garcia-Sastre;Nevan Krogan,"viral context plus mechanism/resource terms: virus, viral, influenza, interaction, network",normalized,4986,relevant,"viral context plus mechanism-rich title/abstract: influenza, virus, viral, influenza, interaction, interactions",virus;viral;influenza,influenza,interaction;interactions;protein interaction;screen;replication;network,virus;viral;influenza;dengue,host factor;host factors;pathway;pathways;interaction;interactions;interactome;protein interaction;proteomics;screen;crispr;dependency;restriction factor;replication;epithelial;network,,,candida,,,"ic and proteomic studies resulted in the construction of a high-confidence network map that reflects the biochemical landscape of essential influenza-host interactions. Among the host factors identified using this approach, we focused on the N-recognin E3 ligase family member protein UBR4 as a host factor required by IAV and interacting partner of M2. UBR4 belongs to the family of UBR-box containing N-recognin, which targets proteins for ubiquitination and proteasomal degradation, and has been"
pmid-34981044,34981044,pi-backlog,2021,The SARS-CoV-2 B.1.1.529 Omicron virus causes attenuated infection and disease in mice and hamsters.,SYBIL,Adolfo Garcia-Sastre;Michael Schotsaert,"viral context plus mechanism/resource terms: virus, viral, sars, network",normalized,4963,relevant,"virus-focused title/abstract plus weaker cross-virus framing in body: host adaptation, sars-cov-2, sars, network",virus;viral;sars-cov-2;sars,sars-cov-2;sars,network,virus;viral;coronavirus;sars-cov-2;sars;covid-19,interaction;interactions;immune evasion;replication;alveolar;epithelial;network,host adaptation,,,,,"rian hamsters, which results in less severe pneumonia compared to the B.1.617.2 Delta variant. Although hamsters are susceptible to SARS-CoV-2 infection without a requirement for host adaptation and show some similarities to that observed in COVID-19 patients, they develop self-limiting clinical and respiratory disease. Even though hamster ACE2 can serve as a receptor for SARS-CoV-2 spike protein, some of the contact residues in human ACE2 are not conserved 38 , which could diminish infectivity"
pmid-38301954,38301954,current-program,2024,Activity and inhibition of the SARS-CoV-2 Omicron nsp13 R392C variant using RNA duplex unwinding assays.,,,candidate relevance plus virus/pathogen/assay support,cached_normalized,4910,relevant,"viral context plus mechanism-rich title/abstract: sars-cov-2, sars, viral, sars-cov-2, sars, screen",viral;sars-cov-2;sars,sars-cov-2;sars,screen;replication,virus;viral;influenza;coronavirus;sars-cov-2;sars;covid-19,interaction;interactions;screen;replication,,,bacterial;candida,,inhibitor,"sidues from both have been shown to interact with RNA and be critical for helicase activity [ 21 , 35 ]. However, this discrepancy might be explained by the recently characterized interactions between RNA and the RecA2 domain in cryo-EM structures [ 35 ]. These structures suggest that major conformational changes in the RecA2 domain may govern unwinding activity and therefore may increase selective pressure on this domain in particular. We tested the enzyme kinetics of tag-free versions of nsp1"
pmid-20140189,20140189,pi-backlog,2010,The overlap of small molecule and protein binding sites within families of protein structures.,HPMI,Andrej Sali,"viral context plus mechanism/resource terms: hiv, interaction",normalized,4794,relevant,"viral context plus mechanism-rich title/abstract: hiv, hiv, pathway, pathways, interaction, interactions",hiv,hiv,pathway;pathways;interaction;interactions;protein interaction,hiv,pathway;pathways;interaction;interactions;protein interaction;screen;network,,,fungus,,,"Protein–protein interactions are a broad class of therapeutic and chemical biology targets [1] . Traditionally these targets were thought to be refractory to small molecule modulation. However, recent efforts have led to interaction modulators that are valuable tools in mapping signalling networks and are entering clinical trials for"
pmid-21909097,21909097,pi-backlog,2011,Chemical inhibition of RNA viruses reveals REDD1 as a host defense factor.,SYBIL,Adolfo Garcia-Sastre,"viral context plus mechanism/resource terms: virus, viral, influenza, pathway, screen",normalized,4757,relevant,"viral context plus mechanism-rich title/abstract: influenza, virus, viral, influenza, pathway, screen",virus;viral;influenza,influenza,pathway;screen;replication,virus;viral;influenza,host factor;pathway;pathways;interaction;interactions;screen;replication;epithelial;network,,cancer,,,inhibitor,"ls. As 3 did not inhibit virus replication in the absence of REDD1 ( Fig. 4f ), REDD1 is required for the antiviral activity of 3 . These data indicated that REDD1 is an important host factor required for antiviral response, raising the possibility that viruses regulate REDD1 expression. During influenza virus and VSV infections, REDD1 expression was initially increased but was then down-regulated ( Fig. 5a,b ), resulting in activation of S6K ( Fig. 4c ). The initial up-regulation of REDD1 likel"
pmid-40025722,40025722,hpmi,2025,Affinity Purification Mass Spectrometry on the Orbitrap-Astral Mass Spectrometer Enables High-Throughput Protein-Protein Interaction Mapping.,HPMI,,candidate relevance plus virus/pathogen/assay support,cached_normalized,4640,relevant,"viral context plus mechanism-rich title/abstract: viral, interaction, protein interaction, proteomics, network",viral,,interaction;protein interaction;proteomics;network,viral,interaction;protein interaction;proteomics;network,,,,,,
pmid-26789921,26789921,pi-backlog,2016,"Targeting Viral Proteostasis Limits Influenza Virus, HIV, and Dengue Virus Infection.",SYBIL,Adolfo Garcia-Sastre,explicit cross-virus or shared-host framing in title/abstract,normalized,4587,relevant,"explicit cross-virus/shared-host full-text language: multiple viruses, pan-viral",virus;viral;influenza;hiv;dengue,influenza;hiv;dengue,host factor;host factors;interaction;interactions;protein interaction;proteomics;replication,virus;viral;influenza;hiv;dengue,host factor;host factors;pathway;pathways;interaction;interactions;interactome;protein interaction;proteomics;replication;epithelial;network,multiple viruses;pan-viral;broad-spectrum,kidney,parasite,,,"is potentially applicable to any virus to guide i ) functional studies ii ) the analysis of disease-disease relationship and the identification of common targets for inhibition of multiple viruses, and iii ) the search for novel antiviral therapies. In conclusion, we provide a path and a biologically relevant approach to study the interplay between viruses and their hosts. 293T, A549 and MDCK cells (ATCC) were primarily used with respect to influenza virus studies. For HIV-1 experiments, the ce"
pmid-20610653,20610653,pi-backlog,2010,NF-kappa B RelA subunit is crucial for early IFN-beta expression and resistance to RNA virus replication.,SYBIL,Adolfo Garcia-Sastre,"viral context plus mechanism/resource terms: virus, host response",normalized,4455,relevant,"viral context plus mechanism-rich title/abstract: virus, host response, pathway, pathways, replication",virus,,host response;pathway;pathways;replication,virus;viral,host response;pathway;pathways;interaction;interactions;replication,,cancer,,,,"e to decrease in IFN-β expression than impairment in IFN-β-induced anti-virus responses. An additional possibility is that increased virus replication in RelA −/− MEFs involves a pathway distinct from the type 1 IFN pathway. IFN-α/β signal through the type I IFN receptor 1 (IFNAR) ( 3 ). To explore a possible type I IFN-independent role of RelA −/− , we generated RelA −/− IFNAR −/− mice from which MEFs were obtained. A more severe phenotype in RelA −/− IFNAR −/− MEFs compared to RelA +/+ IFNAR"
pmid-32747391,32747391,current-program,2020,Pathogenesis of COVID-19-induced ARDS: implications for an ageing population.,,,candidate relevance plus virus/pathogen/assay support,normalized,4443,relevant,"viral context plus mechanism-rich title/abstract: influenza, coronavirus, sars-cov-2, sars, covid-19, virus",virus;viral;influenza;coronavirus;sars-cov-2;sars;covid-19,influenza;coronavirus;sars-cov-2;sars;covid-19,host response;replication,virus;viral;influenza;coronavirus;sars-cov-2;sars;covid-19,host factor;host factors;host response;pathway;pathways;replication;macrophage;alveolar;epithelial,,tumour,bacterial;candida,,,"linical entity best understood in the context of influenza A virus (influenza) infection [ 2 , 3 ]. While the exact mechanisms through which SARS-CoV-2 causes ARDS and how certain host factors confer an increased risk of developing severe disease remain unclear, one factor has emerged as a dominant predictor of disease severity and risk of mortality, which is age [ 4 , 5 ]. In fact, reports from Italy and China early in the pandemic noted case-fatality rates of 15–20% among patients aged >80 yea"
pmid-36827975,36827975,pi-backlog,2023,"SARS-CoV-2 infection of airway organoids reveals conserved use of Tetraspanin-8 by Ancestral, Delta, and Omicron variants.",HPMI,Melanie Ott,"viral context plus mechanism/resource terms: viral, coronavirus, sars, interaction",cached_normalized,4296,relevant,explicit cross-virus/shared-host full-text language: multiple viruses,virus;viral;coronavirus;sars-cov-2;sars;covid-19,coronavirus;sars-cov-2;sars;covid-19;h1n1,interaction;epithelial,virus;viral;influenza;coronavirus;sars-cov-2;sars;covid-19,interaction;interactions;replication;alveolar;epithelial,multiple viruses,cancer,,,,"and S6 D). So, TSPAN8 and CD9 enhance viral entry independently of the Spike/ACE2. These Ps-virus-based results are in line with previous reports that TSPANs promote the entry of multiple viruses ( Earnest et al., 2015 ; Hantak et al., 2019 ). We next analyzed live virus infection. Phylogenic and genetic analyses have shown that SARS-CoV-2 variants differ not only in their Spike protein but also in other proteins ( Thorne et al., 2022 ) ( Figures 6 C and S6 E). We propagated SARS-CoV-2 WA-1, D"
pmid-35186917,35186917,pi-backlog,2022,Profiling Selective Packaging of Host RNA and Viral RNA Modification in SARS-CoV-2 Viral Preparations.,SYBIL,Adolfo Garcia-Sastre,"viral context plus mechanism/resource terms: viral, sars, transcriptome",normalized,4285,relevant,"viral context plus mechanism-rich title/abstract: sars-cov-2, sars, virus, viral, sars-cov-2, sars",virus;viral;sars-cov-2;sars,sars-cov-2;sars,interaction;interactions,virus;viral;sars-cov-2;sars;hiv,interaction;interactions;protein interaction;dependency;replication,,kidney,candida,,,"tRNAs and the SRP RNA are enriched in virions remains unclear. Packaging of the HIV primer tRNA Lys (TTT) is facilitated by the host lysyl-tRNA synthetase (LysRS) and gag protein interaction ( Cen et al., 2002 ). As a consequence, tRNA Lys (CTT) is also packaged at similar levels. In our case, however, tRNA Lys (CTT) was not enriched in the virions. On the other hand, the enrichment of multiple tRNA Ser isoacceptors may go through this mechanism of facilitating tRNA packaging through host seryl"
pmid-23145065,23145065,pi-backlog,2012,Identification of small molecules with type I interferon inducing properties by high-throughput screening.,SYBIL,Adolfo Garcia-Sastre,explicit cross-virus or shared-host framing in title/abstract,normalized,4219,relevant,"virus-focused title/abstract plus weaker cross-virus framing in body: broad-spectrum, influenza, hepatitis c virus, screen, epithelial",virus;viral;influenza,influenza;hepatitis c virus,screen;epithelial,virus;viral;influenza;rsv;ebola,pathway;pathways;interaction;screen;replication;epithelial,broad-spectrum,cancer;kidney,bacterial;candida,,,"activation of dendritic cells, T cells, B cells and NK cells enhancing the adaptive immune response against the invading pathogen [7] . IFN can therefore potentially be used as a broad-spectrum antiviral, as a vaccine adjuvant and also for cancer treatment. Despite their promising properties, the clinical application of IFN or IFN-inducing molecules (e.g. poly I:C) has been limited so far. This is in part due to the nature/structure of the molecules being used, which in many cases is not suitab"
pmid-29786110,29786110,current-program,2018,"Multi‑layered prevention and treatment of chronic inflammation, organ fibrosis and cancer associated with canonical WNT/β‑catenin signaling activation (Review).",,,candidate relevance plus virus/pathogen/assay support,normalized,4204,relevant,"viral context plus mechanism-rich title/abstract: hcv, hepatitis c virus, virus, interaction, interactions, protein interaction",virus,hcv;hepatitis c virus,interaction;interactions;protein interaction,virus;viral;hepatitis b virus;hbv,interaction;interactions;protein interaction;screen;immune evasion;macrophage;alveolar;epithelial,,cancer;tumor;leukemia;prostate;kidney;breast cancer;acute myeloid leukemia,bacterial;bacterium,,inhibitor,"al regulators (BCL9, BCL9L, CREBBP/CBP, EP300/p300, FOXM1, LEF1/TCF7L3, MED12, SMARCA4/BRG1, SPDEF, TCF7/TCF-1, TCF7L1/TCF-3 and TCF7L2/TCF-4) ( 8 - 10 ). Based on protein-protein interactions (PPIs), β-catenin is involved in cell-cell adhesion, cellular signaling and transcriptional regulation ( Fig. 1A ). β-catenin undergoes post-translational modifications, including acetylation, glycosylation, methylation, phosphorylation and ubiquitylation. Oncogenic tyrosine kinases phosphorylate β-cateni"
pmid-21846828,21846828,pi-backlog,2011,Host- and strain-specific regulation of influenza virus polymerase activity by interacting cellular proteins.,SYBIL,Adolfo Garcia-Sastre,"viral context plus mechanism/resource terms: virus, viral, influenza, interaction, network, proteomics",normalized,4132,relevant,"virus-focused title/abstract plus weaker cross-virus framing in body: host adaptation, influenza, h1n1, h5n1, interaction, interactions",virus;viral;influenza,influenza;h1n1;h5n1,interaction;interactions;proteomics;network,virus;viral;influenza,host factor;host factors;pathway;pathways;interaction;interactions;interactome;protein interaction;proteomics;replication;network,host adaptation,,,,,"Influenza A viruses ( Orthomyxoviridae ) cause seasonal epidemics in humans and occasionally lethal global pandemics, such as those of 1918-1919 (H1N1), 1957 (H2N2), 1968 (H3N2), and 2009 (swine-origin H1N1). Currently, highly pathogenic avian influenza A (HPAI) virus strains of the H5N1 subtype circulating in wild and domestic birds are capable of crossing the species barrier into humans and causing significant pulmonary ( 1 – 3 ) and systemic ( 4 ) disease. Reverse-genetics studies have demons"
pmid-30401782,30401782,pi-backlog,2018,The Cellular NMD Pathway Restricts Zika Virus Infection and Is Targeted by the Viral Capsid Protein.,HPMI,Melanie Ott,"viral context plus mechanism/resource terms: virus, viral, zika, pathway, interaction",normalized,4114,relevant,"viral context plus mechanism-rich title/abstract: zika, virus, viral, zika, pathway, interaction",virus;viral;zika,zika,pathway;interaction,virus;viral;hiv;dengue;zika,host factor;host factors;pathway;pathways;interaction;interactions;protein interaction;screen;restriction factor;replication,,,,,,"ately analyzed data generated from an affinity purification-mass spectrometry (AP-MS) screen to specifically query whether the capsid protein of ZIKV interacts with NMD-associated host factors (P. S. Shah et al., submitted for publication). ZIKV-host protein-protein interaction (PPI) maps were generated in HEK293T cells using ZIKV proteins from the Ugandan 1947 strain MR 766 or the French Polynesian 2013 strain H/PF/2013 as bait proteins. From this analysis, we found that ZIKV capsid proteins i"
pmid-34519533,34519533,hpmi,2021,Target Discovery for Host-Directed Antiviral Therapies: Application of Proteomics Approaches.,HPMI,,candidate relevance plus virus/pathogen/assay support,normalized,3962,relevant,"explicit cross-virus/shared-host full-text language: cross virus, multiple viruses, shared host, pan-viral",virus;viral;coronavirus;covid-19,coronavirus;covid-19,interaction;interactions;proteomics;replication,virus;viral;influenza;coronavirus;sars-cov-2;sars;covid-19;hiv;zika,host factor;host factors;pathway;pathways;interaction;interactions;protein interaction;proteomics;transcriptomics;crispr;dependency;replication;network,cross virus;multiple viruses;shared host;pan-viral;broad-spectrum,cancer,candida,,preclinical,"nserved across the three and trends that are shared between more closely related SARS-CoV-1 and SARS-CoV-2 but not identified in MERS-CoV ( 126 ). Drugs targeting proteins shared across viruses were also discussed to exemplify how these networks can be used to discover drugs that can be effective against multiple pathogens. Examples of other comparative analyses include ones that go beyond a single family, such as the study by Pichlmair et al., where they characterized human proteins interacting"
pmid-32553580,32553580,pi-backlog,2021,An 'Arms Race' between the Nonsense-mediated mRNA Decay Pathway and Viral Infections.,HPMI,Melanie Ott,"viral context plus mechanism/resource terms: viral, pathway",normalized,3897,relevant,"viral context plus mechanism-rich title/abstract: viral, pathway, interaction, interactions",viral,,pathway;interaction;interactions,virus;viral;coronavirus;sars-cov-2;sars;covid-19;hiv;dengue;zika;rsv,host factor;host factors;host response;pathway;pathways;interaction;interactions;protein interaction;screen;crispr;restriction factor;replication;macrophage,,,,,,"bacco indigenous to Australia [ 39 , 40 ]. Using a standard Arabidopsis plant model system artificially expressing PVX, a screen was performed to identify restricting and enabling host factors. This screen identified UPF1, SMG7, and UPF3 as restriction factors, that when inactivated led to enhanced viral replication [ 41 ]. In N. benthamiana, PVX replicated more efficiently when plants expressed a dominant negative mutant of UPF1. Furthermore, removal of the long 3’UTR from the PVX genome also c"
pmid-24817247,24817247,pi-backlog,2014,An integrated map of HIV-human protein complexes that facilitate viral infection.,HPMI,Trey Ideker,"viral context plus mechanism/resource terms: viral, hiv, interaction, network",normalized,3777,relevant,"viral context plus mechanism-rich title/abstract: hiv, viral, hiv, interaction, interactions, screen",viral;hiv,hiv,interaction;interactions;screen;replication;network,virus;viral;hiv,host factor;host factors;interaction;interactions;protein interaction;screen;dependency;replication;macrophage;network,,,candida,,,"paradigm is to instead target host cell factors necessary for viral replication since these factors are relatively static [3] . Therefore, increasing our knowledge of these human host factors, their biological functions, and their interactions with HIV itself is of significant interest. Toward this goal, three separate large-scale RNA interference (RNAi) screens have been aimed at the identification of so-called “HIV-dependency factors”, i.e. human proteins involved in HIV infection [4] – [6]"
pmid-35967877,35967877,pi-backlog,2022,eIF5A is activated by virus infection or dsRNA and facilitates virus replication through modulation of interferon production.,SYBIL,Adolfo Garcia-Sastre,explicit cross-virus or shared-host framing in title/abstract,normalized,3756,relevant,"virus-focused title/abstract plus weaker cross-virus framing in body: broad-spectrum, influenza, zika, replication, macrophage",virus;viral;influenza;zika,influenza;zika,replication;macrophage,virus;viral;influenza;hiv;dengue;zika;ebola,pathway;replication;macrophage,broad-spectrum,cancer,bacterial,,,"Polyamines have emerged as important molecules in the replication of different viruses such as Dengue virus, Chikungunya virus, Zika virus, Rift Valley fever virus, La Crosse virus, poliovirus, cytomegalovirus, coxsackievirus B3 virus, semliki forest virus or herpes simplex virus, and targeting polyamines has been suggested as a potential antiviral approach ( Tuomi et al., 1980 ; Tyms and Williamson, 1982 ; Mounce et al., 2016a ; Mounce et al., 2016b ; Mounce et al., 2017 ; Mastrodomenico et al."
pmid-37252360,37252360,current-program,2023,Lectin Fingerprinting Distinguishes Antibody Neutralization in SARS-CoV-2.,SCRIPT,Alan Hauser,explicit cross-virus/shared-host signal,normalized,3645,relevant,"viral context plus mechanism-rich title/abstract: sars-cov-2, sars, virus, viral, sars-cov-2, sars",virus;viral;sars-cov-2;sars,sars-cov-2;sars,pathway;pathways;interaction;interactions;proteomics,virus;viral;influenza;coronavirus;sars-cov-2;sars;hiv,host response;pathway;pathways;interaction;interactions;protein interaction;proteomics;screen;immune evasion;replication,,,fungal,,,"nt studies have demonstrated that Spike glycans enhance viral entry through interactions with host lectins. 11 , 12 Thus, modification of N- and O-glycans on Spike could influence host responses to SARS-CoV-2. Changes in viral glycosylation pose a risk to global vaccination efforts. With SARS-CoV-2, the host humoral response is predominantly directed against the Spike protein; 5 , 13 , 14 still, not all antibodies that bind Spike can neutralize the virus and prevent viral entry into host cells."
pmid-38375062,38375062,pi-backlog,2024,Upper Airway Epithelial Tissue Transcriptome Analysis Reveals Immune Signatures Associated with COVID-19 Severity in Ghanaians.,CViSB,Donald S Grant,"viral context plus mechanism/resource terms: coronavirus, sars, transcriptome",cached_normalized,3630,relevant,"viral context plus mechanism-rich title/abstract: coronavirus, sars-cov-2, sars, covid-19, virus, viral",virus;viral;coronavirus;sars-cov-2;sars;covid-19,coronavirus;sars-cov-2;sars;covid-19,pathway;pathways;epithelial,virus;viral;coronavirus;sars-cov-2;sars;covid-19,pathway;pathways;epithelial,,,,,,
pmid-17703413,17703413,pi-backlog,2007,alpha-Defensin inhibits influenza virus replication by cell-mediated mechanism(s).,SYBIL,Adolfo Garcia-Sastre,"viral context plus mechanism/resource terms: virus, viral, influenza, pathway, host response",normalized,3620,relevant,"viral context plus mechanism-rich title/abstract: influenza, virus, viral, influenza, host response, pathway",virus;viral;influenza,influenza,host response;pathway;pathways;replication,virus;viral;influenza;hiv,host response;pathway;pathways;interaction;interactions;replication;alveolar;epithelial,,tumor,mycobacter;bacterial;bacterium;fungal;parasite,,,"The innate immune system mounts the first host response to pathogens. Because a-defensins, which are cationic antimicrobial peptides of polymorphonuclear neutrophils and other leukocytes, are important effectors of the innate immune system, we studied the antiviral activity of human a-defensin-1 (also known as ""human neutrophil peptide-1"" [HNP-1]) against infl"
pmid-32822681,32822681,pi-backlog,2020,A novel SUMOylation site in the influenza a virus NS1 protein identified with a highly sensitive FRET assay.,SYBIL,Adolfo Garcia-Sastre,"viral context plus mechanism/resource terms: virus, viral, influenza, interaction",normalized,3482,relevant,"virus-focused title/abstract plus weaker cross-virus framing in body: species barriers, influenza, h1n1, interaction, replication",virus;viral;influenza,influenza;h1n1,interaction;replication,virus;viral;influenza,host factor;host factors;pathway;interaction;interactions;screen;replication,species barriers,,,,,"Organization data (Nair et al., 2011; Thompson et al., 2009) . Aquatic fowl are the primary reservoirs of multiple strains and subtypes of influenza A viruses, some of which cross species barriers to cause a highly infectious disease in poultry livestock and are the source of novel mammalian influenza A virus strains, including those that cause global human pandemics with severe morbidity and mortality (Kuiken et al., 2006) . Influenza A virus is a negative-sense, single-stranded RNA virus comp"
pmid-35899968,35899968,current-program,2022,De novo emergence of SARS-CoV-2 spike mutations in immunosuppressed patients.,,,candidate relevance plus virus/pathogen/assay support,normalized,3326,relevant,"viral context plus mechanism-rich title/abstract: coronavirus, sars-cov-2, sars, virus, viral, coronavirus",virus;viral;coronavirus;sars-cov-2;sars,coronavirus;sars-cov-2;sars,immune evasion;replication,virus;viral;coronavirus;sars-cov-2;sars;hiv;rsv,interaction;immune evasion;replication;alveolar;network,,leukemia,candida,,,"Dual‐Luciferase Reporter Assay (Promega). To test for differences in neutralization, we fit a linear mixed effects model that included serum concentration, virus genotype, and the interaction of both variables controlling for the different replicates performed using the nlme package in R v4.0.3. Subsequently, we tested all pairwise comparisons between mutants within the fitted model and adjusted for multiple comparisons using Tukey's method. Comparisons with an adjusted p ‐value <.05 were consid"
pmid-26038505,26038505,pi-backlog,2014,Identification of 53 compounds that block Ebola virus-like particle entry via a repurposing screen of approved drugs.,SYBIL,Adolfo Garcia-Sastre,"viral context plus mechanism/resource terms: virus, screen",normalized,2985,relevant,"viral context plus mechanism-rich title/abstract: ebola, virus, ebola, screen, replication",virus;ebola,ebola,screen;replication,virus;viral;hiv;ebola,screen;replication,,cancer,bacterial,,inhibitor;repurposing screen,"amatically high. 3 Although a specific vaccine might eventually control Ebola virus infection, its development and deployment may take some time. 4 , 5 Therefore, drug repurposing screens that identify approved drugs with the potential for new indications might be a good approach to rapidly discover and develop anti-Ebola virus drugs for the treatment of patients with Ebola virus infection. We applied a previously developed Ebola virus-like particle (VLP) entry assay for a drug repurposing scre"
pmid-32817938,32817938,pi-backlog,2020,An ultra-potent synthetic nanobody neutralizes SARS-CoV-2 by locking Spike into an inactive conformation.,SYBIL;HPMI,Adolfo Garcia-Sastre;Melanie Ott,"viral context plus mechanism/resource terms: viral, sars, interaction",normalized,2855,relevant,"viral context plus mechanism-rich title/abstract: sars-cov-2, sars, viral, sars-cov-2, sars, interaction",viral;sars-cov-2;sars,sars-cov-2;sars,interaction;screen,virus;viral;sars-cov-2;sars;covid-19,interaction;interactions;screen;epithelial,,,,,,"er to capture not only those nanobodies that would compete by binding to the ACE2-binding site on the RBD directly but also those that might bind elsewhere on Spike and block ACE2 interaction through indirect mechanisms. We used a mutant form of SARS-CoV-2 Spike (Spike*,) as the antigen ( 15 ). Spike* lacks one of the two activating proteolytic cleavage sites between the S 1 and S 2 domains and introduces two mutations to stabilize the pre-fusion conformation. Spike* expressed in mammalian cells"
pmid-24284630,24284630,pi-backlog,2014,Pan-viral specificity of IFN-induced genes reveals new roles for cGAS in innate immunity.,SYBIL,Adolfo Garcia-Sastre,explicit cross-virus or shared-host framing in title/abstract,normalized,2516,relevant,explicit cross-virus/shared-host full-text language: pan-viral,virus;viral,,pathway;pathways;screen,virus;viral;hiv;rsv,pathway;pathways;screen;replication;macrophage,pan-viral,,,,,"Huh7, HeLa and 293T cells were maintained in DMEM (Invitrogen) with 10% FCS and 0.1 mM non-essential amino acids. NIH-3T12 cells were grown in DMEM supplemented with 5% FCS, 100 U penicillin per ml, 100 μg streptomycin per ml and 2 mM L-glutamine. STAT1 −/− fibroblasts (an SV40 large T antigen immortalized human skin fibroblast line) were grown in RPMI (Invitrogen) with 10% FCS. The construction, characterization and generation of viral stocks for the following viruses have been previously descr"
pmid-32550242,32550242,current-program,2020,SARS-CoV-2 Entry Genes Are Most Highly Expressed in Nasal Goblet and Ciliated Cells within Human Airways.,,,candidate relevance plus virus/pathogen/assay support,normalized,2506,relevant,"viral context plus mechanism-rich title/abstract: coronavirus, sars-cov-2, sars, covid-19, virus, viral",virus;viral;coronavirus;sars-cov-2;sars;covid-19,coronavirus;sars-cov-2;sars;covid-19,pathway;pathways;epithelial,virus;viral;influenza;coronavirus;sars-cov-2;sars;covid-19,pathway;pathways;dependency;replication;alveolar;epithelial;network,,prostate;kidney,candida,,,"RS-CoV/SARS-CoV-2 viral entry and SARS-CoV transmission, 16 – 18 is expressed in a subset of ACE2 + cells ( Extended Data Fig. 2 ), suggesting that the virus might use alternative pathways for entry. In fact, it was previously shown that SARS-CoV-2 could enter TMPRSS2 − cells using cathepsin B/L 18 . Indeed, we found that they are much more promiscuously expressed than TMPRSS2 , especially cathepsin B, which is expressed in more than 70%-90% of ACE2 + cells ( Extended Data Fig. 2 ). However, whe"
pmid-28869005,28869005,pi-backlog,2017,Human interactome of the influenza B virus NS1 protein.,SYBIL,Adolfo Garcia-Sastre,"viral context plus mechanism/resource terms: virus, influenza, interactome",normalized,2396,relevant,"viral context plus mechanism-rich title/abstract: influenza, virus, influenza, interactome, replication",virus;influenza,influenza,interactome;replication,virus;viral;influenza,host factor;host factors;pathway;pathways;interaction;interactions;interactome;proteomics;screen;replication,,,,,,"hese data, we confirmed the specific association of B/NS1 with DHX9, ILF3, YBX1 and HNRNPC by co-transfection of 293 T cells with GST or GST-tagged B/NS1 and the respective tagged host factor constructs [ 28–30 ], followed by GST pull-down and identification of co-precipitated proteins by western blot ( Fig. 2d–g ). These four factors are all known RNA-binding proteins, and therefore by performing the pull-downs either in the absence or presence of RNase A we were also able to show that B/NS1 do"
pmid-17965094,17965094,pi-backlog,2008,BioHealthBase: informatics support in the elucidation of influenza virus host pathogen interactions and virulence.,SYBIL,Adolfo Garcia-Sastre,"viral context plus mechanism/resource terms: virus, influenza, pathway, interaction",normalized,2363,relevant,"viral context plus mechanism-rich title/abstract: influenza, virus, influenza, pathway, interaction, interactions",virus;influenza,influenza,pathway;interaction;interactions,virus;viral;influenza,host response;pathway;interaction;interactions;replication,,,mycobacter;tuberculosis;bacterium,,,"he completion of the influenza life cycle pathway details. A complete representation of the biological processes and molecular interactions necessary for viral replication and the host response to infection can be used for predicting targets for antiviral drugs and for determining the nature of virulence associated with protein sequence variants. To drive development of the BioHealthBase system, we have utilized scientific use cases to help define relevant data types, storage and query function"
pmid-33501437,33501437,hpmi,2021,Host-directed therapies against early-lineage SARS-CoV-2 retain efficacy against B.1.1.7 variant.,HPMI,,candidate relevance plus virus/pathogen/assay support,normalized,2320,relevant,"virus-focused title/abstract plus weaker cross-virus framing in body: broad-spectrum, coronavirus, sars-cov-2, sars, covid-19, epithelial",virus;viral;coronavirus;sars-cov-2;sars;covid-19,coronavirus;sars-cov-2;sars;covid-19,epithelial,virus;viral;coronavirus;sars-cov-2;sars cov 2;sars;covid-19,host factor;host factors;pathway;pathways;interaction;interactions;protein interaction;replication;epithelial;network,broad-spectrum,cancer,candida,,,"ith a marked increase in p38-MAP kinase activity during SARS-CoV-2 infection ( Bouhaddou et al., 2020 ). Here, we show that plitidepsin, ralimetinib, and remdesivir (a widely-used broad-spectrum antiviral nucleoside analog approved for use in several countries for treatment of COVID-19) possess antiviral efficacy against the B.1.1.7 virus variant. We first treated intestinal epithelial Caco-2 cells with a range of concentrations of plitidepsin, ralimetinib, or remdesivir prior to infection with"
pmid-33243278,33243278,current-program,2020,Elevated L-threonine is a biomarker for Lassa fever and Ebola.,CViSB,Robert Garry;Donald S Grant,candidate relevance plus virus/pathogen/assay support,normalized,2102,relevant,"viral context plus mechanism-rich title/abstract: ebola, virus, viral, ebola, pathway, pathways",virus;viral;ebola,ebola,pathway;pathways,virus;viral;dengue;ebola,pathway;pathways;interaction,,,tuberculosis,,,"to non-HCMV infected women [ 8 ]. No significance difference in vertical transmission of HCMV based on elevated l -threonine was observed. Glycine, serine, and threonine metabolic pathways were found to be altered in chikungunya or dengue patients [ 9 ]. In contrast to prior results in Ebola patients [ 2 ], l -threonine was elevated in both Lassa fever patients that succumbed to their illness as well as subjects that survived. Further studies are required to determine whether elevated serum l -t"
pmid-35985635,35985635,pi-backlog,2022,Catching BETs by viruses.,HPMI,Melanie Ott,"viral context plus mechanism/resource terms: viral, sars, interaction",normalized,346,relevant,"viral context plus mechanism-rich title/abstract: sars-cov-2, sars, virus, viral, sars-cov-2, sars",virus;viral;sars-cov-2;sars,sars-cov-2;sars,interaction;interactions,virus;viral;sars-cov-2;sars,pathway;pathways;interaction;interactions;screen;replication,,,,,,"Recent advances in high-throughput sequencing and genetic-based screening have greatly enhanced our understanding of how viruses hijack and subvert host cell signaling pathways and alter immune responses. Viruses rely on the host transcriptional and translational machineries for their survival and replication, and as critical components of transcriptional programs, especially related to immunological defense and inflammatory responses, the BET proteins are direct targets of various v"
pmid-20027183,20027183,pi-backlog,2010,Human host factors required for influenza virus replication.,SYBIL;HPMI,Adolfo Garcia-Sastre;Trey Ideker,"viral context plus mechanism/resource terms: virus, viral, influenza, interaction, network",normalized,301,relevant,"viral context plus mechanism-rich title/abstract: influenza, h1n1, virus, viral, influenza, host factor",virus;viral;influenza,influenza;h1n1,host factor;host factors;pathway;pathways;interaction;screen;replication;network,virus;viral;influenza,host factor;host factors;pathway;pathways;interaction;screen;replication;network,,,,,inhibitor,"lly in duplicate and analyzed using a scaling methodology that sets the positive control siRNA at an arbitrary value of 0.1, and the negative control siRNAs at 1. siRNAs targeting host factors were assigned a score based on the distribution of these values. For more details see Supplementary Information . siRNA-transfected A549 cells were infected with either influenza A/WSN/33 virus or VSV (MOI of 0.01) or swine origin influenza A/Netherlands/602/2009 virus (SOIV) (MOI of 1) at 48h post siRNA t"
pmid-26153856,26153856,pi-backlog,2015,Corrigendum: Pan-viral specificity of IFN-induced genes reveals new roles for cGAS in innate immunity.,SYBIL,Adolfo Garcia-Sastre,explicit cross-virus or shared-host framing in title/abstract,normalized,145,relevant,"explicit cross-virus/shared-host full-text language: multiple viruses, pan-viral",viral,,,virus;viral,screen,multiple viruses;pan-viral,,,,,"In this Letter, we carried out bioinformatic analyses on interferon-stimulated gene screening data sets for multiple viruses, including a data set for West Nile virus (WNV) (Supplementary Table 8 in ref. 1 ). We recently discovered that the WNV-GFP stock used in our 2011 study 1 was actually Venezuelan equine encephalitis virus (VEEV-GFP). The error has been tracked to a technical mistake made during the virus production pro"
pmid-22190037,22190037,pi-backlog,2011,Vif hijacks CBF-β to degrade APOBEC3G and promote HIV-1 infection.,HPMI,Andrej Sali,"viral context plus mechanism/resource terms: virus, viral, hiv, interaction",normalized,129,relevant,"viral context plus mechanism-rich title/abstract: hiv, virus, viral, hiv, interaction, restriction factor",virus;viral;hiv,hiv,interaction;restriction factor;replication,virus;viral;hiv,interaction;restriction factor;replication,,,,,,"Affinity tagging, purification 14 and ubiquitination assays 28 were performed as described. Recombinant A3A and A3G were purified as Myc-His tagged proteins from HEK293 cells. HIV-1 infectivity studies used an HIV-1 IIIB proviral DNA construct (with or without Vif) or an HIV-GFP reporter plasmid set. Control (RHS4346) and CBF-β (RHS4430-99161432) shRNA constructs were obtained from Open Biosystems. A CBF-β complementary DNA matching NM_001755.2 was cloned from the CEM T cell line by RT–PCR. Immu"
pmid-37025664,37025664,pi-backlog,2023,A covalent inhibitor targeting the papain-like protease from SARS-CoV-2 inhibits viral replication.,HPMI,Melanie Ott,"viral context plus mechanism/resource terms: viral, sars, screen",cached_normalized,41,relevant,"viral context plus mechanism-rich title/abstract: sars-cov-2, sars, viral, sars-cov-2, sars, screen",viral;sars-cov-2;sars,sars-cov-2;sars,screen;replication,viral;sars-cov-2;sars,screen;replication,,,,,inhibitor;inhibits viral replication;drug discovery,"The animal study was reviewed and approved by the University of California, Berkeley Animal Care and Use Committee (ACUC) and Laboratory Animal Care(OLAC) AUP-2019-04-12046. All the mice were purchased from Jackson laboratory (Maine, USA). The authors have no conflicts to declare."
pmid-42244653,42244653,pi-backlog,2026,Substrate and target selectivity of 4'-fluoroadenosine against viral and host polymerases.,SYBIL,Sumit Chanda,explicit cross-virus or shared-host framing in title/abstract,cached_normalized,0,relevant,"virus-focused title/abstract plus weaker cross-virus framing in body: broad-spectrum, coronavirus, sars-cov-2, sars, interaction, interactions",virus;viral;coronavirus;sars-cov-2;sars,coronavirus;sars-cov-2;sars,interaction;interactions,virus;viral;coronavirus;sars-cov-2;sars,interaction;interactions,broad-spectrum,,,,,
pmid-41279668,41279668,pi-backlog,2025,Disease modulation by TIV vaccination during secondary pneumococcal infections in influenza-infected mice.,SYBIL,Michael Schotsaert,"viral context plus mechanism/resource terms: virus, viral, influenza, host response",cached_normalized,0,relevant,"viral context plus mechanism-rich title/abstract: influenza, h1n1, virus, viral, influenza, host response",virus;viral;influenza,influenza;h1n1,host response;macrophage;alveolar,virus;viral;influenza,host response;macrophage;alveolar,,,bacterial;streptococcus,,preclinical,
pmid-41142120,41142120,pi-backlog,2025,Integrative multi-omics analysis in vivo identifies influenza virus host factors.,SYBIL,Adolfo Garcia-Sastre,"viral context plus mechanism/resource terms: virus, viral, influenza, dependency, network",cached_normalized,0,relevant,"viral context plus mechanism-rich title/abstract: influenza, h1n1, h5n1, virus, viral, influenza",virus;viral;influenza,influenza;h1n1;h5n1,host factor;host factors;dependency;replication;network,virus;viral;influenza,host factor;host factors;dependency;replication;network,,,,,,
pmid-41141506,41141506,pi-backlog,2025,Liquid Biopsy-Multiomics Link Adhesion Pathway Dysregulation to Kidney Injury Severity.,SYBIL,Adolfo Garcia-Sastre,"viral context plus mechanism/resource terms: sars, pathway, interaction, proteomics",cached_normalized,0,relevant,"viral context plus mechanism-rich title/abstract: sars-cov-2, sars, sars-cov-2, sars, pathway, pathways",sars-cov-2;sars,sars-cov-2;sars,pathway;pathways;interaction;proteomics;transcriptomics,sars-cov-2;sars,pathway;pathways;interaction;proteomics;transcriptomics,,kidney,,,,
pmid-40909530,40909530,pi-backlog,2025,Single-Cell Network Analysis Identifies CLEC4E as a Key Mediator of Proinflammatory mDC Responses in Influenza Infection.,SYBIL,Adolfo Garcia-Sastre;Michael Schotsaert,"viral context plus mechanism/resource terms: virus, viral, influenza, network",cached_normalized,0,relevant,"viral context plus mechanism-rich title/abstract: influenza, virus, viral, influenza, pathway, pathways",virus;viral;influenza,influenza,pathway;pathways;network,virus;viral;influenza,pathway;pathways;network,,,candida,,,
pmid-40766693,40766693,pi-backlog,2025,Coronavirus protein interaction mapping in bat and human cells identifies molecular and genetic switches for immune evasion and replication.,SYBIL;HPMI,Adolfo Garcia-Sastre;Melanie Ott,explicit cross-virus or shared-host framing in title/abstract,cached_normalized,0,relevant,"virus-focused title/abstract plus weaker cross-virus framing in body: host adaptation, coronavirus, sars-cov-2, sars, interaction, interactions",virus;viral;coronavirus;sars-cov-2;sars,coronavirus;sars-cov-2;sars,interaction;interactions;protein interaction;restriction factor;immune evasion;replication,virus;viral;coronavirus;sars-cov-2;sars,interaction;interactions;protein interaction;restriction factor;immune evasion;replication,host adaptation,,,,,
pmid-40758871,40758871,pi-backlog,2025,Influenza A virus NS1 protein mimics oncogenic PI3K resulting in isoform specific cellular redistribution and activation.,SYBIL,Adolfo Garcia-Sastre,"viral context plus mechanism/resource terms: virus, viral, influenza, interaction",cached_normalized,0,relevant,"viral context plus mechanism-rich title/abstract: influenza, virus, viral, influenza, interaction, interactions",virus;viral;influenza,influenza,interaction;interactions;network,virus;viral;influenza,interaction;interactions;network,,,,,,
pmid-40687705,40687705,pi-backlog,2025,Baseline predictors for 28-day COVID-19 severity and mortality among hospitalized patients: results from the IMPACC study.,UCLA-Persistent-BSI,Elaine Reed,"viral context plus mechanism/resource terms: viral, coronavirus, sars, proteomics, host response",cached_normalized,0,relevant,"viral context plus mechanism-rich title/abstract: coronavirus, sars-cov-2, sars, covid-19, virus, viral",virus;viral;coronavirus;sars-cov-2;sars;covid-19,coronavirus;sars-cov-2;sars;covid-19,host response;proteomics;transcriptomics,virus;viral;coronavirus;sars-cov-2;sars;covid-19,host response;proteomics;transcriptomics,,,,,,
pmid-40627391,40627391,pi-backlog,2025,BIK polymorphism and proteasome regulation unveil host risk factor for severe influenza.,SYBIL,Adolfo Garcia-Sastre,"viral context plus mechanism/resource terms: viral, influenza, interaction",cached_normalized,0,relevant,"viral context plus mechanism-rich title/abstract: influenza, virus, viral, influenza, host factor, host factors",virus;viral;influenza,influenza,host factor;host factors;interaction;replication;epithelial,virus;viral;influenza,host factor;host factors;interaction;replication;epithelial,,,,,,
pmid-40504864,40504864,pi-backlog,2025,Global siRNA screen identifies human host factors critical for SARS-CoV-2 replication and late stages of infection.,SYBIL;HPMI,Adolfo Garcia-Sastre;Trey Ideker,"viral context plus mechanism/resource terms: virus, viral, coronavirus, sars, pathway, dependency",cached_normalized,0,relevant,"viral context plus mechanism-rich title/abstract: coronavirus, sars-cov-2, sars, virus, viral, coronavirus",virus;viral;coronavirus;sars-cov-2;sars,coronavirus;sars-cov-2;sars,host factor;host factors;pathway;pathways;interaction;interactions;proteomics;screen;crispr;dependency;replication,virus;viral;coronavirus;sars-cov-2;sars,host factor;host factors;pathway;pathways;interaction;interactions;proteomics;screen;crispr;dependency;replication,,,,,,
pmid-40494346,40494346,pi-backlog,2025,Neuroendocrine cells orchestrate regeneration through Desert hedgehog signaling.,HPMI,Melanie Ott,"viral context plus mechanism/resource terms: influenza, sars, pathway",cached_normalized,0,relevant,"viral context plus mechanism-rich title/abstract: influenza, sars-cov-2, sars, influenza, sars-cov-2, sars",influenza;sars-cov-2;sars,influenza;sars-cov-2;sars,pathway;epithelial,influenza;sars-cov-2;sars,pathway;epithelial,,diabetes,,,inhibitor,
pmid-40378209,40378209,pi-backlog,2025,Identification and targeting of regulators of SARS-CoV-2-host interactions in the airway epithelium.,SYBIL,Adolfo Garcia-Sastre;Michael Schotsaert,"viral context plus mechanism/resource terms: virus, viral, sars, network, host response",cached_normalized,0,relevant,"viral context plus mechanism-rich title/abstract: sars-cov-2, sars, virus, viral, sars-cov-2, sars",virus;viral;sars-cov-2;sars,sars-cov-2;sars,host response;pathway;pathways;interaction;interactions;screen;crispr;epithelial;network,virus;viral;sars-cov-2;sars,host response;pathway;pathways;interaction;interactions;screen;crispr;epithelial;network,,,candida,,,
pmid-39975920,39975920,pi-backlog,2025,Muscle macrophage regenerative response after squalene-adjuvanted influenza vaccination drives Th2-skewed response and is reduced with age.,SYBIL,Michael Schotsaert,"viral context plus mechanism/resource terms: virus, viral, influenza, host response",cached_normalized,0,relevant,"viral context plus mechanism-rich title/abstract: influenza, virus, viral, influenza, host response, pathway",virus;viral;influenza,influenza,host response;pathway;pathways;macrophage,virus;viral;influenza,host response;pathway;pathways;macrophage,,,,,,
pmid-38979204,38979204,pi-backlog,2024,Broad-spectrum RNA antiviral inspired by ISG15 (-/-) deficiency.,SYBIL,Adolfo Garcia-Sastre,explicit cross-virus or shared-host framing in title/abstract,cached_normalized,0,relevant,"virus-focused title/abstract plus weaker cross-virus framing in body: broad-spectrum, influenza, sars-cov-2, sars, zika, replication",virus;viral;influenza;sars-cov-2;sars;zika,influenza;sars-cov-2;sars;zika,replication,virus;viral;influenza;sars-cov-2;sars;zika,replication,broad-spectrum,,,,,
pmid-38562892,38562892,pi-backlog,2024,Integrated multiomics implicates dysregulation of ECM and cell adhesion pathways as drivers of severe COVID-associated kidney injury.,SYBIL,Adolfo Garcia-Sastre,"viral context plus mechanism/resource terms: sars, interaction, network, proteomics",cached_normalized,0,relevant,"viral context plus mechanism-rich title/abstract: sars-cov-2, sars, covid-19, sars-cov-2, sars, covid-19",sars-cov-2;sars;covid-19,sars-cov-2;sars;covid-19,pathway;pathways;interaction;proteomics;network,sars-cov-2;sars;covid-19,pathway;pathways;interaction;proteomics;network,,kidney,,,,
pmid-38328256,38328256,pi-backlog,2024,Patient Subtyping Analysis of Baseline Multi-omic Data Reveals Distinct Pre-immune States Predictive of Vaccination Responses.,SYBIL,Adolfo Garcia-Sastre,"viral context plus mechanism/resource terms: influenza, network, proteomics",cached_normalized,0,relevant,"viral context plus mechanism-rich title/abstract: influenza, influenza, proteomics, transcriptomics, network",influenza,influenza,proteomics;transcriptomics;network,influenza,proteomics;transcriptomics;network,,,,,,
pmid-38587193,38587193,hpmi,2024,Assembly of SARS-CoV-2 nucleocapsid protein with nucleic acid.,HPMI,,candidate relevance plus virus/pathogen/assay support,cached_normalized,0,relevant,"viral context plus mechanism-rich title/abstract: sars-cov-2, sars, viral, sars-cov-2, sars, interaction",viral;sars-cov-2;sars,sars-cov-2;sars,interaction;interactions;protein interaction,viral;sars-cov-2;sars,interaction;interactions;protein interaction,,,,,,
pmid-37804247,37804247,current-program,2024,The Third Annual Symposium of the Midwest Aging Consortium.,,,candidate relevance plus virus/pathogen/assay support,cached_normalized,0,relevant,"viral context plus mechanism-rich title/abstract: virus, pathway, pathways",virus,,pathway;pathways,virus,pathway;pathways,,,,,,
pmid-36299428,36299428,pi-backlog,2022,Impact of SARS-CoV-2 ORF6 and its variant polymorphisms on host responses and viral pathogenesis.,SYBIL,Adolfo Garcia-Sastre,"viral context plus mechanism/resource terms: viral, sars, pathway, interaction",normalized_empty_sections,0,relevant,"viral context plus mechanism-rich title/abstract: sars-cov-2, sars, virus, viral, sars-cov-2, sars",virus;viral;sars-cov-2;sars,sars-cov-2;sars,host response;pathway;interaction;immune evasion,virus;viral;sars-cov-2;sars,host response;pathway;interaction;immune evasion,,,,,,
pmid-32661015,32661015,pi-backlog,2021,Induction and Evasion of Type-I Interferon Responses during Influenza A Virus Infection.,SYBIL,Adolfo Garcia-Sastre,"viral context plus mechanism/resource terms: virus, viral, influenza, pathway",normalized_empty_sections,0,relevant,"viral context plus mechanism-rich title/abstract: influenza, virus, viral, influenza, pathway, immune evasion",virus;viral;influenza,influenza,pathway;immune evasion;replication,virus;viral;influenza,pathway;immune evasion;replication,,,,,,
pmid-33586677,33586677,current-program,2021,The lung microenvironment shapes a dysfunctional response of alveolar macrophages in aging.,,,candidate relevance plus virus/pathogen/assay support,normalized_empty_sections,0,relevant,"viral context plus mechanism-rich title/abstract: influenza, viral, influenza, macrophage, alveolar",viral;influenza,influenza,macrophage;alveolar,viral;influenza,macrophage;alveolar,,,,,,
pmid-32839770,32839770,pi-backlog,2020,SARS-CoV-2 ORF9c Is a Membrane-Associated Protein that Suppresses Antiviral Responses in Cells.,HPMI,Nevan Krogan,"viral context plus mechanism/resource terms: viral, coronavirus, sars, interactome",normalized_empty_sections,0,relevant,"viral context plus mechanism-rich title/abstract: coronavirus, sars-cov-2, sars, covid-19, virus, viral",virus;viral;coronavirus;sars-cov-2;sars;covid-19,coronavirus;sars-cov-2;sars;covid-19,interactome;immune evasion;epithelial,virus;viral;coronavirus;sars-cov-2;sars;covid-19,interactome;immune evasion;epithelial,,,,,,
pmid-32522852,32522852,pi-backlog,2020,A Genome-Wide CRISPR-Cas9 Screen Reveals the Requirement of Host Cell Sulfation for Schmallenberg Virus Infection.,SYBIL,Adolfo Garcia-Sastre,"viral context plus mechanism/resource terms: virus, viral, dependency, screen",normalized_empty_sections,0,relevant,"viral context plus mechanism-rich title/abstract: virus, interaction, interactions, screen, crispr, dependency",virus,,interaction;interactions;screen;crispr;dependency,virus,interaction;interactions;screen;crispr;dependency,,,,,,
pmid-32444466,32444466,hpmi,2020,The Landscape of Human Cancer Proteins Targeted by SARS-CoV-2.,HPMI,,candidate relevance plus virus/pathogen/assay support,normalized_empty_sections,0,relevant,"viral context plus mechanism-rich title/abstract: sars-cov-2, sars, covid-19, virus, sars-cov-2, sars",virus;sars-cov-2;sars;covid-19,sars-cov-2;sars;covid-19,pathway;pathways;interaction;interactions;protein interaction,virus;sars-cov-2;sars;covid-19,pathway;pathways;interaction;interactions;protein interaction,,cancer,,,,
pmid-34013276,34013276,current-program,2020,Alveolitis in severe SARS-CoV-2 pneumonia is driven by self-sustaining circuits between infected alveolar macrophages and T cells.,CViSB,Donald S Grant;Richard Wunderink,candidate relevance plus virus/pathogen/assay support,normalized_empty_sections,0,relevant,"viral context plus mechanism-rich title/abstract: coronavirus, sars-cov-2, sars, covid-19, virus, coronavirus",virus;coronavirus;sars-cov-2;sars;covid-19,coronavirus;sars-cov-2;sars;covid-19,macrophage;alveolar,virus;coronavirus;sars-cov-2;sars;covid-19,macrophage;alveolar,,,,,,
pmid-31714898,31714898,current-program,2020,Linear ubiquitin assembly complex regulates lung epithelial-driven responses during influenza infection.,,,candidate relevance plus virus/pathogen/assay support,normalized_empty_sections,0,relevant,"viral context plus mechanism-rich title/abstract: influenza, virus, viral, influenza, host response, replication",virus;viral;influenza,influenza,host response;replication;epithelial,virus;viral;influenza,host response;replication;epithelial,,,,,,
pmid-31043530,31043530,pi-backlog,2019,Host-Specific NS5 Ubiquitination Determines Yellow Fever Virus Tropism.,SYBIL,Adolfo Garcia-Sastre,"viral context plus mechanism/resource terms: virus, viral, dengue, zika, pathway, interaction",normalized_empty_sections,0,relevant,"viral context plus mechanism-rich title/abstract: dengue, zika, yellow fever virus, flavivirus, virus, viral",virus;viral;dengue;zika;yellow fever virus,dengue;zika;yellow fever virus;flavivirus,pathway;replication,virus;viral;dengue;zika;yellow fever virus,pathway;replication,,,,,,
pmid-30463968,30463968,pi-backlog,2019,Packaging of the Influenza Virus Genome Is Governed by a Plastic Network of RNA- and Nucleoprotein-Mediated Interactions.,SYBIL,Adolfo Garcia-Sastre,"viral context plus mechanism/resource terms: virus, viral, influenza, interaction, network",normalized_empty_sections,0,relevant,"viral context plus mechanism-rich title/abstract: influenza, virus, viral, influenza, interaction, interactions",virus;viral;influenza,influenza,interaction;interactions;protein interaction;network,virus;viral;influenza,interaction;interactions;protein interaction;network,,,,,,
pmid-30538201,30538201,pi-backlog,2018,Structural-functional interactions of NS1-BP protein with the splicing and mRNA export machineries for viral and host gene expression.,SYBIL,Adolfo Garcia-Sastre,"viral context plus mechanism/resource terms: viral, influenza, interaction, proteomics",normalized_empty_sections,0,relevant,"viral context plus mechanism-rich title/abstract: influenza, virus, viral, influenza, interaction, interactions",virus;viral;influenza,influenza,interaction;interactions,virus;viral;influenza,interaction;interactions,,tumor,,,,
pmid-30258002,30258002,pi-backlog,2018,Influenza Virus NS1 Protein-RNA Interactome Reveals Intron Targeting.,SYBIL,Adolfo Garcia-Sastre,"viral context plus mechanism/resource terms: virus, viral, influenza, interactome, interaction",normalized_empty_sections,0,relevant,"viral context plus mechanism-rich title/abstract: influenza, virus, viral, influenza, interaction, interactions",virus;viral;influenza,influenza,interaction;interactions;interactome,virus;viral;influenza,interaction;interactions;interactome,,,,,,
pmid-30111569,30111569,pi-backlog,2018,Transcriptome Analysis of Infected and Bystander Type 2 Alveolar Epithelial Cells during Influenza A Virus Infection Reveals In Vivo Wnt Pathway Downregulation.,SYBIL,Adolfo Garcia-Sastre,"viral context plus mechanism/resource terms: virus, viral, influenza, pathway, transcriptome",normalized_empty_sections,0,relevant,"viral context plus mechanism-rich title/abstract: influenza, virus, viral, influenza, pathway, pathways",virus;viral;influenza,influenza,pathway;pathways;alveolar;epithelial,virus;viral;influenza,pathway;pathways;alveolar;epithelial,,,,,,
pmid-29321315,29321315,pi-backlog,2018,Paramyxovirus V Proteins Interact with the RIG-I/TRIM25 Regulatory Complex and Inhibit RIG-I Signaling.,SYBIL,Adolfo Garcia-Sastre,"viral context plus mechanism/resource terms: virus, pathway, interaction",normalized_empty_sections,0,relevant,"viral context plus mechanism-rich title/abstract: influenza, virus, viral, influenza, pathway, interaction",virus;viral;influenza,influenza,pathway;interaction;interactions;replication,virus;viral;influenza,pathway;interaction;interactions;replication,,,,,,
pmid-27807226,27807226,pi-backlog,2017,"Subcellular Localizations of RIG-I, TRIM25, and MAVS Complexes.",SYBIL,Adolfo Garcia-Sastre,"viral context plus mechanism/resource terms: virus, viral, influenza, pathway",normalized_empty_sections,0,relevant,"viral context plus mechanism-rich title/abstract: influenza, hepatitis c virus, virus, viral, influenza, pathway",virus;viral;influenza,influenza;hepatitis c virus,pathway;pathways;interaction;interactions,virus;viral;influenza,pathway;pathways;interaction;interactions,,,,,,
pmid-26223644,26223644,pi-backlog,2015,RIG-I Mediates an Antiviral Response to Crimean-Congo Hemorrhagic Fever Virus.,SYBIL,Adolfo Garcia-Sastre,"viral context plus mechanism/resource terms: virus, viral, pathway",normalized_empty_sections,0,relevant,"viral context plus mechanism-rich title/abstract: virus, viral, pathway, replication",virus;viral,,pathway;replication,virus;viral,pathway;replication,,,,,,
pmid-26178989,26178989,pi-backlog,2015,HIV Vpu Interferes with NF-κB Activity but Not with Interferon Regulatory Factor 3.,SYBIL,Adolfo Garcia-Sastre,"viral context plus mechanism/resource terms: viral, hiv, pathway, host response",normalized_empty_sections,0,relevant,"viral context plus mechanism-rich title/abstract: hiv, viral, hiv, host response, pathway, pathways",viral;hiv,hiv,host response;pathway;pathways;macrophage,viral;hiv,host response;pathway;pathways;macrophage,,,,,,
pmid-25389186,25389186,pi-backlog,2015,Mapping of the interaction domains of the Crimean-Congo hemorrhagic fever virus nucleocapsid protein.,SYBIL,Adolfo Garcia-Sastre,"viral context plus mechanism/resource terms: virus, viral, interaction",normalized_empty_sections,0,relevant,"viral context plus mechanism-rich title/abstract: virus, viral, interaction, interactions, replication",virus;viral,,interaction;interactions;replication,virus;viral,interaction;interactions;replication,,,,,inhibitor,
pmid-24760882,24760882,pi-backlog,2014,Tumor suppressor cylindromatosis (CYLD) controls HIV transcription in an NF-κB-dependent manner.,SYBIL,Adolfo Garcia-Sastre,"viral context plus mechanism/resource terms: viral, hiv, pathway",normalized_empty_sections,0,relevant,"viral context plus mechanism-rich title/abstract: hiv, virus, viral, hiv, pathway, screen",virus;viral;hiv,hiv,pathway;screen;replication;macrophage,virus;viral;hiv,pathway;screen;replication;macrophage,,tumor,,,,
pmid-23420847,23420847,pi-backlog,2013,Diacylglycerol acyltransferase-1 localizes hepatitis C virus NS5A protein to lipid droplets and enhances NS5A interaction with the viral capsid core.,HPMI,Melanie Ott,"viral context plus mechanism/resource terms: virus, viral, host factor, interaction",normalized_empty_sections,0,relevant,"viral context plus mechanism-rich title/abstract: hcv, hepatitis c virus, virus, viral, interaction, interactions",virus;viral,hcv;hepatitis c virus,interaction;interactions,virus;viral,interaction;interactions,,,,,inhibitor,
pmid-22993153,22993153,pi-backlog,2012,Contribution of NS1 effector domain dimerization to influenza A virus replication and virulence.,SYBIL,Adolfo Garcia-Sastre,"viral context plus mechanism/resource terms: virus, influenza, interaction",normalized_empty_sections,0,relevant,"viral context plus mechanism-rich title/abstract: influenza, virus, influenza, interaction, replication",virus;influenza,influenza,interaction;replication,virus;influenza,interaction;replication,,,,,,
pmid-22855494,22855494,pi-backlog,2012,Increased viral loads and exacerbated innate host responses in aged macaques infected with the 2009 pandemic H1N1 influenza A virus.,SYBIL,Adolfo Garcia-Sastre,"viral context plus mechanism/resource terms: virus, viral, influenza, host response",normalized_empty_sections,0,relevant,"viral context plus mechanism-rich title/abstract: influenza, h1n1, virus, viral, influenza, host response",virus;viral;influenza,influenza;h1n1,host response;replication;alveolar,virus;viral;influenza,host response;replication;alveolar,,,,,,
pmid-22778433,22778433,pi-backlog,2012,Hematopoietic-specific targeting of influenza A virus reveals replication requirements for induction of antiviral immune responses.,SYBIL,Adolfo Garcia-Sastre,"viral context plus mechanism/resource terms: virus, influenza, host response",normalized_empty_sections,0,relevant,"viral context plus mechanism-rich title/abstract: influenza, virus, viral, influenza, host response, replication",virus;viral;influenza,influenza,host response;replication;epithelial,virus;viral;influenza,host response;replication;epithelial,,,,,,
pmid-21917972,21917972,pi-backlog,2011,Major histocompatibility complex class II expression and hemagglutinin subtype influence the infectivity of type A influenza virus for respiratory dendritic cells.,SYBIL,Adolfo Garcia-Sastre,"viral context plus mechanism/resource terms: virus, influenza, interaction",normalized_empty_sections,0,relevant,"viral context plus mechanism-rich title/abstract: influenza, virus, viral, influenza, interaction, macrophage",virus;viral;influenza,influenza,interaction;macrophage,virus;viral;influenza,interaction;macrophage,,,,,,
pmid-21593271,21593271,pi-backlog,2011,The NS1 protein of influenza A virus suppresses interferon-regulated activation of antigen-presentation and immune-proteasome pathways.,SYBIL,Adolfo Garcia-Sastre,"viral context plus mechanism/resource terms: virus, influenza, pathway",normalized_empty_sections,0,relevant,"viral context plus mechanism-rich title/abstract: influenza, h1n1, virus, viral, influenza, host response",virus;viral;influenza,influenza;h1n1,host response;pathway;pathways,virus;viral;influenza,host response;pathway;pathways,,,,,,
pmid-20844044,20844044,pi-backlog,2010,Virulence-associated substitution D222G in the hemagglutinin of 2009 pandemic influenza A(H1N1) virus affects receptor binding.,SYBIL,Adolfo Garcia-Sastre,"viral context plus mechanism/resource terms: virus, influenza, interaction",normalized_empty_sections,0,relevant,"viral context plus mechanism-rich title/abstract: influenza, h1n1, virus, influenza, interaction, replication",virus;influenza,influenza;h1n1,interaction;replication;macrophage,virus;influenza,interaction;replication;macrophage,,,,,,
pmid-20844032,20844032,pi-backlog,2010,Macaque proteome response to highly pathogenic avian influenza and 1918 reassortant influenza virus infections.,SYBIL,Adolfo Garcia-Sastre,"viral context plus mechanism/resource terms: virus, viral, influenza, network",normalized_empty_sections,0,relevant,"viral context plus mechanism-rich title/abstract: influenza, virus, viral, influenza, pathway, pathways",virus;viral;influenza,influenza,pathway;pathways;network,virus;viral;influenza,pathway;pathways;network,,,,,,
pmid-20357099,20357099,pi-backlog,2010,Murine coronavirus delays expression of a subset of interferon-stimulated genes.,SYBIL,Adolfo Garcia-Sastre,"viral context plus mechanism/resource terms: virus, coronavirus, pathway",normalized_empty_sections,0,relevant,"viral context plus mechanism-rich title/abstract: coronavirus, virus, viral, coronavirus, pathway, replication",virus;viral;coronavirus,coronavirus,pathway;replication;macrophage,virus;viral;coronavirus,pathway;replication;macrophage,,,,,,
pmid-20219937,20219937,pi-backlog,2010,Species-specific antagonism of host ISGylation by the influenza B virus NS1 protein.,SYBIL,Adolfo Garcia-Sastre,"viral context plus mechanism/resource terms: virus, influenza, interaction",normalized_empty_sections,0,relevant,"viral context plus mechanism-rich title/abstract: influenza, virus, influenza, interaction, replication",virus;influenza,influenza,interaction;replication,virus;influenza,interaction;replication,,,,,,
pmid-20071582,20071582,pi-backlog,2010,Phosphorylation-mediated negative regulation of RIG-I antiviral activity.,SYBIL,Adolfo Garcia-Sastre,"viral context plus mechanism/resource terms: viral, interaction",normalized_empty_sections,0,relevant,"viral context plus mechanism-rich title/abstract: virus, viral, interaction, replication",virus;viral,,interaction;replication,virus;viral,interaction;replication,,,,,,
pmid-19812322,19812322,pi-backlog,2009,An integrated systems analysis implicates EGR1 downregulation in simian immunodeficiency virus encephalitis-induced neural dysfunction.,HPMI,Trey Ideker,"viral context plus mechanism/resource terms: virus, hiv, interaction, network, host response",normalized_empty_sections,0,relevant,"viral context plus mechanism-rich title/abstract: hiv, virus, hiv, host response, interaction, protein interaction",virus;hiv,hiv,host response;interaction;protein interaction;macrophage;network,virus;hiv,host response;interaction;protein interaction;macrophage;network,,,candida,,,
pmid-19706713,19706713,pi-backlog,2009,The NS1 protein of the 1918 pandemic influenza virus blocks host interferon and lipid metabolism pathways.,SYBIL,Adolfo Garcia-Sastre,"viral context plus mechanism/resource terms: virus, influenza, network, host response",normalized_empty_sections,0,relevant,"viral context plus mechanism-rich title/abstract: influenza, virus, viral, influenza, host response, pathway",virus;viral;influenza,influenza,host response;pathway;pathways;epithelial;network,virus;viral;influenza,host response;pathway;pathways;epithelial;network,,,,,,
pmid-19218453,19218453,pi-backlog,2009,Early and sustained innate immune response defines pathology and death in nonhuman primates infected by highly pathogenic influenza virus.,SYBIL,Adolfo Garcia-Sastre,"viral context plus mechanism/resource terms: virus, influenza, host response",normalized_empty_sections,0,relevant,"viral context plus mechanism-rich title/abstract: influenza, h5n1, virus, influenza, host response, alveolar",virus;influenza,influenza;h5n1,host response;alveolar,virus;influenza,host response;alveolar,,,,,inhibitor,
pmid-19019947,19019947,pi-backlog,2009,Hantaan virus nucleocapsid protein binds to importin alpha proteins and inhibits tumor necrosis factor alpha-induced activation of nuclear factor kappa B.,SYBIL,Adolfo Garcia-Sastre,explicit cross-virus or shared-host framing in title/abstract,normalized_empty_sections,0,relevant,explicit cross-virus/shared-host full-text language: multiple viruses,virus,,pathway;interaction,virus,pathway;interaction,multiple viruses,tumor,,,inhibitor,
pmid-17942531,17942531,pi-backlog,2008,Distinct RIG-I and MDA5 signaling by RNA viruses in innate immunity.,SYBIL,Adolfo Garcia-Sastre,"viral context plus mechanism/resource terms: virus, viral, influenza, dengue, interaction, host response",normalized_empty_sections,0,relevant,"viral context plus mechanism-rich title/abstract: influenza, dengue, virus, viral, influenza, dengue",virus;viral;influenza;dengue,influenza;dengue,host response;interaction,virus;viral;influenza;dengue,host response;interaction,,,,,,
pmid-17494067,17494067,pi-backlog,2007,Peptide-mediated interference with influenza A virus polymerase.,SYBIL,Adolfo Garcia-Sastre,"viral context plus mechanism/resource terms: virus, viral, influenza, interaction",normalized_empty_sections,0,relevant,"viral context plus mechanism-rich title/abstract: influenza, virus, viral, influenza, interaction, interactions",virus;viral;influenza,influenza,interaction;interactions;protein interaction;replication,virus;viral;influenza,interaction;interactions;protein interaction;replication,,,,,,
pmid-17459917,17459917,pi-backlog,2007,Inhibition of the alpha/beta interferon response by mouse hepatitis virus at multiple levels.,SYBIL,Adolfo Garcia-Sastre,"viral context plus mechanism/resource terms: virus, interaction",normalized_empty_sections,0,relevant,"viral context plus mechanism-rich title/abstract: coronavirus, virus, viral, coronavirus, interaction, replication",virus;viral;coronavirus,coronavirus,interaction;replication,virus;viral;coronavirus,interaction;replication,,,,,inhibitor,
pmid-17442719,17442719,pi-backlog,2007,Multiple anti-interferon actions of the influenza A virus NS1 protein.,SYBIL,Adolfo Garcia-Sastre,"viral context plus mechanism/resource terms: virus, viral, influenza, interaction, host response",normalized_empty_sections,0,relevant,"viral context plus mechanism-rich title/abstract: influenza, h1n1, virus, viral, influenza, host response",virus;viral;influenza,influenza;h1n1,host response;interaction;replication,virus;viral;influenza,host response;interaction;replication,,,,,,
pmid-17269724,17269724,pi-backlog,2007,Identification of cellular interaction partners of the influenza virus ribonucleoprotein complex and polymerase complex using proteomic-based approaches.,SYBIL,Adolfo Garcia-Sastre,"viral context plus mechanism/resource terms: virus, viral, influenza, interaction, proteomics",normalized_empty_sections,0,relevant,"viral context plus mechanism-rich title/abstract: influenza, virus, viral, influenza, interaction, proteomics",virus;viral;influenza,influenza,interaction;proteomics;screen;replication,virus;viral;influenza,interaction;proteomics;screen;replication,,,,,,
pmid-17094252,17094252,pi-backlog,2006,Discovering regulated networks during HIV-1 latency and reactivation.,HPMI,Trey Ideker,"viral context plus mechanism/resource terms: virus, viral, hiv, network",normalized_empty_sections,0,relevant,"viral context plus mechanism-rich title/abstract: hiv, virus, viral, hiv, pathway, pathways",virus;viral;hiv,hiv,pathway;pathways;interaction;interactions;protein interaction;network,virus;viral;hiv,pathway;pathways;interaction;interactions;protein interaction;network,,,,,,
pmid-17006449,17006449,pi-backlog,2006,Genomic analysis of increased host immune and cell death responses induced by 1918 influenza virus.,SYBIL,Adolfo Garcia-Sastre,"viral context plus mechanism/resource terms: virus, influenza, interaction, host response",normalized_empty_sections,0,relevant,"viral context plus mechanism-rich title/abstract: influenza, virus, viral, influenza, host response, pathway",virus;viral;influenza,influenza,host response;pathway;pathways;interaction,virus;viral;influenza,host response;pathway;pathways;interaction,,,,,,
pmid-16928763,16928763,pi-backlog,2006,Integrated molecular signature of disease: analysis of influenza virus-infected macaques through functional genomics and proteomics.,SYBIL,Adolfo Garcia-Sastre,"viral context plus mechanism/resource terms: virus, viral, influenza, proteomics, host response",normalized_empty_sections,0,relevant,"viral context plus mechanism-rich title/abstract: influenza, virus, viral, influenza, host response, proteomics",virus;viral;influenza,influenza,host response;proteomics,virus;viral;influenza,host response;proteomics,,,,,,
pmid-16352563,16352563,pi-backlog,2006,Prostate tumor cells infected with a recombinant influenza virus expressing a truncated NS1 protein activate cytolytic CD8+ cells to recognize noninfected tumor cells.,SYBIL,Adolfo Garcia-Sastre,"viral context plus mechanism/resource terms: virus, viral, influenza, pathway",normalized_empty_sections,0,relevant,"viral context plus mechanism-rich title/abstract: influenza, virus, viral, influenza, pathway, pathways",virus;viral;influenza,influenza,pathway;pathways,virus;viral;influenza,pathway;pathways,,cancer;tumor;prostate,,,,
pmid-37857833,37857833,hpmi,2023,A Legionella toxin exhibits tRNA mimicry and glycosyl transferase activity to target the translation machinery and trigger a ribotoxic stress response.,HPMI,,candidate relevance plus virus/pathogen/assay support,cached_normalized,14607,not_relevant,title is dominated by a non-viral pathogen context: legionella,,,pathway,virus,host response;pathway;pathways;interaction;interactions;proteomics;screen;crispr;replication;macrophage;network,,,legionella;bacterial;bacterium;pneumophila,,inhibitor,"that the response to ribosome collisions elicited a conserved signature ( Extended Data Figure 6a ). The transcriptomes of WT L.p. infected cells, although indicative of a general host response to bacterial infection by gene set enrichment analyses 33 ( Supplementary Table 5 ), differed in a manner dependent on the duration of infection ( Extended Data Figure 6a ) and varied from the transcriptomes of ANS and DD-B treated cells. Despite the variance in the global transcriptional profiles, a cons"
pmid-38117589,38117589,hpmi,2024,Cross-family small GTPase ubiquitination by the intracellular pathogen Legionella pneumophila.,HPMI,,candidate relevance plus virus/pathogen/assay support,cached_normalized,12193,not_relevant,"title is dominated by a non-viral pathogen context: legionella, pneumophila",,,,,host response;pathway;pathways;interaction;interactions;protein interaction;proteomics;replication;macrophage;alveolar;epithelial,,,mycobacter;tuberculosis;legionella;bacterial;bacterium;salmonella;pneumophila,,,"CE pathway” (planar cell polarity pathway) (Supplemental Figure S2E) ( Tran et al. , 2014 ). The enrichment of these terms during Δ dotA infection indicates a strong antibacterial host response that is absent during WT L.p . infection and serves as a confirmation that our proteomic analysis aligns with the biology of the system. Given the tight relationship between protein ubiquitination and degradation, we compared host cell protein ubiquitin changes to changes in abundance. To do this, we ana"
pmid-37577546,37577546,hpmi,2023,Cross-family small GTPase ubiquitination by the intracellular pathogen Legionella pneumophila.,HPMI,,candidate relevance plus virus/pathogen/assay support,cached_normalized,11633,not_relevant,"title is dominated by a non-viral pathogen context: legionella, pneumophila",,,,,host response;pathway;pathways;interaction;interactions;protein interaction;proteomics;replication;macrophage;alveolar;epithelial,,,mycobacter;tuberculosis;legionella;bacterial;bacterium;salmonella;pneumophila,,,"le"" and ""PCP/CE pathway"" (planar cell polarity pathway) ( Fig 1-S2E ) ( Tran et al., 2014 ). The enrichment of these terms during Δ dotA infection indicates a strong antibacterial host response which is absent during WT L.p. infection, and serves as a confirmation that our proteomic analysis aligns with the biology of the system. Given the tight relationship between protein ubiquitination and degradation, we compared host cell protein ubiquitin changes to changes in abundance. To do this, we an"
pmid-33303586,33303586,hpmi,2020,Genetic interaction mapping informs integrative structure determination of protein complexes.,HPMI,,candidate relevance plus virus/pathogen/assay support,normalized,11379,not_relevant,non-viral pathogen focus dominates title/abstract/full text: bacterial,,,interaction;interactions,hiv,pathway;interaction;interactions;protein interaction;screen;crispr;network,,,bacterial,,,"he expression of the interacting gene. The pE-MAP was clustered hierarchically along both dimensions ( Fig. 3A , Data S1 ) and effectively recapitulates known protein complex and pathway memberships. For example, the pE-MAP identified COMPASS ( 30 , 31 ), Swr1-C ( 32 ), and the Set2/Eaf3 pathway ( 33 - 35 ), as well as clusters of genes linked to telomere maintenance and Golgi/ER traffic ( Fig. 3B , Data S1 ). Furthermore, mutations of histone residues in close proximity to each other (e.g. mut"
pmid-41688792,41688792,hpmi,2026,Membrane-associated effluxosomes coordinate multi-metal resistance in Mycobacterium tuberculosis.,HPMI,,candidate relevance plus virus/pathogen/assay support,cached_normalized,11203,not_relevant,"title is dominated by a non-viral pathogen context: mycobacter, tuberculosis, bacterium",,,interaction;network,,pathway;pathways;interaction;interactions;proteomics;screen;replication;macrophage;alveolar;network,,,mycobacter;tuberculosis;bacterial;bacterium,,,"n unidentified partner encoded in the M. tuberculosis genome, but absent from M. smegmatis , for its function, or that functional redundancy with one or more copper detoxification pathways masks its contribution. Alternatively, CtpV may not primarily function in copper detoxification but instead facilitates copper transport to deliver it as a cofactor to periplasmic and membrane-associated proteins, as has been proposed for CtpA (López-Ruíz et al, 2025 ) and CtpB (León-Torres et al, 2020 ). Futu"
pmid-27322406,27322406,pi-backlog,2016,Comparative Protein Structure Modeling Using MODELLER.,HPMI,Andrej Sali,explicit cross-virus or shared-host framing in title/abstract,normalized,11116,not_relevant,non-viral pathogen focus dominates title/abstract/full text: candida,,,,hiv,interaction;interactions,,,candida,modeller;modbase;protein structure modeling;comparative protein structure,,"hich forms the other half of the active site. This latter region is well resolved in both the template and the target structure. However, probably due to the unfavorable nonbonded interactions with the 90 to 100 region, it is reported to be of high energy by DOPE. It is to be noted that a region of high energy indicated by DOPE may not always necessarily indicate actual error, especially when it highlights an active site or a protein-protein interface. However, in this case, the same active-site"
pmid-41171885,41171885,hpmi,2025,Mycobacterium tuberculosis triggers reduced inflammatory cytokine responses and virulence in mice lacking Tax1bp1.,HPMI,,candidate relevance plus virus/pathogen/assay support,cached_normalized,10959,not_relevant,"title is dominated by a non-viral pathogen context: mycobacter, tuberculosis, bacterium",,,host factor;host response;replication;macrophage;alveolar,,host factor;host response;replication;macrophage;alveolar,,,mycobacter;tuberculosis;bacterial;bacterium;listeria,,,
pmid-41256720,41256720,hpmi,2025,Genome-wide screen in Mycobacterium tuberculosis infected macrophages reveals innate regulation of antibacterial mediators by IRF2.,HPMI,,candidate relevance plus virus/pathogen/assay support,cached_normalized,10597,not_relevant,"title is dominated by a non-viral pathogen context: mycobacter, tuberculosis, bacterial, bacterium",,,pathway;pathways;screen;crispr;macrophage,,pathway;pathways;screen;crispr;macrophage,,,mycobacter;tuberculosis;bacterial;bacterium;listeria,,,
pmid-28986782,28986782,pi-backlog,2017,Protein Structure Modeling with MODELLER.,HPMI,Andrej Sali,explicit cross-virus or shared-host framing in title/abstract,normalized,10498,not_relevant,non-viral pathogen focus dominates title/abstract/full text: candida,,,,hiv,interaction;interactions,,,candida,modeller;protein structure modeling,,"hich forms the other half of the active site. This latter region is well resolved in both the template and the target structure. However, probably due to the unfavorable nonbonded interactions with the 90 to 100 region, it is reported to be of high energy by DOPE. It is to be noted that a region of high energy indicated by DOPE may not always necessarily indicate actual error, especially when it highlights an active site or a protein-protein interface. However, in this case, the same active-site"
pmid-41794027,41794027,current-program,2026,Dynamics of natural selection preceding human viral epidemics and pandemics.,CViSB,Kristian Andersen,candidate relevance plus virus/pathogen/assay support,cached_normalized,9970,not_relevant,full text did not support viral host-mechanism relevance,virus;viral;influenza;sars-cov-2;sars;ebola;mpox,influenza;sars-cov-2;sars;ebola;mpox;h1n1,,virus;viral;influenza;coronavirus;sars-cov-2;sars;covid-19;hiv;ebola;mpox,replication,,,,,,"s sampled at the tips of the phylogeny 27 . Therefore, all the evolutionary dynamics that precede a zoonotic outbreak, including any genomic changes that influence infectiousness, replication, or transmissibility, will be captured on the stem branch. Similarly, evolutionary dynamics of human viruses can be inferred by analyzing viruses that capture the genomic diversity within an outbreak. We assembled datasets to characterize evolution around zoonosis, including the stem branch preceding the ep"
pmid-31951200,31951200,hpmi,2020,Dynamic post-translational modification profiling of Mycobacterium tuberculosis-infected primary macrophages.,HPMI,,candidate relevance plus virus/pathogen/assay support,normalized,9861,not_relevant,"title is dominated by a non-viral pathogen context: mycobacter, tuberculosis, bacterium",,,pathway;pathways;macrophage,virus;viral,host response;pathway;pathways;interaction;interactions;protein interaction;proteomics;transcriptomics;screen;replication;macrophage;network,,cancer,mycobacter;tuberculosis;legionella;bacterial;bacterium;salmonella;pneumophila,,,"2×10 −19 , p=2.08×10 −18 ; Figure 3C and Figure 3—figure supplement 1 ). Thus, our unbiased proteomic approach helped elucidate components of pathways known to be important in the host response to Mtb and identified new pathways that may play unexpected roles in the polarization of macrophages towards antibacterial defense. Moreover, the functional enrichment analysis highlights the usefulness of measuring changes in the proteome using separate enrichment techniques, allowing one to capture uniq"
pmid-36075902,36075902,hpmi,2022,Structure-function analysis of enterovirus protease 2A in complex with its essential host factor SETD3.,HPMI,,candidate relevance plus virus/pathogen/assay support,normalized,9836,not_relevant,non-viral pathogen focus dominates title/abstract/full text: candida,virus;viral,,host factor;interaction,virus;viral,host factor;host factors;pathway;pathways;interaction;interactions;interactome;protein interaction;screen;crispr;replication,broad-spectrum,,candida,,,"ims to make use of this knowledge by interfering with host cell proteins that are critical to viral infection, replication or pathogenicity 3 . This strategy has the potential for broad-spectrum therapeutics by targeting cellular pathways and processes that are commonly exploited within virus families or genera. Furthermore, HDT may limit the emergence of drug resistance over traditional antivirals that target viral enzymes 4 , although this can depend on the particular host factor targeted and"
pmid-39395413,39395413,hpmi,2024,Genome integrity sensing by the broad-spectrum Hachiman antiphage defense complex.,HPMI,,explicit cross-virus/shared-host signal,cached_normalized,9790,not_relevant,full text did not support viral host-mechanism relevance,,,,,,broad-spectrum,,,,,
pmid-39198650,39198650,hpmi,2024,Tuberculosis in otherwise healthy adults with inherited TNF deficiency.,HPMI,,candidate relevance plus virus/pathogen/assay support,cached_normalized,9760,not_relevant,title is dominated by a non-viral pathogen context: tuberculosis,,,macrophage;alveolar,,macrophage;alveolar,,,mycobacter;tuberculosis;bacterium,,,
pmid-41332588,41332588,current-program,2025,Unconventional linkers facilitate potent stabilized coronavirus stem antibody responses following nanoparticle vaccination.,CViSB,Ryan McNamara,explicit cross-virus/shared-host signal,cached_normalized,9535,not_relevant,full text did not support viral host-mechanism relevance,virus;viral;influenza;coronavirus;sars-cov-2;sars;hiv,influenza;coronavirus;sars-cov-2;sars;hiv,,virus;viral;influenza;coronavirus;sars-cov-2;sars;hiv,,broad-spectrum,,,,,
pmid-39488835,39488835,hpmi,2024,Protocol for mapping differential protein-protein interaction networks using affinity purification-mass spectrometry.,HPMI,,candidate relevance plus virus/pathogen/assay support,cached_normalized,9496,not_relevant,full text did not support viral host-mechanism relevance,,,interaction;protein interaction;proteomics;network,,interaction;protein interaction;proteomics;network,,,,,,
pmid-40766380,40766380,hpmi,2025,"An unusual genetic switch controls Mycobacterium avium pathogenesis, antibiotic resistance and colony morphology.",HPMI,,candidate relevance plus virus/pathogen/assay support,cached_normalized,9293,not_relevant,"title is dominated by a non-viral pathogen context: mycobacter, bacterium",,,pathway,,pathway,,,mycobacter;bacterium,,,
pmid-39415058,39415058,hpmi,2025,Lung and liver editing by lipid nanoparticle delivery of a stable CRISPR-Cas9 ribonucleoprotein.,HPMI,,candidate relevance plus virus/pathogen/assay support,cached_normalized,9211,not_relevant,full text did not support viral host-mechanism relevance,viral,,crispr,viral,crispr,,,,,,
pmid-39024454,39024454,hpmi,2024,Multiscale photocatalytic proximity labeling reveals cell surface neighbors on and between cells.,HPMI,,candidate relevance plus virus/pathogen/assay support,cached_normalized,9145,not_relevant,full text did not support viral host-mechanism relevance,,,interactome;proteomics;network,,interactome;proteomics;network,,,,,,
pmid-31697957,31697957,pi-backlog,2019,2019 meeting of the global virus network.,CViSB,Robert Garry,"viral context plus mechanism/resource terms: virus, viral, network",normalized,9100,not_relevant,non-viral pathogen focus dominates title/abstract/full text: candida,virus;viral,,interaction;interactions;network,virus;viral;influenza;coronavirus;hiv;dengue;zika;rsv;ebola;hepatitis b virus;hbv,pathway;pathways;interaction;interactions;proteomics;screen;immune evasion;replication;macrophage;alveolar;network,broad-spectrum;host adaptation,leukemia,candida,,,"s mechanism appears to be conserved among viruses that replicate effectively in more than a single host species, which opens the intriguing possibility of future exploitation of a broad-spectrum antiviral target. 3.2 The ebolaviruses cause highly lethal disease with sporadic and unpredictable outbreaks. An ongoing outbreak in Democratic Republic of the Congo is the second largest in history. While the genome of Ebola virus encodes just seven proteins, the deleterious effects on the human body a"
pmid-36782050,36782050,hpmi,2023,Structure and dynamics of the essential endogenous mycobacterial polyketide synthase Pks13.,HPMI,,candidate relevance plus virus/pathogen/assay support,cached_normalized,9041,not_relevant,"title is dominated by a non-viral pathogen context: mycobacter, bacterial",,,pathway,,pathway;interaction;interactions;proteomics,,,mycobacter;tuberculosis;bacterial;bacterium,,,"tal stressors including innate immune molecules and antimycobacterial drugs. Because of their central role in mycobacterial physiology, the reactions in the mycolic acid synthesis pathway are targets for antimycobacterial drugs 5 . Drugs that target earlier parts of the pathway in Mtb include the front-line drug isoniazid and thioamides such as ethionamide. While most strains of Mtb are susceptible to the standard regimen antibiotics, approximately a half million people are diagnosed with multi-"
pmid-34225486,34225486,hpmi,2021,Galectin-8 Senses Phagosomal Damage and Recruits Selective Autophagy Adapter TAX1BP1 To Control Mycobacterium tuberculosis Infection in Macrophages.,HPMI,,candidate relevance plus virus/pathogen/assay support,normalized,8882,not_relevant,"title is dominated by a non-viral pathogen context: mycobacter, tuberculosis, bacterium",,,interaction;crispr;replication;macrophage,virus;viral,host factor;host factors;host response;pathway;pathways;interaction;interactions;protein interaction;proteomics;screen;crispr;replication;macrophage;alveolar,,,mycobacter;tuberculosis;legionella;bacterial;bacterium;salmonella;listeria;pneumophila,,,"iments demonstrate that even early during infection, when Mtb appears to be enclosed inside a vacuole, there is sufficient disruption of the phagosomal membrane to permit entry of host factors into the lumen of the Mtb-containing phagosome. As a result, there is likely substantial exposure of both pathogen-associated and damage-associated molecular patterns (PAMPs and DAMPs) very early during Mtb infection. Some of the host pattern recognition receptors that detect these danger signals are known"
pmid-19845314,19845314,pi-backlog,2009,Molecular docking screens using comparative models of proteins.,HPMI,Andrej Sali,explicit cross-virus or shared-host framing in title/abstract,normalized,8824,not_relevant,non-viral pathogen focus dominates title/abstract/full text: candida,,,screen,virus;viral;influenza;hiv,pathway;pathways;interaction;interactions;screen,,,candida,,,"oxisome proliferator-activated receptor (PPAR). Furthermore, RXRa can heterodimerize in response to its ligands. Heterodimerization of RXRa can mediate diverse endocrine signaling pathways. 87 Hydrophobic interactions play an important role in the binding of the synthetic ligand BMS649 to the X-ray structure of the target. The carboxylate group of BMS649 also forms ionic interactions with the basic residue Arg316 and a hydrogen bond with the backbone amide of Ala327. Nine templates with a range"
pmid-28584171,28584171,pi-backlog,2017,Local disease-ecosystem-livelihood dynamics: reflections from comparative case studies in Africa.,CViSB,Donald S Grant,explicit cross-virus or shared-host framing in title/abstract,normalized,8774,not_relevant,non-viral pathogen focus dominates title/abstract/full text: parasite,virus,,interaction;interactions,virus;influenza;coronavirus;sars;hiv;zika;ebola,interaction;interactions;screen,,,parasite,,,"Health is a critical aspect of human well-being, interacting with material and social relations to contribute to people's freedoms and choices. Globally, the interaction between human health and the health of the environment is increasingly recognized, along with acknowledgement that healthy ecosystems and healthy people go together [ 1 ]. ‘One Health’ discourse and practice integrates animal health into the equation. In this context, zoonotic diseases, emerging or re-emerg"
pmid-35969644,35969644,pi-backlog,2022,Nonlytic cellular release of hepatitis A virus requires dual capsid recruitment of the ESCRT-associated Bro1 domain proteins HD-PTP and ALIX.,CViSB,Ryan McNamara,"viral context plus mechanism/resource terms: virus, viral, proteomics",normalized,8751,not_relevant,non-viral pathogen focus dominates title/abstract/full text: bacterial,virus;viral,,interaction;interactions;proteomics,virus;viral;hiv,pathway;interaction;interactions;protein interaction;proteomics;screen;crispr;replication,,,bacterial,,,"f eHAV, perhaps facilitated by the 60 copies of pX displayed on the capsid surface ( Fig 7 ). The requirement for HD-PTP could reflect the egress of eHAV through the endosomal MVE pathway, rather than release from the plasma membrane of the cell. This would be consistent with proteomics studies showing eHAV vesicles are highly enriched in MVE-associated proteins [ 7 ] and the known association of HD-PTP with cargo sorting to the MVE [ 25 , 41 ]. The constituitvely open activation state of HD-PTP"
pmid-37352334,37352334,hpmi,2023,"Deficiency in Galectin-3, -8, and -9 impairs immunity to chronic Mycobacterium tuberculosis infection but not acute infection with multiple intracellular pathogens.",HPMI,,candidate relevance plus virus/pathogen/assay support,cached_normalized,8703,not_relevant,"title is dominated by a non-viral pathogen context: mycobacter, tuberculosis, bacterium",,,replication;macrophage,viral,pathway;pathways;interaction;interactions;screen;crispr;replication;macrophage;epithelial,,cancer,mycobacter;tuberculosis;legionella;bacterial;bacterium;fungal;salmonella;listeria;pneumophila,,,"mmune sensing mechanisms [ 2 ]. Detection of pathogen-associated molecular patterns (PAMPs) by pattern recognition receptors (PRRs) activates multiple cell-intrinsic antimicrobial pathways, including autophagy and inflammasome assembly [ 3 , 4 ], and proinflammatory signaling pathways required for coordinating protective adaptive immune responses [ 5 , 6 ]. However, the relative importance and precise function of distinct pathogen-sensing pathways during in vivo infection remains poorly understo"
pmid-31540829,31540829,hpmi,2019,Systematic Identification of Host Cell Regulators of Legionella pneumophila Pathogenesis Using a Genome-wide CRISPR Screen.,HPMI,,candidate relevance plus virus/pathogen/assay support,normalized,8550,not_relevant,"title is dominated by a non-viral pathogen context: legionella, pneumophila",,,host factor;host factors;pathway;pathways;screen;crispr;replication;macrophage,virus;viral;hiv,host factor;host factors;pathway;pathways;interaction;interactions;screen;crispr;replication;macrophage;alveolar;network,,kidney,legionella;bacterial;bacterium;staphylococcus;pneumophila;candida,,,"lied on biochemical studies of effectors to identify their function and host targets. An alternative approach to studying L. pneumophila host-pathogen interactions is focusing on host factors. RNA interference (RNAi) screens in Drosophila melanogaster S2 cells covering around half the Drosophila genome have helped identify host processes that regulate L. pneumophila replication, including genes involved in vesicle trafficking, ER-associated degradation, protein translation, and cell cycle progr"
pmid-33434350,33434350,hpmi,2021,Mass spectrometry-based protein-protein interaction networks for the study of human diseases.,HPMI,,candidate relevance plus virus/pathogen/assay support,normalized,8549,not_relevant,non-viral pathogen focus dominates title/abstract/full text: candida,,,interaction;interactions;protein interaction;network,virus;viral;coronavirus;sars;hiv;dengue;zika;ebola,pathway;pathways;interaction;interactions;interactome;protein interaction;proteomics;screen;crispr;dependency;restriction factor;replication;network,,cancer;tumor;diabetes,candida,,,"l process by quantifying all observable components and their relationships, are well‐suited to understand the influence of disease mutations on a complex network of interconnected pathways. Proteins are the key components of these networks. Often, individual proteins do not perform any of their functions in isolation but accomplish the task through direct interactions with other proteins. As such, studying protein–protein interaction (PPI) networks has become a powerful tool for identifying the"
pmid-41249169,41249169,hpmi,2025,Characterizing and controlling CRISPR repair outcomes in nondividing human cells.,HPMI,,candidate relevance plus virus/pathogen/assay support,cached_normalized,8533,not_relevant,full text did not support viral host-mechanism relevance,,,crispr,,crispr,,,,,,
pmid-39763950,39763950,hpmi,2024,Tax1bp1 enhances bacterial virulence and promotes inflammatory responses during Mycobacterium tuberculosis infection of alveolar macrophages.,HPMI,,candidate relevance plus virus/pathogen/assay support,cached_normalized,8519,not_relevant,"title is dominated by a non-viral pathogen context: mycobacter, tuberculosis, bacterial, bacterium",viral,,host response;replication;macrophage;alveolar,viral,host response;replication;macrophage;alveolar,,,mycobacter;tuberculosis;bacterial;bacterium;listeria,,,
pmid-36060555,36060555,current-program,2022,Inferring Phenotypic Trait Evolution on Large Trees With Many Incomplete Measurements.,,,explicit cross-virus/shared-host signal,normalized,8491,not_relevant,full text did not support viral host-mechanism relevance,hiv,hiv,,virus;viral;hiv,,,ovarian,,,,"analyzed ( Blanquart et al. 2017 ) to determine the extent to which variability in HIV-1 virulence is attributable to viral genetic variation. We focus on the dataset of subtype B viruses from Blanquart et al. (2017) that encompasses 1581 taxa with associated measures of set-point viral load and CD4 cell count decline. We rely on the maximum likelihood phylogeny inferred for this data set, but convert it to a time-measured tree with dated tips using a heuristic procedure ( To et al. 2016 ). A pr"
pmid-37502985,37502985,current-program,2023,The recency and geographical origins of the bat viruses ancestral to SARS-CoV and SARS-CoV-2.,,,candidate relevance plus virus/pathogen/assay support,cached_normalized,8435,not_relevant,full text did not support viral host-mechanism relevance,virus;viral;sars-cov-2;sars,sars-cov-2;sars,,virus;viral;coronavirus;sars-cov-2;sars,,,,,,,"Horseshoe bats ( Rhinolophus spp. ) are the main hosts of the Sarbecovirus subgenus 1 (genus Betacoronavirus, family Coronaviridae ) and, likely via virus transmission through a transient intermediate species, were the source of SARS-CoV (referred to hereafter as SARS-CoV-1, now extinct) and SARS-CoV-2 2 – 4 . Since the emergence of SARS-CoV-1 in Guangdong Province in 2002 and SARS-CoV-"
pmid-40786117,40786117,current-program,2025,Zigzag path connects two Monte Carlo samplers: Hamiltonian counterpart to a piecewise deterministic Markov process.,,,candidate relevance plus virus/pathogen/assay support,cached_normalized,8363,not_relevant,full text did not support viral host-mechanism relevance,virus;hiv,hiv,,virus;hiv,,,,,,,
pmid-37693943,37693943,pi-backlog,2023,Modifying immune responses to adeno-associated virus vectors by capsid engineering.,HPMI,Melanie Ott,"viral context plus mechanism/resource terms: virus, interaction",cached_normalized,8344,not_relevant,"non-viral pathogen focus dominates title/abstract/full text: bacterial, listeria",virus,,interaction,virus;viral,host response;pathway;pathways;interaction;replication;macrophage,,tumor;retinal;spinal,bacterial;listeria,,,"esponses, we hypothesized that our AAV2-derived capsid variant AAV2.MB453 would differ from AAV2 regarding innate as well as adaptive immune responses, and possibly even beyond as host responses are assumed to impact on AAV’s transduction efficiency. 36 , 37 Indeed, AAV2.MB453 showed not only an improved transduction efficiency on primary human cells (moDCs and PHH cultures) and following intravenous or intramuscular administration in mice ( Figures 2 A, 2B, 3 H, S6 , and S13 ), but also a reduc"
pmid-30992445,30992445,current-program,2019,Microbial and metabolic succession on common building materials under high humidity conditions.,,,candidate relevance plus virus/pathogen/assay support,normalized,8294,not_relevant,"non-viral pathogen focus dominates title/abstract/full text: bacterial, fungal, fungus, candida",viral,,,virus;viral,interaction;interactions;network,,cancer,bacterial;fungal;fungus;candida,,,"olomics. Results from these different methods were integrated via co-occurrence network approaches, which provided insights into microbial community organization and environmental interaction. Improved understanding of how bacterial and fungal metabolism is shaped by environmental properties (e.g., the presence of water, surface material composition) and inoculating source (e.g., building location, occupancy patterns) could have important implications for building design, construction, and manag"
pmid-40100289,40100289,current-program,2025,AMPK is necessary for Treg functional adaptation to microenvironmental stress during malignancy and viral pneumonia.,,,candidate relevance plus virus/pathogen/assay support,cached_normalized,8221,not_relevant,full text did not support viral host-mechanism relevance,virus;viral;influenza,influenza,,virus;viral;influenza,,,cancer;tumor,,,,
pmid-38464307,38464307,hpmi,2024,Hachiman is a genome integrity sensor.,HPMI,,explicit cross-virus/shared-host signal,cached_normalized,8122,not_relevant,non-viral pathogen focus dominates title/abstract/full text: bacterial,,,,,,broad-spectrum,,bacterial,,,
pmid-38243701,38243701,current-program,2024,Many-core algorithms for high-dimensional gradients on phylogenetic trees.,,,candidate relevance plus virus/pathogen/assay support,cached_normalized,8034,not_relevant,full text did not support viral host-mechanism relevance,virus;viral;dengue,dengue,,virus;viral;sars-cov-2;sars;dengue,,,,,,,"rring BLS parameters using our algorithms on the GPU compared to the existing CPU implementation. We apply our algorithms to date the timing of the first introduction of West Nile virus into the continental United States under a codon model with branch-specific evolutionary rates, an inference task that was previously intractable. Finally, we highlight the limitations of our current approach and discuss future work to address these limitations and further exploit many-core algorithms for statist"
pmid-40402573,40402573,hpmi,2025,Myeloid cell genome-wide screen identifies variants associated with Mycobacterium tuberculosis-induced cytokine transcriptional responses.,HPMI,,candidate relevance plus virus/pathogen/assay support,cached_normalized,7874,not_relevant,"title is dominated by a non-viral pathogen context: mycobacter, tuberculosis, bacterium",,,pathway;pathways;screen;replication;macrophage,,pathway;pathways;screen;replication;macrophage,,,mycobacter;tuberculosis;bacterium,,inhibitor,
pmid-20011113,20011113,pi-backlog,2009,"Comprehensive functional analysis of Mycobacterium tuberculosis toxin-antitoxin systems: implications for pathogenesis, stress responses, and evolution.",HPMI,Jeffrey Cox,explicit cross-virus or shared-host framing in title/abstract,normalized,7843,not_relevant,"title is dominated by a non-viral pathogen context: mycobacter, tuberculosis, bacterium",,,macrophage,viral,pathway;pathways;screen;replication;macrophage,,,mycobacter;tuberculosis;bacterial;bacterium;candida,,,"ure S2 ), it did not affect translation over the course of the experiment ( Figure 5A ). This important specificity control shows that disruption of other macromolecular synthesis pathways does not affect translation during this assay, and is similar to the results obtained with expression of Rv0910. Taken together, these results strongly suggest that Rv0909-0910 represents a novel TA system that inhibits cell growth via a mechanism distinct from the VapBC family. The presence of such a large nu"
pmid-37961423,37961423,current-program,2023,Scalable gradients enable Hamiltonian Monte Carlo sampling for phylodynamic inference under episodic birth-death-sampling models.,,,candidate relevance plus virus/pathogen/assay support,cached_normalized,7760,not_relevant,full text did not support viral host-mechanism relevance,virus;viral;influenza;hiv;ebola,influenza;hiv;ebola;h3n2,,virus;viral;influenza;hiv;ebola,dependency,,ovarian,,,,"rate additional processes, both statistical and biological, such as the collection of samples in continuous time ( Stadler 2010 ), migration ( Barido-Sottani et al. 2020 ), or the dependency of rates of birth and death on key biological traits ( Maddison et al. 2007 , FitzJohn 2010 , 2012 ). One powerful variant, the episodic birth-death-sampling (EBDS) model ( Lambert & Stadler 2013 , Stadler et al. 2013 , Gavryushkina et al. 2014 , Du Plessis 2016 ) permits birth, death, and sampling rates to"
pmid-39255040,39255040,current-program,2024,Antibiotic use during influenza infection augments lung eosinophils that impair immunity against secondary bacterial pneumonia.,SCRIPT,Richard Wunderink,candidate relevance plus virus/pathogen/assay support,cached_normalized,7728,not_relevant,title is dominated by a non-viral pathogen context: bacterial,viral;influenza,influenza,macrophage,virus;viral;influenza;sars-cov-2;sars;covid-19,pathway;pathways;interaction;interactions;screen;macrophage;alveolar;epithelial,broad-spectrum,,bacterial;fungal;fungus;staphylococcus,,inhibitor,"uperinfection. In a 2-hit model in which mice were first infected with influenza followed by methicillin-resistant Staphylococcus aureus (MRSA) infection, treatment of mice with a broad-spectrum antibiotic cocktail of vancomycin, neomycin, ampicillin, and metronidazole (VNAM) impaired lung immunity against MRSA challenge after influenza infection. VNAM induced the recruitment of eosinophils to the lungs, and we provide evidence that eosinophils can suppress macrophage clearance of MRSA through t"
pmid-38781968,38781968,hpmi,2024,Rapid DNA unwinding accelerates genome editing by engineered CRISPR-Cas9.,HPMI,,candidate relevance plus virus/pathogen/assay support,cached_normalized,7683,not_relevant,non-viral pathogen focus dominates title/abstract/full text: bacterial,,,crispr,,crispr,,,bacterial,,,
pmid-23389801,23389801,pi-backlog,2013,Towards accurate estimates of the spin-state energetics of spin-crossover complexes within density functional theory: a comparative case study of cobalt(II) complexes.,SCRIPT,Alan Hauser,explicit cross-virus or shared-host framing in title/abstract,normalized,7550,not_relevant,full text did not support viral host-mechanism relevance,,,dependency,,interaction;interactions;dependency;network,,,,,,"in [Fe(bpy) 3 ] 2+ upon its encapsulation in the supercage of zeolite Y could be correctly described by all the GGA and hybrid functionals used. 88 The analysis of the guest-host interactions brought about by the encapsulation showed that, at fixed geometry of the inclusion compound [Fe(bpy) 3 ] 2+ @Y, these interactions depend neither on the spin state of the dication nor on its nature. They could be identified as the closed-shell interactions between the first coordination sphere defined by t"
pmid-30118682,30118682,pi-backlog,2018,An Mtb-Human Protein-Protein Interaction Map Identifies a Switch between Host Antiviral and Antibacterial Responses.,HPMI,Jeffrey Cox,"viral context plus mechanism/resource terms: viral, interaction",normalized,7521,not_relevant,title is dominated by a non-viral pathogen context: bacterial,viral,,interaction;interactions;protein interaction;macrophage,virus;viral;hiv,host factor;host factors;host response;pathway;pathways;interaction;interactions;interactome;protein interaction;proteomics;screen;crispr;restriction factor;replication;macrophage;alveolar;network,,tumor,mycobacter;tuberculosis;bacterial;bacterium;salmonella;listeria,,,"ogen manipulates host cells ( Elwell et al., 2017 ; Mirrashidi et al., 2015 ). Here we report the results of an AP-MS study to identify the PPIs between Mtb secreted proteins and host factors. Using a combination of MS and bioinformatic analysis, we identified a set of high confidence physical interactions between Mtb and host proteins. Using this map, we have uncovered a previously undescribed secreted Mtb virulence factor essential for Mtb growth in vivo , LpqN, and have also identified the i"
pmid-42149727,42149727,hpmi,2026,Cas9(+) conditionally immortalized neutrophil progenitors as a tool for genome-wide CRISPR screening for neutrophil differentiation and function.,HPMI,,candidate relevance plus virus/pathogen/assay support,cached_normalized,7515,not_relevant,"non-viral pathogen focus dominates title/abstract/full text: mycobacter, tuberculosis, bacterial, bacterium, fungal",,,screen;crispr,virus;viral,pathway;pathways;interaction;interactions;transcriptomics;screen;crispr;replication;macrophage,,cancer,mycobacter;tuberculosis;bacterial;bacterium;fungal;staphylococcus;candida,,,"ay be necessary for neutrophil survival during differentiation, and also for genes that resulted in increased survival during differentiation ( Supplementary file 2 ). To identify pathways and protein complexes required for neutrophil survival during differentiation, we used MAGeCKFlute to perform gene set enrichment analysis using Gene Ontology Cellular Component terms ( Wang et al., 2019 ). The top ten enriched categories included the protein complexes GATOR2 and KICSTOR, regulators of mTORC s"
pmid-30174294,30174294,hpmi,2018,Mycobacterial Mutagenesis and Drug Resistance Are Controlled by Phosphorylation- and Cardiolipin-Mediated Inhibition of the RecA Coprotease.,HPMI,,candidate relevance plus virus/pathogen/assay support,normalized,7508,not_relevant,"title is dominated by a non-viral pathogen context: mycobacter, bacterial",,,,,pathway;pathways;interaction;interactions;screen;crispr,,,mycobacter;tuberculosis;bacterial;bacterium,,,"ch, understanding the mechanisms of mutagenesis and DNA repair in mycobacteria is crucial to efforts to control this pathogen. Mycobacteria express a distinctive set of DNA repair pathways, which resemble the eukaryotic suite of double strand break (DSB) repair, including homologous recombination (HR), nonhomologous end joining (NHEJ), and single strand annealing (SSA) ( Gong et al., 2004a , 2005 , Gupta et al., 2011 , 2015 ). However, despite their centrality to antibiotic resistance, the mecha"
pmid-26083367,26083367,pi-backlog,2015,"The Herpes Simplex Virus Protein pUL31 Escorts Nucleocapsids to Sites of Nuclear Egress, a Process Coordinated by Its N-Terminal Domain.",HPMI,Melanie Ott,"viral context plus mechanism/resource terms: virus, viral, interaction",normalized,7507,not_relevant,non-viral pathogen focus dominates title/abstract/full text: candida,virus;viral,,interaction,virus;viral,host factor;host factors;interaction;interactions;replication,,,candida,,,"s and their spatio-temporal regulation. Among them are the nonessential HSV-1 protein kinase pUS3 [ 32 ], the viral proteins pUL47 [ 33 ] and ICP22/pUS1 [ 34 ] as well as numerous host factors [ 33 ]. In addition to its well documented role in primary envelopment of nucleocapsids [ 18 , 25 , 26 , 35 ], pUL31 may assist in viral genome cleavage/packaging [ 15 , 36 – 41 ] and thus link capsid maturation to nuclear egress. Several studies have reported a preferred nuclear egress of C capsids over A"
pmid-39836474,39836474,current-program,2025,The impact of remdesivir on SARS-CoV-2 evolution in vivo.,,,candidate relevance plus virus/pathogen/assay support,cached_normalized,7498,not_relevant,full text did not support viral host-mechanism relevance,viral;sars-cov-2;sars,sars-cov-2;sars,,viral;sars-cov-2;sars,,,,,,,
pmid-35952712,35952712,current-program,2022,Context-specific emergence and growth of the SARS-CoV-2 Delta variant.,,,candidate relevance plus virus/pathogen/assay support,normalized,7414,not_relevant,full text did not support viral host-mechanism relevance,virus;sars-cov-2;sars;covid-19,sars-cov-2;sars;covid-19,,virus;viral;coronavirus;sars-cov-2;sars;covid-19,immune evasion,,ovarian,,,,"ha (Pango lineage B.1.1.7) and Kappa (Pango lineage B.1.617.1) in the process 3 , 4 . Studies indicate that Delta has increased transmissibility 5 , rates of hospitalization 6 and immune evasion 7 compared with Alpha 8 , 9 , the variant that was previously dominant in many countries. These phenotypes are attributed to a constellation of 30 mutations across the virus genome (Supplementary Table 2 ) compared to the Wuhan-Hu-1 reference sequence, including: the spike mutation P681R in the furin cle"
pmid-19233204,19233204,pi-backlog,2009,Inferential optimization for simultaneous fitting of multiple components into a CryoEM map of their assembly.,HPMI,Andrej Sali,explicit cross-virus or shared-host framing in title/abstract,normalized,7312,not_relevant,"non-viral pathogen focus dominates title/abstract/full text: bacterial, candida",,,,,interaction;interactions;protein interaction,,,bacterial;candida,cryoem map,,"Structural description of macromolecular assemblies is essential for a mechanistic understanding of the cell 1 . The scope of the problem is revealed by protein interaction studies: The yeast cell contains approximately 800 distinct core complexes of 4.9 proteins on average 2 , most of which have not yet been structurally characterized 3 . The human proteome is likely to have an order of magnitude more distinct assemblies than the yeast cell. Therefore, there are thousands of"
pmid-39990302,39990302,hpmi,2025,Mutational scanning of TnpB reveals latent activity for genome editing.,HPMI,,candidate relevance plus virus/pathogen/assay support,cached_normalized,7170,not_relevant,full text did not support viral host-mechanism relevance,,,crispr,,crispr,,,,,,
pmid-35877763,35877763,hpmi,2022,IFN-γ-independent control of M. tuberculosis requires CD4 T cell-derived GM-CSF and activation of HIF-1α.,HPMI,,candidate relevance plus virus/pathogen/assay support,normalized,7115,not_relevant,title is dominated by a non-viral pathogen context: tuberculosis,,,pathway;pathways;macrophage;alveolar,virus,pathway;pathways;interaction;crispr;replication;macrophage;alveolar;network,,tumor,mycobacter;tuberculosis;bacterial;bacterium;candida,,,"ed protection against infection [ 9 , 10 ]. Furthermore, while CD4 T cells are clearly important for TB control in humans, inherited mutations in components of the IFN-γ signaling pathway are not generally associated with susceptibility to M . tuberculosis but rather with enhanced susceptibility to non-tuberculosis mycobacteria such as M . chelonae , M . smegmatis , and M . scrofulaceum [ 11 ]. In mice, adoptive transfer experiments show that IFN-γ-deficient CD4 T cells can control M . tuberculo"
pmid-40060453,40060453,current-program,2025,Dynamics of natural selection preceding human viral epidemics and pandemics.,CViSB,Kristian Andersen,candidate relevance plus virus/pathogen/assay support,cached_normalized,7076,not_relevant,full text did not support viral host-mechanism relevance,virus;viral;influenza;sars-cov-2;sars;ebola,influenza;sars-cov-2;sars;ebola;h1n1,,virus;viral;influenza;sars-cov-2;sars;ebola,,,,,,,
pmid-28972995,28972995,pi-backlog,2017,The mitochondrial genome of the plant-pathogenic fungus Stemphylium lycopersici uncovers a dynamic structure due to repetitive and mobile elements.,SYBIL,Rafael Medina,explicit cross-virus or shared-host framing in title/abstract,normalized,6987,not_relevant,title is dominated by a non-viral pathogen context: fungus,,,,hiv,screen,,,bacterium;fungal;fungus,,,"tending a seed of 30 nucleotides in length in both directions allowing for matches, mismatches, insertions and deletions with an X-drop value for edit distance extension of 3. The screening was restricted to repetitive sequences of at least 30 nucleotides in length and with a minimum match identity of 80%. Following the analysis, overlapped repeats were manually deleted. A physical map of the repetitive sequences in the mitochondrial genome of S . lycopersici CIDEFI-216 was created with Circos ["
pmid-41165411,41165411,hpmi,2025,The mevalonate pathway of isoprenoid biosynthesis supports metabolic flexibility in Mycobacterium marinum.,HPMI,,candidate relevance plus virus/pathogen/assay support,cached_normalized,6935,not_relevant,"title is dominated by a non-viral pathogen context: mycobacter, bacterium",,,pathway;pathways;interaction;interactions,,pathway;pathways;interaction;interactions,,,mycobacter;bacterium,,,
pmid-38979269,38979269,hpmi,2025,Neuronal DNA repair reveals strategies to influence CRISPR editing outcomes.,HPMI,,candidate relevance plus virus/pathogen/assay support,cached_normalized,6932,not_relevant,full text did not support viral host-mechanism relevance,,,crispr;replication,,crispr;replication,,,,,,
pmid-40777401,40777401,hpmi,2025,Human iPSC derived alveolar macrophages reveal macrophage subtype specific functions of itaconate in M. tuberculosis host defense.,HPMI,,candidate relevance plus virus/pathogen/assay support,cached_normalized,6769,not_relevant,title is dominated by a non-viral pathogen context: tuberculosis,,,pathway;pathways;interaction;interactions;macrophage;alveolar,,pathway;pathways;interaction;interactions;macrophage;alveolar,,,mycobacter;tuberculosis;bacterium,,,
pmid-37037941,37037941,hpmi,2023,Autophagy restricts Mycobacterium tuberculosis during acute infection in mice.,HPMI,,candidate relevance plus virus/pathogen/assay support,cached_normalized,6712,not_relevant,"title is dominated by a non-viral pathogen context: mycobacter, tuberculosis, bacterium",,,macrophage,,pathway;pathways;macrophage,,,mycobacter;tuberculosis;bacterial;bacterium,,,"tween the various Atg genes were not apparent under these conditions. To more sensitively detect differences in the ability of these cells to activate autophagy, we stimulated the pathway (and thus LC3-I to LC3-II cleavage) by incubating for 8 h in nutrient-deficient media and stabilizing LC3-II inside cells by blocking autophagic flux with the addition of bafilomycin over the last 2 h before collecting proteins for western blotting ( Fig. 1h , +EBSS +bafilomycin) 22 . Conversion of LC3-I to LC3"
pmid-40672248,40672248,hpmi,2025,The mevalonate pathway of isoprenoid biosynthesis supports metabolic flexibility in Mycobacterium marinum.,HPMI,,candidate relevance plus virus/pathogen/assay support,cached_normalized,6683,not_relevant,"title is dominated by a non-viral pathogen context: mycobacter, bacterium",,,pathway;pathways,,pathway;pathways,,,mycobacter;bacterium,,,
pmid-35032865,35032865,pi-backlog,2022,Rift Valley fever virus Gn V5-epitope tagged virus enables identification of UBR4 as a Gn interacting protein that facilitates Rift Valley fever virus production.,SYBIL,Adolfo Garcia-Sastre,"viral context plus mechanism/resource terms: virus, viral, proteomics",normalized,6663,not_relevant,non-viral pathogen focus dominates title/abstract/full text: candida,virus;viral,,host factor;host factors;proteomics;replication,virus;viral;influenza;dengue;zika,host factor;host factors;pathway;interaction;interactions;protein interaction;proteomics;crispr;restriction factor;replication;epithelial;network,multiple viruses,,candida,,,"KV a log 10 reduction was observed at 16 hpi and a half log 10 reduction in infectious virus was observed at 24 hpi. These results corroborate and expand on previous findings that multiple viruses utilize UBR4 to facilitate their replication. The incorporation of epitope tags into viral genomes, especially for mass proteomic studies, has yielded several advantages over the reliance of protein specific antibodies. The dependence on foreign epitopes for capture alleviates the potential exclusion o"
pmid-29958302,29958302,pi-backlog,2018,Innate immune sensor LGP2 is cleaved by the Leader protease of foot-and-mouth disease virus.,SYBIL,Adolfo Garcia-Sastre,"viral context plus mechanism/resource terms: virus, interaction",normalized,6640,not_relevant,non-viral pathogen focus dominates title/abstract/full text: candida,virus;viral,,interaction;immune evasion,virus;viral;hiv,host factor;host factors;pathway;pathways;interaction;interactions;protein interaction;immune evasion;replication;epithelial,,,candida,,inhibitor,"shed cleavage by Lbpro, defining the RGRAR sequence in the conserved helicase motif VI as the FMDV Leader protease target site in LGP2. This result further increases the number of host factors cleaved by this protease, opening new avenues for the identification of novel targets. Cleavage at that position would excise a 27 KDa C-terminal fragment, in agreement with our results, involving removal of part of the helicase domain and the complete CTD region. An intact CTD is required for RNA specific"
pmid-28248290,28248290,pi-backlog,2017,Systems-based analysis of RIG-I-dependent signalling identifies KHSRP as an inhibitor of RIG-I receptor activation.,SYBIL,Adolfo Garcia-Sastre,"viral context plus mechanism/resource terms: virus, viral, pathway, interactome, interaction, network",normalized,6617,not_relevant,non-viral pathogen focus dominates title/abstract/full text: candida,virus;viral,,pathway;interaction;interactome;protein interaction;replication;network,virus;viral;influenza,host factor;host factors;pathway;pathways;interaction;interactions;interactome;protein interaction;screen;crispr;replication;epithelial;network,,,candida,,inhibitor,"A Hit” in Source column, LogP<−2.7) were supplemented with an additional 312 genes ( Supplementary Table 3, Tab 1 denoted as “Konig” in Source column) from previously reported IAV host factors from our group 26 . We reasoned that a subset of these host factors might also function through antagonizing RIG-I-mediated innate immune signaling and thus included in the conformation step. From a combined 427 factors, we were able to confirm the activities of 134 factors, based on a criteria of 2 or mor"
pmid-35013567,35013567,hpmi,2022,From systems to structure - using genetic data to model protein structures.,HPMI,,candidate relevance plus virus/pathogen/assay support,normalized,6565,not_relevant,"non-viral pathogen focus dominates title/abstract/full text: mycobacter, tuberculosis, bacterial, bacterium, candida",,,interaction;interactions;protein interaction;network,virus;viral;sars-cov-2;sars;hiv,host factor;pathway;pathways;interaction;interactions;interactome;protein interaction;screen;crispr;replication;network,,cancer,mycobacter;tuberculosis;bacterial;bacterium;candida,,,"tween the two organisms (Fig. 5a ). These networks have proved highly effective for interrogating the mechanisms of infection, revealing important aspects of pathogen life cycles, host factor functions and host–pathogen interplay, as well as providing potential targets for drug discovery 120 – 124 . Host–pathogen PPI networks could be used as a blueprint for genetic interaction mapping between pathogen point mutants and human gene knockouts or knockdowns. To generate these maps, human cells woul"
pmid-38800652,38800652,hpmi,2024,Mapping Differential Protein-Protein Interaction Networks using Affinity Purification Mass Spectrometry.,HPMI,,candidate relevance plus virus/pathogen/assay support,cached_normalized,6420,not_relevant,full text did not support viral host-mechanism relevance,,,interaction;protein interaction;proteomics;network,,interaction;protein interaction;proteomics;network,,,,,,
pmid-23578028,23578028,pi-backlog,2013,Molecular modeling and ligand docking for solute carrier (SLC) transporters.,HPMI,Andrej Sali,explicit cross-virus or shared-host framing in title/abstract,normalized,6345,not_relevant,"non-viral pathogen focus dominates title/abstract/full text: bacterial, candida",,,screen,viral;hiv,pathway;pathways;interaction;interactions;protein interaction;screen;network,,cancer;tumor;kidney;diabetes,bacterial;candida,molecular modeling;ligand docking,,"ar inhibitory amino acid transporters) control the concentration of neurotransmitters such as glutamate and serotonin in the synapses, thereby regulating downstream neurosignaling pathways that are activated or inhibited via membrane receptors [ 8 ]. Several members of these SLC families are important drug targets. For instance, the norepinephrine transporter (NET/SLC6A2) transports norepinephrine from synaptic spaces into presynaptic neurons to regulate downstream adrenergic pathways associated"
pmid-39625970,39625970,current-program,2024,How fast are viruses spreading in the wild?,,,explicit cross-virus/shared-host signal,cached_normalized,6342,not_relevant,full text did not support viral host-mechanism relevance,virus;viral,,,virus;viral;influenza;coronavirus;sars-cov-2;sars;covid-19,network,,,,,,"by discrete diffusion processes involving the rapid exchange of viral lineages among remote locations — a typical pattern for remote locations mainly connected by the air traffic network (see e.g., [ 16 , 17 ]). This is for instance the case for seasonal human influenza virus H3N2, for which dispersal at the global scale has been demonstrated to be better predicted by international air travel than geographic distances [ 18 ]. While continuous phylogeographic analyses can also be performed to re"
pmid-38112418,38112418,current-program,2024,Understanding Fc function for rational vaccine design against pathogens.,CViSB,Ryan McNamara,candidate relevance plus virus/pathogen/assay support,cached_normalized,6294,not_relevant,"non-viral pathogen focus dominates title/abstract/full text: mycobacter, tuberculosis, bacterial, bacterium, fungal",,,interaction;interactions,virus;viral;influenza;coronavirus;sars-cov-2;sars;covid-19;hiv;dengue;rsv;ebola,pathway;pathways;interaction;interactions;replication;macrophage,multiple viruses,cancer,mycobacter;tuberculosis;bacterial;bacterium;fungal;parasite;plasmodium;salmonella;staphylococcus;streptococcus;candida,,,"nule contents found in each of these cell types can result in a remarkable breadth of distinct inflammatory and cytotoxic outcomes. ADCC has been implicated in protection against multiple viruses and some intracellular bacteria and parasites. ADCC can act both indirectly to eliminate the pathogen within infected cells as well as directly on particular pathogens. For example, ADCC activity has been linked to disease control following HIV, influenza virus, Ebolavirus, or respiratory syncytial vir"
pmid-38453939,38453939,current-program,2024,A SWI/SNF-dependent transcriptional regulation mediated by POU2AF2/C11orf53 at enhancer.,,,candidate relevance plus virus/pathogen/assay support,cached_normalized,6252,not_relevant,"title/abstract/full text looks off-target for the virus question: cancer, tumor, breast cancer",,,screen;crispr,virus,pathway;pathways;interaction;screen;crispr;dependency,,cancer;tumor;breast cancer,,,,"other colleagues utilized a global genome-wide CRISPR screening database (DepMap) and have identified and characterized human SCLC subtype-specific essential factors and signaling pathways within all SCLC subtypes. Intriguingly, we have identified C11orf53 gene, which is the top essential factor for SCLC-P subtype cells 11 – 13 . We then worked with HUGO gene nomenclature committee to rename this gene POU2AF2 (POU Class 2 Homeobox Associating Factor 2), based on its robust function as a co-activ"
pmid-29874595,29874595,pi-backlog,2018,Prediction of Adipose Browning Capacity by Systematic Integration of Transcriptional Profiles.,SCRIPT,Alan Hauser,explicit cross-virus or shared-host framing in title/abstract,normalized,6243,not_relevant,full text did not support viral host-mechanism relevance,,,transcriptomics,hiv,pathway;pathways;interaction;interactions;transcriptomics;network,,,,,,"targeted proteins that are related to mitochondrial biogenesis and metabolism (Calvo et al., 2016) . Not surprisingly, our marker core set was enriched in biological processes and pathways that are known to be involved in energy production and glucose and lipid metabolism (Figure 3B ). To further evaluate the predicted marker set, we looked for functional associations between the 59 marker genes (Figure 3C ). We employed a computational method, called iRegulon, to reverse engineer the transcrip"
pmid-40671523,40671523,hpmi,2025,Directed evolution expands CRISPR-Cas12a genome-editing capacity.,HPMI,,candidate relevance plus virus/pathogen/assay support,cached_normalized,6229,not_relevant,"non-viral pathogen focus dominates title/abstract/full text: bacterial, bacterium",viral,,crispr,viral,crispr,,,bacterial;bacterium,,,
pmid-17096593,17096593,pi-backlog,2006,Structural modeling of protein interactions by analogy: application to PSD-95.,HPMI,Andrej Sali,explicit cross-virus or shared-host framing in title/abstract,normalized,6191,not_relevant,non-viral pathogen focus dominates title/abstract/full text: candida,,,interaction;interactions;protein interaction,,pathway;pathways;interaction;interactions;protein interaction;network,,,candida,,,"egulatory mechanisms have been observed in other signaling networks, such as the TCR and MAPK systems [ 58 , 59 ], indicating this regulation may be a general feature of signaling pathways. This two-state model also provides a structural explanation for the change in binding affinity between the GK domain and MAP1A protein in the presence of the PDZ 3 domain [ 60 ]. It has been shown that the GK domain alone is able to bind MAP1A. In the presence of PDZ 3 , this binding affinity is dramatically"
pmid-22590727,22590727,pi-backlog,2012,"A comparative study of ancient sedimentary DNA, pollen and macrofossils from permafrost sediments of northern Siberia reveals long-term vegetational stability.",CViSB,Kristian Andersen,explicit cross-virus or shared-host framing in title/abstract,normalized,6097,not_relevant,full text did not support viral host-mechanism relevance,,,,hiv,,,,,,,"ence in the palaeorecord does not necessarily indicate its absence from the local vegetation. Ancient sediments, especially permafrost deposits, have proven to be an excellent archive for the long-term preservation of environmental ancient DNA (sedaDNA) of plants (Willerslev et al. 2003 (Willerslev et al. , 2007;; Lydolph et al. 2005; Anderson-Carpenter et al. 2011) , mammals (Willerslev et al. 2003; Haile et al. 2009; Hebsgaard et al. 2009 ), insects (Willerslev et al. 2007; Thomsen et al. 200"
pmid-24098102,24098102,pi-backlog,2013,Target prediction for an open access set of compounds active against Mycobacterium tuberculosis.,HPMI,Andrej Sali,"viral context plus mechanism/resource terms: hiv, screen",normalized,6066,not_relevant,"title is dominated by a non-viral pathogen context: mycobacter, tuberculosis, bacterium",hiv,hiv,screen,hiv,host response;pathway;pathways;interaction;interactions;protein interaction;proteomics;screen;network,,,mycobacter;tuberculosis;bacterial;bacterium;candida,,,"uberculosis [1] . Approximately 95% of infected individuals are thought to have persistent, latent MTB infections that remain dormant until activated by specific environmental and host response events. Approximately 10% of latent infections eventually progress to active disease, which, if left untreated, kills more than half of the infected patients [2] . Moreover, there is an increasing clinical occurrence of MTB strains with extensive multi-drug-resistance ( eg , MTB MDR and MTB XDR), where mo"
pmid-33125654,33125654,pi-backlog,2021,Protein Structure Modeling with MODELLER.,HPMI,Andrej Sali,explicit cross-virus or shared-host framing in title/abstract,normalized,6060,not_relevant,"generic method/resource paper without clear virus focus in title/abstract: modeller, protein structure modeling",,,,virus,proteomics,,,,modeller;protein structure modeling,,"With the successes of whole genome sequencing, structural biology, and proteomics, there is a growing opportunity and need to study the structure and function of macromolecular assemblies. [1] [2] [3] Given the difficulties of applying X-ray crystallography and NMR spectroscopy to large assemblies, a key role is played by cryoelectron microscopy (cryoEM). While currently limited to interm"
pmid-40569388,40569388,current-program,2025,Comparative performance of viral landscape phylogeography approaches.,,,explicit cross-virus/shared-host signal,cached_normalized,6049,not_relevant,full text did not support viral host-mechanism relevance,virus;viral,,,virus;viral,,,,,,,
pmid-31886769,31886769,hpmi,2019,The structure of the endogenous ESX-3 secretion system.,HPMI,,candidate relevance plus virus/pathogen/assay support,normalized,6021,not_relevant,"non-viral pathogen focus dominates title/abstract/full text: mycobacter, tuberculosis, bacterial, bacterium, candida",,,,,interaction;interactions;protein interaction;screen,,,mycobacter;tuberculosis;bacterial;bacterium;candida,,,"e of the cavity has several polar residues and ordered hydrophobic densities are not visible. In the cytoplasm below the membrane, a stable, upper cytoplasmic region is formed by interactions between the soluble domains of EccD 3-bent , EccD 3-extended , EccE 3 , and EccC 3 . The linker joining the cytoplasmic ubiquitin-like domain to transmembrane helix 1 (residues 100–127) of EccD 3 conserves a high sequence identity throughout evolution ( Ashkenazy et al., 2016 ), yet it adopts two distinct"
pmid-31239378,31239378,hpmi,2019,Two Accessory Proteins Govern MmpL3 Mycolic Acid Transport in Mycobacteria.,HPMI,,candidate relevance plus virus/pathogen/assay support,normalized,6002,not_relevant,title is dominated by a non-viral pathogen context: mycobacter,,,,,pathway;interaction;interactions;protein interaction;screen;crispr;macrophage,,,mycobacter;tuberculosis;bacterial;bacterium,,,"essation of cell growth after 6 h of induction but did not induce MSMEG_5308 accumulation ( Fig. 7A ). We further examined the response of MSMEG_5308 to inhibitors of the TMM/TDM pathway, including early mycolate biosynthesis (isoniazid [INH]) and inhibitors targeting late steps in TMM/TDM transport (SQ109, BM212, and AU1235). Resistance mutations to SQ109, BM212, and AU1235 arise in MmpL3; however, only BM212 and AU1235 have been shown to directly inhibit MmpL3 flippase activity, and all three"
pmid-28230985,28230985,pi-backlog,2017,Discovery of Competitive and Noncompetitive Ligands of the Organic Cation Transporter 1 (OCT1; SLC22A1).,HPMI,Andrej Sali,explicit cross-virus or shared-host framing in title/abstract,normalized,5958,not_relevant,"non-viral pathogen focus dominates title/abstract/full text: bacterial, fungus",,,interaction;interactions;screen,,interaction;interactions;screen,,kidney;spinal,bacterial;fungus,,,"sortium. 7 In 2012, the European Medicines Agency (EMA) recommended in vitro inhibition studies against OCT1 for investigational drugs in its Guidance on the Investigation of Drug Interactions. 8 To date, more than 50 inhibitors of OCT1 transport have been identified by in vitro inhibition studies using radioactive or fluorescent probe substrates. 9, 10 However, these studies have not identified the mechanisms by which inhibitors modulate OCT1 transport. Growing evidence suggests that OCT1mediat"
pmid-24802635,24802635,pi-backlog,2014,Prediction of substrates for glutathione transferases by covalent docking.,HPMI,Andrej Sali,explicit cross-virus or shared-host framing in title/abstract,normalized,5879,not_relevant,non-viral pathogen focus dominates title/abstract/full text: candida,,,screen,,interaction;interactions;screen,,,candida,,,"istical potentials; (2) restrains the relative orientation between two covalent bonds instead of a simple distance between two atoms, in an effort to capture orientation-dependent interactions such as hydrogen bonds; (3) performs Bayesian smoothing for estimating the underlying smooth distributions from noisy observations; (4) applies Bayesian inference for calculating parameter values that maximize the posteriori probability; and (5) benefits from Bayesian model selection based on Bayesian pred"
pmid-35538057,35538057,current-program,2022,Archival influenza virus genomes from Europe reveal genomic variability during the 1918 pandemic.,,,candidate relevance plus virus/pathogen/assay support,normalized,5771,not_relevant,full text did not support viral host-mechanism relevance,virus;viral;influenza;hiv,influenza;hiv;h1n1,,virus;viral;influenza;hiv,replication,,,mycobacter;tuberculosis;bacterial;bacterium;staphylococcus;streptococcus,,,"phenotypes comes with a lot of uncertainty. Similar fold differences observed for other highly pathogenic IAVs isolated from humans have been associated with an increase in virus replication and virulence 18 . Yet, it is also known that polymerase activity and viral virulence are not always linearly correlated 17 , 19 . In addition, our analyses also pinpointed the uncertain origin of a mutation found in BM PA (Supplementary Note 3 ). With these caveats in mind, we conclude that if our findings"
pmid-30716099,30716099,pi-backlog,2019,The inhibitor apoptosis protein antagonist Debio 1143 Is an attractive HIV-1 latency reversal candidate.,SYBIL,Sumit Chanda,"viral context plus mechanism/resource terms: virus, viral, hiv, pathway",normalized,5750,not_relevant,title is dominated by a non-viral pathogen context: candida,virus;viral;hiv,hiv,pathway;replication,virus;viral;hiv,pathway;pathways;replication,,cancer;tumor;tumour;kidney,candida,,inhibitor,"ent LRAs represents a critical unmet need in order to design novel pharmacological strategies to eradicate the viral latent reservoir. Canonical and non-canonical NF-kB signaling pathways play an important role in HIV-1 latency reversal, implicating its regulation as an important therapeutic strategy [ 25 – 26 ]. The non-canonical NF-κB pathway occurs through a subset of TNF receptors (TNFRs) ( Fig 1 ). In the absence of stimulation, a complex of BIRC2, BIRC3 (cIAP2), TRAF2, and TRAF3 degrades"
pmid-41392175,41392175,hpmi,2025,A non-spike nucleocapsid R204P mutation in SARS-CoV-2 Omicron XEC enhances inflammation and pathogenicity.,HPMI,,candidate relevance plus virus/pathogen/assay support,cached_normalized,5694,not_relevant,full text did not support viral host-mechanism relevance,viral;sars-cov-2;sars,sars-cov-2;sars,,viral;sars-cov-2;sars,,,,,,,
pmid-39466906,39466906,pi-backlog,2024,Comparative Analysis of 2022 Outbreak MPXV and Previous Clade II MPXV.,SYBIL,Adolfo Garcia-Sastre,explicit cross-virus or shared-host framing in title/abstract,cached_normalized,5679,not_relevant,full text did not support viral host-mechanism relevance,virus;viral;mpox,mpox,,virus;viral;mpox,,,,,,,
pmid-26312481,26312481,pi-backlog,2015,Prediction of Functionally Important Phospho-Regulatory Events in Xenopus laevis Oocytes.,HPMI,Andrej Sali,explicit cross-virus or shared-host framing in title/abstract,normalized,5673,not_relevant,"non-viral pathogen focus dominates title/abstract/full text: plasmodium, toxoplasma",,,interaction;interactions;protein interaction,,interaction;interactions;protein interaction;proteomics;network,,,plasmodium;toxoplasma,comparative protein structure,,"Protein function can be regulated by post-translational modifications (PTMs) by altering diverse protein properties such as their localization, activity or interactions. Protein phosphorylation is one of the most well studied PTMs with over 50 years of research since the pioneering work of Krebs and Fischer on glycogen phosphorylase [ 1 ]. It is estimated that approximately 30% of the human proteome can be phosphorylated and this modification has been shown to play a role"
pmid-40196585,40196585,current-program,2025,Comparative performance of novel viral landscape phylogeography approaches.,,,explicit cross-virus/shared-host signal,cached_normalized,5635,not_relevant,full text did not support viral host-mechanism relevance,virus;viral,,,virus;viral,,,,,,,
pmid-24643253,24643253,pi-backlog,2014,MAVS protein is attenuated by rotavirus nonstructural protein 1.,SYBIL,Sumit Chanda,"viral context plus mechanism/resource terms: virus, viral, interaction",normalized,5617,not_relevant,non-viral pathogen focus dominates title/abstract/full text: bacterial,virus;viral,,interaction,virus;viral;influenza;dengue,pathway;pathways;interaction;replication;epithelial,,kidney,bacterial,,,"known as IPS-1/VISA/Cardif). This interaction leads to the formation of prion-like aggregates of MAVS CARD domain which signals IKKs and TBK1 for the activation of IRF3 and NF-κB pathways [5] . A highly synchronized activation of NF-κB and IRF-3 pathways lead to the assembly of an activating complex comprising various proteins that drive expression of IFN-β and other IFN mediated antiviral immunity [6] – [10] . In order to counteract this antiviral milieu, viruses have developed various strateg"
pmid-41208107,41208107,hpmi,2025,Shared and distinct responses of human and murine alveolar macrophages and monocyte-derived macrophages to Mycobacterium tuberculosis.,HPMI,,candidate relevance plus virus/pathogen/assay support,cached_normalized,5582,not_relevant,"title is dominated by a non-viral pathogen context: mycobacter, tuberculosis, bacterium",,,pathway;pathways;replication;macrophage;alveolar,,pathway;pathways;replication;macrophage;alveolar,,,mycobacter;tuberculosis;bacterial;bacterium,,,
pmid-26362267,26362267,pi-backlog,2015,Interactive Big Data Resource to Elucidate Human Immune Pathways and Diseases.,SYBIL,Adolfo Garcia-Sastre,"viral context plus mechanism/resource terms: virus, pathway, interaction",normalized,5560,not_relevant,non-viral pathogen focus dominates title/abstract/full text: candida,virus,,pathway;pathways;interaction;interactions;network,virus;viral;influenza,pathway;pathways;interaction;interactions;protein interaction;replication;macrophage;alveolar;network,,cancer;leukemia;prostate,candida,,,"Many advances in immunology involve the identification of the functional roles of specific molecular entities (genes or proteins) in immunological diseases or immune pathways. These diseases and pathways emerge from a complex network of relationships among molecular entities. Numerous immunological disorders, for example inflammatory bowel disease (IBD), are now recognized to involve multiple genes and processes in the manifestation of the disease ( Jostins et al., 2012 ). In addit"
pmid-39966655,39966655,hpmi,2025,Single-molecule live-cell RNA imaging with CRISPR-Csm.,HPMI,,candidate relevance plus virus/pathogen/assay support,cached_normalized,5530,not_relevant,full text did not support viral host-mechanism relevance,,,crispr,,crispr,,,,,,
pmid-24573470,24573470,pi-backlog,2014,Protein structure modeling with MODELLER.,HPMI,Andrej Sali,explicit cross-virus or shared-host framing in title/abstract,normalized,5499,not_relevant,"non-viral pathogen focus dominates title/abstract/full text: bacterial, fungal",,,,,interaction;interactions,,,bacterial;fungal,modeller;protein structure modeling,,"r example, kinocidins have direct microbicidal efficacy, but also potentiate the antimicrobial mechanisms of leukocytes. Thus, host defenses are optimized by virtue of synergistic interactions among the multiple functions of host defense polypeptides. The current report focuses on comparative structural and phylogenetic relationships among host defense peptides containing γ-core motifs. Multiple analyses were used to assess the structural similarities among three major groups of host defense mo"
pmid-33417126,33417126,pi-backlog,2021,Biomechanical design prognosis of two extramedullary fixation devices for subtrochanteric femur fracture: a finite element study.,SYBIL,Sumit Chanda,explicit cross-virus or shared-host framing in title/abstract,normalized,5453,not_relevant,title is dominated by an off-target disease area: fracture,,,,,,,fracture,,,preclinical,"Subtrochanteric femoral fracture (SFF) accounts for major proportion almost up to 34% of the trauma cases associated with femoral fractures [1, 2] . It requires immediate surgical intervention usually with a fracture fixation device or implant. The role of the implant is to bridge the fracture site and provide stability to allow early load be"
pmid-20406818,20406818,pi-backlog,2010,Negative role of RIG-I serine 8 phosphorylation in the regulation of interferon-beta production.,SYBIL,Adolfo Garcia-Sastre,"viral context plus mechanism/resource terms: virus, viral, interaction",normalized,5407,not_relevant,non-viral pathogen focus dominates title/abstract/full text: bacterial,virus;viral,,interaction;replication,virus;viral;influenza,pathway;interaction;interactions;screen;replication;macrophage,,tumor,bacterial,,,"the CARD2 domain. Together, these results indicate that the RIG-I serine 8 is a sensitive position whose charge may have a negative effect on the activation of RIG-I and the IFN-β pathway, raising the possibility that the serine 8 phosphorylation could be used to inhibit the induction of IFN-β synthesis. IRF-3 translocation from the cytoplasm to the nucleus is an essential step for the induction of IFN-β. Therefore, we tested the effect of mutating RIG-I serine 8 on the induction of the nuclear"
pmid-28562037,28562037,pi-backlog,2017,Computational Discovery and Experimental Validation of Inhibitors of the Human Intestinal Transporter OATP2B1.,HPMI,Andrej Sali,explicit cross-virus or shared-host framing in title/abstract,normalized,5401,not_relevant,non-viral pathogen focus dominates title/abstract/full text: candida,,,screen,,interaction;interactions;screen;dependency,,cancer;tumor,candida,comparative protein structure,inhibitor,"mall compared to the large number of types of ligands. Thus, the structures of these proteins may have evolved to bind structurally diverse entities, leading to increased odds for interaction among different ligands. Organic Anion Transporting Polypeptide protein 2B1 (OATP2B1) is expressed in several tissues of pharmacological importance, such as blood brain barrier, liver, and intestine, as well as in tumors. [1] [2] [3] [4] In humans, OATP2B1 is expressed along the entire human intestine. [5]"
pmid-16738133,16738133,pi-backlog,2006,Protein complex compositions predicted by structural similarity.,HPMI,Andrej Sali,explicit cross-virus or shared-host framing in title/abstract,normalized,5393,not_relevant,non-viral pathogen focus dominates title/abstract/full text: candida,,,interaction;interactions;protein interaction;network,,interaction;interactions;protein interaction;screen;network,,tumor,candida,modbase,,"siae proteome has been especially well characterized through yeast-two-hybrid (Y2H) ( 1 , 2 ) and tandem affinity purification (TAP) experiments ( 3 – 5 ). Experimentally observed interactions, resulting from both high-throughput and traditional low-throughput methodologies, are deposited in databases such as the Biomolecular Interaction Network Database (BIND) ( 6 ) and the Database of Interacting Proteins (DIP) ( 7 ). Concomitant with these experimental advances, a spate of computational tech"
pmid-39698811,39698811,hpmi,2025,CRISPR-Cas12a bends DNA to destabilize base pairs during target interrogation.,HPMI,,candidate relevance plus virus/pathogen/assay support,cached_normalized,5385,not_relevant,full text did not support viral host-mechanism relevance,,,crispr,,crispr,,,,,,
pmid-39197447,39197447,hpmi,2024,Animal and bacterial viruses share conserved mechanisms of immune evasion.,HPMI,,candidate relevance plus virus/pathogen/assay support,cached_normalized,5385,not_relevant,title is dominated by a non-viral pathogen context: bacterial,virus;viral,,pathway;pathways;interaction;interactions;immune evasion,virus;viral,pathway;pathways;interaction;interactions;immune evasion,,,bacterial,,,
pmid-21670211,21670211,pi-backlog,2011,"Evolution: On a bender--BARs, ESCRTs, COPs, and finally getting your coat.",HPMI,Andrej Sali,explicit cross-virus or shared-host framing in title/abstract,normalized,5376,not_relevant,"non-viral pathogen focus dominates title/abstract/full text: bacterial, bacterium, parasite, toxoplasma",,,,,pathway;pathways;interaction;interactions;protein interaction;proteomics;replication;network,,,bacterial;bacterium;parasite;toxoplasma,,,"nal functions; thus trypanosome peroxisomes have become glycosomes, and acquired the glycolytic apparatus ( Hart et al., 1984 ; Michels and Opperdoes, 1991 ), whereas the exocytic pathway of Emiliana huxleyi can export colossal cargoes such as calcium carbonate coccoliths that are of similar diameter to the cell itself ( Marsh, 1999 ). More complex patterns, likely from a combination of processes, occur in Giardia lamblia , where biosynthetic and degradative processes occupy the same compartment"
pmid-24725954,24725954,pi-backlog,2014,Rotavirus infection induces G1 to S phase transition in MA104 cells via Ca⁺²/Calmodulin pathway.,SYBIL,Sumit Chanda,"viral context plus mechanism/resource terms: viral, pathway",normalized,5292,not_relevant,non-viral pathogen focus dominates title/abstract/full text: parasite,virus;viral,,pathway,virus;viral;influenza;hiv;ebola;hepatitis b virus,pathway;pathways;proteomics;replication;epithelial;network,,,parasite,,inhibitor,"dt et al., 2007 , Foy et al., 2003 , Holloway et al., 2009 , Spann et al., 2004 , Talon et al., 2000 ). Previous studies have identified mechanisms by which RV activates PI3K/AKT pathway ( Bagchi et al., 2010 ) or degrades p53 ( Bhowmick et al., 2013 ) to subvert host innate immune system that tries to induce programmed cell death in response to viral infection ( Roulston et al., 1999 ). Many observations such as sharing of same morphological characters (Cell shrinkage, chromatin condensation a"
pmid-33328654,33328654,hpmi,2021,Controlling and enhancing CRISPR systems.,HPMI,,candidate relevance plus virus/pathogen/assay support,normalized,5158,not_relevant,"non-viral pathogen focus dominates title/abstract/full text: bacterial, salmonella",,,crispr,virus;viral,pathway;pathways;interaction;screen;crispr;replication;network,broad-spectrum,,bacterial;salmonella,,,"competitive inhibitors, probably due to their greater complexity and hence, increased evolutionary cost. Although a few Acrs, such as AcrIIA5, AcrIIA16, AcrIIA17 and AcrVA1, are broad-spectrum in the sense that they can inhibit multiple different CRISPR subtypes, none show inhibition across multiple CRISPR types 34 , 35 . This selectivity in inhibition can be attributed to (1) selective pressure from limited bacterial encounters, and (2) antagonistic interphage interaction within the phage com"
pmid-26546155,26546155,pi-backlog,2016,La Piedad Michoacán Mexico Virus V protein antagonizes type I interferon response by binding STAT2 protein and preventing STATs nuclear translocation.,SYBIL,Adolfo Garcia-Sastre,"viral context plus mechanism/resource terms: virus, pathway",normalized,5132,not_relevant,non-viral pathogen focus dominates title/abstract/full text: candida,virus,,pathway,virus;viral;influenza,pathway;interaction;replication,,,candida,,,"II IFN (IFN-γ) is produced by activated immune cells ( Billiau and Matthys, 2009 ; Meyer, 2009 ) and leads to the production of a different subset of ISGs via a distinct signaling pathway. Type II IFN (IFNγ) binds to different receptor complex also formed of two subunits IFN-γR1, and IFN-γR2. Type II IFN signaling activates STAT1, by phosphorylation, which homodimerizes to form the interferon gamma factor (GAF), which translocates to the nucleus and binds to DNA at γ-activated sequence (GAS) ele"
pmid-36203557,36203557,current-program,2022,Impact of cross-coronavirus immunity in post-acute sequelae of COVID-19.,,,candidate relevance plus virus/pathogen/assay support,normalized,5034,not_relevant,full text did not support viral host-mechanism relevance,virus;coronavirus;sars-cov-2;sars;covid-19,coronavirus;sars-cov-2;sars;covid-19,,virus;viral;influenza;coronavirus;sars-cov-2;sars;covid-19;rsv;ebola,replication,,tumor;diabetes,staphylococcus,,,"ta point to a potential persistence of SARS-CoV-2 Spike antigen in individuals with PASC ( 33 , 53 – 56 ), despite the presence of SARS-CoV-2 antibodies. Moreover, prolonged viral replication and evolution, has also been noted in immunocompromised hosts( 57 ). Though viral RNA weeks to months after acute respiratory infection in the gastrointestinal tract has raised the possibility of it as a possible site of prolonged SARS-CoV-2 infection, persistent infection of immunocompetent individuals has"
pmid-19730696,19730696,pi-backlog,2009,Evolutionarily conserved herpesviral protein interaction networks.,HPMI,Trey Ideker,explicit cross-virus or shared-host framing in title/abstract,normalized,4946,not_relevant,"non-viral pathogen focus dominates title/abstract/full text: plasmodium, candida",virus;viral,,interaction;interactions;interactome;protein interaction;screen;network,virus;viral,interaction;interactions;interactome;protein interaction;screen;replication;network,,,plasmodium;candida,,,"ructure and egress), and are consequently often essential for replication in cell culture [8] , [9] , [10] . Several genome-wide yeast-two-hybrid (Y2H) studies of protein-protein interactions in eukaryotes have been published over the last years, including Saccharomyces cerevisiae [11] , Caenorhabditis elegans [12] , Drosophila melanogaster [13] , Plasmodium falciparum [14] and Homo sapiens [15] , [16] . The first complete genome-wide interaction study, however, was published for the E.coli pha"
pmid-26118995,26118995,pi-backlog,2015,Global Mapping of the Inc-Human Interactome Reveals that Retromer Restricts Chlamydia Infection.,HPMI,Jeffrey Cox,"viral context plus mechanism/resource terms: viral, interactome, proteomics",normalized,4885,not_relevant,"non-viral pathogen focus dominates title/abstract/full text: legionella, bacterial, bacterium, salmonella",viral,,interaction;interactions;interactome;proteomics,virus;viral;hiv,pathway;pathways;interaction;interactions;interactome;protein interaction;proteomics;replication;network,,,legionella;bacterial;bacterium;salmonella,,,"idas et al., 2013 )). Upon entry into non-phagocytic cells, the EB resides within a membrane bound compartment—the inclusion—and quickly diverges from the canonical endo-lysosomal pathway. The EB differentiates into an RB and replication commences. After replicating within the ever-enlarging inclusion over 24–72 hrs, the RB redifferentiates to an EB and is then released, ready to infect neighboring cells. How Chlamydia establishes its replicative niche is incompletely understood. Chlamydia mani"
pmid-27336362,27336362,pi-backlog,2016,MicroRNA-125b-5p mimic inhibits acute liver failure.,HPMI,Melanie Ott,explicit cross-virus or shared-host framing in title/abstract,normalized,4812,not_relevant,"title/abstract/full text looks off-target for the virus question: cancer, tumour",,,screen,virus;viral,screen,broad-spectrum,cancer;tumour,,,,"We undertook an unbiased screening approach to identify miRNAs that are capable of inhibiting cell death during ALF. We screened for 302 miRNAs from a mimic library, representing the maximum number of completely conserved miRNAs between human and mouse from miRbase version 20.0. First, we functionally screened miRNAs in primary mouse hepatocytes mimicking ALF, induced by paracetamol, also known as acetaminophen or N -acetyl- p -aminophenol (APAP), the most commonly reported liver toxicity due to"
pmid-35862388,35862388,pi-backlog,2022,A preclinical model of post-surgery secondary bone healing for subtrochanteric femoral fracture based on fuzzy interpretations.,SYBIL,Sumit Chanda,explicit cross-virus or shared-host framing in title/abstract,normalized,4775,not_relevant,title is dominated by an off-target disease area: fracture,,,,,,,cancer;fracture;diabetes,,,preclinical,"Incidences of femoral fracture can be the outcome of traumatic (e.g., traffic accidents or fall etc.) or non-traumatic conditions (e.g., osteoporosis, geriatric population, cancer in bone etc.) [ 1 ]. Biological fixations are used to bridge the fracture site and impart stability to promote bone healing. Primary bone healing involves direct union of two broken bones, often seen in case of very small fracture gap (10–100 μm) and strain below 2% [ 2 ]. On the contrary, secondary bone healing"
pmid-25201897,25201897,pi-backlog,2014,"Tavaborole, a novel boron-containing small molecule for the topical treatment of onychomycosis, is noncarcinogenic in 2-year carcinogenicity studies.",SYBIL,Sumit Chanda,explicit cross-virus or shared-host framing in title/abstract,normalized,4725,not_relevant,"non-viral pathogen focus dominates title/abstract/full text: bacterial, fungal",,,,virus,interaction;interactions;macrophage;epithelial,broad-spectrum,tumor,bacterial;fungal,,,"Onychomycosis is a fungal infection of the nail unit (primarily the nail bed, and often involving the nail plate and less frequently the nail matrix), most commonly occurring in the toenails. The signs of infection include a thickening of the nail plate and nail bed, discoloration, splitting of the nail plate, and lifting of the nail plate from the nail bed, known as onycholysis. Symptoms include difficulty in grooming the nails, social embarrassment, damage to socks and stockings caused by an a"
pmid-17570147,17570147,pi-backlog,2007,The AnnoLite and AnnoLyze programs for comparative annotation of protein structures.,HPMI,Andrej Sali,explicit cross-virus or shared-host framing in title/abstract,normalized,4677,not_relevant,non-viral pathogen focus dominates title/abstract/full text: bacterial,,,interaction,,interaction;protein interaction,,,bacterial,comparative protein structure,,"ly on any additional search or sources of information. Moreover, AnnoLite can be combined with AnnoLyze for additional prediction of small ligand binding sites and protein-protein interaction. AnnoLyze can be applied to about 80% of the protein chains and outperforms other knowledge-based methods such as Patcher [ 21 ]. AnnoLite and AnnoLyze will benefit from the growth of the structural and functional databases. Both methods rely on the DBAli database, which is updated weekly. Thus, we expect"
pmid-21097780,21097780,pi-backlog,2011,"ModBase, a database of annotated comparative protein structure models, and associated resources.",HPMI,Andrej Sali,explicit cross-virus or shared-host framing in title/abstract,normalized,4658,not_relevant,"non-viral pathogen focus dominates title/abstract/full text: mycobacter, tuberculosis, bacterial, bacterium, parasite",,,,viral,interaction;interactions;protein interaction;screen;network,,cancer,mycobacter;tuberculosis;bacterial;bacterium;parasite,modeller;modbase;comparative protein structure;database of annotated comparative protein structure models,,"the use of comparative models by calculating modeling leverage for structural genomics, superfamily member identification and functional annotation, prediction of protein–protein interactions and genome-wide functional annotation. Models in ModBase are calculated using our automated software pipeline for comparative protein structure modeling, ModPipe ( 12 ). The software relies mostly on modules of Modeller ( 13 ), and is designed to process data sets of protein sequences on a Linux cluster."
pmid-19381286,19381286,pi-backlog,2009,A kernel for open source drug discovery in tropical diseases.,HPMI,Andrej Sali,explicit cross-virus or shared-host framing in title/abstract,normalized,4643,not_relevant,"non-viral pathogen focus dominates title/abstract/full text: mycobacter, tuberculosis, bacterial, bacterium, parasite",,,,viral;hiv,interaction;interactions;replication;network,,,mycobacter;tuberculosis;bacterial;bacterium;parasite;plasmodium;toxoplasma;candida,,drug discovery,"roof of principle, we applied the pipeline to the genomes of ten organisms that cause tropical diseases (“target genomes”). We also experimentally tested two predicted drug-target interactions using Nuclear Magnetic Resonance (NMR) spectroscopy. By virtue of pairing specific proteins with already known drugs, our pipeline has the potential of increasing the efficiency of target identification, target validation, lead discovery, lead optimization, and clinical trials. The current project is part"
pmid-24271400,24271400,pi-backlog,2014,"ModBase, a database of annotated comparative protein structure models and associated resources.",HPMI,Andrej Sali,explicit cross-virus or shared-host framing in title/abstract,normalized,4625,not_relevant,non-viral pathogen focus dominates title/abstract/full text: candida,virus,,,virus;viral;hiv,interaction;interactions;protein interaction;screen;network,,,candida,modeller;modbase;comparative protein structure;database of annotated comparative protein structure models,,"th ModBase, whereas others contain data that are derived through ModBase [e.g. single-nucleotide polymorphism (SNP) annotations created by LS-SNP ( 43 )]. We already described the interactions of ModBase with the ModLoop server for loop modeling in protein structures ( http://salilab.org/modloop ) ( 44 ), the PIBASE database of protein–protein interaction ( http://salilab.org/pibase ) ( 45 ), the DBAli database of structural alignments ( http://salilab.org/dbali ) ( 46 , 47 ), the LS-SNP databas"
pmid-21963794,21963794,pi-backlog,2012,"UCSF Chimera, MODELLER, and IMP: an integrated modeling system.",HPMI,Andrej Sali,explicit cross-virus or shared-host framing in title/abstract,normalized,4621,not_relevant,"non-viral pathogen focus dominates title/abstract/full text: mycobacter, tuberculosis, bacterial, bacterium, candida",,,interaction;interactions,,interaction;interactions;network,,,mycobacter;tuberculosis;bacterial;bacterium;candida,modeller,,"Proteins carry out their functions through interactions with other molecules. Of particular interest here are assemblies of multiple proteins, which are often large, dynamic, flexible, and fragile, contributing to the difficulty of determining their structures. Even when single structure determination methods fail, however, atomic models of assemblies can be de"
pmid-34443354,34443354,pi-backlog,2021,Comparative Study of Natural Terpenoid Precursors in Reactive Plasmas for Thin Film Deposition.,CViSB,Donald S Grant,explicit cross-virus or shared-host framing in title/abstract,normalized,4573,not_relevant,"non-viral pathogen focus dominates title/abstract/full text: bacterial, candida",,,,,pathway;pathways;interaction;macrophage;network,,,bacterial;candida,,,"ersity of chemical reactions that include fragmentation, recombination and polymerization all taking place at the same time makes identification of specific breakdown and assembly pathways challenging. Despite the preponderance of terpinen-4-ol monomeric units in M. alternifolia oil, a disparity exists between the abundance and variety of cationic species present in the low power plasma environments for these two respective precursors, as evidenced by Figure 3 a,b. In explanation, consideration"
pmid-37950885,37950885,current-program,2023,Shrinkage-based Random Local Clocks with Scalable Inference.,,,candidate relevance plus virus/pathogen/assay support,cached_normalized,4549,not_relevant,full text did not support viral host-mechanism relevance,virus;influenza,influenza,,virus;viral;influenza;hiv,,,,,,,"s Laplace prior. Finally, we deploy our shrinkage clock to estimate the existence, location, and magnitude of host-specific clock rates in surface glycoproteins of the influenza A virus. Consider a rooted, bifurcating tree F with N tips and N − 1 internal (ancestral) nodes. We index tips i = 1 , … , N and internal nodes i = N + 1 , … , 2 N − 2 . We designate node 2 N − 1 to be the root of the tree. Let pa ( i ) denote the parent of the i th node and let branch length t i connect node i with its"
pmid-21956618,21956618,pi-backlog,2011,A common 5'-UTR variant in MATE2-K is associated with poor response to metformin.,HPMI,Andrej Sali,explicit cross-virus or shared-host framing in title/abstract,normalized,4544,not_relevant,non-viral pathogen focus dominates title/abstract/full text: candida,,,,,interaction;epithelial,,cancer;tumor;kidney;diabetes,candida,comparative protein structure,,"ted in the channel in relatively close proximity to the putative proton-binding site. Therefore, mutation of Gly393 to the positively charged arginine is likely to prevent MATE2-K interaction with cationic ligands, including protons. Pro162 and Gly211 are located in transmembrane helices 4 and 6, respectively. Mutations of these residues to leucine and valine, respectively, are likely to impact MATE2-K structures through (i) a decrease in the main chain’s flexibility (Gly) or rigidity (Pro), (ii"
pmid-38836816,38836816,hpmi,2024,Human Alveolar and Monocyte-Derived Human Macrophage Responses to Mycobacterium tuberculosis.,HPMI,,candidate relevance plus virus/pathogen/assay support,cached_normalized,4526,not_relevant,"title is dominated by a non-viral pathogen context: mycobacter, tuberculosis, bacterium",,,pathway;pathways;macrophage;alveolar,,pathway;pathways;macrophage;alveolar,,,mycobacter;tuberculosis;bacterium,,,
pmid-39006420,39006420,current-program,2024,"Dispersal history of SARS-CoV-2 variants Alpha, Delta, and Omicron (BA.1) in Spain.",,,candidate relevance plus virus/pathogen/assay support,cached_normalized,4424,not_relevant,full text did not support viral host-mechanism relevance,virus;sars-cov-2;sars,sars-cov-2;sars,,virus;viral;sars-cov-2;sars;covid-19,interaction,,,,,,"ee VOCs studied was that most introductions produced only a handful of descendants. This could be due to the various prevention and containment measures, which greatly limited the interaction between people without masks for long periods, reducing the odds of a massive transmission event. Apart from this, quarantines after testing positive were mandatory at the beginning and then at least recommended, as well as maintaining social distancing and mask-wearing, which could also help deter transmis"
pmid-35794893,35794893,current-program,2022,Outbreak.info genomic reports: scalable and dynamic surveillance of SARS-CoV-2 variants and mutations.,CViSB,Kristian Andersen,candidate relevance plus virus/pathogen/assay support,normalized,4407,not_relevant,full text did not support viral host-mechanism relevance,virus;sars-cov-2;sars,sars-cov-2;sars,,virus;viral;coronavirus;sars-cov-2;sars;covid-19;zika;ebola,immune evasion,,,,,,"re five designated VOCs: B.1.1.7* (Alpha; * denotes the lineage and any of its sub lineages) lineage resulting in increased transmissibility 8 , B.1.351* (Beta) lineage exhibiting immune evasion 9 , the P.1* (Gamma) lineage exhibiting immune evasion 10 , the B.1.617.2* lineage exhibiting increased transmissibility due to the P681R mutation in the Spike gene 11 , and more recently, the B.1.1.529* (Omicron) lineage exhibiting very rapid growth and the ability to substantially avoid antibody neutra"
pmid-36298829,36298829,pi-backlog,2022,Viral Hijacking of BET Proteins.,HPMI,Melanie Ott,"viral context plus mechanism/resource terms: virus, viral, network",normalized,4382,not_relevant,non-viral pathogen focus dominates title/abstract/full text: candida,virus;viral,,interaction;interactions;network,virus;viral;sars-cov-2;sars;covid-19;hiv;hepatitis b virus;hbv;yellow fever virus,interaction;interactions;protein interaction;replication;network,,cancer;leukemia,candida,,inhibitor,"t as transcriptional regulators by interacting with acetylated histones, transcription factors, and viral proteins [ 2 , 3 , 5 ]. The extraterminal domain mediates protein-protein interactions and recognizes a short peptide motif, “KIKL,” conserved across many different transcriptional regulators, including catalytic subunits of chromatin remodeling complexes [ 6 ]. Other smaller domains identified within BET proteins include a basic interacting domain (BID), phosphorylation-dependent interactin"
pmid-40447716,40447716,current-program,2025,"International importance and spread of SARS-CoV-2 variants Alpha, Delta, and Omicron BA.1 into Spain.",,,candidate relevance plus virus/pathogen/assay support,cached_normalized,4373,not_relevant,full text did not support viral host-mechanism relevance,virus;sars-cov-2;sars,sars-cov-2;sars,,virus;sars-cov-2;sars,,,,,,,
pmid-34841975,34841975,current-program,2022,Combining cox regressions across a heterogeneous distributed research network facing small and zero counts.,,,explicit cross-virus/shared-host signal,normalized,4353,not_relevant,non-viral pathogen focus dominates title/abstract/full text: candida,,,network,hiv,network,,,candida,,,". Such studies provide critical clinical knowledge, especially in settings where randomized trials prove impractical or overly costly. The recent emergence of distributed research networks, such as the Observational Health Data Sciences and Informatics (OHDSI), 1 enables the use of data from hundreds of millions of patients across the world and can answer questions about relationships between exposures and outcomes, even for relatively rare exposures and outcomes. Despite the promise of multi-s"
pmid-40502047,40502047,hpmi,2025,A non-spike nucleocapsid R204P mutation in SARS-CoV-2 Omicron XEC enhances inflammation and pathogenicity.,HPMI,,candidate relevance plus virus/pathogen/assay support,cached_normalized,4347,not_relevant,full text did not support viral host-mechanism relevance,viral;sars-cov-2;sars,sars-cov-2;sars,,viral;sars-cov-2;sars,,,,,,,
pmid-26265177,26265177,pi-backlog,2015,Subcellular trafficking and functional importance of herpes simplex virus type 1 glycoprotein M domains.,HPMI,Melanie Ott,"viral context plus mechanism/resource terms: virus, viral, network",normalized,4328,not_relevant,"non-viral pathogen focus dominates title/abstract/full text: bacterial, candida",virus;viral,,network,virus;viral,interaction;interactions;immune evasion;replication;network,,,bacterial;candida,,,"l gM and gN orthologs [3, [25] [26] [27] . Furthermore, gM seems to partner with gN to modulate the fusion machinery ( [24] , and ref. therein). We aimed to decipher the physical interaction of HSV-1 gN and gM, the subcellular localization of gN in association with gM variants and the functional relationship of gN with gM. We found that gN is an ER resident and that exit of gN from the endoplasmic reticulum requires the N-terminal core of gM composed of eight transmembrane domains but is indepe"
pmid-26435392,26435392,pi-backlog,2015,Integrated Proteomic and Genomic Analysis of Gastric Cancer Patient Tissues.,HPMI,Trey Ideker,"viral context plus mechanism/resource terms: viral, pathway, interaction",normalized,4323,not_relevant,title is dominated by an off-target disease area: cancer,viral,,pathway;pathways;interaction,viral;hiv,pathway;pathways;interaction;interactions;proteomics;transcriptomics;replication,,cancer;tumor;leukemia;breast cancer,,,,"in each analysis. While the proteomic studies were of lesser depth (~3000 proteins identified), we and others have shown that proteomics can aid the identification of significant pathways and expression events. 6b , 8 , 15 , 21 As part of the C-HPP initiative we have been exploring the relationship between a proteomic observation and the corresponding gene location on a given chromosome. 22 It has been noted that cancer as an evolutionary process exploits regions of high transcription activity"
pmid-31774362,31774362,pi-backlog,2020,A comparative assessment of two designs of hip stem using rule-based simulation of combined osseointegration and remodelling.,SYBIL,Sumit Chanda,explicit cross-virus or shared-host framing in title/abstract,normalized,4322,not_relevant,title/abstract/full text looks off-target for the virus question: fracture,,,,,,,fracture,,,preclinical,"f criteria, which contributed in oscillations in the predicted degree of osseointegration. However, the trend of gradual increase in osseointegration was similar to the studies on fracture healing 57 and peri-acetabular osseointegration, 33, 35 wherein detailed mechanoregulatory algorithms were employed. These corroborations provided confidence in the results predicted by the present framework. Both the implant designs predicted significant amount of proximal bone resorption (Gruen zones 1 and"
pmid-27801516,27801516,pi-backlog,2016,Comparative Protein Structure Modeling Using MODELLER.,HPMI,Andrej Sali,explicit cross-virus or shared-host framing in title/abstract,normalized,4320,not_relevant,"non-viral pathogen focus dominates title/abstract/full text: bacterial, candida",,,,,interaction;interactions;protein interaction;proteomics;screen,,diabetes,bacterial;candida,modeller;modbase;protein structure modeling;comparative protein structure,,"effects induced by small ligands such as Ca 2+ ions (Pedigo and Shea, 1995) , as well as footprinting of proteinprotein (Scaloni et al., 1998; Zhong et al., 1995) and DNA-protein interactions (Cohen et al., 1995) . Despite the utility of limited proteolysis, the method has several technical limitations. First, in order to perform proteolysis, it is necessary to obtain a pure protein in its native folded state, which can be technically difficult, especially for large multidomain proteins. Secon"
pmid-28661652,28661652,pi-backlog,2017,"Human Concentrative Nucleoside Transporter 3 (hCNT3, SLC28A3) Forms a Cyclic Homotrimer.",HPMI,Andrej Sali,explicit cross-virus or shared-host framing in title/abstract,normalized,4318,not_relevant,"non-viral pathogen focus dominates title/abstract/full text: bacterial, bacterium",viral,,,virus;viral,pathway;pathways;interaction;interactions;protein interaction,,cancer;tumor;leukemia;kidney,bacterial;bacterium,,,"though most cell types are capable of de novo synthesis of nucleosides, others, like cells of the brain, muscle, erythrocytes, leukocytes, and bone marrow, lack these biosynthetic pathways. 4 In addition, de novo synthesis is energetically costly. 2 Nucleoside salvage (i.e., the recycling of extracellular nucleosides to replenish the intracellular levels) via nucleoside transporters is therefore an attractive strategy to achieve nucleoside homeostasis. Being largely hydrophilic, nucleosides requ"
pmid-16872496,16872496,pi-backlog,2006,A direct comparison of protein interaction confidence assignment schemes.,HPMI,Trey Ideker,explicit cross-virus or shared-host framing in title/abstract,normalized,4293,not_relevant,full text did not support viral host-mechanism relevance,,,interaction;interactions;protein interaction;network,,interaction;interactions;protein interaction;screen;dependency;network,,,,,,"Systematic elucidation of protein-protein interaction networks will be essential for understanding how different behaviors and protein functions are integrated within the cell. Recently, the advent of high-throughput experimental techniques like yeast two-hybrid (Y2H) assays [ 1 ] and co-immunoprecipitation (co-IP) screens [ 2 ] has led to the elucidation of l"
pmid-27965017,27965017,pi-backlog,2017,Structure and functionalities of the human c-reactive protein compared to the zebrafish multigene family of c-reactive-like proteins.,SYBIL,Rafael Medina,explicit cross-virus or shared-host framing in title/abstract,normalized,4208,not_relevant,non-viral pathogen focus dominates title/abstract/full text: bacterial,viral,,macrophage,virus;viral,pathway;interaction;interactions;macrophage,,,bacterial,,,"inds phosphorylethanolamine heads (Du Clos and Mold, 2011) . The Ca þþdependent binding of pCRP to phospholipid heads, triggers binding to C1q (activating the classical complement pathway) and immunoglobulin Fc receptors (FcR) (activating phagocytosis) (Bang et al., 2005; Du Clos and Mold, 2011; Inforzato et al., 2013; Vilahur and Badimon, 2015) . After the discovery of different monomeric CRP (mCRP) conformations, the list of ligands has expanded (Li et al., 2016; Wu et al., 2015) , as conforma"
pmid-24692634,24692634,pi-backlog,2014,RIG-I detects mRNA of intracellular Salmonella enterica serovar Typhimurium during bacterial infection.,SYBIL,Adolfo Garcia-Sastre,explicit cross-virus or shared-host framing in title/abstract,normalized,4194,not_relevant,"title is dominated by a non-viral pathogen context: bacterial, salmonella",viral,,,virus;viral;influenza,host response;pathway;interaction;replication;macrophage;epithelial,,,bacterial;bacterium;salmonella;listeria,,,"nsed by different mechanisms, depending on the biology of the invading pathogen. This highlights the importance of accessibility of bacterial PAMPs to cellular PRRs for the innate host response during infection. In summary, we demonstrate RIG-I-mediated innate immune recognition of S . Typhimurium mRNA in nonphagocytic cells under infection conditions. This is in contrast to IFN-β production in phagocytic cells in response to S . Typhimurium infection, which relies on TLR signaling. Our data im"
pmid-18536725,18536725,pi-backlog,2008,Mechanism of lid closure in the eukaryotic chaperonin TRiC/CCT.,HPMI,Andrej Sali,explicit cross-virus or shared-host framing in title/abstract,normalized,4151,not_relevant,non-viral pathogen focus dominates title/abstract/full text: bacterial,,,network,,interaction;interactions;screen;network,,,bacterial,,,"surfaces in the open and closed states 43 , 44 . Thus, biochemical experiments from several laboratories indicated that TRiC in its open state binds substrates through hydrophobic interactions 45 – 47 , whereas no obvious hydrophobic surfaces are exposed to the cavity in closed models of TRiC. Additionally, a recent study mapped the substrate binding sites of TRiC to an apical domain location similar to that of the GroEL binding sites, which would not be exposed to the cavity in the former model"
pmid-18379232,18379232,pi-backlog,2008,"Efficacy and safety of intravenous infusion of doripenem versus imipenem in ventilator-associated pneumonia: a multicenter, randomized study.",SCRIPT,Richard Wunderink,explicit cross-virus or shared-host framing in title/abstract,normalized,4141,not_relevant,"non-viral pathogen focus dominates title/abstract/full text: bacterial, staphylococcus",,,,influenza,screen;alveolar,broad-spectrum,cancer,bacterial;staphylococcus,,inhibitor,"An institutional review board or ethics committee at each study site reviewed and approved the study protocol and informed consent form. Patients. Hospitalized patients who met clinical and radiologic criteria for VAP were eligible if they were Ն18 yrs old, had been mechanically ventilated for Ͼ24 hrs or weaned from mechanical ventilation within the previous 72 hrs, and had a Clinical Pulmonary Infection Score (CPIS) Ն5 (20) . An acceptable specimen of lower respiratory tract secretions (endotr"
pmid-22718633,22718633,pi-backlog,2012,Biochemical characterization and structural modeling of human cathepsin E variant 2 in comparison to the wild-type protein.,HPMI,Andrej Sali,explicit cross-virus or shared-host framing in title/abstract,normalized,4091,not_relevant,"title/abstract/full text looks off-target for the virus question: cancer, tumor, prostate",,,,,interaction;interactions;protein interaction;macrophage,,cancer;tumor;prostate,,,inhibitor,"ipts from a single protein-coding gene ( Ben-Dov et al., 2008 ). Alternative splicing generates protein isoforms with different biological properties, differing in protein-protein interactions, subcellular localization, and enzymatic activity ( Stamm et al., 2005 ). It has been recently shown in two gastric adenocarcinoma cell lines that human procathepsin E gene is subject to alternative splicing ( Tatnell et al., 2003 ). Interestingly, alternatively spliced transcripts have already been observ"
pmid-33918000,33918000,pi-backlog,2021,Mechanistic Fingerprinting Reveals Kinetic Signatures of Resistance to Daptomycin and Host Defense Peptides in Streptococcus mitis-oralis.,UCLA-Persistent-BSI,Michael Yeaman,explicit cross-virus or shared-host framing in title/abstract,normalized,4067,not_relevant,title is dominated by a non-viral pathogen context: streptococcus,,,interaction;interactions,,host response;pathway;pathways;interaction;interactions;epithelial;network,,cancer,bacterial;streptococcus,,,"µg/mL. The MIC determinations were performed a minimum of two times in independent experiments conducted on separate days. Two cationic peptides important in the mammalian innate host response were studied. Human neutrophil peptide-1 (hNP-1; Peptides International, Louisville, KY, USA) is a prototypic alpha-defensin, naturally found in human neutrophil specific granules, which is important in intra-phagolysosomal killing of bacterial pathogens [ 24 ]. Also, human LL-37 (Peptides International,"
pmid-40963760,40963760,current-program,2025,Cryptic spread of SARS-CoV-2 undermined targeted travel restrictions.,CViSB,Kristian Andersen,candidate relevance plus virus/pathogen/assay support,cached_normalized,4036,not_relevant,full text did not support viral host-mechanism relevance,viral;sars-cov-2;sars,sars-cov-2;sars,,viral;sars-cov-2;sars,,,,,,,
pmid-35881005,35881005,current-program,2022,The molecular epidemiology of multiple zoonotic origins of SARS-CoV-2.,CViSB,Robert Garry;Kristian Andersen,candidate relevance plus virus/pathogen/assay support,normalized,3983,not_relevant,full text did not support viral host-mechanism relevance,virus;viral;coronavirus;sars-cov-2;sars;covid-19,coronavirus;sars-cov-2;sars;covid-19,,virus;viral;influenza;coronavirus;sars-cov-2;sars;covid-19,network,,,,,,"cCA-rooting, fixing the ancestral haplotype as a root, and outgroup rooting. SARS-CoV-2-like epidemics were simulated with FAVITES-COVID-Lite v0.0.1 ( 22 , 63 ) using a scale-free network of 5 million individuals and a customized extension of the SAPHIRE model ( 64 ), producing coalescent trees on which we simulated mutations. We calculated the Bayes factor comparing the support of two introductions of SARS-CoV-2 to one introduction by considering the posterior probabilities of the four most lik"
pmid-39567630,39567630,pi-backlog,2024,Cell surface marker heterogeneity in human myeloma cell lines for modeling of disease and therapy.,CViSB,Kristian Andersen,explicit cross-virus or shared-host framing in title/abstract,cached_normalized,3972,not_relevant,title/abstract/full text looks off-target for the virus question: tumor,,,,,,,tumor,,,,
pmid-40035960,40035960,pi-backlog,2025,A detailed comparative in silico and functional analysis of ccd1 gene in maize gives new insights of its expression and functions.,SYBIL,Sumit Chanda,explicit cross-virus or shared-host framing in title/abstract,cached_normalized,3900,not_relevant,"non-viral pathogen focus dominates title/abstract/full text: bacterial, candida",,,,,pathway;interaction;interactions;protein interaction;crispr;replication;network,,,bacterial;candida,,,"riations, two major strategies have been followed extensively for enhancing carotenoid content in maize grains. One is the enrichment of genotypes with the carotenoid biosynthesis pathway genes and the other is introgression of mutant alleles of carotenoid degradation genes through breeding [6] . One such instance is the use of two important carotenoid biosynthesis genes, Lycopene-ε-cyclase (lcyE), and β-carotene hydroxylase (crtRB1) that promote the increased alpha branching of carotenoids and"
pmid-33455849,33455849,current-program,2021,Forest and Trees: Exploring Bacterial Virulence with Genome-wide Association Studies and Machine Learning.,SCRIPT,Alan Hauser,explicit cross-virus/shared-host signal,normalized,3898,not_relevant,title is dominated by a non-viral pathogen context: bacterial,,,,influenza;hiv,pathway;pathways;interaction;interactions;protein interaction;screen;replication;network,,cancer,legionella;bacterial;listeria;pneumophila;candida,,,"riants was likely causal. A second strategy for decreasing the number of tests is to perform burden testing, whereby variants are grouped together by functional units (e.g. genes, pathways), and tests are then performed at the level of these functional units [ 49 ]. Burden testing also has the potential advantage of increasing power in situations where a phenotype has emerged multiple times via distinct genetic events that impacted a common set of genes or pathways. It is important to note that"
pmid-39945534,39945534,current-program,2025,Tracing more than two decades of Japanese encephalitis virus circulation in mainland China.,,,candidate relevance plus virus/pathogen/assay support,cached_normalized,3847,not_relevant,full text did not support viral host-mechanism relevance,virus;viral,,,virus;viral,,,,,,,
pmid-39131396,39131396,hpmi,2024,CRISPR-Cas12a bends DNA to destabilize base pairs during target interrogation.,HPMI,,candidate relevance plus virus/pathogen/assay support,cached_normalized,3833,not_relevant,full text did not support viral host-mechanism relevance,,,crispr,,crispr,,,,,,
pmid-38947010,38947010,current-program,2024,Evolution of the Umbilical Cord Blood Proteome Across Gestational Development.,,,candidate relevance plus virus/pathogen/assay support,cached_normalized,3758,not_relevant,non-viral pathogen focus dominates title/abstract/full text: bacterial,,,pathway;pathways,viral;hiv,pathway;pathways;interaction;interactions;protein interaction;proteomics;network,,,bacterial,,,"red. Nodes were colored by an increase or decrease in abundance with edge width reflective of protein interaction confidence score. Proteins contributing to significantly enriched pathways were annotated with colored boxes. The distribution of GA and associated clinical/demographic details for the 150 infants included in this study are displayed in Table 1 . The mean GA across all infants was 33.2 weeks (standard deviation 4.5, range 25.9–41.4). 17 infants (11%) were 25–28 weeks, 43 (29%) were 2"
pmid-32912998,32912998,current-program,2020,The emergence of SARS-CoV-2 in Europe and North America.,,,candidate relevance plus virus/pathogen/assay support,normalized,3737,not_relevant,full text did not support viral host-mechanism relevance,virus;viral;coronavirus;sars-cov-2;sars,coronavirus;sars-cov-2;sars,,virus;viral;coronavirus;sars-cov-2;sars;covid-19;hiv,screen,,,,,,"spended for non-U.S. residents from China (beginning on 2 February 2020) ( 20 ), perhaps during the concurrent period when ~40,000 U.S. residents were repatriated from China, with screening described as cursory or lax ( 21 ). These passengers were directed to a short list of airports, including those in Los Angeles, San Francisco, New York, Chicago, Newark, Detroit, and Seattle ( 21 ). The late-February timing of COVID-19 cases in Solano County and Santa Clara County in California ( 5 ) (supplem"
pmid-42200562,42200562,pi-backlog,2026,Simplified Derivation of Stable Early Passage Murine Embryonic and Parthenogenetic Stem Cells.,SCRIPT,Alan Hauser,explicit cross-virus or shared-host framing in title/abstract,cached_normalized,3715,not_relevant,title/abstract/full text looks off-target for the virus question: leukemia,,,pathway;pathways,virus,pathway;pathways,,leukemia,,,,"M ouse embryonic stem (mES) cells are artifacts of culture conditions that support cell division while suppressing differentiation pathways, [1] [2] [3] [4] thus retaining the capacity to integrate into fetal tissues following transfer into blastocyst-stage mouse embryos. [5] [6] [7] This tissue plasticity plus the capacity to self-aggregate and differentiate into mesodermal, ectodermal, and endodermal cell lineages suggests they are useful in vit"
pmid-34304580,34304580,current-program,2021,Comparative First-Line Effectiveness and Safety of ACE (Angiotensin-Converting Enzyme) Inhibitors and Angiotensin Receptor Blockers: A Multinational Cohort Study.,,,explicit cross-virus/shared-host signal,normalized,3555,not_relevant,non-viral pathogen focus dominates title/abstract/full text: candida,,,network,,network,,kidney;diabetes,candida,,inhibitor,"RBs, with lisinopril being the most commonly used antihypertensive medication worldwide. 18 , 19 Therefore, as part of the Large-scale Evidence Generation and Evaluation across a Network of Databases for Hypertension (LEGEND-HTN) study, we sought to compare the real-world effectiveness and safety of ACE inhibitors and ARBs for the first-line treatment of hypertension across a global network of eight large observational databases. All code, materials, and intermediate results have been made publ"
pmid-42496972,42496972,pi-backlog,2026,Glucagon-Like Peptide-1 Receptor Agonists and Fragility Fracture Risk in Type 2 Diabetes.,UCLA-Persistent-BSI,Michael Yeaman,explicit cross-virus or shared-host framing in title/abstract,cached_normalized,3482,not_relevant,"title is dominated by an off-target disease area: fracture, diabetes",,,,,pathway;interaction;network,,fracture;kidney;diabetes,,,inhibitor,"fracture risk (HR, 1.02 [95% CI, 1.01-1.02]), whereas cumulative HbA 1c reduction was associated with a modest risk reduction (HR, 0.99 [95% CI, 0.98-0.99]). The combined indirect pathway produced a small net increase in fracture risk (HR, 1.01 [95% CI, 1.00-1.02]) ( Figure 3 ). The E-value was 1.83 for the intention-to-treat point estimate and 1.70 for the upper confidence bound. In PSM cohorts stratified by T2D status (245 365 pairs overall; 208 647 [85.0%] with T2D; 36 718 [15.0%] without T2D"
pmid-25057006,25057006,pi-backlog,2014,Differential requirement for the IKKβ/NF-κB signaling module in regulating TLR- versus RLR-induced type 1 IFN expression in dendritic cells.,SYBIL,Adolfo Garcia-Sastre,"viral context plus mechanism/resource terms: virus, pathway",normalized,3467,not_relevant,"non-viral pathogen focus dominates title/abstract/full text: bacterial, fungal",virus,,pathway,virus;viral,host response;pathway;pathways;interaction;interactions,,cancer,bacterial;fungal,,,"The mammalian immune system is exquisitely sensitive to the nature of invading infectious agents and tailors host responses that are best suited to eradicate specific agents ( 1 , 2 ). Mammalian pattern recognition receptors (PRRs) such as Toll-Like Receptors (TLRs), RIG-I-like Receptors (RLRs), cGAS/STING and NOD-like receptors play key roles in protective innate and adaptive immune responses against microbial agents ( 3 – 8"
pmid-35298864,35298864,hpmi,2023,Integrative structure determination of histones H3 and H4 using genetic interactions.,HPMI,,candidate relevance plus virus/pathogen/assay support,cached_normalized,3464,not_relevant,full text did not support viral host-mechanism relevance,,,interaction;interactions;crispr,virus;viral;coronavirus,pathway;pathways;interaction;interactions;interactome;protein interaction;crispr;replication;network,,,,,,"otype than is expected from the combination of individual mutation effects. Genetic interactions can be used to identify functional relationships among genes, including biological pathways [ 21 – 23 ] and protein complexes [ 24 – 26 ]. Genetic interaction profiles, defined as a set of genetic interactions between a given mutation (e.g., a point mutation) and a library of secondary mutations (e.g., gene deletions), often provide signatures of protein functions, allowing us to compare the profiles"
pmid-36832096,36832096,pi-backlog,2023,Comparative Study of the Impact of Human Leukocyte Antigens on Renal Transplant Survival in Andalusia and the United States.,SYBIL,Rafael Medina,explicit cross-virus or shared-host framing in title/abstract,cached_normalized,3408,not_relevant,title/abstract/full text looks off-target for the virus question: kidney,,,,viral;covid-19,network,,kidney,,,transplantation;transplant survival,"e renal transplant data that have been analysed in this work come from the Autonomous Transplant Database of Andalusia (SICATA), while the US data have been provided by the United Network for Organ Sharing (UNOS). For both databases, single renal transplants from cadaveric donors between 2006 and 2019 (both inclusive) were selected. The Regional Transplant Coordination Agency in Andalusia started database compilation for renal transplantation in 2006. No data are available for previous years. On"
pmid-28220929,28220929,pi-backlog,2017,Increasing the Efficiency on Producing Radiology Reports for Breast Cancer Diagnosis by Means of Structured Reports. A Comparative Study.,SYBIL,Rafael Medina,explicit cross-virus or shared-host framing in title/abstract,normalized,3372,not_relevant,"title is dominated by an off-target disease area: cancer, breast cancer",,,,,screen,,cancer;breast cancer,candida,,,"ing disorders Reading disorder 1/3 Mathematics disorder 1/3 Other disorders of infancy, childhood, or adolescence Stereotypic movement disorder 1/3 abnormalities to incorporate a screen for anxiety disorders and to assist patients and families in finding adequate therapies for these disorders. In addition to high rates of ADHD and anxiety, the 18q-subjects (with distal breaks beginning from 18q21. 2 through 18q22 3) exhibited high rates of mania, depression, and psychosis. Rates of psychosis w"
pmid-41548573,41548573,pi-backlog,2026,Biomolecular Fingerprint of Crohn's Disease: A Comparative Raman Spectroscopic Study of Blood and Tissue Samples.,SYBIL,Sumit Chanda,explicit cross-virus or shared-host framing in title/abstract,cached_normalized,3286,not_relevant,non-viral pathogen focus dominates title/abstract/full text: bacterial,,,,,pathway;pathways;interaction;interactions,,cancer,bacterial,,,"compositional differences between plasma and tissue. Biologic therapies, including anti‐TNF agents such as infliximab and anti‐integrins like vedolizumab, target key inflammatory pathways to induce and maintain remission in moderate‐to‐severe CD [ 61 ]. These treatments reduce mucosal injury, prevent complications such as fistulas, and improve quality of life. The recovery of lipid, protein, and amino acid/carbohydrate Raman markers toward healthy profiles in biologic‐treated patients supports"
pmid-25511110,25511110,pi-backlog,2015,A comparative immunological analysis of CoCl2 treated cells with in vitro hypoxic exposure.,SYBIL,Sumit Chanda,explicit cross-virus or shared-host framing in title/abstract,normalized,3275,not_relevant,non-viral pathogen focus dominates title/abstract/full text: candida,,,pathway;macrophage,hiv,pathway;pathways;macrophage,,cancer;breast cancer,candida,,,"study, and in light of the complexity associated with drug response it remains possible that RLIP76 does have some role in resistance to AEDs, either directly or by regulation of pathways in which it figures. However, further studies would seem necessary before its role can be considered proven, and before attention is diverted to therapies based on modulation or evasion of RLIP76. The role of transporters in AED resistance is likely to prove complex (Sisodiya and Bates, 2006) , and require fur"
pmid-33305155,33305155,pi-backlog,2020,MicroRNA-125b-5p Regulates Hepatocyte Proliferation During the Termination Phase of Liver Regeneration.,HPMI,Melanie Ott,"viral context plus mechanism/resource terms: virus, pathway",normalized,3266,not_relevant,non-viral pathogen focus dominates title/abstract/full text: candida,virus,,pathway;pathways,virus;viral,pathway;pathways;interaction;interactions;protein interaction;network,,cancer;tumor;ovarian,candida,,inhibitor,"ion experiments suggested that ABTB1 contributes, albeit in part, to the pro‐proliferative effect of miR‐125b‐5p on primary mouse hepatocytes. To identify the downstream signaling pathway of antiproliferative ABTB1, ( 18 ) we transfected primary mouse hepatocytes with Abtb1 siRNA and performed microarray‐based mRNA expression analysis. The results revealed that ABTB1 loss led to significant up‐regulation of Foxg1 expression (Fig. 5A,B ). Gene Ontology and Kyoto Encyclopedia of Genes and Genomes"
pmid-30293731,30293731,pi-backlog,2018,Comparison between Surgical and Endovascular Hemodialysis Arteriovenous Fistula Interventions and Associated Costs.,HPMI,Michael Glickman,explicit cross-virus or shared-host framing in title/abstract,normalized,3258,not_relevant,title is dominated by an off-target disease area: hemodialysis,,,,,,,hemodialysis;kidney,,,,"ort) were derived from NEAT. Incident and prevalent patients in the endoAVF cohort were determined based on dialysis use at the time the endoAVF was created. Thus, patients not on hemodialysis or peritoneal dialysis at the time of endoAVF creation were considered to be incident patients, even if they did not start dialysis by the end of the study. The USRDS database specified if patients were incident or prevalent dialysis patients; patients were defined as incident if they were not on hemodialy"
pmid-32513865,32513865,current-program,2020,Genomic surveillance reveals multiple introductions of SARS-CoV-2 into Northern California.,CViSB,Kristian Andersen,candidate relevance plus virus/pathogen/assay support,normalized,3251,not_relevant,full text did not support viral host-mechanism relevance,virus;viral;coronavirus;sars-cov-2;sars;covid-19,coronavirus;sars-cov-2;sars;covid-19,,virus;viral;coronavirus;sars-cov-2;sars;covid-19;zika;ebola,screen,,,,,,"lifornia and perform phylogenetic analyses to better understand the genetic diversity of SARS-CoV-2 in the US and the nature of transmission of virus lineages in the community. We screened a total of 62 respiratory swab samples from 54 COVID-19 patients available from hospitals and clinics at University of California, San Francisco (UCSF), the California Department of Public Health (CDPH), and 8 county public health departments in Northern California (table S1). Presumptive positive cases were c"
pmid-38387978,38387978,pi-backlog,2024,PRECISION-TBI: a study protocol for a vanguard prospective cohort study to enhance understanding and management of moderate to severe traumatic brain injury in Australia.,CViSB,Ryan McNamara,explicit cross-virus or shared-host framing in title/abstract,cached_normalized,3231,not_relevant,full text did not support viral host-mechanism relevance,,,network,,network,,,,,,
pmid-26799564,26799564,pi-backlog,2016,Infection in Health Personnel with High and Low Levels of Exposure in a Hospital Setting during the H1N1 2009 Influenza A Pandemic.,SYBIL,Adolfo Garcia-Sastre,explicit cross-virus or shared-host framing in title/abstract,normalized,3225,not_relevant,full text did not support viral host-mechanism relevance,virus;influenza,influenza;h1n1,,virus;viral;influenza;hiv,interaction,,,,,,"form direct clinical duties also became seropositive by the end of the pandemic season. Therefore preventive practices must become extensive to all personnel that have any sort of interaction with patients even prior to the triage step. Unfortunately, these groups of people are often not considered during preventive campaigns in public health hospitals, including obligatory vaccination and the use of personal protective equipment, a scenario that should be re-considered due to their potential ro"
pmid-38446806,38446806,current-program,2024,"Genomic characterization of SARS-CoV-2 in Guinea, West Africa.",,,candidate relevance plus virus/pathogen/assay support,cached_normalized,3219,not_relevant,full text did not support viral host-mechanism relevance,virus;viral;sars-cov-2;sars;covid-19,sars-cov-2;sars;covid-19,,virus;viral;coronavirus;sars-cov-2;sars;covid-19,network,,diabetes,,,,"400 base pair amplicons tiled across the genome. The multiplex primer set, comprised of two non-overlapping primer pools, was created using Primal Scheme and provided by the Artic Network (version 3 release). PCR amplification was carried out using Q5 Hot Start HF Taq Polymerase (NEB) with 5μl of cDNA in a 25μl reaction volume. A two-step PCR program was used with an initial step of 98°C for 30 seconds, then 35 cycles of 98°C for 15 seconds followed by five minutes at 65°C. Separate reactions we"
pmid-28362044,28362044,pi-backlog,2017,Comparison of post-creation procedures and costs between surgical and an endovascular approach to arteriovenous fistula creation.,HPMI,Michael Glickman,explicit cross-virus or shared-host framing in title/abstract,normalized,3196,not_relevant,"title/abstract/full text looks off-target for the virus question: hemodialysis, kidney, diabetes",,,,,,,hemodialysis;kidney;diabetes,,,,"Among all hemodialysis access types, the arteriovenous fistula (AVF) offers longer access survival, lower mortality risk, reduced infection rate and requires fewer interventions following its successful maturation and use (1, 2) . Recent literature suggests that it is common to require two or more Access Trial (NEAT), has been c"
pmid-38571499,38571499,pi-backlog,2024,NUP214 fusion genes in acute leukemias: genetic characterization of rare cases.,CViSB,Kristian Andersen,explicit cross-virus or shared-host framing in title/abstract,cached_normalized,3177,not_relevant,title is dominated by an off-target disease area: leukemia,,,screen,,screen,,leukemia,,,,
pmid-26443011,26443011,pi-backlog,2015,Small-Molecule Allosteric Modulators of the Protein Kinase PDK1 from Structure-Based Docking.,HPMI,Andrej Sali,explicit cross-virus or shared-host framing in title/abstract,normalized,3177,not_relevant,non-viral pathogen focus dominates title/abstract/full text: candida,,,screen,,screen,,cancer,candida,,,"Several computational and experimental approaches have been used to target this challenging protein–peptide interface, including pharmacophore modeling, 10 - 12 NMR-based fragment screening, 3 , 13 computational design, 14 and competitive binding assays. 4 , 15 Here, we investigated the utility of structure-based docking as a site-directed approach to discover new ligands for the PIF pocket of PDK1. We docked 6300 compounds from the ZINC database against a small conformational ensemble of two c"
pmid-32878931,32878931,current-program,2020,Evolution of Early SARS-CoV-2 and Cross-Coronavirus Immunity.,,,candidate relevance plus virus/pathogen/assay support,normalized,3165,not_relevant,full text did not support viral host-mechanism relevance,virus;coronavirus;sars-cov-2;sars,coronavirus;sars-cov-2;sars,,virus;viral;influenza;coronavirus;sars-cov-2;sars;covid-19;rsv,screen,,,,,,"Biotech) were added at 1.3 μg/ml in Luminex assay buffer and incubated for 1 h at room temperature while shaking at 900 rpm. The coated beads were then washed and read on an iQue Screener (Intellicyt) using a robotic arm (PAA). Similarly, for the FcγR binding profiles, recombinant FcγRIIA, FcγRIIB, FcγRIIIA, and FcγRIIIB (Duke Protein Production Facility) were biotinylated (Thermo Scientific), conjugated to streptavidin-PE for 10 min (Southern Biotech) in Luminex buffer, and added at 1 μg/ml. S"
pmid-31668726,31668726,current-program,2019,"Comprehensive comparative effectiveness and safety of first-line antihypertensive drug classes: a systematic, multinational, large-scale analysis.",,,explicit cross-virus/shared-host signal,normalized,3100,not_relevant,title/abstract/full text looks off-target for the virus question: kidney,,,network,,network,,kidney,,,inhibitor,"rugs with respect to outcomes - and the safety trade-offs among these options. Accordingly, we have developed the open-science Large-scale Evidence Generation and Evaluation in a Network of Databases for Hypertension (LEGEND-HTN) study to compare common antihypertensive drug treatments by employing a systematic, large-scale analysis across nine observational databases from the Observational Health Data Science and Informatics (OHDSI) distributed data network 6 . This novel approach employs mass"
pmid-18948282,18948282,pi-backlog,2009,"MODBASE, a database of annotated comparative protein structure models and associated resources.",HPMI,Andrej Sali,explicit cross-virus or shared-host framing in title/abstract,normalized,3092,not_relevant,non-viral pathogen focus dominates title/abstract/full text: bacterial,,,,,pathway;pathways;interaction;interactions;protein interaction;screen;network,,cancer;tumor,bacterial,modeller;modbase;comparative protein structure;database of annotated comparative protein structure models,,modeling coverage was used to suggest specific targets for a structural genomics effort on ABC transporters by CSMP. Caspases are cysteine proteases involved in multiple apoptotic pathways. An experimental approach was recently developed to identify caspase substrates by biotinylating natural protein N-termini and selecting protein fragments containing unblocked α-amines characteristically generated upon proteolytic cleavage ( 44 ). Likely high accuracy models of protein substrates prior to clea
pmid-32065600,32065600,current-program,2020,Comparison of Cardiovascular and Safety Outcomes of Chlorthalidone vs Hydrochlorothiazide to Treat Hypertension.,,,explicit cross-virus/shared-host signal,normalized,3086,not_relevant,"title/abstract/full text looks off-target for the virus question: kidney, diabetes",,,,,network,,kidney;diabetes,,,,"of cardiovascular disease. However, to our knowledge there are no large, completed randomized clinical trials comparing these medications, although one is in progress. 2 Indirect network meta-analyses showed superior effectiveness with chlorthalidone, 3 , 4 but a large observational study showed approximately equal effectiveness. 5 Short-term, small randomized clinical trials 6 , 7 showed only nominal differences in safety issues such as hypokalemia, but the observational study 5 showed a worse"
pmid-31416162,31416162,current-program,2019,Proteomics Computational Analyses Suggest that the Antennavirus Glycoprotein Complex Includes a Class I Viral Fusion Protein (α-Penetrene) with an Internal Zinc-Binding Domain and a Stable Signal Peptide.,CViSB,Robert Garry,candidate relevance plus virus/pathogen/assay support,normalized,3076,not_relevant,non-viral pathogen focus dominates title/abstract/full text: bacterial,virus;viral,,proteomics,virus;viral;influenza;coronavirus;hiv;ebola,pathway;pathways;proteomics;replication;network,,,bacterial,,,"a family may diverge by acquiring VFPs of distinct classes through recombination events. Recombination has been shown to occur in reptarenaviruses [ 77 ]. While other evolutional pathways are possible, reptarenaviruses may have replaced the arenavirus GPC or a progenitor with a filovirus-like class I glycoprotein via recombination ( Figure 6 ). An unlikely alternative scenario involves a highly convergent pathway involving a common arenavirus and filovirus glycoprotein progenitor evolving to a"
pmid-31326608,31326608,current-program,2019,Gut Colonization Preceding Mucosal Barrier Injury Bloodstream Infection in Pediatric Hematopoietic Stem Cell Transplantation Recipients.,,,explicit cross-virus/shared-host signal,normalized,3070,not_relevant,"non-viral pathogen focus dominates title/abstract/full text: bacterial, staphylococcus",,,,,network,,,bacterial;staphylococcus,,transplantation,"yses presented herein were limited to subjects who developed a mucosal barrier injury laboratory-confirmed bloodstream infection, as defined by the U.S. National Healthcare Safety Network [ 22 ]. Sociodemographic and clinical data were collected from a caregiver questionnaire and medical record review. Fecal samples were collected into vials containing RNAlater solution and placed immediately into a 4°C refrigerator. Study staff transported these samples daily (Monday through Friday) from clinic"
pmid-37249415,37249415,current-program,2023,Humoral profiling of pediatric patients with cancer reveals robust immunity following anti-SARS-CoV-2 vaccination superior to natural infection.,,,candidate relevance plus virus/pathogen/assay support,normalized,3052,not_relevant,virus-related but low-priority for host-pathway discovery: cancer therapy,virus;sars-cov-2;sars;covid-19,sars-cov-2;sars;covid-19,,virus;viral;influenza;coronavirus;sars-cov-2;sars;covid-19,,,cancer;tumor,,,,"The novel coronavirus SARS-CoV-2 has caused significant burden of disease and mortality worldwide since its emergence. 1 Early data indicated reduced severity of disease among pediatric patients compared with the adult population, which has been repeatedly demonstrated as the pandemic has continued. 2 – 4 Despite this relative protect"
pmid-30477498,30477498,current-program,2018,Inflammatory pathways are upregulated in the nasal epithelium in patients with idiopathic pulmonary fibrosis.,,,candidate relevance plus virus/pathogen/assay support,normalized,2994,not_relevant,"non-viral pathogen focus dominates title/abstract/full text: mycobacter, tuberculosis, bacterial, bacterium, staphylococcus",,,pathway;pathways;screen;epithelial,virus;viral;influenza,pathway;pathways;interaction;protein interaction;screen;macrophage;alveolar;epithelial;network,,cancer;tumor,mycobacter;tuberculosis;bacterial;bacterium;staphylococcus;streptococcus;candida,,,"IPF lungs have shown that the disease is characterized by the upregulation of several matrix metalloproteinases, extracellular matrix proteins, molecules involved in developmental pathways, growth factors, and epithelial-related genes such as cytokeratins, mucin-5B, and desmoplakin [ 6 – 11 ]. These studies require access to fibrotic lung tissue from alveolar biopsies, limiting their utility for screening or disease management. In patients with lung cancer, Spira and colleagues observed transcri"
pmid-18663127,18663127,pi-backlog,2008,Transcriptional role of p53 in interferon-mediated antiviral immunity.,SYBIL,Adolfo Garcia-Sastre,"viral context plus mechanism/resource terms: viral, pathway",normalized,2991,not_relevant,non-viral pathogen focus dominates title/abstract/full text: candida,virus;viral,,pathway;replication,virus;viral,pathway;replication,broad-spectrum,cancer;tumor,candida,,,"ic function, we infected WT and p53 −/− mouse embryo fibroblasts (MEFs) with recombinant vesicular stomatitis virus (VSV) expressing GFP (VSV-GFP), in the presence or absence of a broad-spectrum caspase inhibitor ( 12 ). Virus titers were >100-fold higher in the absence of p53, which was consistent with previous reports ( 4 , 9 ). However, p53 still markedly reduced viral replication in the presence of caspase inhibitors ( Fig. 1, a–c ), which reduced p53-dependent cell death to levels close to"
pmid-37886564,37886564,pi-backlog,2023,Transcriptomic Analysis Pipeline (TAP) for quality control and functional assessment of transcriptomes.,UCLA-Persistent-BSI,Scott Filler,explicit cross-virus or shared-host framing in title/abstract,cached_normalized,2987,not_relevant,full text did not support viral host-mechanism relevance,,,,,pathway;pathways,,,,,,"hed in metabolic processes aligning with previous reports [37]. However, the polyA + protocol exhibited many additional enriched categories including those enriched in distinctive pathways including purine metabolism and small molecule metabolic process ( Fig. 4 ). A comparison of DEGs across conditions between each library type revealed pathways associated with stress responses, including enrichment cellular responses to temperature category (GO:0009266) and involving induction of Hsp22 encodin"
pmid-34785885,34785885,pi-backlog,2021,Surgical Management of Unilateral Partial Limbal Stem Cell Deficiency: Conjunctival Autografts versus Simple Limbal Epithelial Transplantation.,SYBIL,Sumit Chanda,explicit cross-virus or shared-host framing in title/abstract,normalized,2976,not_relevant,full text did not support viral host-mechanism relevance,,,epithelial,,epithelial,,,,,transplantation,"conjunctiva, each of which are phenotypically distinct from each other. 1 , 2 The limbus which acts as a barrier between the conjunctival and the corneal epithelia contains limbal epithelial stem cells (LESCs) and maintains a normal epithelial turnover. 3–5 Limbal damage prevents corneal epithelial wound healing and can thus precipitate into limbal stem cell deficiency (LSCD). 6 Corneas with LSCD show conjunctivalization, corneal vascularization, corneal opacity, and unhealthy epithelium manifes"
pmid-24843188,24843188,pi-backlog,2014,Comparative Study of Hydroalcoholic Extracts of Momordica charantia L. against Foodborne Pathogens.,SYBIL,Sumit Chanda,explicit cross-virus or shared-host framing in title/abstract,normalized,2915,not_relevant,"non-viral pathogen focus dominates title/abstract/full text: bacterial, bacterium, fungal, listeria, staphylococcus",,,screen,,screen,,,bacterial;bacterium;fungal;listeria;staphylococcus;candida,,inhibitor,"ining extracts showed different levels of activity against P. aeruginosa , P. stutzeri and P. pictorum . The 100 and 50% MeOH extracts showed activity against all Pseudomonas spp. screened. All extracts showed moderate activity against the fungi. Antimicrobial activity of different hydroalcoholic extracts of the pulp of Momordica charantia is shown in Table 1 and 2 . In Gram-positive bacteria, all extracts showed activity against M. flavus and the highest activity was in 75% MeOH extract followe"
pmid-21823622,21823622,pi-backlog,2011,Discovery of a cytokinin deaminase.,HPMI,Andrej Sali,explicit cross-virus or shared-host framing in title/abstract,normalized,2851,not_relevant,"non-viral pathogen focus dominates title/abstract/full text: bacterial, bacterium",,,,,pathway;interaction;interactions;screen;network,,,bacterial;bacterium,,,"me identified here may function in salvaging of nutrients from algae through the conversion of cytokinins into hypoxanthine, which can then be incorporated into the purine salvage pathway. The reaction catalyzed by Patl2390 with isopentenyl adenine is presented in Scheme 2 . The ability to remove a methoxy group from O -6-methylguanine may also indicate a role of this enzyme in DNA repair ( 27 ). Current estimates put the percent of unknown, uncertain or incorrect annotations of bacterial genes"
pmid-25199792,25199792,pi-backlog,2014,Comparative Protein Structure Modeling Using MODELLER.,HPMI,Andrej Sali,explicit cross-virus or shared-host framing in title/abstract,normalized,2832,not_relevant,"generic method/resource paper without clear virus focus in title/abstract: modeller, protein structure modeling, comparative protein structure",,,,,,,,,modeller;protein structure modeling;comparative protein structure,,"Accuracy in the alignment of nucleic acid and protein sequences is key to a number of biological problems, including those of gene annotation, phylogeny determination, protein structure modeling and protein function annotation. A widely used method for aligning two sequences of residues is based on dynamic programming (Needleman and Wunsch, 1970; Sellers, 1974; Smith and Waterman, 1981) . Dynamic programming optimizes a scoring function that depends on residue-residue substitution scores and pen"
pmid-22183533,22183533,pi-backlog,2012,Virtual ligand screening against comparative protein structure models.,HPMI,Andrej Sali,explicit cross-virus or shared-host framing in title/abstract,normalized,2787,not_relevant,"generic method/resource paper without clear virus focus in title/abstract: modeller, protein structure modeling, comparative protein structure",,,screen,,interaction;interactions;screen,,,,modeller;protein structure modeling;comparative protein structure,,"fit. Docking poses are generated by matching the atoms of a small molecule with the centers of the spheres. The generated poses are evaluated using a grid-based approach in which interactions between the docked molecules and the receptor are precomputed at each grid point. The MODELLER 9v8 program can be downloaded from http://salilab.org/modeller/ . A typical operation in MODELLER consists of ( 1 ) preparing an input Python script, ( 2 ) ensuring that all required files ( eg , files specifying"
pmid-18785945,18785945,pi-backlog,2008,The proinflammatory cytokine response following resuscitation in the swine model depends on the method of ventricular fibrillation induction.,UCLA-Persistent-BSI,Scott Filler,explicit cross-virus or shared-host framing in title/abstract,normalized,2735,not_relevant,title/abstract/full text looks off-target for the virus question: ovarian,,,,,,,ovarian,,,,"s used to improve the normality of the distribution of cytokine values. The repeated measures analysis was conducted using SAS Proc MIXED, using only fixed effects and assuming a covariance matrix with compound symmetry. For all models, the time of measurement was treated as an unordered categorical variable, and each time point was compared to the control value at time zero using a Dunnet-Hsu adjustment for multiple comparisons. Confidence intervals for effect magnitude were not corrected for m"
pmid-38537997,38537997,pi-backlog,2024,Acute Lymphoblastic Leukemia With Near-haploid Karyotype and Philadelphia Chromosome.,CViSB,Kristian Andersen,explicit cross-virus or shared-host framing in title/abstract,cached_normalized,2620,not_relevant,title is dominated by an off-target disease area: leukemia,,,pathway;pathways,,pathway;pathways,,cancer;tumor;leukemia,fungal,,,"inase (ABL1) gene from 9q34 generating a chimeric BCR::ABL1 gene on the der(22)t(9;22)(q34;q11) (5) . BCR::ABL1 encodes a chimeric tyrosine kinase that activates various signaling pathways (6, 7) . BCP-ALL with Philadelphia chromosome had a poor prognosis, but the development of increasingly effective tyrosine kinase inhibitors since the early 2000s have dramatically improved their prognosis (5, (8) (9) (10) (11) (12) . Hypodiploidy (less than 46 chromosomes) is a rare recurrent chromosomal abn"
pmid-39324493,39324493,pi-backlog,2024,RUNX1::MIR99AHG Chimera in Acute Myeloid Leukemia.,CViSB,Kristian Andersen,explicit cross-virus or shared-host framing in title/abstract,cached_normalized,2587,not_relevant,"title is dominated by an off-target disease area: leukemia, acute myeloid leukemia",,,,,interaction;interactions,,cancer;leukemia;acute myeloid leukemia,,,,"BFB and DNA binding [12] , while lacking the C-terminal part of the protein. The C-terminal region contains the transcriptional activation domain as well as sequences critical for interactions with other proteins and for appropriate subnuclear targeting of RUNX1 [13] . Previous studies have demonstrated that such truncated RUNX1 proteins function as inhibitors of the normal RUNX1 protein and may contribute to leukemogenesis [14] [15] [16] [17] . In a patient with AML carrying a t(19;21)(q13;q22)"
pmid-31359007,31359007,hpmi,2019,Large dataset enables prediction of repair after CRISPR-Cas9 editing in primary T cells.,HPMI,,candidate relevance plus virus/pathogen/assay support,normalized,2571,not_relevant,full text did not support viral host-mechanism relevance,,,crispr,hiv,crispr,,,,,,"c 17 . These merged reads were then initially aligned to the hg38 genomic contig using bwa mem 18 , creating individual .bam files. Each sample was individually analyzed using the CrispRVariants bioconductor package in R 4 , which performs a secondary alignment and quantifies each unique insertion and deletion per sequencing read. Repair outcomes were then further parsed using embedded CrispRVariants packages to quantify individual DNA repair outcomes, the insertion sequences, mutation efficienc"
pmid-31161074,31161074,pi-backlog,2019,Novel GTF2I-PDGFRB and IKZF1-TYW1 fusions in pediatric leukemia with normal karyotype.,CViSB,Kristian Andersen,explicit cross-virus or shared-host framing in title/abstract,normalized,2416,not_relevant,title is dominated by an off-target disease area: leukemia,,,,,,,cancer;tumor;leukemia,,,inhibitor,"Begbroke, Oxfordshire, UK) following the company’s protocols. The CytoSure Genomic DNA Labelling Kit was used for labelling of one μg of patient’s and reference DNA, the CytoSure Cancer +SNP array was used for hybridization, and the CytoSure Interpret analysis software was used to analyse the results. aCGH revealed submicroscopic deletions in chromosome bands 5q32q35.3, 7q34 (within TCRB ), 9p13 ( PAX5 ), 10q26.13 ( DMBT1 ), 14q11.2 ( TRAC ), and 14q32.33 (within the IGH locus) (Fig. 1 c, Tabl"
pmid-16381869,16381869,pi-backlog,2006,MODBASE: a database of annotated comparative protein structure models and associated resources.,HPMI,Andrej Sali,explicit cross-virus or shared-host framing in title/abstract,normalized,2340,not_relevant,"generic method/resource paper without clear virus focus in title/abstract: modeller, modbase, comparative protein structure, database of annotated comparative protein structure models",,,interaction;interactions,,pathway;interaction;interactions;protein interaction,,,,modeller;modbase;comparative protein structure;database of annotated comparative protein structure models,,"ia the web interface from multiple viewpoints: single SNP, all SNPs in a gene or protein of interest, all nsSNPs in a genomic region of interest and all SNPs in a KEGG biochemical pathway ( 34 ). LS-SNP annotations are cross-linked with MODBASE and UCSC Genome Browser. The comparative models used in LS-SNP as well as details of the SNP annotations are available through MODBASE. MODBASE contains a new dataset of protein structure models for the expressed sequence tags (ESTs) from the Vitis vinife"
pmid-39391249,39391249,pi-backlog,2024,Molecular genetic characterization of myeloid neoplasms with idic(X)(q13) and i(X)(q10).,CViSB,Kristian Andersen,explicit cross-virus or shared-host framing in title/abstract,cached_normalized,2026,not_relevant,"title/abstract/full text looks off-target for the virus question: leukemia, acute myeloid leukemia",,,,,,,leukemia;acute myeloid leukemia,,,,
pmid-39120141,39120141,pi-backlog,2024,Genetic Heterogeneity in Cellular Angiofibromas.,CViSB,Kristian Andersen,explicit cross-virus or shared-host framing in title/abstract,cached_normalized,2003,not_relevant,"title/abstract/full text looks off-target for the virus question: tumor, leukemia, acute myeloid leukemia",,,pathway;pathways,,pathway;pathways;epithelial,,tumor;leukemia;acute myeloid leukemia,,,,"in tumor 1 (Table 4 ). Additionally, the IGF2 gene showed elevated expression in tumors 2 and 3 compared with tumor 1 (Table 4 ). The present study delineates two distinct genetic pathways in cellular angiofibromas demonstrating pathogenetic heterogeneity within this tumor type. The first genetic pathway, observed in Case 1, aligns with the pathway previously reported in the 13q/RB1 family of tumors, which includes spindle cell/pleomorphic lipoma, atypical spindle cell/pleomorphic lipomatous tum"
pmid-20406241,20406241,pi-backlog,2010,"Comparative efficacy of aliskiren monotherapy and ramipril monotherapy in patients with stage 2 systolic hypertension: subgroup analysis of a double-blind, active comparator trial.",CViSB,Kristian Andersen,explicit cross-virus or shared-host framing in title/abstract,normalized,1982,not_relevant,title/abstract/full text looks off-target for the virus question: diabetes,,,,,screen,,diabetes,,,inhibitor,"secondary hypertension, a history of severe cerebrovascular or cardiovascular disease, or type 1 or type 2 diabetes mellitus with fasting glycosylated hemoglobin (HbA 1c ) >9% at screening were excluded. The study protocol was approved by local ethical committee review boards [8] . This post hoc analysis evaluated the subgroup of patients with stage 2 systolic hypertension (baseline msSBP ≥160 mmHg) and who completed 12 weeks of double-blind monotherapy (n = 175). Patients underwent a 2-week wa"
pmid-40777357,40777357,hpmi,2025,textToKnowledgeGraph: Generation of Molecular Interaction Knowledge Graphs Using Large Language Models for Exploration in Cytoscape.,HPMI,,candidate relevance plus virus/pathogen/assay support,cached_normalized,1980,not_relevant,full text did not support viral host-mechanism relevance,,,interaction;interactions,,interaction;interactions,,,,,,
pmid-21275375,21275375,pi-backlog,2011,Enzymatic deamination of the epigenetic base N-6-methyladenine.,HPMI,Andrej Sali,explicit cross-virus or shared-host framing in title/abstract,normalized,1953,not_relevant,"non-viral pathogen focus dominates title/abstract/full text: bacterial, candida",,,,,pathway;interaction;interactions;screen;replication;network,,,bacterial;candida,,,"y prevalent in all bacteria. Bh0637 and Bsu06560 therefore can support the recycling of N -6-methyladenine to form hypoxanthine, which is presumably taken up by the purine salvage pathway to form guanine nucleotides from inosine. 27 These two enzymes can also use adenine to form hypoxanthine but not nearly at the same rate as N -6-methyladenine. We conclude that N -6-methyadenine is the likely physiological substrate for members of subgroup 2 in cog1001 and thus these enzymes should now be annot"
pmid-25378627,25378627,pi-backlog,2014,Phylogenomics resolves the timing and pattern of insect evolution.,HPMI,Melanie Ott,explicit cross-virus or shared-host framing in title/abstract,normalized,1951,not_relevant,full text did not support viral host-mechanism relevance,,,,,,,,,,,"Insects are the most speciose group of animals, but the phylogenetic relationships of many major lineages remain unresolved. We inferred the phylogeny of insects from 1478 protein-coding genes. Phylogenomic analyses of nucleotide and amino acid sequences, with site-specific nucleotide or domain-specific amino acid substitution models, produced statistically robust and congruent results resolving previously controversial phylogenetic relationships. We dated the origin of insects to the Early Ordo"
pmid-39576825,39576825,current-program,2024,Long-term visual outcomes and histopathologic findings after cataract surgery in Ebola virus disease survivors in the Ebola virus RNA persistence in ocular tissues and fluids (EVICT) study.,CViSB,Robert Garry;Donald S Grant,candidate relevance plus virus/pathogen/assay support,cached_normalized,1876,not_relevant,full text did not support viral host-mechanism relevance,virus;ebola,ebola,,virus;ebola,screen,,retinal;uveitis,,,,"nation and study enrollment [ 8 ]. Those who met eligibility criteria and elected to enroll were longitudinally followed and were included in this secondary data analysis. Vision screening, ophthalmic examination, laboratory, and surgical procedures were conducted as reported previously [ 8 ]. Patients underwent an anterior chamber paracentesis for Ebola virus RNA detection under strict infection prevention and control guidance and monitoring by a clinician trained in precautions for high-conse"
pmid-31204998,31204998,hpmi,2019,Cas9(+) conditionally-immortalized macrophages as a tool for bacterial pathogenesis and beyond.,HPMI,,candidate relevance plus virus/pathogen/assay support,normalized,1741,not_relevant,title is dominated by a non-viral pathogen context: bacterial,,,macrophage,viral,crispr;macrophage,,cancer;tumor,mycobacter;tuberculosis;bacterial;bacterium;listeria,,,"ng CIM macrophages were given an additional 10 ml of macrophage media on days 3 and 6 post-differentiation, and terminal assays were performed at day 9 or 10 post-differentiation. CRISPR guide sequences targeting genes of interest were selected from the murine Brie guide library. Oligonucleotides encoding the chosen gRNAs (see Supplementary file 1 ) were cloned into pLentiGuide-Puro (Addgene #52963) or lenti-gRNA hygro (Addgene #104991), and verified by sequencing using the human U6 sequencing p"
pmid-40037847,40037847,pi-backlog,2025,Cryptic Rearrangement of the KMT2A Gene in a B-cell Acute Lymphoblastic Leukemia.,CViSB,Kristian Andersen,explicit cross-virus or shared-host framing in title/abstract,cached_normalized,1593,not_relevant,title is dominated by an off-target disease area: leukemia,,,,,screen,,cancer;tumor;leukemia,,,transplantation,"ytogenetic and molecular methods. The KMT2A fusion transcript is well known and has important prognostic implications; it is, therefore, fundamental to identify it in a diagnostic screening. The patient's bone marrow was examined several times, and the fusion transcript was always detected. Since KMT2A aberrations have poor prognosis, she was accepted for allogeneic stem cell transplantation in CR1, after which she reached complete remission. For now, allogenic hematopoietic cell transplantation"
pmid-35036924,35036924,pi-backlog,2022,What Is the Effect of Organ Donation Authorization Rates When Utilizing a Standardized Effective Request Process?,HPMI,Melanie Ott,explicit cross-virus or shared-host framing in title/abstract,normalized,1253,not_relevant,full text did not support viral host-mechanism relevance,,,network,,network,,,,,,"The Midwest Transplant Network (MTN) is a nonprofit OPO located in Kansas City that has been helping address the shortage of organs for transplant since 1973. Its donor service area is Kansas and the western 2/3 of Missouri, states in which donor registry rates are 81% and 79%, respectively ( 3 ). Our data were analyzed in two separate group"
pmid-38046840,38046840,pi-backlog,2022,"The Monitoring with Advanced Sensors, Transmission and E-Resuscitation in Traumatic Brain Injury (MASTER-TBI) collaborative: bringing data science to the ICU bedside.",CViSB,Ryan McNamara,explicit cross-virus or shared-host framing in title/abstract,normalized,1104,not_relevant,full text did not support viral host-mechanism relevance,,,,,interaction;interactions,,,,,,"rophysiological and neuropathophysiological data contained in the database lends itself to brain physics research, such as analysis of cerebral autoregulation and/or neuro-cardiac interactions. The development of a highly innovative and novel data science-guided approach to m-sTBI clinical research is promising, with the main aims being to utilise existing highly granular bedside data to develop machine learning algorithms that accurately forecast physiological deterioration and ICU, hospital, a"
pmid-18174180,18174180,pi-backlog,2008,NetworkBLAST: comparative analysis of protein networks.,HPMI,Trey Ideker,explicit cross-virus or shared-host framing in title/abstract,normalized,992,not_relevant,non-viral pathogen focus dominates title/abstract/full text: candida,,,interaction;protein interaction;network,,pathway;interaction;interactions;protein interaction;network,,,candida,,,"with their visualization. In contrast to previous tools for protein network comparison (Flannick et al., 2006; Kelley et al., 2004) , which support only single queries of a given pathway/complex in a network of interest, NetworkBLAST allows the uncovering of all conserved complexes across two networks. This all-versus-all computation is much more costly and requires an efficient implementation. NetworkBLAST can operate in two-species or single-species modes (Fig. 1 ). For two species, the input"
pmid-38853959,38853959,current-program,2024,FOXP3+ Regulatory T Cells Require TBET to Regulate Activated CD8+ T Cells During Recovery from Influenza Infection.,,,candidate relevance plus virus/pathogen/assay support,cached_normalized,845,not_relevant,full text did not support viral host-mechanism relevance,viral;influenza,influenza,,virus;viral;influenza,,,tumor,,,,"soflurane, intubated orally with an 18-gauge angiocatheter, and given two 25-μL aliquots of 3 plaque-forming units for a total of 6 plaque-forming units of influenza A/WSN/33 H1N1 virus in PBS through the catheter using a Hamilton syringe, 10 seconds apart ( 7 ). After each aliquot, the mice were placed on their right side and then left side for 10–15 seconds before recovery from anesthesia. At this dose of influenza, mortality does not occur and mice do not experience significant weight loss. F"
pmid-39616949,39616949,pi-backlog,2024,Correction: Diacylglycerol acyltransferase-1 localizes hepatitis C virus NS5A protein to lipid droplets and enhances NS5A interaction with the viral capsid core.,HPMI,Melanie Ott,"viral context plus mechanism/resource terms: virus, viral, interaction",cached_normalized,76,not_relevant,publication type is a correction/erratum rather than a primary paper,virus;viral,hepatitis c virus,interaction,virus;viral,interaction,,,,,,
pmid-38308100,38308100,hpmi,2024,Author Correction: Autophagy restricts Mycobacterium tuberculosis during acute infection in mice.,HPMI,,candidate relevance plus virus/pathogen/assay support,cached_normalized,48,not_relevant,"title is dominated by a non-viral pathogen context: mycobacter, tuberculosis, bacterium",,,,,,,,mycobacter;tuberculosis;bacterium,,,
pmid-41555498,41555498,hpmi,2026,textToKnowledgeGraph: generation of molecular interaction knowledge graphs using large language models for exploration in Cytoscape.,HPMI,,candidate relevance plus virus/pathogen/assay support,cached_normalized,0,not_relevant,full text did not support viral host-mechanism relevance,,,interaction;interactions,,interaction;interactions,,,,,,
pmid-41568362,41568362,pi-backlog,2025,Identification of the HMGA2::CIBAR1-DT fusion transcript in two lipomas with chromosomal rearrangements involving chromosomes 8 and 12.,CViSB,Kristian Andersen,explicit cross-virus or shared-host framing in title/abstract,cached_normalized,0,not_relevant,title/abstract/full text looks off-target for the virus question: tumor,,,,,,,tumor,,,,
pmid-40802739,40802739,pi-backlog,2025,An mRNA-based broad-spectrum antiviral inspired by ISG15 deficiency protects against viral infections in vitro and in vivo.,SYBIL,Adolfo Garcia-Sastre,explicit cross-virus or shared-host framing in title/abstract,cached_normalized,0,not_relevant,full text did not support viral host-mechanism relevance,virus;viral;influenza;coronavirus;sars-cov-2;sars;zika,influenza;coronavirus;sars-cov-2;sars;zika,,virus;viral;influenza;coronavirus;sars-cov-2;sars;zika,,broad-spectrum,,,,,
pmid-40093075,40093075,hpmi,2025,Shared and distinct responses of human and murine alveolar macrophages and monocyte-derived macrophages to Mycobacterium tuberculosis.,HPMI,,candidate relevance plus virus/pathogen/assay support,cached_normalized,0,not_relevant,"title is dominated by a non-viral pathogen context: mycobacter, tuberculosis, bacterium",,,pathway;pathways;replication;macrophage;alveolar,,pathway;pathways;replication;macrophage;alveolar,,,mycobacter;tuberculosis;bacterial;bacterium,,,
pmid-39468980,39468980,pi-backlog,2024,What Happens to Endometriosis During the Menstrual Cycle?,CViSB,Robert Garry,explicit cross-virus or shared-host framing in title/abstract,missing_local_pdf,0,not_relevant,title is dominated by an off-target disease area: endometriosis,,,,,,,endometriosis,,,,
pmid-38151288,38151288,pi-backlog,2024,Genetic Characterization of Pediatric Mixed Phenotype Acute Leukemia (MPAL).,CViSB,Kristian Andersen,explicit cross-virus or shared-host framing in title/abstract,cached_normalized,0,not_relevant,title is dominated by an off-target disease area: leukemia,,,,,,,leukemia,,,,
pmid-37983398,37983398,pi-backlog,2023,Set Up to Fail? Barriers Impeding Resident Communication Training in Neonatal Intensive Care Units.,HPMI,Melanie Ott,explicit cross-virus or shared-host framing in title/abstract,missing_local_pdf,0,not_relevant,full text did not support viral host-mechanism relevance,,,,,,,,,,,
pmid-37889065,37889065,pi-backlog,2023,Pathogenetic Dichotomy in Angioleiomyoma.,CViSB,Kristian Andersen,explicit cross-virus or shared-host framing in title/abstract,cached_normalized,0,not_relevant,title/abstract/full text looks off-target for the virus question: tumor,,,pathway;pathways,,pathway;pathways,,tumor,,,,
pmid-37400148,37400148,pi-backlog,2023,Genetic Pathways in Peritoneal Mesothelioma Tumorigenesis.,CViSB,Kristian Andersen,explicit cross-virus or shared-host framing in title/abstract,cached_normalized,0,not_relevant,title is dominated by an off-target disease area: tumor,,,pathway;pathways,,pathway;pathways,,cancer;tumor,,,,
pmid-37400142,37400142,pi-backlog,2023,Acute Undifferentiated Leukemia With a Balanced t(5;10)(q35;p12) Resulting in Fusion of HNRNPH1 With MLLT10.,CViSB,Kristian Andersen,explicit cross-virus or shared-host framing in title/abstract,cached_normalized,0,not_relevant,title is dominated by an off-target disease area: leukemia,,,,,,,leukemia,,,,
pmid-36581344,36581344,pi-backlog,2023,Novel MYCBP::EHD2 and RUNX1::ZNF780A Fusion Genes in T-cell Acute Lymphoblastic Leukemia.,CViSB,Kristian Andersen,explicit cross-virus or shared-host framing in title/abstract,cached_normalized,0,not_relevant,title is dominated by an off-target disease area: leukemia,,,,,,,leukemia,,,,
pmid-37161609,37161609,current-program,2023,Neurologic sequelae of COVID-19 are determined by immunologic imprinting from previous coronaviruses.,,,candidate relevance plus virus/pathogen/assay support,normalized_empty_sections,0,not_relevant,full text did not support viral host-mechanism relevance,virus;coronavirus;sars-cov-2;sars;covid-19,coronavirus;sars-cov-2;sars;covid-19,,virus;coronavirus;sars-cov-2;sars;covid-19,,,,,,,
pmid-36472425,36472425,current-program,2023,Machine Learning To Stratify Methicillin-Resistant Staphylococcus aureus Risk among Hospitalized Patients with Community-Acquired Pneumonia.,SCRIPT,Richard Wunderink,explicit cross-virus/shared-host signal,normalized_empty_sections,0,not_relevant,title is dominated by a non-viral pathogen context: staphylococcus,,,,,,broad-spectrum,,staphylococcus,,,
pmid-36274774,36274774,pi-backlog,2022,"""The Most Crushing Thing"": Understanding Resident Assessment Burden in a Competency-Based Curriculum.",HPMI,Melanie Ott,explicit cross-virus or shared-host framing in title/abstract,normalized_empty_sections,0,not_relevant,full text did not support viral host-mechanism relevance,,,,,,,,,,,
pmid-35985686,35985686,pi-backlog,2022,A Novel Cryptic t(2;3)(p21;q25) Translocation Fuses the WWTR1 and PRKCE Genes in Uterine Leiomyoma With 3q- as the Sole Visible Chromosome Abnormality.,CViSB,Kristian Andersen,explicit cross-virus or shared-host framing in title/abstract,normalized_empty_sections,0,not_relevant,title/abstract/full text looks off-target for the virus question: tumor,,,,,,,tumor,,,,
pmid-36523403,36523403,current-program,2022,Superiority of intranasal over systemic administration of bioengineered soluble ACE2 for survival and brain protection against SARS-CoV-2 infection.,,,candidate relevance plus virus/pathogen/assay support,normalized_empty_sections,0,not_relevant,full text did not support viral host-mechanism relevance,viral;sars-cov-2;sars,sars-cov-2;sars,,viral;sars-cov-2;sars,,,kidney,,,,
pmid-35771664,35771664,current-program,2022,Introduction and Establishment of SARS-CoV-2 Gamma Variant in New York City in Early 2021.,CViSB,Kristian Andersen,candidate relevance plus virus/pathogen/assay support,normalized_empty_sections,0,not_relevant,full text did not support viral host-mechanism relevance,viral;sars-cov-2;sars,sars-cov-2;sars,,viral;sars-cov-2;sars,,,,,,,
pmid-35245365,35245365,current-program,2022,Altered Maternal Antibody Profiles in Women With Human Immunodeficiency Virus Drive Changes in Transplacental Antibody Transfer.,,,candidate relevance plus virus/pathogen/assay support,normalized_empty_sections,0,not_relevant,full text did not support viral host-mechanism relevance,virus;viral;influenza;hiv,influenza;hiv,,virus;viral;influenza;hiv,,,,,,,
pmid-34697065,34697065,pi-backlog,2021,Fusion of the Paired Box 3 (PAX3) and Myocardin (MYOCD) Genes in Pediatric Rhabdomyosarcoma.,CViSB,Kristian Andersen,explicit cross-virus or shared-host framing in title/abstract,normalized_empty_sections,0,not_relevant,title/abstract/full text looks off-target for the virus question: tumor,,,,,,,tumor,,,,
pmid-34183386,34183386,pi-backlog,2021,Several Fusion Genes Identified in a Spermatic Cord Leiomyoma With Rearrangements of Chromosome Arms 3p and 21q.,CViSB,Kristian Andersen,explicit cross-virus or shared-host framing in title/abstract,normalized_empty_sections,0,not_relevant,title/abstract/full text looks off-target for the virus question: tumor,,,,,,,tumor,,,,
pmid-34031078,34031078,current-program,2021,First report of Pseudomonas nitroreducens cultured from the lungs of a patient with pneumonia.,SCRIPT,Richard Wunderink;Alan Hauser,candidate relevance plus virus/pathogen/assay support,normalized_empty_sections,0,not_relevant,full text did not support viral host-mechanism relevance,viral,,alveolar,viral,alveolar,,,,,,
pmid-33875439,33875439,current-program,2021,Characterizing Risk Factors for Clostridioides difficile Infection among Hospitalized Patients with Community-Acquired Pneumonia.,SCRIPT,Richard Wunderink,explicit cross-virus/shared-host signal,normalized_empty_sections,0,not_relevant,full text did not support viral host-mechanism relevance,,,,,,broad-spectrum,,,,,
pmid-32345665,32345665,pi-backlog,2020,NDRG1-PLAG1 and TRPS1-PLAG1 Fusion Genes in Chondroid Syringoma.,CViSB,Kristian Andersen,explicit cross-virus or shared-host framing in title/abstract,normalized_empty_sections,0,not_relevant,title/abstract/full text looks off-target for the virus question: tumor,,,,,,,tumor,,,,
pmid-32907984,32907984,current-program,2020,Broad-Spectrum Antiviral Entry Inhibition by Interfacially Active Peptides.,CViSB,Robert Garry,explicit cross-virus/shared-host signal,normalized_empty_sections,0,not_relevant,full text did not support viral host-mechanism relevance,virus;viral;hiv,hiv,,virus;viral;hiv,,broad-spectrum,,,,,
pmid-32511433,32511433,current-program,2020,Comparative dynamic aerosol efficiencies of three emergent coronaviruses and the unusual persistence of SARS-CoV-2 in aerosol suspensions.,CViSB,Melissa Johnson;Robert Garry;Elaine Reed,explicit cross-virus/shared-host signal,normalized_empty_sections,0,not_relevant,full text did not support viral host-mechanism relevance,virus;coronavirus;sars-cov-2;sars,coronavirus;sars-cov-2;sars,,virus;coronavirus;sars-cov-2;sars,,,,,,,
pmid-32458974,32458974,current-program,2020,Gradients Do Grow on Trees: A Linear-Time O(N)-Dimensional Gradient for Statistical Phylogenetics.,,,candidate relevance plus virus/pathogen/assay support,normalized_empty_sections,0,not_relevant,full text did not support viral host-mechanism relevance,virus;dengue,dengue,,virus;dengue,,,,,,,
pmid-32156726,32156726,current-program,2020,A comparative genomics approach identifies contact-dependent growth inhibition as a virulence determinant.,SCRIPT,Alan Hauser,explicit cross-virus/shared-host signal,normalized_empty_sections,0,not_relevant,non-viral pathogen focus dominates title/abstract/full text: bacterial,,,,,,,,bacterial,,,
pmid-31603272,31603272,pi-backlog,2019,Virus-induced autophagic degradation of STAT2 as a mechanism for interferon signaling blockade.,SYBIL,Adolfo Garcia-Sastre,"viral context plus mechanism/resource terms: virus, viral, pathway",normalized_empty_sections,0,not_relevant,full text did not support viral host-mechanism relevance,virus;viral,,pathway,virus;viral,pathway,,,,,,
pmid-31424151,31424151,pi-backlog,2019,Biphasic regulation of RNA interference during rotavirus infection by modulation of Argonaute2.,SYBIL,Sumit Chanda,"viral context plus mechanism/resource terms: virus, viral, pathway",normalized_empty_sections,0,not_relevant,full text did not support viral host-mechanism relevance,virus;viral,,pathway,virus;viral,pathway,,,,,,
pmid-30626682,30626682,pi-backlog,2019,"Broadly Cross-Reactive, Nonneutralizing Antibodies against Influenza B Virus Hemagglutinin Demonstrate Effector Function-Dependent Protection against Lethal Viral Challenge in Mice.",SYBIL,Adolfo Garcia-Sastre,"viral context plus mechanism/resource terms: virus, viral, influenza, interaction",normalized_empty_sections,0,not_relevant,full text did not support viral host-mechanism relevance,virus;viral;influenza,influenza,,virus;viral;influenza,,,,,,,
pmid-29488088,29488088,pi-backlog,2018,The presence of occipital hair in the pilonidal sinus cavity-a triple approach to proof.,SCRIPT,Alan Hauser,explicit cross-virus or shared-host framing in title/abstract,missing_local_pdf,0,not_relevant,full text did not support viral host-mechanism relevance,,,,,,,,,,,
pmid-29866884,29866884,current-program,2018,DNA methylation regulates the neonatal CD4(+) T-cell response to pneumonia in mice.,,,candidate relevance plus virus/pathogen/assay support,normalized_empty_sections,0,not_relevant,title/abstract/full text looks off-target for the virus question: cancer,,,pathway,,pathway,,cancer,,,,
pmid-25590154,25590154,pi-backlog,2015,Novel approaches are needed to develop tomorrow's antibacterial therapies.,SCRIPT,Richard Wunderink,"viral context plus mechanism/resource terms: viral, screen",normalized_empty_sections,0,not_relevant,title is dominated by a non-viral pathogen context: bacterial,viral,,screen,viral,screen,,,bacterial,,,
pmid-25403732,25403732,pi-backlog,2015,Comparative assessments of CRISPR-Cas nucleases' cleavage efficiency in planta.,UCLA-Persistent-BSI,Scott Filler,explicit cross-virus or shared-host framing in title/abstract,missing_local_pdf,0,not_relevant,full text did not support viral host-mechanism relevance,,,crispr,,crispr,,,,,,
pmid-25161197,25161197,pi-backlog,2014,Structural characterization by cross-linking reveals the detailed architecture of a coatomer-related heptameric module from the nuclear pore complex.,HPMI,Andrej Sali,explicit cross-virus or shared-host framing in title/abstract,normalized_empty_sections,0,not_relevant,"generic method/resource paper without clear virus focus in title/abstract: protein structure modeling, comparative protein structure",,,,,,,,,protein structure modeling;comparative protein structure,,
pmid-23903830,23903830,pi-backlog,2013,Mice lacking functional STAT1 are highly susceptible to lethal infection with Lassa virus.,CViSB,Donald S Grant,"viral context plus mechanism/resource terms: virus, pathway",normalized_empty_sections,0,not_relevant,full text did not support viral host-mechanism relevance,virus,,pathway,virus,pathway,,,,,,
pmid-23749869,23749869,pi-backlog,2013,Landscape of protein-protein interactions in Drosophila immune deficiency signaling during bacterial challenge.,HPMI,Trey Ideker,explicit cross-virus or shared-host framing in title/abstract,normalized_empty_sections,0,not_relevant,title is dominated by a non-viral pathogen context: bacterial,,,pathway;pathways;interaction;interactions;protein interaction;proteomics,,pathway;pathways;interaction;interactions;protein interaction;proteomics,,,bacterial,,,
pmid-23509259,23509259,pi-backlog,2013,"Structure-based ligand discovery for the Large-neutral Amino Acid Transporter 1, LAT-1.",HPMI,Andrej Sali,explicit cross-virus or shared-host framing in title/abstract,normalized_empty_sections,0,not_relevant,title/abstract/full text looks off-target for the virus question: cancer,,,screen,,screen,,cancer,,,,
pmid-22932902,22932902,pi-backlog,2012,"High selectivity of the γ-aminobutyric acid transporter 2 (GAT-2, SLC6A13) revealed by structure-based approach.",HPMI,Andrej Sali,explicit cross-virus or shared-host framing in title/abstract,normalized_empty_sections,0,not_relevant,full text did not support viral host-mechanism relevance,,,screen,,screen,,,,,inhibitor,
pmid-22618536,22618536,pi-backlog,2012,SALIGN: a web server for alignment of multiple protein sequences and structures.,HPMI,Andrej Sali,explicit cross-virus or shared-host framing in title/abstract,normalized_empty_sections,0,not_relevant,"generic method/resource paper without clear virus focus in title/abstract: modeller, protein structure modeling, comparative protein structure",,,,,,,,,modeller;protein structure modeling;comparative protein structure,,
pmid-22323229,22323229,pi-backlog,2012,Macromolecular assembly structures by comparative modeling and electron microscopy.,HPMI,Andrej Sali,explicit cross-virus or shared-host framing in title/abstract,missing_local_pdf,0,not_relevant,full text did not support viral host-mechanism relevance,,,,,,,,,,,
pmid-22084242,22084242,pi-backlog,2012,Two-pronged binding with bromodomain-containing protein 4 liberates positive transcription elongation factor b from inactive ribonucleoprotein complexes.,HPMI,Melanie Ott,"viral context plus mechanism/resource terms: hiv, interaction",normalized_empty_sections,0,not_relevant,full text did not support viral host-mechanism relevance,,,interaction,,interaction,,,,,,
pmid-21885739,21885739,pi-backlog,2011,"Structure-based discovery of prescription drugs that interact with the norepinephrine transporter, NET.",HPMI,Andrej Sali,explicit cross-virus or shared-host framing in title/abstract,normalized_empty_sections,0,not_relevant,title/abstract/full text looks off-target for the virus question: diabetes,,,pathway;pathways;screen,,pathway;pathways;screen,,diabetes,,,inhibitor,
pmid-20943654,20943654,pi-backlog,2010,Transcription factor redundancy ensures induction of the antiviral state.,SYBIL,Adolfo Garcia-Sastre,"viral context plus mechanism/resource terms: virus, transcriptome",normalized_empty_sections,0,not_relevant,full text did not support viral host-mechanism relevance,virus;viral,,,virus;viral,,,,,,,
pmid-19927307,19927307,pi-backlog,2010,Psychiatric syndromes in individuals with chromosome 18 abnormalities.,SYBIL,Rafael Medina,explicit cross-virus or shared-host framing in title/abstract,missing_local_pdf,0,not_relevant,full text did not support viral host-mechanism relevance,,,,,,,,,,,
pmid-19617271,19617271,pi-backlog,2009,Comparative effects of aliskiren-based and ramipril-based therapy on the renin system during long-term (6 months) treatment and withdrawal in patients with hypertension.,CViSB,Kristian Andersen,explicit cross-virus or shared-host framing in title/abstract,missing_local_pdf,0,not_relevant,full text did not support viral host-mechanism relevance,,,,,,,,,,,
pmid-19587024,19587024,pi-backlog,2009,Alignment of multiple protein structures based on sequence and structure features.,HPMI,Andrej Sali,explicit cross-virus or shared-host framing in title/abstract,normalized_empty_sections,0,not_relevant,"generic method/resource paper without clear virus focus in title/abstract: protein structure modeling, comparative protein structure",,,,,,,,,protein structure modeling;comparative protein structure,,
pmid-19472362,19472362,pi-backlog,2009,Evolutionary constraints on structural similarity in orthologs and paralogs.,HPMI,Andrej Sali,explicit cross-virus or shared-host framing in title/abstract,normalized_empty_sections,0,not_relevant,full text did not support viral host-mechanism relevance,,,,,,,,,,,
pmid-18832340,18832340,pi-backlog,2008,How well can the accuracy of comparative protein structure models be predicted?,HPMI,Andrej Sali,explicit cross-virus or shared-host framing in title/abstract,normalized_empty_sections,0,not_relevant,generic method/resource paper without clear virus focus in title/abstract: comparative protein structure,,,,,,,,,comparative protein structure,,
pmid-18621707,18621707,pi-backlog,2008,Subnanometer-resolution electron cryomicroscopy-based domain models for the cytoplasmic region of skeletal muscle RyR channel.,HPMI,Andrej Sali,explicit cross-virus or shared-host framing in title/abstract,normalized_empty_sections,0,not_relevant,full text did not support viral host-mechanism relevance,,,,,,,,,,,
pmid-18542861,18542861,pi-backlog,2008,Protein structure modeling with MODELLER.,HPMI,Andrej Sali,explicit cross-virus or shared-host framing in title/abstract,missing_local_pdf,0,not_relevant,"generic method/resource paper without clear virus focus in title/abstract: modeller, protein structure modeling",,,,,,,,,modeller;protein structure modeling,,
pmid-18533893,18533893,pi-backlog,2008,rVSV(M Delta 51)-M3 is an effective and safe oncolytic virus for cancer therapy.,SYBIL,Adolfo Garcia-Sastre,explicit cross-virus or shared-host framing in title/abstract,normalized_empty_sections,0,not_relevant,"virus-related but low-priority for host-pathway discovery: oncolytic virus, cancer therapy",virus;viral,,,virus;viral,,broad-spectrum,cancer;tumor,,,,
pmid-18071337,18071337,pi-backlog,2008,Exponential enhancement of oncolytic vesicular stomatitis virus potency by vector-mediated suppression of inflammatory responses in vivo.,SYBIL,Adolfo Garcia-Sastre,explicit cross-virus or shared-host framing in title/abstract,normalized_empty_sections,0,not_relevant,full text did not support viral host-mechanism relevance,virus;viral,,,virus;viral,,broad-spectrum,cancer;tumor,,,,
pmid-18429317,18429317,pi-backlog,2007,Comparative protein structure modeling using MODELLER.,HPMI,Andrej Sali,explicit cross-virus or shared-host framing in title/abstract,missing_local_pdf,0,not_relevant,"generic method/resource paper without clear virus focus in title/abstract: modeller, protein structure modeling, comparative protein structure",,,,,,,,,modeller;protein structure modeling;comparative protein structure,,
pmid-18082876,18082876,pi-backlog,2007,Impact of bilingual product information labels on Spanish-speaking adults' ability to comprehend OTC information.,SYBIL,Sumit Chanda,explicit cross-virus or shared-host framing in title/abstract,missing_local_pdf,0,not_relevant,full text did not support viral host-mechanism relevance,,,,,,,,,,,
pmid-17965183,17965183,pi-backlog,2007,Host pathogen protein interactions predicted by comparative modeling.,HPMI,Andrej Sali,explicit cross-virus or shared-host framing in title/abstract,normalized_empty_sections,0,not_relevant,"non-viral pathogen focus dominates title/abstract/full text: mycobacter, bacterium",,,pathway;pathways;interaction;interactions;protein interaction;network,,pathway;pathways;interaction;interactions;protein interaction;network,,,mycobacter;bacterium,,,
pmid-17905832,17905832,pi-backlog,2007,Fold assessment for comparative protein structure modeling.,HPMI,Andrej Sali,explicit cross-virus or shared-host framing in title/abstract,normalized_empty_sections,0,not_relevant,"generic method/resource paper without clear virus focus in title/abstract: modeller, modbase, protein structure modeling, comparative protein structure",,,,,,,,,modeller;modbase;protein structure modeling;comparative protein structure,,
pmid-17437410,17437410,pi-backlog,2007,Lack of support for a role for RLIP76 (RALBP1) in response to treatment or predisposition to epilepsy.,HPMI,Andrej Sali,explicit cross-virus or shared-host framing in title/abstract,missing_local_pdf,0,not_relevant,full text did not support viral host-mechanism relevance,,,,,,,,,,,
pmid-18428767,18428767,pi-backlog,2006,Comparative protein structure modeling using Modeller.,HPMI,Andrej Sali,explicit cross-virus or shared-host framing in title/abstract,normalized_empty_sections,0,not_relevant,"generic method/resource paper without clear virus focus in title/abstract: modeller, protein structure modeling, comparative protein structure",,,,,,,,,modeller;protein structure modeling;comparative protein structure,,
pmid-17075131,17075131,pi-backlog,2006,Statistical potential for assessment and prediction of protein structures.,HPMI,Andrej Sali,explicit cross-virus or shared-host framing in title/abstract,normalized_empty_sections,0,not_relevant,"generic method/resource paper without clear virus focus in title/abstract: modeller, protein structure modeling, comparative protein structure",,,interaction;interactions,,interaction;interactions,,,,modeller;protein structure modeling;comparative protein structure,,
pmid-16954324,16954324,pi-backlog,2006,A synthetic congener modeled on a microbicidal domain of thrombin- induced platelet microbicidal protein 1 recapitulates staphylocidal mechanisms of the native molecule.,UCLA-Persistent-BSI,Michael Yeaman,explicit cross-virus or shared-host framing in title/abstract,normalized_empty_sections,0,not_relevant,non-viral pathogen focus dominates title/abstract/full text: staphylococcus,,,,,,,,staphylococcus,,,
pmid-16940530,16940530,pi-backlog,2006,Inhibition of the type I interferon response by the nucleoprotein of the prototypic arenavirus lymphocytic choriomeningitis virus.,SYBIL,Adolfo Garcia-Sastre,"viral context plus mechanism/resource terms: virus, viral, pathway",normalized_empty_sections,0,not_relevant,full text did not support viral host-mechanism relevance,virus;viral,,pathway,virus;viral,pathway,,,,,,
pmid-16751606,16751606,pi-backlog,2006,A composite score for predicting errors in protein structure models.,HPMI,Andrej Sali,explicit cross-virus or shared-host framing in title/abstract,normalized_empty_sections,0,not_relevant,generic method/resource paper without clear virus focus in title/abstract: protein structure modeling,,,,,,,,,protein structure modeling,,
pmid-16725105,16725105,pi-backlog,2006,Structural congruence among membrane-active host defense polypeptides of diverse phylogeny.,UCLA-Persistent-BSI,Michael Yeaman,explicit cross-virus or shared-host framing in title/abstract,missing_local_pdf,0,not_relevant,full text did not support viral host-mechanism relevance,,,,,,,,,,,
pmid-16615907,16615907,pi-backlog,2006,Protease accessibility laddering: a proteomic tool for probing protein structure.,HPMI,Andrej Sali,explicit cross-virus or shared-host framing in title/abstract,missing_local_pdf,0,not_relevant,full text did not support viral host-mechanism relevance,,,,,,,,,,,
pmid-16601728,16601728,pi-backlog,2006,Modeling cellular machinery through biological network comparison.,HPMI,Trey Ideker,explicit cross-virus or shared-host framing in title/abstract,missing_local_pdf,0,not_relevant,full text did not support viral host-mechanism relevance,,,network,,network,,,,,,
pmid-16490207,16490207,pi-backlog,2006,Refinement of protein structures by iterative comparative modeling and CryoEM density fitting.,HPMI,Andrej Sali,explicit cross-virus or shared-host framing in title/abstract,missing_local_pdf,0,not_relevant,full text did not support viral host-mechanism relevance,,,,,,,,,,,
pmid-16423846,16423846,pi-backlog,2006,Variable gap penalty for protein sequence-structure alignment.,HPMI,Andrej Sali,explicit cross-virus or shared-host framing in title/abstract,missing_local_pdf,0,not_relevant,full text did not support viral host-mechanism relevance,,,,,,,,,,,
pmid-27120583,27120583,pi-backlog,2016,"Synthesis and Anti-Influenza Activity of Pyridine, Pyridazine, and Pyrimidine C-Nucleosides as Favipiravir (T-705) Analogues.",SYBIL,Sumit Chanda,explicit cross-virus or shared-host framing in title/abstract,normalized,12400,maybe,"virus-focused paper with broad-spectrum or cross-virus language, but mainly therapeutic/clinical framing: broad-spectrum, anti-influenza activity, inhibitor, influenza",virus;viral;influenza,influenza,replication,virus;viral;influenza,screen;replication;epithelial,broad-spectrum,kidney,,,anti-influenza activity;inhibitor,"y in phase II clinical development. 11 Inhibitors targeting the influenza endonuclease have also been reported. 12 From the drug discovery standpoint, it would be ideal to develop broad-spectrum anti-influenza drugs that are active against all strains of influenza, thus circumventing the need for combination therapy. Among this class are ribavirin and T-705 (favipiravir). 13 The latter, in the brand name of Avigan, has been approved in Japan as an oral anti-influenza drug. Favipiravir was found"
pmid-35150638,35150638,hpmi,2022,Mutations in SARS-CoV-2 variants of concern link to increased spike cleavage and virus transmission.,HPMI,,candidate relevance plus virus/pathogen/assay support,normalized,11044,maybe,"virus-focused title/abstract with some host-mechanism signal: sars-cov-2, sars, replication",virus;viral;sars-cov-2;sars,sars-cov-2;sars,replication,virus;viral;coronavirus;sars-cov-2;sars;covid-19;rsv,interaction;replication;alveolar;epithelial;network,,,,,,"l entry in human pneumocyte-like cells. Syncytia formation has been described as one of the hallmarks of SARS-CoV-2 infection and pathogenesis in the lungs. It is mediated by the interaction between the S protein expressed on the cell surface of infected cells and the ACE2 receptor ( Lin et al., 2021 ). To investigate whether 655Y spike polymorphism enhances cell-cell fusion, we infected Vero-TMPRSS2 at an MOI of 0.01 with the mink (MiA1) and human isolates (NY7, NY13, and NY6) and used specifi"
pmid-35411346,35411346,current-program,2022,An immunoPET probe to SARS-CoV-2 reveals early infection of the male genital tract in rhesus macaques.,,,candidate relevance plus virus/pathogen/assay support,normalized,10539,maybe,"virus-focused title/abstract with some host-mechanism signal: sars-cov-2, sars, replication",viral;sars-cov-2;sars,sars-cov-2;sars,replication,virus;viral;sars-cov-2;sars;covid-19;zika;ebola,interaction;interactions;screen;replication;macrophage;alveolar,,cancer;prostate;kidney;spinal,,,,"BSL3 facility. The remainder of the staining took place outside of the BSL3. Tissue sections were treated with L-lysine (0.1%, SigmaAldrich) to reduce background and non-specific interactions before being blocked using 3% BSA (Invitrogen, ThermoFisher) for 30 minutes at room temperature. Staining with primary antibodies was carried out at 37°C and secondary antibodies at room temperature. each for 1hr. Table of primary and secondary antibodies used is below. All slides were stained with Hoechst"
pmid-35262081,35262081,current-program,2022,An immunoPET probe to SARS-CoV-2 reveals early infection of the male genital tract in rhesus macaques.,,,candidate relevance plus virus/pathogen/assay support,normalized,10528,maybe,"virus-focused title/abstract with some host-mechanism signal: sars-cov-2, sars, replication",viral;sars-cov-2;sars,sars-cov-2;sars,replication,virus;viral;sars-cov-2;sars;covid-19;zika;ebola,interaction;interactions;screen;replication;macrophage;alveolar,,cancer;prostate;kidney;spinal,,,,"BSL3 facility. The remainder of the staining took place outside of the BSL3. Tissue sections were treated with L-lysine (0.1%, SigmaAldrich) to reduce background and non-specific interactions before being blocked using 3% BSA (Invitrogen, ThermoFisher) for 30 minutes at room temperature. Staining with primary antibodies was carried out at 37°C and secondary antibodies at room temperature. each for 1hr. Table of primary and secondary antibodies used is below. All slides were stained with Hoechst"
pmid-39488529,39488529,current-program,2024,Live imaging of airway epithelium reveals that mucociliary clearance modulates SARS-CoV-2 spread.,SYBIL,Sumit Chanda,candidate relevance plus virus/pathogen/assay support,cached_normalized,9648,maybe,"virus context appears stronger in body than title/abstract; possible mechanistic paper to inspect: virus, viral, sars-cov-2, sars, pathway, pathways",virus;viral;sars-cov-2;sars,sars-cov-2;sars,,virus;viral;influenza;sars-cov-2;sars;covid-19;rsv,pathway;pathways;interaction;interactions;screen;crispr;replication;alveolar;epithelial,,,bacterial,,,"ion can induce changes in MCC, both through the direct modulation of infected cell function as well as indirectly through the induction of innate immune and inflammatory signaling pathways 10 – 12 . Impaired multiciliated cell function and death of multiciliated cells are thought to be major mechanisms of SARS-CoV-2’s impact on MCC, as these cells are the primary target for SARS-CoV-2 infection in the airway 11 , 13 – 16 . SARS-CoV-2 infection is also known to increase mucus secretion 11 , 17 ,"
pmid-39303692,39303692,current-program,2024,Genetic tracing of market wildlife and viruses at the epicenter of the COVID-19 pandemic.,CViSB,Robert Garry;Kristian Andersen,candidate relevance plus virus/pathogen/assay support,cached_normalized,9461,maybe,"virus context appears stronger in body than title/abstract; possible mechanistic paper to inspect: virus, viral, sars-cov-2, sars, covid-19, screen",virus;viral;sars-cov-2;sars;covid-19,sars-cov-2;sars;covid-19,,virus;viral;influenza;coronavirus;sars-cov-2;sars;covid-19,screen;network,,,bacterial;candida,,,"genomes are of a consistent length (~16 Kb), contain fewer repetitive elements than nuclear DNA, are typically assembled in a complete contig, and can be quickly dereplicated and screened for erroneous sequences; and (iii) Mitochondrial genomes and genes (e.g., CytB) are known for high quality phylogenetic signal for distinguishing between species 94 . For the mapping quantification pipeline, all eukaryotic mitochondrial genomes were downloaded from NCBI’s RefSeq and GenBank databases to build"
pmid-33930332,33930332,hpmi,2021,Functional landscape of SARS-CoV-2 cellular restriction.,HPMI,,candidate relevance plus virus/pathogen/assay support,normalized,9410,maybe,"virus-focused title/abstract with some host-mechanism signal: coronavirus, sars-cov-2, sars, covid-19, replication",virus;viral;coronavirus;sars-cov-2;sars;covid-19,coronavirus;sars-cov-2;sars;covid-19,replication,virus;viral;influenza;coronavirus;sars-cov-2;sars;covid-19;hiv;rsv;yellow fever virus,pathway;pathways;interaction;interactions;protein interaction;screen;crispr;restriction factor;immune evasion;replication;alveolar;epithelial;network,,,salmonella;candida,,,"that a subset of these factors exert antiviral activities in several cellular backgrounds. ISGs are a heterogenous group of genes with encoded functions ranging from inflammatory pathway signaling to intracellular trafficking, energy metabolism, and nuclear transport ( Schoggins et al., 2011 ). To better understand the biochemical and functional context by which these 65 ISGs exert antiviral activities, we conducted a supervised network propagation leveraging high-confidence protein-protein int"
pmid-35012962,35012962,hpmi,2022,Preclinical and randomized phase I studies of plitidepsin in adults hospitalized with COVID-19.,HPMI,,candidate relevance plus virus/pathogen/assay support,normalized,9171,maybe,"virus-focused title/abstract with some host-mechanism signal: sars-cov-2, sars, covid-19, replication",sars-cov-2;sars;covid-19,sars-cov-2;sars;covid-19,replication,virus;viral;coronavirus;sars-cov-2;sars cov 2;sars;covid-19,host factor;interaction;interactions;interactome;screen;replication;macrophage;alveolar,,cancer;leukemia;kidney;diabetes,candida,,preclinical,"NA genome ( 7 ). The SARS-CoV-2 N protein, as well as several proteins from other viruses, has been shown to bind directly to eukaryotic elongation factor 1α (eEF1A), an important host factor for the replication of many viral pathogens ( 7 , 8 ). Down-regulation via small interfering RNA or chemical inhibition of eEF1A has been shown to result in a significant reduction in the replication and infectivity of several viruses, including SARS-CoV-2 ( 9 , 10 , 11 ). Plitidepsin is a cyclic depsipept"
pmid-36044897,36044897,pi-backlog,2022,Discovery and intranasal administration of a SARS-CoV-2 broadly acting neutralizing antibody with activity against multiple Omicron subvariants.,SYBIL,Adolfo Garcia-Sastre;Michael Schotsaert,explicit cross-virus or shared-host framing in title/abstract,normalized,9143,maybe,"virus context appears stronger in body than title/abstract; possible mechanistic paper to inspect: virus, coronavirus, sars-cov-2, sars, covid-19, interaction",virus;coronavirus;sars-cov-2;sars;covid-19,coronavirus;sars-cov-2;sars;covid-19,,virus;viral;influenza;coronavirus;sars-cov-2;sars;covid-19;rsv,interaction;interactions;screen;replication;alveolar,broad-spectrum,ovarian;kidney,candida,,,"The severe acute respiratory disease syndrome coronavirus 2 (SARS-CoV-2) pandemic has continued to significantly impact the health and lives of people around the globe. 1 To date, public health agencies have sought to combat infections leading to coronavirus disease 2019 (COVID-19) by relying on quarantine, social distancing, vaccination, and antiviral countermeasure strategies. 2 , 3 Despite these efforts, the continued spread of SARS-CoV-2 has led to the emergence of several variants of concer"
pmid-31442400,31442400,current-program,2019,Travel Surveillance and Genomics Uncover a Hidden Zika Outbreak during the Waning Epidemic.,CViSB,Kristian Andersen,candidate relevance plus virus/pathogen/assay support,normalized,9037,maybe,"virus context appears stronger in body than title/abstract; possible mechanistic paper to inspect: virus, zika, interaction, interactions, screen, network",virus;zika,zika,,virus;influenza;dengue;zika,interaction;interactions;screen;network,,,,,,"2019 , Rodriguez-Barraquer et al., 2019 )—may also have played a role in delaying the establishment of Zika virus in Cuba. However, how cross-protection, or other epidemiological interactions ( Vogels et al., 2019 ), between these two flaviviruses may impact outbreaks is not currently clear, and such potential virus “competition” would likely not be unique to Cuba. For future studies, accurate data on Zika virus seroprevalence in Cuba and other Caribbean islands would be helpful to address thes"
pmid-30621750,30621750,current-program,2019,An amplicon-based sequencing framework for accurately measuring intrahost virus diversity using PrimalSeq and iVar.,CViSB,Kristian Andersen,candidate relevance plus virus/pathogen/assay support,normalized,8871,maybe,"virus context appears stronger in body than title/abstract; possible mechanistic paper to inspect: virus, zika, interaction, interactions, screen, dependency",virus;zika,zika,,virus;viral;influenza;hiv;zika;yellow fever virus,interaction;interactions;screen;dependency;replication;epithelial,,,,,,"6 , 7 ]. Studying virus populations, both within naturally infected hosts and during experimental evolution, can therefore lead to breakthroughs in our understanding of virus-host interactions and novel approaches for outbreak response [ 8 – 11 ]. In many cases, however, accurately measuring intrahost RNA virus diversity using deep sequencing remains a significant challenge. Multiple factors, such as virus titer, sample preparation, sequencing errors, and computational inferences, can bias meas"
pmid-38232695,38232695,current-program,2024,Integration of individualized and population-level molecular epidemiology data to model COVID-19 outcomes.,,,candidate relevance plus virus/pathogen/assay support,cached_normalized,8864,maybe,"virus context appears stronger in body than title/abstract; possible mechanistic paper to inspect: virus, viral, coronavirus, sars-cov-2, sars, covid-19",virus;viral;coronavirus;sars-cov-2;sars;covid-19,coronavirus;sars-cov-2;sars;covid-19,,virus;viral;influenza;coronavirus;sars-cov-2;sars;covid-19,host response;pathway;interaction;immune evasion;network,,diabetes,,,,"point mutation in this gene relative to the Wuhan reference sequence (Spike:D614G). Although changes in other viral proteins have been linked to differences in viral load and the host response, 85 there is no clear biological explanation for clade 20G’s decreased risk for hospitalization after controlling for the clinical, demographic, and epidemiological variables above. However, an additional possible confounding factor for the risk of hospitalization is the evolution of the standard of care"
pmid-37651466,37651466,hpmi,2023,A single inactivating amino acid change in the SARS-CoV-2 NSP3 Mac1 domain attenuates viral replication in vivo.,HPMI,,candidate relevance plus virus/pathogen/assay support,cached_normalized,8752,maybe,"virus-focused title/abstract with some host-mechanism signal: sars-cov-2, sars, replication",virus;viral;sars-cov-2;sars,sars-cov-2;sars,replication,virus;viral;influenza;coronavirus;sars-cov-2;sars;covid-19,pathway;pathways;interaction;interactions;screen;replication;macrophage;alveolar;network,,,bacterial,,,"osine diphosphate-ribose polymerases (PARPs) and is associated with a diverse array of biological consequences (reviewed in [ 21 , 22 ]), including DNA repair, signal transduction pathways, epigenetics and transcription, and many others. Importantly, PARPs have been shown to be important regulators of virus-host interactions and are integrated in many interferon (IFN) signaling pathways (reviewed in [ 23 ]). PARP7, PARP9, PARP12, and PARP14 directly enhance antiviral innate immune responses [ 24"
pmid-30096313,30096313,current-program,2018,Systematic Analysis of Monoclonal Antibodies against Ebola Virus GP Defines Features that Contribute to Protection.,CViSB,Kristian Andersen,candidate relevance plus virus/pathogen/assay support,normalized,8722,maybe,"virus context appears stronger in body than title/abstract; possible mechanistic paper to inspect: virus, viral, ebola, pathway, pathways, replication",virus;viral;ebola,ebola,,virus;viral;influenza;hiv;ebola,pathway;pathways;replication;macrophage;network,,,,,,"6 , S5A–D ). Natural killer (NK) cells play a key role in antiviral immunity by directly killing infected cells or secreting chemokines and cytokines to activate immune signaling pathways ( Waggoner et al., 2016 ). NK-mediated ADCC requires release of cytotoxic granules (i.e., degranulation) that kill antibody-opsonized cells. Surface CD107a is a marker of NK degranulation ( Alter et al., 2004 ). Secreted cytokines and chemokines such as IFNγ and MIP-1β also confer antiviral effects of NK ( Oli"
pmid-27127234,27127234,pi-backlog,2016,Topoisomerase 1 inhibition suppresses inflammatory genes and protects from death by inflammation.,SYBIL,Adolfo Garcia-Sastre,"viral context plus mechanism/resource terms: influenza, host response",normalized,8526,maybe,"virus-focused title/abstract with some host-mechanism signal: influenza, ebola, host response",virus;influenza;ebola,influenza;ebola,host response,virus;viral;influenza;ebola,host response;pathway;pathways;interaction;interactions;replication;macrophage;alveolar;epithelial,,tumor;kidney,bacterial;staphylococcus,,,"al housekeeping genes were also used to determine the overall effect of the depletion of Top1 in cells. A full list of the affected genes is shown in table S1 . We used Ingenuity Pathways Analysis software (Ingenuity Systems) for the identification of canonical pathways that showed “enrichment” among groups of genes with significant changes in their expression by microarray analysis. The DAVID gene ontology analysis helped to identify genes associated with cytokine activity ( 53 , 54 ). A right"
pmid-40956625,40956625,current-program,2025,Maintenance DNA methylation is required for induced Treg reparative function following viral pneumonia in mice.,,,candidate relevance plus virus/pathogen/assay support,cached_normalized,8504,maybe,"virus-focused title/abstract with some host-mechanism signal: influenza, epithelial",virus;viral;influenza,influenza,epithelial,virus;viral;influenza,epithelial,,,,,,
pmid-37745602,37745602,current-program,2023,Genetic tracing of market wildlife and viruses at the epicenter of the COVID-19 pandemic.,CViSB,Robert Garry;Kristian Andersen,candidate relevance plus virus/pathogen/assay support,cached_normalized,8336,maybe,"virus context appears stronger in body than title/abstract; possible mechanistic paper to inspect: virus, viral, sars-cov-2, sars, covid-19, transcriptomics",virus;viral;sars-cov-2;sars;covid-19,sars-cov-2;sars;covid-19,,virus;viral;influenza;coronavirus;sars-cov-2;sars;covid-19,transcriptomics;network,,,,,,"an emphasis on stalls associated with human cases: 515 samples were tested, 27 were qPCR-positive, and 25 of these SARS-CoV-2 positive samples were subsequently sequenced with metatranscriptomics. On January 12 th , 10 samples per stall were taken from seven wildlife stalls: three were positive by qPCR for SARS-CoV-2, and this time all 70 samples were sequenced. Additional samples were collected from drains, sewage, stalls and warehouses after these two first dates until March 2020 ( Supplementa"
pmid-37639445,37639445,current-program,2023,Accelerating Bayesian inference of dependency between mixed-type biological traits.,,,candidate relevance plus virus/pathogen/assay support,cached_normalized,8191,maybe,"virus-focused title/abstract with some host-mechanism signal: influenza, hiv, h1n1, dependency",virus;viral;influenza;hiv,influenza;hiv;h1n1,dependency,virus;viral;influenza;hiv,pathway;pathways;interaction;interactions;dependency;replication;network,,ovarian,candida,,,"ence that accounts for, and hence removes confounding by, the effects of other traits in the model. Use of partial correlations thus allow us to gain insight into potential causal pathways and help guide further research into underlying biological mechanisms. We apply our methodology to three real-world examples. First, we re-evaluate the HIV evolution application in [ 8 ] and identify HIV-1 gag immune-escape mutations linked with virulence through strong conditional dependence relationships. O"
pmid-35357886,35357886,current-program,2022,A modified vaccinia Ankara vaccine expressing spike and nucleocapsid protects rhesus macaques against SARS-CoV-2 Delta infection.,,,candidate relevance plus virus/pathogen/assay support,normalized,8098,maybe,"virus context appears stronger in body than title/abstract; possible mechanistic paper to inspect: virus, sars-cov-2, sars, immune evasion, replication, alveolar",virus;sars-cov-2;sars,sars-cov-2;sars,,virus;viral;coronavirus;sars-cov-2;sars;covid-19;hiv,immune evasion;replication;alveolar,,kidney,,,,"ome resulting in the emergence of novel variants of concern (VOCs) ( 2 ). Some mutations confer fitness advantages through improved viral replication, higher transmissibility, and immune evasion. Of particular interest are mutations in the spike protein and in its receptor-binding domain (RBD), which determine the ability of the VOC to evade the vaccine-induced immune response ( 11 ). VOCs such as B.1.1.7 (Alpha, isolated in UK), B.1.351 (Beta, isolated in South Africa), P.1 (Gamma, isolated in"
pmid-37384622,37384622,current-program,2023,Antigen pressure from two founder viruses induces multiple insertions at a single antibody position to generate broadly neutralizing HIV antibodies.,,,candidate relevance plus virus/pathogen/assay support,normalized,8061,maybe,"virus context appears stronger in body than title/abstract; possible mechanistic paper to inspect: virus, hiv, interaction, interactions, screen, replication",virus;hiv,hiv,,virus;viral;influenza;hiv,interaction;interactions;screen;replication,,,bacterial,,,"neutralized by PC39-1 mAbs retained a glycan at position 332 ( S3 Fig ). In common with many V3-glycan-directed bnAbs, PC39-1 mAbs were dependent on the N301-glycan, and specific interactions with residues of the 324 GDIR 327 motif at the base of V3, part of the co-receptor binding site, as well as a dependence on mutations in V1 ( S4(A) Fig ) [ 16 , 23 , 49 – 56 ]. Most mAbs were sensitive to D325 and R327 mutations, yet only those with the 11aa CDRH1 insertion were sensitive to mutation at ev"
pmid-33564763,33564763,current-program,2021,Collaboration between the Fab and Fc contribute to maximal protection against SARS-CoV-2 in nonhuman primates following NVX-CoV2373 subunit vaccine with Matrix-M™ vaccination.,,,candidate relevance plus virus/pathogen/assay support,normalized,7993,maybe,"virus context appears stronger in body than title/abstract; possible mechanistic paper to inspect: sars-cov-2, sars, screen, replication, macrophage, alveolar",sars-cov-2;sars,sars-cov-2;sars,,virus;viral;coronavirus;sars-cov-2;sars;covid-19,screen;replication;macrophage;alveolar,,,tuberculosis;salmonella;candida,,,"o 70% RH). Cages were cleaned daily. Twenty-four experimentally naïve rhesus macaques ( Macaca mulatta ) of Chinese origin were sourced from Envigo (Alice, TX, USA). Animals were screened and determined to be negative for Simian Immunodeficiency Virus (SIV), Simian T-Lymphotropic Virus-1 (STLV-1), Simian Varicella Virus (SVV) and Macacine herpesvirus 1 (Herpes B virus), and Simian Retrovirus (SRV1 and SRV2) by polymerase chain reaction (PCR), and negative for Trypanosoma cruzi . Rectal swabs we"
pmid-27575636,27575636,pi-backlog,2016,The Dengue Virus NS5 Protein Intrudes in the Cellular Spliceosome and Modulates Splicing.,HPMI,Nevan Krogan,"viral context plus mechanism/resource terms: virus, viral, dengue, transcriptome",normalized,7968,maybe,"virus-focused title/abstract with some host-mechanism signal: dengue, replication",virus;viral;dengue,dengue,replication,virus;viral;influenza;hiv;dengue;zika,host factor;host factors;pathway;pathways;interaction;interactions;interactome;protein interaction;screen;replication;epithelial;network,,kidney,candida,,,"screen also identified UBR5 as NS5 binder, it will be interesting to further evaluate whether this ubiquitin ligase is involved in NS5-mediated proteasome degradation of specific host factors. In addition, our study identified two members of the Y box binding protein family, YBX2 and YBX3, as NS5 binders. In this regard, YBX1 is an alternative splicing regulator that has been previously associated to DENV replication [ 61 ]. Based on the enrichment of splicing factors as NS5 binders, we evalua"
pmid-38551979,38551979,current-program,2024,Scalable gradients enable Hamiltonian Monte Carlo sampling for phylodynamic inference under episodic birth-death-sampling models.,,,candidate relevance plus virus/pathogen/assay support,cached_normalized,7947,maybe,"virus context appears stronger in body than title/abstract; possible mechanistic paper to inspect: virus, viral, influenza, hiv, ebola, interaction",virus;viral;influenza;hiv;ebola,influenza;hiv;ebola;h3n2,,virus;viral;influenza;sars-cov-2;sars;hiv;dengue;ebola,interaction;interactions;dependency,,ovarian,,,,"Phylodynamic models represent a suite of powerful tools designed to unravel the interactions between epidemiological and evolutionary processes. These models offer significant insights into the pathogens’ dynamics and play a crucial role in advancing outbreak response efforts for diseases such as SARS-CoV-2, Ebola, Dengue, and HIV [ 1 – 5 ]. In this paper, our primary emphasis is directed toward t"
pmid-41757169,41757169,pi-backlog,2026,Early Fc-effector antibody signatures impact COVID-19 disease trajectory.,SYBIL,Adolfo Garcia-Sastre,"viral context plus mechanism/resource terms: sars, proteomics",cached_normalized,7858,maybe,"virus-focused title/abstract with some host-mechanism signal: sars-cov-2, sars, covid-19, proteomics",sars-cov-2;sars;covid-19,sars-cov-2;sars;covid-19,proteomics,virus;viral;influenza;coronavirus;sars-cov-2;sars;covid-19;hiv;zika,pathway;pathways;proteomics;transcriptomics;immune evasion;epithelial,,kidney,,,inhibitor,"t immune signatures according to COVID-19 disease phenotype 3 – 6 . Patients with mild COVID-19 often presented controlled inflammatory responses and early activation of antiviral pathways, such as type I interferon signaling 7 , 8 . In contrast, severe patients showed higher viral loads and high levels of inflammatory markers, including C-reactive protein (CRP) and ferritin 7 , 9 – 11 . Similar to severe influenza infection 12 – 14 , disease severity was also characterized by a canonical cytoki"
pmid-35115515,35115515,current-program,2022,Multiple expansions of globally uncommon SARS-CoV-2 lineages in Nigeria.,,,candidate relevance plus virus/pathogen/assay support,normalized,7846,maybe,"virus context appears stronger in body than title/abstract; possible mechanistic paper to inspect: viral, sars-cov-2, sars, interaction, screen, immune evasion",viral;sars-cov-2;sars,sars-cov-2;sars,,virus;viral;coronavirus;sars-cov-2;sars;covid-19;hiv,interaction;screen;immune evasion;epithelial;network,,,,,,"using lme4 v1.1-27 package. For cell entry, we tested for significant differences in cell entry between mutants with increasing concentrations of psudotyped viruses including the interaction between mutant and p24 concentration in the model and accounting for experiment and plate effects. For neutralization EC 50 differences we included in the model the different groups of sera, each mutant, as well as the interaction of both parameters, with the addition of the possible effect of within-donor"
pmid-33037213,33037213,current-program,2020,Accommodating individual travel history and unsampled diversity in Bayesian phylogeographic inference of SARS-CoV-2.,CViSB,Kristian Andersen,candidate relevance plus virus/pathogen/assay support,normalized,7800,maybe,"virus context appears stronger in body than title/abstract; possible mechanistic paper to inspect: virus, sars-cov-2, sars, covid-19, pathway, pathways",virus;sars-cov-2;sars;covid-19,sars-cov-2;sars;covid-19,,virus;viral;coronavirus;sars-cov-2;sars;covid-19;zika;ebola,pathway;pathways;dependency;network,,,,,,"ampling bias, we incorporate unsampled taxa in our reconstructions, in addition to travel history data. Supplementary Text S2 illustrates how this approach can recover established pathways of migration using a Zika virus example. In our SARS-CoV-2 analyses, we add unsampled taxa for locations that are undersampled according to case counts (cfr. “Methods”), in this case primarily for Hubei ( n = 307), followed by Italy ( n = 47), Iran ( n = 40), and South Korea ( n = 30). We specify a prior distr"
pmid-41415465,41415465,current-program,2025,Influenza A infection accelerates disease-associated microglia formation during physiological aging.,CViSB,Donald S Grant,candidate relevance plus virus/pathogen/assay support,cached_normalized,7594,maybe,"virus-focused title/abstract with some host-mechanism signal: influenza, transcriptomics",virus;influenza,influenza,transcriptomics,virus;influenza,transcriptomics,,,,,,
pmid-38076988,38076988,current-program,2023,AMP-activated protein kinase is necessary for Treg cell functional adaptation to microenvironmental stress.,,,candidate relevance plus virus/pathogen/assay support,cached_normalized,7572,maybe,"virus context appears stronger in body than title/abstract; possible mechanistic paper to inspect: virus, viral, influenza, pathway, pathways, interaction",virus;viral;influenza,influenza,,virus;viral;influenza;covid-19,pathway;pathways;interaction,,cancer;tumor,,,,"iral pneumonia relative to plasma ( Fig 3H and Supplemental Fig 4C – D ) revealed that the TME and the lung during viral pneumonia undergo significant changes in similar metabolic pathways related to amino acid metabolism ( Fig 3I ). Nevertheless, direct comparison of tumor IF and flu IF metabolites revealed disease state-specific metabolite signatures, including an enrichment of metabolites related to tryptophan, cysteine, and methionine metabolism in flu IF ( Supplemental Fig 5A – D ). These d"
pmid-37672567,37672567,current-program,2023,Humoral immunity to an endemic coronavirus is associated with postacute sequelae of COVID-19 in individuals with rheumatic diseases.,,,candidate relevance plus virus/pathogen/assay support,cached_normalized,7541,maybe,"virus context appears stronger in body than title/abstract; possible mechanistic paper to inspect: virus, coronavirus, sars-cov-2, sars, covid-19, interaction",virus;coronavirus;sars-cov-2;sars;covid-19,coronavirus;sars-cov-2;sars;covid-19,,virus;viral;influenza;coronavirus;sars-cov-2;sars;covid-19;rsv;ebola,interaction;interactions;replication,,tumor;diabetes,staphylococcus,,,"9 vaccination to time of sample collection, all of which differed between the two cohorts. Furthermore, to explore any biases in the SARS-CoV-2 and OC43 response, we examined the interaction of antigen pairs, first with ratio analysis to prioritize the antigen pairs and then with Fisher’s method to combine p-values of similar ratios. First, we generated ratios of all two-antigen permutations of all OC43 and SARS-CoV-2 FcγR binding features and examined which ratios were enriched in participants"
pmid-34426811,34426811,pi-backlog,2021,Infection and transmission of ancestral SARS-CoV-2 and its alpha variant in pregnant white-tailed deer.,SYBIL,Adolfo Garcia-Sastre,"viral context plus mechanism/resource terms: virus, viral, coronavirus, sars, interaction",normalized,7310,maybe,"virus-focused title/abstract with some host-mechanism signal: coronavirus, sars-cov-2, sars, interaction",virus;viral;coronavirus;sars-cov-2;sars,coronavirus;sars-cov-2;sars,interaction,virus;viral;influenza;coronavirus;sars-cov-2;sars;covid-19,interaction;replication;alveolar;epithelial,,kidney;spinal;diabetes,tuberculosis;bacterial,,,"isolate over the lineage A WA1 isolate. Zoonotic diseases reportedly account for approximately 60% of emerging infectious disease (EID) events over the last century 13 . Increased interaction with wild animal populations is a critical factor associated with increased occurrence of zoonotic EIDs. In the last twenty years, three virus species from the genus Betacoronavirus , family Coronaviridae , have spilled over from wild animal populations into humans, resulting in outbreaks of respiratory dis"
pmid-36532738,36532738,pi-backlog,2022,Inhibition of coronavirus HCoV-OC43 by targeting the eIF4F complex.,SYBIL,Sumit Chanda,"viral context plus mechanism/resource terms: coronavirus, screen",normalized,7272,maybe,"virus-focused title/abstract with some host-mechanism signal: coronavirus, screen",virus;coronavirus,coronavirus,screen,virus;viral;influenza;coronavirus;sars-cov-2;sars;covid-19;hiv;ebola,pathway;pathways;interaction;screen;dependency;replication;epithelial;network,,cancer,candida,,inhibitor,"ls (Pearson correlation coefficients, Vero E6 = 0.66, A549 = 0.62) ( Figure 5D , Supplementary Figure S4C ). Effectiveness of SBI-5844 and SBI-0498 treatment was also reflected in pathway analysis (using IPA) of differentially expressed genes following viral infection of both A549 and Vero E6 cells: both compounds rescued gene expression to patterns seen in uninfected cells ( Figure 5E ). These patterns were confirmed in heatmaps for genes expressed in select pathways ( Figure 5F , Supplementary"
pmid-40632835,40632835,current-program,2025,Adenovirus and mRNA vaccines as well as mucosal boosting improve protective efficacy against influenza virus challenge in macaques.,CViSB,Kristian Andersen;Ryan McNamara,candidate relevance plus virus/pathogen/assay support,cached_normalized,7257,maybe,"virus context appears stronger in body than title/abstract; possible mechanistic paper to inspect: virus, viral, influenza, screen, replication, alveolar",virus;viral;influenza,influenza;h1n1,,virus;viral;influenza;covid-19,screen;replication;alveolar;network,,tumor,,,,"1/Wisconsin/67/2022 viral challenge to assess and compare protective efficacies of the different boosting regimens. Forty cynomolgus macaques were selected for this study and were screened for negative baseline serum H1/WI22 HA-specific enzymelinked immunosorbent assays (ELISAs). All vaccinated animals were primed at week 0 with QIV (IM; 60 μg) or a sham injection of saline, and groups were differentially boosted at week 8 (N = 5 or 6 per group) with RhAd52-H1/WI22 [5 × 10 10 viral particles (vp"
pmid-36496417,36496417,pi-backlog,2022,Transcriptome signatures preceding the induction of anti-stalk antibodies elicited after universal influenza vaccination.,SYBIL,Adolfo Garcia-Sastre,"viral context plus mechanism/resource terms: virus, influenza, transcriptome",normalized,7166,maybe,"virus context appears stronger in body than title/abstract; possible mechanistic paper to inspect: virus, influenza, pathway, pathways, interaction, interactions",virus;influenza,influenza,,virus;influenza,pathway;pathways;interaction;interactions;transcriptomics;macrophage;epithelial,,,bacterial;candida,,,"ic cells (DC) that mediated an optimal B cell response. The current study provides a better understanding of the mechanism of regulation of gene expression and the transcriptional pathways that must be activated to induce optimal vaccine responses after vaccination with cHA proteins, which are likely to also be involved in the induction of immunity by other vaccines. This clinical trial was designed under the assumption that adult humans possess pre-existing immunity to the H1 HA, including low"
pmid-35017099,35017099,hpmi,2022,Comparative Analysis of T-Cell Spatial Proteomics and the Influence of HIV Expression.,HPMI,,explicit cross-virus/shared-host signal,normalized,7130,maybe,"virus-focused title/abstract with some host-mechanism signal: hiv, proteomics",virus;viral;hiv,hiv,proteomics,virus;viral;hiv,pathway;interaction;interactions;interactome;protein interaction;proteomics;replication,,,,,,"d coatomer complex I (coat protein complex I) ( 41 , 42 ). Five separate proteins in the coat protein complex I appear together as well as three proteins from the T-cell signaling pathway, suggesting high coverage of perturbed complexes. For commonly shared translocation events, proteins involved in cytoskeletal organization were enriched. Disruption of the cytoskeleton following infection with HIV has been attributed to Nef among other viral proteins, but the enriched proteins here lacked known"
pmid-28494238,28494238,pi-backlog,2017,SMYD2-Mediated Histone Methylation Contributes to HIV-1 Latency.,HPMI,Melanie Ott,"viral context plus mechanism/resource terms: viral, hiv, screen",normalized,7095,maybe,"virus-focused title/abstract with some host-mechanism signal: hiv, screen",viral;hiv,hiv,screen,virus;viral;hiv,interaction;interactions;screen;replication,,cancer;tumor,,,inhibitor,"bind acetylated lysines, and BET inhibitors (i.e., JQ1, I-BET) bind into the acetyl-lysine binding pocket of the bromodomains of BET proteins disrupting acetyl-lysine:bromodomain interactions and activating HIV from latency ( Archin and Margolis, 2014 ). Besides bromodomain inhibition and histone deacetylation, lysine methylation has emerged as a central epigenetic mechanism to regulate HIV latency ( Mbonye and Karn, 2014 ). Proteins can be post-translationally modified by the transfer of one,"
pmid-33257409,33257409,current-program,2020,Lung transplantation for patients with severe COVID-19.,,,candidate relevance plus virus/pathogen/assay support,normalized,7087,maybe,virus-relevant but primarily therapeutic/clinical rather than host-mechanism focused: transplantation,covid-19,covid-19,,virus;viral;coronavirus;sars-cov-2;sars;covid-19,pathway;pathways;transcriptomics;screen;replication;macrophage;alveolar;epithelial;network,broad-spectrum,cancer;kidney;diabetes,bacterial,,transplantation,"coagulation was initiated but was complicated by a hemothorax and a liver capsular bleed necessitating emergent exploratory laparotomy. Throughout her medical course, she received broad-spectrum and pathogen-directed antibiotics, remdesivir, hydroxychloroquine, tocilizumab, and convalescent plasma. Her lung compliance, gas exchange, chest radiographs, and chest tomogram showed worsening or no improvement over the course of her stay in the intensive care unit (ICU). Beginning 6 weeks from the ons"
pmid-38078770,38078770,current-program,2024,Comparative evolution of influenza A virus H1 and H3 head and stalk domains across host species.,,,explicit cross-virus/shared-host signal,cached_normalized,7071,maybe,virus-focused review/perspective that may help background framing: perspective,virus;influenza,influenza,,virus;viral;influenza,interaction;interactions;replication,host adaptation,,parasite;candida,,,"The reasons for this require further investigation, but it may reflect antigenic evolution in the stalk in mammals. In addition, evolutionary analysis of the sequences identified host adaptation in canines involving a particular phenotype. These results, based entirely on sequence data, provide information about influenza evolution in non-human hosts and place human influenza evolution in a larger context. We downloaded all available hemagglutinin sequences for influenza A H3 and H1 from GenBan"
pmid-36423141,36423141,current-program,2022,Challenges and Opportunities for Global Genomic Surveillance Strategies in the COVID-19 Era.,,,candidate relevance plus virus/pathogen/assay support,normalized,6957,maybe,virus-focused review/perspective that may help background framing: review,virus;viral;sars-cov-2;sars;covid-19,sars-cov-2;sars;covid-19,,virus;viral;influenza;coronavirus;sars-cov-2;sars;covid-19;hiv;zika;ebola,interaction;interactions;screen;immune evasion;replication;alveolar;network,,,staphylococcus,,,"Like all viruses, SARS-CoV-2 continually mutates during its spread, resulting in new viral variants that may have phenotypic differences in replication [ 2 ] and/or host–pathogen interactions [ 3 ]. Mutations that confer a selective advantage in a given environment may allow a specific variant to outcompete others and expand in the population. Variants that spread rapidly or pose a public health risk due to enhanced transmissibility, risk of severe disease, or immune evasion are designated as v"
pmid-36241425,36241425,pi-backlog,2023,Low expression of EXOSC2 protects against clinical COVID-19 and impedes SARS-CoV-2 replication.,HPMI,Nevan Krogan,"viral context plus mechanism/resource terms: virus, viral, sars, interaction",cached_normalized,6909,maybe,"virus-focused title/abstract with some host-mechanism signal: sars-cov-2, sars, covid-19, replication",virus;sars-cov-2;sars;covid-19,sars-cov-2;sars;covid-19,replication,virus;viral;influenza;coronavirus;sars-cov-2;sars;covid-19;rsv,pathway;interaction;interactions;screen;crispr;replication,,cancer,candida,,,"The most significant functional enrichment by adjusted P -value, within the set of 2,445 genes up-regulated in WT Calu-3 cells after SARS-CoV-2 infection ( Fig S3 ), was the KEGG pathway “TNF signalling pathway” (Fisher exact test, adjusted P = 2.28 × 10 −21 , OR = 7.87), suggesting that this represents the immune response to acute SARS-CoV-2 infection. Our observations are consistent with previous literature: the 2,445 genes were highly enriched with reported gene expression changes in Calu-3"
pmid-40133528,40133528,current-program,2025,Transmission dynamics of the 2022 mpox epidemic in New York City.,UCLA-Persistent-BSI,Melissa Johnson,explicit cross-virus/shared-host signal,cached_normalized,6879,maybe,"virus-focused title/abstract with some host-mechanism signal: hiv, mpox, network",hiv;mpox,hiv;mpox,network,hiv;mpox,network,,,,,,
pmid-39621658,39621658,pi-backlog,2024,Structural and hemodynamic analysis of Weaire-Phelan scaffolds made of Ti-alloy as bone replacement component: A preclinical investigation.,SYBIL,Sumit Chanda,explicit cross-virus or shared-host framing in title/abstract,cached_normalized,6844,maybe,virus-relevant but primarily therapeutic/clinical rather than host-mechanism focused: preclinical,,,,,,,,,,preclinical,
pmid-35798029,35798029,current-program,2022,Wastewater sequencing reveals early cryptic SARS-CoV-2 variant transmission.,CViSB,Melissa Johnson;Elaine Reed;Kristian Andersen,candidate relevance plus virus/pathogen/assay support,normalized,6769,maybe,"virus context appears stronger in body than title/abstract; possible mechanistic paper to inspect: virus, sars-cov-2, sars, screen, replication, network",virus;sars-cov-2;sars,sars-cov-2;sars,,virus;viral;sars-cov-2;sars;covid-19;hiv,screen;replication;network,,,,,,"l particle (Ceres Nanosciences Inc.) based concentration method after which the nucleic acid was extracted and sample eluted in 50 µl of elution buffer. The extracted RNA was then screened for SARS-CoV-2 RNA via real-time RT–qPCR for three gene targets (N1, N2 and E-gene). PMMoV (pepper mild mottle virus) was also screened to adjust for changes in load. Positive wastewater samples were sequenced within 1–2 weeks of collection, comparable to the delay for clinical samples. To cross-validate the a"
pmid-33852858,33852858,current-program,2021,Cellular mRNA triggers structural transformation of Ebola virus matrix protein VP40 to its essential regulatory form.,CViSB,Kristian Andersen,candidate relevance plus virus/pathogen/assay support,normalized,6747,maybe,"virus-focused title/abstract with some host-mechanism signal: ebola, host factor",virus;ebola,ebola,host factor,virus;viral;hiv;ebola,host factor;interaction;interactions;screen,,kidney,,,,"ief motif is commonly matched throughout the human genome, and 3′ UTRs are not G/A-rich overall ( Figure 3B , left). We speculate that factors such as localization in the cell and interactions with RNA-binding proteins may help pair VP40 with 3′ UTRs. To determine whether the VP40 ring also binds viral RNA, we aligned our reads to the Zaire ebolavirus genome. We did not observe region-specific enrichment or well-defined read peaks ( Figure S3 ). When we applied the GEM algorithm to the Zaire eb"
pmid-40060513,40060513,current-program,2025,Maintenance DNA methylation is required for induced regulatory T cell reparative function following viral pneumonia.,,,candidate relevance plus virus/pathogen/assay support,cached_normalized,6719,maybe,"virus-focused title/abstract with some host-mechanism signal: influenza, epithelial",virus;viral;influenza,influenza,epithelial,virus;viral;influenza,epithelial,,,,,,
pmid-33171099,33171099,current-program,2020,Quick COVID-19 Healers Sustain Anti-SARS-CoV-2 Antibody Production.,SCRIPT,Alan Hauser,candidate relevance plus virus/pathogen/assay support,normalized,6715,maybe,"virus context appears stronger in body than title/abstract; possible mechanistic paper to inspect: virus, sars-cov-2, sars, covid-19, pathway, pathways",virus;sars-cov-2;sars;covid-19,sars-cov-2;sars;covid-19,,virus;viral;influenza;coronavirus;sars-cov-2;sars;covid-19;hiv,pathway;pathways;interaction;interactions;replication;network,,diabetes,bacterial,,,"fic drivers of diminished versus enhanced antibody durability in cohorts such as this may provide insights into correlates of protection to SARS-CoV-2 and may elucidate targetable pathways to enhance efficient clearance and more sustained antibody-mediated protection. While population diversity was our aim, most volunteers for this study were adults, female, and Caucasian. While we have confidence in the biologic conclusions, it will be important for future studies to understand the nature of an"
pmid-34664987,34664987,current-program,2021,Maternal SARS-CoV-2 infection elicits sexually dimorphic placental immune responses.,,,candidate relevance plus virus/pathogen/assay support,normalized,6638,maybe,"virus context appears stronger in body than title/abstract; possible mechanistic paper to inspect: virus, viral, coronavirus, sars-cov-2, sars, covid-19",virus;viral;coronavirus;sars-cov-2;sars;covid-19,coronavirus;sars-cov-2;sars;covid-19,,virus;viral;influenza;coronavirus;sars-cov-2;sars;covid-19;hiv;zika,pathway;pathways;interaction;interactions;screen;macrophage,,tumor;diabetes,bacterial;toxoplasma,,,"in the plasma of patients with COVID-19 ( 42 ), we examined whether maternal SARS-CoV-2 infection was associated with sex-specific alterations in placental type I, II, and III IFN pathways ( fig. S8A ). There was a sexually dimorphic expression pattern of the classical ISGs IFI6 , CXCL10 , and OAS1 driven by increased expression in male SARS-CoV-2–exposed placentas compared with SARS-CoV-2–negative controls ( Fig. 4, A to C , and table S4 ). We next examined expression of CCL2/MCP-1 , a type I I"
pmid-37720034,37720034,current-program,2023,Live imaging of the airway epithelium reveals that mucociliary clearance modulates SARS-CoV-2 spread.,SYBIL,Sumit Chanda,candidate relevance plus virus/pathogen/assay support,cached_normalized,6628,maybe,"virus context appears stronger in body than title/abstract; possible mechanistic paper to inspect: viral, sars-cov-2, sars, pathway, pathways, interaction",viral;sars-cov-2;sars,sars-cov-2;sars,,virus;viral;influenza;coronavirus;sars-cov-2;sars;covid-19;rsv,pathway;pathways;interaction;interactions;crispr;replication;alveolar;epithelial,,,bacterial,,,"en shown to induce changes in MCC, both through the direct modulation of infected cell function as well as indirectly through induction of innate immune and inflammatory signaling pathways 9 – 11 . SARS-CoV-2 infection is known to increase mucus secretion, and it is thought that multiciliated cell function is impaired as infected cells become dysfunctional and die 10 , 12 , 13 . However, the details of how and when MCC changes during infection remain unclear. Primary human bronchial epithelial"
pmid-35361968,35361968,current-program,2022,Defining the risk of SARS-CoV-2 variants on immune protection.,SYBIL,Melissa Johnson;Michael Schotsaert,candidate relevance plus virus/pathogen/assay support,normalized,6627,maybe,"virus context appears stronger in body than title/abstract; possible mechanistic paper to inspect: virus, viral, coronavirus, sars-cov-2, sars, interaction",virus;viral;coronavirus;sars-cov-2;sars,coronavirus;sars-cov-2;sars,,virus;viral;influenza;coronavirus;sars-cov-2;sars;covid-19;hiv;zika;ebola,interaction;immune evasion;replication;macrophage;alveolar;network,,cancer;diabetes,bacterial,,,", and lower priority if they have already been tested experimentally. The WRAIR team tracks the prevalence of substitutions at a set of sites selected based on the strength of the interaction with known SARS-CoV-2 antibodies (using complex structures in the PDB Protein Data Bank; https://www.rcsb.org ) as well as structural information or knowledge from deep mutational scanning or mutagenesis studies. Weight scores for ranking are also given for various characteristics, such as fold increase in"
pmid-34389466,34389466,hpmi,2021,Characterization of an A3G-Vif(HIV-1)-CRL5-CBFβ Structure Using a Cross-linking Mass Spectrometry Pipeline for Integrative Modeling of Host-Pathogen Complexes.,HPMI,,candidate relevance plus virus/pathogen/assay support,normalized,6626,maybe,"virus-focused title/abstract with some host-mechanism signal: hiv, restriction factor",hiv,hiv,restriction factor,virus;viral;hiv,pathway;pathways;interaction;interactions;proteomics;restriction factor;network,,,,,,"ze to special cellular compartments, or are membrane associated. As the field of XL-MS moves toward intracellular applications, the potential for studying host–pathogen complexes, pathways, and networks on an unbiased level becomes more feasible. Complementary to this in vivo XL-MS application is the use of in vivo genetic interactions obtained using the point mutant epistatic miniarray profile (pE-MAP) platform to derive spatial restraints for integrative modeling ( 110 , 111 , 112 ). In such c"
pmid-33082574,33082574,hpmi,2021,Bi-paratopic and multivalent VH domains block ACE2 binding and neutralize SARS-CoV-2.,HPMI,,candidate relevance plus virus/pathogen/assay support,normalized,6590,maybe,virus-relevant but primarily therapeutic/clinical rather than host-mechanism focused: inhibitor,virus;sars-cov-2;sars;covid-19,sars-cov-2;sars;covid-19,,virus;viral;sars-cov-2;sars;covid-19;hiv,interaction;interactions;screen;epithelial,,,bacterial;candida,,inhibitor,e emergence of SARS-CoV-2 and the associated COVID-19 disease has emphasized the need to rapidly generate therapeutics against novel pathogens. SARS-CoV-2 enters cells through the interaction of the viral Spike receptor-binding domain (Spike-RBD) and host angiotensin-converting enzyme-2 (ACE2) on the surface of lung epithelial cells. 1 Antibody and antibody-like biologics that can block this interaction are promising therapeutic candidates because of their high specificity and neutralization pot
pmid-35411350,35411350,current-program,2022,"Wastewater sequencing uncovers early, cryptic SARS-CoV-2 variant transmission.",CViSB,Melissa Johnson;Elaine Reed;Kristian Andersen,candidate relevance plus virus/pathogen/assay support,normalized,6578,maybe,"virus context appears stronger in body than title/abstract; possible mechanistic paper to inspect: virus, sars-cov-2, sars, screen, network",virus;sars-cov-2;sars,sars-cov-2;sars,,virus;viral;sars-cov-2;sars;covid-19,screen;network,,,,,,"rticle (Ceres Nanosciences Inc., USA) based concentration method after which the nucleic acid was extracted and sample eluted in 50uL of elution buffer. The extracted RNA was then screened for SARS-CoV-2 RNA via real-time RT-qPCR for 3 gene targets (N1, N2 and E-gene). PMMoV (pepper mild mottle virus) was also screened to adjust for changes in load. Positive wastewater samples were sequenced within 1–2 weeks of collection, comparable to the delay for clinical samples. To cross-validate the abili"
pmid-32596695,32596695,current-program,2020,"Accommodating individual travel history, global mobility, and unsampled diversity in phylogeography: a SARS-CoV-2 case study.",CViSB,Kristian Andersen,candidate relevance plus virus/pathogen/assay support,normalized,6438,maybe,"virus context appears stronger in body than title/abstract; possible mechanistic paper to inspect: virus, sars-cov-2, sars, covid-19, dependency, network",virus;sars-cov-2;sars;covid-19,sars-cov-2;sars;covid-19,,virus;viral;coronavirus;sars-cov-2;sars;covid-19;zika;ebola,dependency;network,,,,,,"ow sensitive the reconstructions are with respect to such decisions. Our spatial diffusion GLM may benefit from 2020 travel data that are impacted by travel restrictions. The time dependency imposed by travel restrictions could potentially be modelled with an epoch version of the discrete trait CTMC 25 . This could also be important for the asymmetry factor we included for transitions from Hubei as these will be severely impacted by the travel ban imposed on January 23 45 . Finally, in addition"
pmid-39571001,39571001,hpmi,2024,SARS-CoV-2 evolution balances conflicting roles of N protein phosphorylation.,HPMI,,candidate relevance plus virus/pathogen/assay support,cached_normalized,6417,maybe,"virus-focused title/abstract with some host-mechanism signal: coronavirus, sars-cov-2, sars, covid-19, replication",virus;viral;coronavirus;sars-cov-2;sars;covid-19,coronavirus;sars-cov-2;sars;covid-19,replication,virus;viral;coronavirus;sars-cov-2;sars;covid-19,replication,,,,,,
pmid-32719457,32719457,hpmi,2020,Structural basis of CD4 downregulation by HIV-1 Nef.,HPMI,,candidate relevance plus virus/pathogen/assay support,normalized,6385,maybe,"virus context appears stronger in body than title/abstract; possible mechanistic paper to inspect: virus, viral, hiv, interaction, interactions, proteomics",virus;viral;hiv,hiv,,virus;viral;sars;hiv,interaction;interactions;proteomics;replication,,,,,,"in AP2 complex partly by mimicking the acidic dileucine motif 22 . Although how Nef associates with a part of the tetrameric AP2 is understood 22 , a complete understanding of the interaction, especially how CD4 is sequestered by Nef into a complex with AP2, has remained elusive. Here we describe the mechanism of this key Nef function using a high-resolution crystal structure, cross-linking mass spectrometry, and structure-modeling, along with biochemical and functional validation. We pursued a"
pmid-39149904,39149904,pi-backlog,2024,Sarbecovirus programmed ribosome frameshift RNA element folding studied by NMR spectroscopy and comparative analyses.,SYBIL,Adolfo Garcia-Sastre,explicit cross-virus or shared-host framing in title/abstract,cached_normalized,6354,maybe,virus-relevant but primarily therapeutic/clinical rather than host-mechanism focused: drug discovery,virus;viral;coronavirus;sars-cov-2;sars,coronavirus;sars-cov-2;sars,,virus;viral;coronavirus;sars-cov-2;sars,,,,,,drug discovery,
pmid-33880483,33880483,current-program,2021,Coincident rapid expansion of two SARS-CoV-2 lineages with enhanced infectivity in Nigeria.,,,candidate relevance plus virus/pathogen/assay support,normalized,6242,maybe,"virus context appears stronger in body than title/abstract; possible mechanistic paper to inspect: virus, viral, coronavirus, sars-cov-2, sars, covid-19",virus;viral;coronavirus;sars-cov-2;sars;covid-19,coronavirus;sars-cov-2;sars;covid-19,,virus;viral;coronavirus;sars-cov-2;sars;covid-19;hiv,interaction;screen;immune evasion;epithelial;network,,ovarian,,,,"ts Models using lme4 package. For cell entry we tested for significant differences in cell entry between mutants with increasing concentrations of psudotyped viruses including the interaction between mutant and p24 concentration in the model and accounting for experiment and plate effects. For neutralization EC 50 differences we included in the model the different groups of sera, each mutant, as well as the interaction of both parameters, with the addition of the possible effect of within-donor"
pmid-37191546,37191546,current-program,2023,Serodominant SARS-CoV-2 Nucleocapsid Peptides Map to Unstructured Protein Regions.,,,candidate relevance plus virus/pathogen/assay support,normalized,6226,maybe,"virus context appears stronger in body than title/abstract; possible mechanistic paper to inspect: viral, sars-cov-2, sars, covid-19, screen, replication",viral;sars-cov-2;sars;covid-19,sars-cov-2;sars;covid-19,,virus;viral;influenza;coronavirus;sars-cov-2;sars;covid-19,screen;replication,,,,,,"lates and equilibrated with commercially available Classics II, JCSG+, MPD, and ComPAS suites. Diffraction-quality crystals appeared in 6 days from condition D8 of the Classics II screen (0.1 M HEPES, pH 7.5, and 25% [wt/vol] polyethylene glycol 3350 [PEG 3350]). Diffraction data were collected at the 21-ID-F Life Science Collaborative Access Team (LS-CAT) at the Advanced Photon Source, Argonne National Laboratory. The data set was processed and scaled with the HKL-3000 suite ( 40 ). The structu"
pmid-37620306,37620306,current-program,2023,Antibody-mediated NK cell activation as a correlate of immunity against influenza infection.,,,candidate relevance plus virus/pathogen/assay support,cached_normalized,6212,maybe,"virus context appears stronger in body than title/abstract; possible mechanistic paper to inspect: viral, influenza, screen, macrophage, network",viral;influenza,influenza,,virus;viral;influenza;sars-cov-2;sars;covid-19,screen;macrophage;network,,,,,,". After 1 hour incubation at room temperature, excess detector was washed away and labeled immune complexes resuspended in QSol buffer (Intellicyt). Plates were read using an iQue Screener PLUS with Forecyt v7 software (Intellicyt), and antibody levels quantified by PE median fluorescence intensity. All samples were assayed in duplicate and quality control was performed to ensure correlation between sample runs and adequate signal-to-noise ratios. Antigens (wild type H3 A/Victoria/361/2011, egg"
pmid-23063562,23063562,pi-backlog,2012,Structure and dynamics of the second CARD of human RIG-I provide mechanistic insights into regulation of RIG-I activation.,SYBIL,Adolfo Garcia-Sastre,"viral context plus mechanism/resource terms: viral, interaction",normalized,6158,maybe,"virus context appears stronger in body than title/abstract; possible mechanistic paper to inspect: viral, interaction, interactions",viral,,interaction,viral,interaction;interactions,,,,,,"ontaining double stranded regions with a 5′ end triphosphate group. The binding of RNA switches RIG-I from a passive to an active conformation, wherein the CARDs are “exposed” for interactions with downstream signaling proteins including the adaptor protein MAVS (mitochondrial-associated viral signaling protein), also known as VISA, IPS1, or Cardif ( Belgnaoui et al., 2011 ). This, in turn, triggers a signaling cascade leading to the production of interferon-β (IFN-β), an important factor in the"
pmid-28377530,28377530,pi-backlog,2017,Topoisomerase II Inhibitors Induce DNA Damage-Dependent Interferon Responses Circumventing Ebola Virus Immune Evasion.,SYBIL,Adolfo Garcia-Sastre,explicit cross-virus or shared-host framing in title/abstract,normalized,6123,maybe,"virus-focused paper with broad-spectrum or cross-virus language, but mainly therapeutic/clinical framing: broad-spectrum, inhibitor, ebola",virus;ebola,ebola,pathway;pathways;screen;immune evasion;replication,virus;viral;influenza;rsv;ebola,pathway;pathways;interaction;screen;immune evasion;replication;macrophage,broad-spectrum,cancer;tumor,candida,,inhibitor,"Emerging RNA viruses are an ongoing but unpredictable threat to public health. A potential answer to this threat would be a broad-spectrum therapeutic approach targeting host pathways in a manner that would inhibit the diverse virus families that are likely to cause outbreaks in the human population. Ebola virus (EBOV), a member of the family Filoviridae , represents one such threat. EBOV has repeatedly been associated with outbreaks of hig"
pmid-33594355,33594355,current-program,2021,SARS-CoV-2 European resurgence foretold: interplay of introductions and persistence by leveraging genomic and mobility data.,,,candidate relevance plus virus/pathogen/assay support,normalized,6112,maybe,"virus context appears stronger in body than title/abstract; possible mechanistic paper to inspect: virus, sars-cov-2, sars, covid-19, pathway, pathways",virus;sars-cov-2;sars;covid-19,sars-cov-2;sars;covid-19,,virus;viral;coronavirus;sars-cov-2;sars;covid-19,pathway;pathways;network,,,,,,"thods ). Although estimates for individual dispersal between pairs of countries can also be obtained ( Extended Data Figure 3 ), we remain cautious in interpreting these as direct pathways of spread because the genome sampling only covers a restricted set of European countries. The mobility to/from each country within our 10-country sample covers between 64% and 96% of the mobility to/from all countries within Europe ( Extended Data Table 2 ), except for Norway (27%), for which other Scandinavia"
pmid-33780443,33780443,current-program,2021,Pandemic velocity: Forecasting COVID-19 in the US with a machine learning & Bayesian time series compartmental model.,,,candidate relevance plus virus/pathogen/assay support,normalized,6083,maybe,"virus context appears stronger in body than title/abstract; possible mechanistic paper to inspect: virus, covid-19, interaction, interactions, network",virus;covid-19,covid-19,,virus;viral;influenza;sars-cov-2;sars;covid-19,interaction;interactions;network,,,,,,"els for each quantity. A number of agent-based COVID-19 models have been developed or adapted from influenza pandemic models to simulate the individuals of a population and their interactions [ 64 – 68 ]. This provides a mechanism for modelling interventions that target contacts between individuals and does not assume the population exists in homogeneous compartments as compartmental models generally do, but also requires a number of assumptions regarding the behavior and interactions within a"
pmid-35767652,35767652,current-program,2022,Antibody Fc characteristics and effector functions correlate with protection from symptomatic dengue virus type 3 infection.,,,candidate relevance plus virus/pathogen/assay support,normalized,6079,maybe,"virus context appears stronger in body than title/abstract; possible mechanistic paper to inspect: virus, dengue, pathway, pathways, screen, replication",virus;dengue,dengue,,virus;viral;dengue;zika;yellow fever virus,pathway;pathways;screen;replication;macrophage;network,,kidney,candida,,,"s in vitro and in animal studies, including by preventing ADE, improving neutralization potential, and increasing IgG avidity ( 27 , 43 – 45 ). Although the alternative and lectin pathways have also been implicated in protection or immunopathogenesis in dengue disease ( 46 – 49 ), we show here the protective role of the classical complement cascade. The main limitations of our study were related to sample size and volume. We initially selected well-characterized pre-DENV3 infection samples for"
pmid-30921383,30921383,current-program,2019,"A medical records and data capture and management system for Lassa fever in Sierra Leone: Approach, implementation, and challenges.",CViSB,Donald S Grant;Robert Garry,candidate relevance plus virus/pathogen/assay support,normalized,6070,maybe,"virus-focused title/abstract with some host-mechanism signal: ebola, screen",virus;viral;ebola,ebola,screen,virus;viral;hiv;ebola,interaction;interactions;screen;network,,,,,,"300,000 infections and 5,000 deaths annually [ 6 , 7 ]. Lassa infections most commonly arise in poor, rural areas, partly due to insufficient food storage practices and increased interaction between humans and animals found in such areas. Some of the world’s highest observed Lassa fever infection rates are found in Sierra Leone’s Kenema District that is located in its Eastern Province near its south Liberian border ( Fig 1 ; [ 8 , 9 ]). Kenema Government Hospital (KGH) lies in the central part"
pmid-35073738,35073738,current-program,2022,Serological Markers of SARS-CoV-2 Reinfection.,,,candidate relevance plus virus/pathogen/assay support,normalized,6068,maybe,"virus context appears stronger in body than title/abstract; possible mechanistic paper to inspect: virus, sars-cov-2, sars, screen, replication, network",virus;sars-cov-2;sars,sars-cov-2;sars,,virus;viral;coronavirus;sars-cov-2;sars,screen;replication;network,,tumor,,,,"g testing or focused vaccine boosting campaigns. Thus, our ability to monitor and control both infection and reinfection hinges on the development of simple, immunologically sound screening strategies capable of reliably monitoring reinfection with both novel and recirculating strains. A rise in pathogen-specific antibody titers has been used as a biomarker of response to therapy or infection ( 12 ). Given the ease and specificity of antibody diagnostics, here we deeply profiled the changes in"
pmid-20140252,20140252,pi-backlog,2010,Complete-proteome mapping of human influenza A adaptive mutations: implications for human transmissibility of zoonotic strains.,SYBIL,Adolfo Garcia-Sastre,explicit cross-virus or shared-host framing in title/abstract,normalized,6046,maybe,"virus context appears stronger in body than title/abstract; possible mechanistic paper to inspect: virus, influenza, host factor, host factors, pathway, pathways",virus;influenza,influenza;h1n1;h5n1,,virus;viral;influenza,host factor;host factors;pathway;pathways;interaction;interactions;dependency;replication,host adaptation,,candida,,,"othesis that human influenza A evolved from an avian Allele A lineage [22] . Comparisons restricted to Allele A sequences are therefore more likely to identify mutations caused by host adaptation rather than lineage difference. H2H sequences were compared against the Allele A subset of A2A sequences, and only characteristic sites that met our selection criteria in this comparison were selected for our final catalogue. To analyze adaptation signatures for different virus groups, we also collecte"
pmid-37443074,37443074,current-program,2023,Waning and boosting of antibody Fc-effector functions upon SARS-CoV-2 vaccination.,SYBIL,Ryan McNamara;Rafael Medina,candidate relevance plus virus/pathogen/assay support,cached_normalized,6023,maybe,"virus context appears stronger in body than title/abstract; possible mechanistic paper to inspect: virus, sars-cov-2, sars, covid-19, screen, macrophage",virus;sars-cov-2;sars;covid-19,sars-cov-2;sars;covid-19,,virus;viral;influenza;coronavirus;sars-cov-2;sars;covid-19;ebola,screen;macrophage;network,,,,,,"t a 1:1000 dilution. After 1 h of incubation, the excessive secondary reagent was removed by washing, and the relative antibody concentration per antigen was determined on an IQue Screener PLUS cytometer (IntelliCyt). For all the antibody-mediated functional assays performed in this study, only two antigens, SARS-CoV-2 WT Spike (Sino Biological, 40589-V08H4) and SARS-CoV-2 Omicron Variant S (Sino Biological, 40589-V08H26) were used as discussed in detail below. All samples were assayed in techni"
pmid-35348368,35348368,current-program,2022,mRNA-1273 and BNT162b2 COVID-19 vaccines elicit antibodies with differences in Fc-mediated effector functions.,,,candidate relevance plus virus/pathogen/assay support,normalized,5990,maybe,"virus context appears stronger in body than title/abstract; possible mechanistic paper to inspect: virus, viral, coronavirus, sars-cov-2, sars, covid-19",virus;viral;coronavirus;sars-cov-2;sars;covid-19,coronavirus;sars-cov-2;sars;covid-19,,virus;viral;influenza;coronavirus;sars-cov-2;sars;covid-19;hiv;ebola,macrophage;network,,,,,,"il phagocytosis (ADNP) activity and antibody dependent natural killer (NK) cell activation (ADNKA) measured by degranulation (CD107a expression), interferon (IFN)-γ secretion, and macrophage inflammatory protein 1β (MIP1-β) secretion (p = 0.051, 0.14,1 0.118 and 0.111 for ADNP and ADNKA CD107a, IFNγ, and MIP1β respectively) ( Fig. 1C and data file S2). Vaccine-specific signatures were further identified using multivariate analysis. Multivariate approaches evaluate the classification accuracy of"
pmid-29268608,29268608,pi-backlog,2018,Broad Spectrum Inhibitor of Influenza A and B Viruses Targeting the Viral Nucleoprotein.,SYBIL,Adolfo Garcia-Sastre,"viral context plus mechanism/resource terms: virus, viral, influenza, screen",normalized,5982,maybe,"virus-focused paper with broad-spectrum or cross-virus language, but mainly therapeutic/clinical framing: broad-spectrum, inhibitor, influenza",virus;viral;influenza,influenza,screen;replication,virus;viral;influenza,interaction;screen;replication;alveolar;epithelial,broad-spectrum,kidney,candida,,inhibitor,"le S119 parent hit molecule. We plan to expand this SAR and will report on our progress in future manuscripts. Of these analogs, S119–8 demonstrated that it had acquired enhanced broad-spectrum activity ( Figure 7 , Table 2 ) with improved calculated physical properties (i.e., lower c LogP: 5.95), while maintaining significant potency (IC 50 = 1.43 μ M) at nontoxic (50% cytotoxic concentration, CC 50 = 66.10 μ M) concentrations, albeit somewhat higher (7-fold) than that of the parent S119 again"
pmid-33600379,33600379,current-program,2021,Aging imparts cell-autonomous dysfunction to regulatory T cells during recovery from influenza pneumonia.,,,candidate relevance plus virus/pathogen/assay support,normalized,5979,maybe,"virus context appears stronger in body than title/abstract; possible mechanistic paper to inspect: virus, viral, influenza, coronavirus, sars-cov-2, sars",virus;viral;influenza;coronavirus;sars-cov-2;sars,influenza;coronavirus;sars-cov-2;sars,,virus;viral;influenza;coronavirus;sars-cov-2;sars;covid-19,pathway;pathways;transcriptomics;alveolar;epithelial;network,,,,,,"ients with viral ARDS. Thus, we focused our experimental design on the late stages of recovery from influenza infection with the goal of investigating potentially novel reparative pathways that could be leveraged to enhance lung resilience to viral pneumonia in older hosts. Both influenza A virus– and SARS-CoV-2–induced lung injury disproportionately affect the elderly, who comprise the greatest proportion of infection-related deaths ( 1 , 3 , 32 , 33 ). Here, we found that similar to human epid"
pmid-32785687,32785687,hpmi,2020,Crippling life support for SARS-CoV-2 and other viruses through synthetic lethality.,HPMI,,candidate relevance plus virus/pathogen/assay support,normalized,5961,maybe,"virus context appears stronger in body than title/abstract; possible mechanistic paper to inspect: virus, viral, sars-cov-2, sars, host factor, host factors",virus;viral;sars-cov-2;sars,sars-cov-2;sars,,virus;viral;influenza;coronavirus;sars-cov-2;sars;covid-19;hiv;dengue;zika;ebola,host factor;host factors;host response;pathway;pathways;interaction;interactions;protein interaction;screen;crispr;dependency;replication;network,broad-spectrum;species barriers,cancer;breast cancer,candida,,,"ative polymerases, whether RNA-dependent RNA polymerases or reverse transcriptases ( De Clercq, 2009 ; Hoofnagle, 2012 ). Remdesivir is a nucleoside triphosphate analogue that has broad-spectrum activities against RNA viruses such as Ebola, MERS, and SARS-CoV-1 in cell culture and animal models. It has recently been shown to shorten the recovery time of hospitalized COVID-19 patients ( Beigel et al., 2020 ; Ferner and Aronson, 2020 ; Li and De Clercq, 2020 ; Scavone et al., 2020 ). Protease inhi"
pmid-35215907,35215907,pi-backlog,2022,Human SUMOylation Pathway Is Critical for Influenza B Virus.,SYBIL,Adolfo Garcia-Sastre,"viral context plus mechanism/resource terms: virus, viral, influenza, pathway, host factor",normalized,5906,maybe,"virus-focused paper with broad-spectrum or cross-virus language, but mainly therapeutic/clinical framing: broad-spectrum, inhibitor, influenza",virus;viral;influenza,influenza,host factor;pathway;pathways;screen,virus;viral;influenza;coronavirus;sars-cov-2;sars;covid-19;hiv;ebola,host factor;host factors;pathway;pathways;interaction;interactions;screen;crispr;replication,broad-spectrum,cancer;leukemia;kidney,bacterial,,inhibitor,"hogen to humans, viruses must engage host factors for their infection and replication, and therapeutics targeting host–virus interactions could present a potentially effective and broad-spectrum treatment modality for viral infections, such as IAV/IBV. Among the interactions of viruses and humans, a post-translation modification (PTM), the SUMOylation, is unique in several aspects. Several genome-wide siRNA or CRISPR screenings have identified that SUMOylation enzyme inhibition or gene knockout"
pmid-29624387,29624387,pi-backlog,2018,Computer-Aided Discovery and Characterization of Novel Ebola Virus Inhibitors.,SYBIL,Adolfo Garcia-Sastre,"viral context plus mechanism/resource terms: virus, screen",normalized,5856,maybe,"virus-focused title/abstract with some host-mechanism signal: ebola, screen",virus;viral;ebola,ebola,screen,virus;viral;ebola,host factor;host factors;pathway;interaction;interactions;screen;replication,,cancer,candida,,inhibitor,"e surface of host cell, and the virus enters through micropinocytosis and endocytosis. Although a cell surface receptor and a few other components are still not clear, several key host factors including cathepsin B/L in the endosome 14 and Niemann Pick C1 protein (NPC1) in the lysosome have been reported as regulators of EBOV entry. 15 , 16 The chemical biology and anti-Ebola MOAs of the 14 experimentally validated hits were evaluated for interactions with both host and viral targets. In additi"
pmid-25984567,25984567,pi-backlog,2015,A Potent Anti-influenza Compound Blocks Fusion through Stabilization of the Prefusion Conformation of the Hemagglutinin Protein.,SYBIL,Adolfo Garcia-Sastre,"viral context plus mechanism/resource terms: virus, viral, influenza, interaction, screen",normalized,5842,maybe,"virus-focused paper with broad-spectrum or cross-virus language, but mainly therapeutic/clinical framing: broad-spectrum, inhibitor, influenza, h1n1, h5n1",virus;viral;influenza,influenza;h1n1;h5n1,interaction;screen;replication,virus;viral;influenza;hiv,interaction;interactions;screen;replication;alveolar;epithelial,broad-spectrum,kidney,candida,,inhibitor,"veness ensured that multicycle replication was occurring in our assay and that inhibitors of the release step, as well as all prior steps, could be detected. Ribavirin, which is a broad-spectrum inhibitor of RNA viruses and targets polymerase function, showed an even larger window of inhibition because it targets an earlier step in the life cycle. The screen assay was determined to have a Z ′ factor between 0.4 and 0.6, a CV ranging from 10 to 20%, and a signal window of 5–7-fold, indicating tha"
pmid-39969084,39969084,hpmi,2025,Torsional twist of the SARS-CoV and SARS-CoV-2 SUD-N and SUD-M domains.,HPMI,,explicit cross-virus/shared-host signal,cached_normalized,5822,maybe,"virus-focused title/abstract with some host-mechanism signal: coronavirus, sars-cov-2, sars, replication",virus;viral;coronavirus;sars-cov-2;sars,coronavirus;sars-cov-2;sars,replication,virus;viral;coronavirus;sars-cov-2;sars,replication,,,,,,
pmid-34578352,34578352,current-program,2021,Zika Virus Non-Structural Protein 1 Antigen-Capture Immunoassay.,CViSB,Kristian Andersen;Robert Garry,candidate relevance plus virus/pathogen/assay support,normalized,5812,maybe,"virus context appears stronger in body than title/abstract; possible mechanistic paper to inspect: virus, dengue, zika, yellow fever virus, interaction, interactions",virus;dengue;zika;yellow fever virus,dengue;zika;yellow fever virus;flavivirus,,virus;dengue;zika;yellow fever virus,interaction;interactions;protein interaction;screen;replication,,uveitis,,,,"227–229. Both mutant NS1 proteins bound serum IgM more readily in the Dominican Republic samples compared to wild-type NS1 ( Figure 3 , Table S3 ). Differences in protein–protein interactions or other structural changes in the mutant proteins could account for the differential antibody binding compared to wild-type NS1. As a large volume of goat serum would be required to produce antigen-capture ELISA in sufficient amounts for the current and future studies sera from two goats immunized with e"
pmid-38961189,38961189,hpmi,2024,NF-κB inhibitor alpha controls SARS-CoV-2 infection in ACE2-overexpressing human airway organoids.,HPMI,,candidate relevance plus virus/pathogen/assay support,cached_normalized,5788,maybe,"virus-focused title/abstract with some host-mechanism signal: sars-cov-2, sars, replication",viral;sars-cov-2;sars,sars-cov-2;sars,replication,viral;sars-cov-2;sars,replication,,,,,inhibitor,
pmid-31720009,31720009,current-program,2019,Divergence dating using mixed effects clock modelling: An application to HIV-1.,,,candidate relevance plus virus/pathogen/assay support,normalized,5753,maybe,"virus context appears stronger in body than title/abstract; possible mechanistic paper to inspect: viral, hiv, screen, replication",viral;hiv,hiv,,virus;viral;influenza;hiv,screen;replication,,,,,,"tering step (removing multiple genomes per patient, duplicates, unusually divergent genomes, cultured viruses, and outliers in a root-to-tip divergence analysis) and recombination screening. The sequences were aligned using MAFFT ( Katoh, Asimenos, and Toh 2009 ) and the resulting sequence alignment was manually edited, taking care to maintain the reading frames in coding genes. We investigated temporal signal in this data by plotting root-to-tip divergence as a function of sampling time using T"
pmid-34192736,34192736,current-program,2021,Untangling introductions and persistence in COVID-19 resurgence in Europe.,,,candidate relevance plus virus/pathogen/assay support,normalized,5732,maybe,"virus context appears stronger in body than title/abstract; possible mechanistic paper to inspect: virus, viral, sars-cov-2, sars, covid-19, pathway",virus;viral;sars-cov-2;sars;covid-19,sars-cov-2;sars;covid-19,,virus;viral;influenza;sars-cov-2;sars;covid-19;ebola,pathway;pathways;network,,,,,,"thods ). Although estimates for individual dispersal between pairs of countries can also be obtained ( Extended Data Figure 2 ), we remain cautious in interpreting these as direct pathways of spread because the genome sampling only covers a restricted set of European countries. The mobility to/from each country within our 10-country sample covers between 64% and 96% of the mobility of these countries to/from all countries within Europe ( Extended Data Table 3 , Extended Data Figure 3 ), except f"
pmid-32407507,32407507,current-program,2020,"Genomic Epidemiology, Evolution, and Transmission Dynamics of Porcine Deltacoronavirus.",,,candidate relevance plus virus/pathogen/assay support,normalized,5688,maybe,"virus context appears stronger in body than title/abstract; possible mechanistic paper to inspect: virus, coronavirus, sars-cov-2, sars, pathway, interaction",virus;coronavirus;sars-cov-2;sars,coronavirus;sars-cov-2;sars,,virus;viral;influenza;coronavirus;sars-cov-2;sars;covid-19,pathway;interaction;screen;replication;network,species barriers,,,,,"iratory syndrome (SARS)-CoV and Middle East respiratory syndrome coronavirus (MERS)-CoV ( Drosten et al. 2003 ; Zaki et al. 2012 ), which are well-known for their ability to cross-species barriers and cause lethal respiratory infections in humans. In addition, HCoV-HKU1, HCoV-229E, HCoV-NL63, and HCoV-OC43 are not only endemic in humans but also of zoonotic origin ( Corman et al. 2015 , 2016 ; Su et al. 2016 ; Tao et al. 2017 ). Of note, the recent outbreak of Corona virus Disease 2019 (COVID-19"
pmid-36897778,36897778,pi-backlog,2023,The lysine methyltransferase SMYD5 amplifies HIV-1 transcription and is post-transcriptionally upregulated by Tat and USP11.,HPMI,Melanie Ott,"viral context plus mechanism/resource terms: viral, hiv, host factor",cached_normalized,5685,maybe,"virus-focused title/abstract with some host-mechanism signal: hiv, host factor",viral;hiv,hiv,host factor,virus;viral;hiv,host factor;interaction;interactions;interactome;screen;crispr;dependency;restriction factor;macrophage,,cancer;tumor,,,,", methylates Tat, thereby possibly contributing to activation of HIV-1 transcription ( Figure 7 ). Because SMYD5 mostly binds to the activated promoter, we propose that SMYD5 is a host factor critically amplifying HIV-1 latency reversal in activated T cells and, therefore, a target for silencing-promoting therapies. The finding that SMYD5 is a coactivator of HIV-1 transcription was unexpected because Kidder et al. demonstrated SMYD5’s corepressor role in mESCs; they found SMYD5 enriched at long"
pmid-38940448,38940448,current-program,2024,"Dispersal history of SARS-CoV-2 in Galicia, Spain.",,,candidate relevance plus virus/pathogen/assay support,cached_normalized,5683,maybe,"virus context appears stronger in body than title/abstract; possible mechanistic paper to inspect: virus, viral, sars-cov-2, sars, interaction, interactions",virus;viral;sars-cov-2;sars,sars-cov-2;sars,,virus;viral;coronavirus;sars-cov-2;sars;covid-19,interaction;interactions;network,,,,,,"e Alpha variant of concern (VOC) entered Galicia and Spain during a third wave, proliferating alongside pre-existing variants. This surge was presumably fueled by increased social interactions over the Christmas period, despite the implementation of several containment strategies. The fourth wave was primarily dominated by the Alpha variant but also saw non-pervasive introductions of other VOCs, such as Beta and Gamma. This period coincided with the initiation of the vaccination campaign and th"
pmid-38463998,38463998,current-program,2024,"Dispersal history of SARS-CoV-2 in Galicia, Spain.",,,candidate relevance plus virus/pathogen/assay support,cached_normalized,5681,maybe,"virus context appears stronger in body than title/abstract; possible mechanistic paper to inspect: virus, viral, sars-cov-2, sars, interaction, interactions",virus;viral;sars-cov-2;sars,sars-cov-2;sars,,virus;viral;coronavirus;sars-cov-2;sars;covid-19,interaction;interactions;network,,,,,,"e Alpha variant of concern (VOC) entered Galicia and Spain during a third wave, proliferating alongside pre-existing variants. This surge was presumably fueled by increased social interactions over the Christmas period, despite the implementation of several containment strategies. The fourth wave was primarily dominated by the Alpha variant but also saw non-pervasive introductions of other VOCs, such as Beta and Gamma. This period coincided with the initiation of the vaccination campaign and th"
pmid-35128980,35128980,pi-backlog,2022,Modeling SARS-CoV-2: Comparative Pathology in Rhesus Macaque and Golden Syrian Hamster Models.,SYBIL,Adolfo Garcia-Sastre;Michael Schotsaert,explicit cross-virus or shared-host framing in title/abstract,normalized,5604,maybe,"virus context appears stronger in body than title/abstract; possible mechanistic paper to inspect: virus, viral, coronavirus, sars-cov-2, sars, covid-19",virus;viral;coronavirus;sars-cov-2;sars;covid-19,coronavirus;sars-cov-2;sars;covid-19,,virus;viral;influenza;coronavirus;sars-cov-2;sars;covid-19,pathway;replication;macrophage;alveolar;epithelial,,kidney,bacterial,,,"n subsequent breaks and leaks. 37 , 38 Another potential route for viral entry into the brain following intranasal inoculation could be through the olfactory nerve that provides a pathway between the olfactory bulb, located near the nasal cavity, and the brain; however, a recent review suggests a weak case for infection through this route. 40 There are little data on SARS-CoV-2-related encephalitis in nonhuman primates. A few studies reported SARS-CoV-2 infection in macaque brains by PCR. SARS-C"
pmid-36823332,36823332,current-program,2023,Outbreak.info genomic reports: scalable and dynamic surveillance of SARS-CoV-2 variants and mutations.,CViSB,Kristian Andersen,candidate relevance plus virus/pathogen/assay support,normalized,5568,maybe,"virus context appears stronger in body than title/abstract; possible mechanistic paper to inspect: virus, sars-cov-2, sars, screen, immune evasion",virus;sars-cov-2;sars,sars-cov-2;sars,,virus;viral;coronavirus;sars-cov-2;sars;covid-19,screen;immune evasion,,ovarian,,,,"and mask data when there are very few data points available. Sampling strategies for sequencing could also bias the prevalence of a given variant. For example, samples that are prescreened for variants such as B.1.1.7 (Alpha) or BA.1 (Omicron) that show S gene dropout on a widely used qPCR assay could artificially inflate the prevalence of these variants. Efforts to investigate specific outbreaks within a location or preferentially sampling individuals based on their travel history could also bi"
pmid-33532801,33532801,current-program,2021,Immune response to SARS-CoV-2 in the nasal mucosa in children and adults.,,,candidate relevance plus virus/pathogen/assay support,normalized,5564,maybe,"virus-focused title/abstract with some host-mechanism signal: influenza, sars-cov-2, sars, rsv, host response",virus;viral;influenza;sars-cov-2;sars;rsv,influenza;sars-cov-2;sars;rsv,host response,virus;viral;influenza;coronavirus;sars-cov-2;sars;covid-19;rsv,host response;pathway;pathways;interaction;interactions;transcriptomics;screen;replication;epithelial;network,,,bacterial;fungal,,,"from COVID-19 in children is not due to age-related differences in infectivity ( 13 – 16 ). As there are important differences between the pediatric and adult immune systems, the host response to SARS-CoV-2 could explain the observed differences in n children and adults’ clinical phenotypes. The primary host response to viral infection is antiviral interferon signaling to limit viral replication, recruit immune cells, and clear infected cells ( 17 ). However, some viruses have developed strateg"
pmid-31959425,31959425,pi-backlog,2020,Activity of human serum antibodies in an influenza virus hemagglutinin stalk-based ADCC reporter assay correlates with activity in a CD107a degranulation assay.,SYBIL,Adolfo Garcia-Sastre,"viral context plus mechanism/resource terms: virus, influenza, interaction",normalized,5437,maybe,"virus-focused title/abstract with some host-mechanism signal: influenza, interaction",virus;influenza,influenza,interaction,virus;influenza,pathway;interaction;interactions;screen;macrophage,,kidney,candida,,,"lation or the killing of the target cells, according to the manufacturer, this setup uses the activation of gene transcription through NFAT, an earlier point in an ADCC activation pathway, to provide a readout [ 36 ]. The reporter bioassay can be easily optimized according to the specific needs of a study (target cell type, cell numbers, incubation times, etc.) and once the optimization process is completed, it shows high stability ( Supplemental Figure 4 ). Here we set out to assess if there i"
pmid-37833243,37833243,pi-backlog,2024,A community effort in SARS-CoV-2 drug discovery.,SYBIL,Adolfo Garcia-Sastre,"viral context plus mechanism/resource terms: viral, sars, screen",cached_normalized,5430,maybe,"virus-focused title/abstract with some host-mechanism signal: sars-cov-2, sars, covid-19, screen",viral;sars-cov-2;sars;covid-19,sars-cov-2;sars;covid-19,screen,viral;sars-cov-2;sars;covid-19,screen,,,,,inhibitor;drug discovery,
pmid-33097660,33097660,hpmi,2020,SARS-CoV-2 Orf6 hijacks Nup98 to block STAT nuclear import and antagonize interferon signaling.,HPMI,,candidate relevance plus virus/pathogen/assay support,normalized,5387,maybe,"virus-focused title/abstract with some host-mechanism signal: sars-cov-2, sars, pathway",virus;viral;sars-cov-2;sars,sars-cov-2;sars,pathway,virus;viral;coronavirus;sars-cov-2;sars;covid-19;ebola,host factor;host factors;pathway;pathways;interaction;interactions;screen;replication;epithelial;network,,,,,,"0 , 21 ). Our data demonstrate that SARS-CoV-2 infection only marginally impairs STAT1 and STAT2 phosphorylation ( Fig. 2 C – E ), suggesting that the virus is primarily targeting host factors that are more downstream in the pathway to block IFN signaling. Whether SARS-CoV-2 nsp1 is responsible for the observed decrease in STAT1 phosphorylation remains to be determined. However, in agreement with recent reports ( 23 , 24 ), we found that ectopic expression of the SARS-COV-2 accessory protein Orf"
pmid-41157585,41157585,current-program,2025,Intra-Host Evolution of SARS-CoV-2 During Persistent Infection of Pediatric COVID-19 Patients.,,,candidate relevance plus virus/pathogen/assay support,cached_normalized,5359,maybe,"virus-focused title/abstract with some host-mechanism signal: coronavirus, sars-cov-2, sars, covid-19, replication",virus;viral;coronavirus;sars-cov-2;sars;covid-19,coronavirus;sars-cov-2;sars;covid-19,replication,virus;viral;coronavirus;sars-cov-2;sars;covid-19,replication,,,,,,
pmid-39179693,39179693,current-program,2024,Evolution of SARS-CoV-2 in the murine central nervous system drives viral diversification.,,,candidate relevance plus virus/pathogen/assay support,cached_normalized,5284,maybe,"virus context appears stronger in body than title/abstract; possible mechanistic paper to inspect: virus, viral, sars-cov-2, sars, covid-19, host factor",virus;viral;sars-cov-2;sars;covid-19,sars-cov-2;sars;covid-19,,virus;viral;coronavirus;sars-cov-2;sars;covid-19;hiv,host factor;host factors;pathway;interaction;immune evasion;replication;epithelial;network,,kidney,,,,"pathologies including neurological post-acute sequelae, acute kidney injury, gastrointestinal distress, myocarditis, thromboembolism, and acro-cutaneous lesions 5 . The viral and host factors which contribute to these extrapulmonary pathologies are not well understood. SARS-CoV-2 entry into a host cell is mediated by the viral spike glycoprotein (S). S is produced as a full-length immature form before it undergoes proteolytic cleavage and maturation. S is cleaved into the S1/S2 subunits by fur"
pmid-34652962,34652962,current-program,2021,Early cross-coronavirus reactive signatures of humoral immunity against COVID-19.,,,candidate relevance plus virus/pathogen/assay support,normalized,5116,maybe,"virus context appears stronger in body than title/abstract; possible mechanistic paper to inspect: virus, coronavirus, sars-cov-2, sars, covid-19, interaction",virus;coronavirus;sars-cov-2;sars;covid-19,coronavirus;sars-cov-2;sars;covid-19,,virus;viral;influenza;coronavirus;sars-cov-2;sars;covid-19,interaction;interactions,,kidney;diabetes,,,,"ctivity ( 14 ). However, many of these studies probed the humoral immune response several days to weeks after symptom onset. Thus, to gain insights into the earliest host-pathogen interactions that may underline differences in disease trajectory, we profiled a cohort of acutely ill patients with COVID-19. A total of 217 patients with confirmed SARS-CoV-2 infection by nasopharyngeal polymerase chain reaction (PCR) were collected at the time of admission through the Emergency Department (ED) at ab"
pmid-33929301,33929301,current-program,2021,Nucleic Acid-based Testing for Noninfluenza Viral Pathogens in Adults with Suspected Community-acquired Pneumonia. An Official American Thoracic Society Clinical Practice Guideline.,SCRIPT,Richard Wunderink,candidate relevance plus virus/pathogen/assay support,normalized,5111,maybe,virus-focused review/perspective that may help background framing: review,virus;viral;influenza;coronavirus;sars-cov-2;sars,influenza;coronavirus;sars-cov-2;sars,,virus;viral;influenza;coronavirus;sars-cov-2;sars;covid-19;hiv;rsv,,,cancer,mycobacter;tuberculosis;legionella;bacterial;bacterium;fungal;candida,,,e nucleic acid–based testing of respiratory samples for viral pathogens other than influenza? Rationale for Suggestion to Not Routinely Perform Multiplex Testing for Noninfluenza Viruses in Patients with Suspected CAP Rationale for Suggestion for Routine Testing in CAP in Certain Hospitalized Patients Additional Considerations Impact on Antiviral Agent Use Nonviral Target Pathogens Research Needs Conclusions Community-acquired pneumonia (CAP) is a heterogeneous illness caused by a wide ra
pmid-33510473,33510473,pi-backlog,2021,Zika virus NS3 protease induces bone morphogenetic protein-dependent brain calcification in human fetuses.,SYBIL,Adolfo Garcia-Sastre,"viral context plus mechanism/resource terms: virus, zika, pathway",normalized,5088,maybe,"virus-focused title/abstract with some host-mechanism signal: zika, pathway",virus;zika,zika,pathway,virus;viral;hiv;dengue;zika,pathway;replication,,,bacterial,,,"ly replicated in fetal pericytes causing high cell death, whereas Asian ZIKV strain persistently replicated in fetal pericytes with low cell death. BMP-mediated osteogenic signal pathway has been shown to contribute to calcifications 17 , 21 – 24 . Infection of fetal pericytes with ZIKV-H/PF/2013 led to an increase of secreted mature BMP2 in the supernatants, but not in that of mock or ZIKV-MR766-infected pericytes ( Fig. 2d ). In addition, infection of fetal pericytes with ZIKV-H/PF/2013 induc"
pmid-19454348,19454348,pi-backlog,2009,Influenza A virus NS1 targets the ubiquitin ligase TRIM25 to evade recognition by the host viral RNA sensor RIG-I.,SYBIL,Adolfo Garcia-Sastre,"viral context plus mechanism/resource terms: virus, viral, influenza, interaction",normalized,5041,maybe,"virus-focused title/abstract with some host-mechanism signal: influenza, interaction",virus;viral;influenza,influenza,interaction,virus;viral;influenza;hiv;ebola,pathway;interaction;interactions;protein interaction;restriction factor;immune evasion;replication;epithelial,,leukemia,bacterial,,,"Stremlau et al., 2004 ). TRIM25 has recently been shown to induce Lys 63-linked ubiquitination of the N-terminal CARDs of RIG-I, which is crucial for the cytosolic RIG-I signaling pathway to elicit host anti-viral innate immunity ( Gack et al., 2007 ). Specifically, TRIM25 interacts with the 1 st CARD of RIG-I, and this interaction effectively delivers the Lys 63-linked ubiquitin moiety to the 2 nd CARD of RIG-I, leading to efficient interaction with MAVS/VISA/IPS-1/Cardif. Additionally, a splic"
pmid-34494026,34494026,current-program,2021,Subtle immunological differences in mRNA-1273 and BNT162b2 COVID-19 vaccine induced Fc-functional profiles.,,,candidate relevance plus virus/pathogen/assay support,normalized,5005,maybe,"virus context appears stronger in body than title/abstract; possible mechanistic paper to inspect: viral, sars-cov-2, sars, covid-19, interaction, interactions",viral;sars-cov-2;sars;covid-19,sars-cov-2;sars;covid-19,,virus;viral;influenza;sars-cov-2;sars;covid-19;hiv;ebola,interaction;interactions;network,,,,,,"le in enhancing binding to ACE2. Given that neutralizing antibodies target these same sites, aimed at occluding ACE2-access, or aimed at compromising RBD-structure to prevent ACE2-interactions, these same mutations inadvertently compromise neutralizing antibody activity. Conversely, Fc-functional antibodies can target the whole surface of the Spike antigen, and thus are not compromised in the same manner as neutralizing antibodies by individual or clusters of mutations found to alter ACE2-bindin"
pmid-27572970,27572970,pi-backlog,2016,Influenza virus mRNA trafficking through host nuclear speckles.,SYBIL,Adolfo Garcia-Sastre,"viral context plus mechanism/resource terms: virus, viral, influenza, pathway",normalized,4999,maybe,"virus-focused title/abstract with some host-mechanism signal: influenza, pathway",virus;viral;influenza,influenza,pathway,virus;viral;influenza,pathway;pathways;interaction;interactions;protein interaction;screen;replication;epithelial,,,,,,"ry Fig. 1c ). In contrast to M1 mRNA, NS mRNA was not enriched at nuclear speckles ( Supplementary Fig. 1c ). This may indicate a major difference between M and NS mRNA biogenesis pathways and that M mRNA specifically utilizes nuclear speckles for RNA processing. To investigate if the viral M1 mRNA is actively spliced at nuclear speckles, we generated M1 and M2 probes that specifically label the unspliced M1 mRNA and the spliced M2 mRNA, respectively ( Fig. 2a and Supplementary Fig. 2a–e ). We t"
pmid-32359479,32359479,current-program,2020,"COVID-19: Epidemiology, Evolution, and Cross-Disciplinary Perspectives.",,,candidate relevance plus virus/pathogen/assay support,normalized,4997,maybe,virus-focused review/perspective that may help background framing: perspective,virus;viral;coronavirus;sars;covid-19,coronavirus;sars;covid-19,,virus;viral;influenza;coronavirus;sars-cov-2;sars;covid-19;hiv,interaction;interactions;screen;replication;network,,diabetes,,,,"animals or pets? From surveillance and evolutionary studies on animal viruses, can their zoonotic potential be identified before interspecies transmission occurs? What are the key interactions between the spike protein (S) of 2019-nCoV and its receptor angiotensin-converting enzyme 2 (ACE 2)? Which amino acids in ACE2 determine whether S can bind? Is efficient binding to ACE2 the only determinant that decides whether an animal species can be infected? Is expression of the trans-membrane protease"
pmid-37790412,37790412,current-program,2023,SARS-CoV-2 Bottlenecks and Tissue-Specific Adaptation in the Central Nervous System.,,,candidate relevance plus virus/pathogen/assay support,cached_normalized,4966,maybe,"virus context appears stronger in body than title/abstract; possible mechanistic paper to inspect: virus, viral, sars-cov-2, sars, covid-19, host factor",virus;viral;sars-cov-2;sars;covid-19,sars-cov-2;sars;covid-19,,virus;viral;coronavirus;sars-cov-2;sars;covid-19;hiv,host factor;host factors;pathway;interaction;immune evasion;replication;epithelial;network,,kidney,,,,"ological post-acute sequelae (Long-COVID or neuro-PASC), acute kidney injury, gastrointestinal distress, myocarditis, thromboembolism, and acro-cutaneous lesions 5 . The viral and host factors which contribute to these extrapulmonary pathologies are not well understood. SARS-CoV-2 entry into a host cell is mediated by the viral spike glycoprotein (S). S is produced as a full-length immature form before it undergoes proteolytic cleavage and maturation. S is cleaved into the S1/S2 subunits by fur"
pmid-39185168,39185168,pi-backlog,2024,Torsional Twist of the SARS-CoV and SARS-CoV-2 SUD-N and SUD-M domains.,HPMI,Melanie Ott,explicit cross-virus or shared-host framing in title/abstract,cached_normalized,4934,maybe,"virus-focused title/abstract with some host-mechanism signal: coronavirus, sars-cov-2, sars, replication",virus;viral;coronavirus;sars-cov-2;sars,coronavirus;sars-cov-2;sars,replication,virus;viral;coronavirus;sars-cov-2;sars,replication,,,,,,
pmid-37891657,37891657,current-program,2023,Resurgence of SARS-CoV-2 Delta after Omicron variant superinfection in an immunocompromised pediatric patient.,,,candidate relevance plus virus/pathogen/assay support,cached_normalized,4921,maybe,"virus context appears stronger in body than title/abstract; possible mechanistic paper to inspect: viral, sars-cov-2, sars, covid-19, pathway, screen",viral;sars-cov-2;sars;covid-19,sars-cov-2;sars;covid-19,,virus;viral;coronavirus;sars-cov-2;sars;covid-19,pathway;screen;immune evasion;replication;network,,,,,,"infection. For example, hydrocortisone has been shown to increase TMPRSS2 expression in vivo [ 51 ]. Given the preference of the Delta Spike protein for the TMPRSS2-mediated entry pathway, a change in hydrocortisone dosage could potentially provide a fitness advantage to Delta over Omicron viruses in the context of an already immunocompromised host. Nevertheless, this correlation remains hypothetical, and more research will be required to elucidate the impact of treatments in the context of supe"
pmid-33905777,33905777,current-program,2021,Comprehensive evaluation of bronchoalveolar lavage from patients with severe COVID-19 and correlation with clinical outcomes.,SCRIPT,Richard Wunderink,candidate relevance plus virus/pathogen/assay support,normalized,4908,maybe,"virus-focused title/abstract with some host-mechanism signal: sars-cov-2, sars, covid-19, alveolar",viral;sars-cov-2;sars;covid-19,sars-cov-2;sars;covid-19,alveolar,virus;viral;influenza;coronavirus;sars-cov-2;sars;covid-19,interaction;interactions;screen;macrophage;alveolar;epithelial,,tumor;kidney;diabetes,bacterial;fungal,,,"e back unexpectedly positive for SARS-CoV-2. At that point, the patient isolation and contact tracing became very important, particularly given her long hospital stay and frequent interactions with the healthcare workers of various disciplines. The patient was transferred to COVID-19 ICU. Multiple repeat tests on both BAL and nasopharyngeal swabs were negative. A retrospective review of 5 BAL samples from the patient was performed and showed no atypical lymphocytes or increased lymphocyte percen"
pmid-36463314,36463314,current-program,2022,BNT162b2 induces robust cross-variant SARS-CoV-2 immunity in children.,,,candidate relevance plus virus/pathogen/assay support,normalized,4833,maybe,"virus context appears stronger in body than title/abstract; possible mechanistic paper to inspect: viral, sars-cov-2, sars, interaction, interactions, network",viral;sars-cov-2;sars,sars-cov-2;sars,,virus;viral;coronavirus;sars-cov-2;sars;covid-19,interaction;interactions;network,,leukemia;kidney,,,,"and therapeutic protection against COVID-19 10 , 17 , 18 , 23 – 25 . Specifically, in addition to neutralization, antibodies are able to recruit additional effector functions via interactions between their Fc domains and Fc receptors found on all immune cells 26 . Hence, we analyzed the Fc receptor (FcR) binding properties of SARS-CoV-2 Spike specific antibodies across the three immunized groups (Fig. 2a ). After the first dose, more robust cross-FcR-binding profiles were observed in the adoles"
pmid-32120884,32120884,current-program,2020,Proteomics Computational Analyses Suggest That the Envelope Glycoproteins of Segmented Jingmen Flavi-Like Viruses are Class II Viral Fusion Proteins (b-Penetrenes) with Mucin-Like Domains.,CViSB,Robert Garry,candidate relevance plus virus/pathogen/assay support,normalized,4806,maybe,"virus-focused title/abstract with some host-mechanism signal: flavivirus, proteomics",virus;viral,flavivirus,proteomics,virus;viral;influenza;coronavirus;hiv;dengue;zika;yellow fever virus,interaction;interactions;proteomics;network,,,parasite,,,"I and II, elevating the fusion peptide so that it can insert into the host membrane [ 56 , 57 ]. A rearrangement of the stem (pre-anchor region), so that there are more extensive interactions with domains I-III, results in a deformation of the viral and target membranes. Subsequently, the membranes are brought closer together by continued interactions of the stem with domains I-III, which results in bilayer hemifusion [ 58 , 59 ]. The formation of the final post-fusion trimer accompanies comple"
pmid-42179346,42179346,current-program,2026,"A multiplexed, systems-based approach for prediction of antibody neutralization breadth for soluble human receptors.",CViSB,Ryan McNamara,candidate relevance plus virus/pathogen/assay support,cached_normalized,4641,maybe,"virus-focused title/abstract with some host-mechanism signal: sars-cov-2, sars, network",virus;viral;sars-cov-2;sars,sars-cov-2;sars,network,virus;viral;influenza;coronavirus;sars-cov-2;sars;covid-19;hiv;ebola,network,,,,,,"Antibodies are frontline immune defenders to respiratory pathogens, exerting many protective roles, including direct neutralization, effector-based functions, complement deposition, and others. 1–6 As such, vaccinations against respiratory viruses have sought to leverage antibody polyfunctionality to confer protection. Many vaccination strategies have focused on bolstering neutralizing antibody responses by presenting the virus receptor-binding proteins in a pre-fusion state, with neutralization"
pmid-35973352,35973352,current-program,2022,The next frontier in vaccine design: blending immune correlates of protection into rational vaccine design.,,,candidate relevance plus virus/pathogen/assay support,normalized,4616,maybe,"virus context appears stronger in body than title/abstract; possible mechanistic paper to inspect: virus, viral, coronavirus, sars-cov-2, sars, host response",virus;viral;coronavirus;sars-cov-2;sars,coronavirus;sars-cov-2;sars,,virus;viral;influenza;coronavirus;sars-cov-2;sars;covid-19;hiv;dengue,host response;pathway;pathways;interaction;interactions;proteomics;transcriptomics;macrophage;epithelial;network,,,mycobacter;tuberculosis;bacterial;bacterium;parasite;salmonella;streptococcus;candida,,,"ystem for granted, assuming that neutralizing antibodies were sufficient to confer protection. Instead, collectively, the data suggest that understanding both the pathogen and the host response to infection is key to the design of the most effective vaccines. Antibodies contribute to pathogen control and clearance via more than just the simple blockade of infection ( Figure 3 ). For diseases such as anthrax, protection from infection correlates with levels of antitoxin-neutralizing antibodies [2"
pmid-35062015,35062015,pi-backlog,2022,SARS-CoV-2 Omicron virus causes attenuated disease in mice and hamsters.,SYBIL,Adolfo Garcia-Sastre;Michael Schotsaert,"viral context plus mechanism/resource terms: virus, viral, sars, network",normalized,4589,maybe,"virus-focused title/abstract with some host-mechanism signal: sars-cov-2, sars, network",virus;viral;sars-cov-2;sars,sars-cov-2;sars,network,virus;viral;coronavirus;sars-cov-2;sars;covid-19,host response;interaction;interactions;replication;alveolar;epithelial;network,,,,,preclinical,"erformed for all of the animal species studied. It remains possible that B.1.1.529 is attenuated clinically (for example, weight loss) because of defects in promoting pathological host responses. In summary, our collective studies rapidly and reproducibly demonstrated attenuated infection in several strains of mice and hamsters. Experiments are ongoing to determine the basis for attenuation in mice and hamsters and to determine how this relates to B.1.1.529 infection in humans. Vero-TMPRSS2 (re"
pmid-34812429,34812429,current-program,2021,Reduced antibody activity against SARS-CoV-2 B.1.617.2 delta virus in serum of mRNA-vaccinated individuals receiving tumor necrosis factor-α inhibitors.,,,candidate relevance plus virus/pathogen/assay support,normalized,4574,maybe,virus-relevant but primarily therapeutic/clinical rather than host-mechanism focused: inhibitor,virus;influenza;coronavirus;sars-cov-2;sars;covid-19,influenza;coronavirus;sars-cov-2;sars;covid-19,,virus;influenza;coronavirus;sars-cov-2;sars;covid-19,,,tumor;uveitis;diabetes,,,inhibitor,"In December 2019, severe acute respiratory syndrome coronavirus 2 (SARS-CoV-2), emerged and the coronavirus disease 2019 (COVID-19) pandemic began. Since then, many antibody-based therapeutic agents and vaccines have been developed, 1 , 2 with some given emergency use authorization (EUA) or US Food and Drug Administration approval (e.g., the BNT162b2 mRNA vaccine) in hopes of"
pmid-17225856,17225856,pi-backlog,2007,Recruitment and activation of RSK2 by HIV-1 Tat.,HPMI,Melanie Ott,"viral context plus mechanism/resource terms: viral, hiv, interaction",normalized,4565,maybe,"virus-focused title/abstract with some host-mechanism signal: hiv, interaction",virus;viral;hiv,hiv,interaction,virus;viral;hiv,pathway;interaction,,cancer,,,inhibitor,"pha (IKKα) [32] , [33] , [34] , [35] . RSK2 is one of four RSK serine-threonine kinases that are activated through the mitogen-activated protein kinase (MAPK) signal transduction pathway. RSK family members are unusual because they contain two distinct kinase domains that are both catalytically functional. [36] The N-terminal kinase domain phosphorylates downstream targets and is activated through a sequential phosphorylation cascade involving 3-phosphoinositide-dependent protein kinase 1 (PDK1"
pmid-26046437,26046437,pi-backlog,2015,PQBP1 Is a Proximal Sensor of the cGAS-Dependent Innate Response to HIV-1.,SYBIL,Adolfo Garcia-Sastre,"viral context plus mechanism/resource terms: viral, hiv, screen",normalized,4564,maybe,"virus-focused title/abstract with some host-mechanism signal: hiv, screen",viral;hiv,hiv,screen,virus;viral;hiv,pathway;pathways;interaction;interactions;screen;crispr;replication,,,candida,,,"nes (ISGs), and those mechanisms not disabled by the virus define both cell type and species tropisms ( Kirchhoff, 2010 ). Recent data suggest that one or more intrinsic signaling pathways sense invariant features encoded by HIV-1 and initiate innate immune responses, including IFN secretion ( Gao et al., 2013 ; Jakobsen et al., 2013 ; Manel et al., 2010 ; Rasaiyaah et al., 2013 ). This response is proximally mediated by recognition of specific viral components in infected cells by pattern recog"
pmid-35766385,35766385,pi-backlog,2022,Sec61 Inhibitor Apratoxin S4 Potently Inhibits SARS-CoV-2 and Exhibits Broad-Spectrum Antiviral Activity.,SYBIL,Adolfo Garcia-Sastre,explicit cross-virus or shared-host framing in title/abstract,normalized,4505,maybe,"virus-focused paper with broad-spectrum or cross-virus language, but mainly therapeutic/clinical framing: broad-spectrum, inhibitor, preclinical, influenza, sars-cov-2, sars",virus;viral;influenza;sars-cov-2;sars;dengue;zika,influenza;sars-cov-2;sars;dengue;zika;flavivirus,host factor;replication,virus;viral;influenza;coronavirus;sars-cov-2;sars;covid-19;hiv;dengue;zika,host factor;pathway;interaction;replication;macrophage;alveolar;epithelial,broad-spectrum,cancer;tumor,,,inhibitor;preclinical,"viruses are warranted. Sec61 inhibition by apratoxins provides a complementary mechanism of action to cell entry inhibitors and viral-targeting agents. Apra S4 possesses exquisite broad-spectrum antiviral activity, particularly against SARS-CoV-2, and the spike protein appeared to be one major target of Apra S4-mediated Sec61 inhibition. Apra S4 impaired DMV formation and RNA replication, transport, and processing, and trafficking of spike protein and thus progeny virus particle formation. There"
pmid-33052331,33052331,pi-backlog,2020,Clofazimine is a broad-spectrum coronavirus inhibitor that antagonizes SARS-CoV-2 replication in primary human cell culture and hamsters.,SYBIL,Sumit Chanda,explicit cross-virus or shared-host framing in title/abstract,normalized,4490,maybe,"virus-focused paper with broad-spectrum or cross-virus language, but mainly therapeutic/clinical framing: broad-spectrum, inhibitor, coronavirus, sars-cov-2, sars, covid-19",virus;viral;coronavirus;sars-cov-2;sars;covid-19,coronavirus;sars-cov-2;sars;covid-19,replication,virus;viral;coronavirus;sars-cov-2;sars;covid-19,pathway;pathways;replication;macrophage;alveolar,broad-spectrum,tumor,mycobacter;tuberculosis;bacterial;bacterium;candida,,inhibitor,"The current pandemic of novel Coronavirus Disease 2019 (COVID-19) caused by severe acute respiratory syndrome coronavirus 2 (SARS-CoV-2) represents a global public health crisis. SARS-CoV-2 infection in human has a broad clinical spectrum ranging from mild to severe cases, with a mortality rate of ~ 6.4% worldwide 1 . As of September 29, 2020, over 33 million cases had been reported in 235 countries, areas or territories with more than 1 million deaths, whereas a sizable portion of infected but"
pmid-31015836,31015836,pi-backlog,2019,Poly-ADP Ribosyl Polymerase 1 (PARP1) Regulates Influenza A Virus Polymerase.,SYBIL,Adolfo Garcia-Sastre,"viral context plus mechanism/resource terms: virus, viral, influenza, host factor, interaction",normalized,4467,maybe,"virus-focused paper with broad-spectrum or cross-virus language, but mainly therapeutic/clinical framing: species barriers, inhibitor, influenza",virus;viral;influenza,influenza,host factor;host factors;interaction;replication,virus;viral;influenza;hepatitis b virus;hbv,host factor;host factors;pathway;pathways;interaction;interactions;crispr;replication;network,species barriers,cancer;tumor;kidney,,,inhibitor,"Influenza viruses are segmented, negative-sense single-stranded RNA viruses in the evolutionarily diverse viral family Orthomyxoviridae. Annual seasonal epidemics of influenza A virus (IAV) infections are a considerable health burden in humans. The natural reservoir of IAV is in wild birds, although AIV can infect poultry, and highly pathogenic avian influenza viruses (HPAIV) of H5N1, H5N6, and H7N9 hemagglutinin subtypes, among others, can spread to humans [ 1 , 2 ]. Epizootic IAV infections oc"
pmid-35923313,35923313,current-program,2022,Waning and boosting of functional humoral immunity to SARS-CoV-2.,SYBIL,Ryan McNamara;Rafael Medina,candidate relevance plus virus/pathogen/assay support,normalized,4441,maybe,"virus context appears stronger in body than title/abstract; possible mechanistic paper to inspect: virus, sars-cov-2, sars, covid-19, screen, macrophage",virus;sars-cov-2;sars;covid-19,sars-cov-2;sars;covid-19,,virus;viral;coronavirus;sars-cov-2;sars;covid-19,screen;macrophage,,,,,,"1:1000 dilution. After 1 hour of incubation, the excessive secondary reagent was removed by washing, and the relative antibody concentration per antigen was determined on an IQue Screener PLUS cytometer (IntelliCyt). Antibody-dependent cellular phagocytosis (ADCP) and neutrophil phagocytosis (ADNP) were evaluated using a flow cytometry-based phagocytic assay that requires the usage of fluorescently labeled microspheres, as described previously ( 34 ). The WT and Omicron Spike antigens were biot"
pmid-34013263,34013263,current-program,2021,Early cross-coronavirus reactive signatures of protective humoral immunity against COVID-19.,,,candidate relevance plus virus/pathogen/assay support,normalized,4414,maybe,"virus context appears stronger in body than title/abstract; possible mechanistic paper to inspect: virus, viral, coronavirus, sars-cov-2, sars, covid-19",virus;viral;coronavirus;sars-cov-2;sars;covid-19,coronavirus;sars-cov-2;sars;covid-19,,virus;viral;coronavirus;sars-cov-2;sars;covid-19,interaction;interactions,,kidney;diabetes,,,,"14 ). However, the majority of these studies probed humoral immune responses several days to weeks following symptom onset. Thus, to gain insights into the earliest host-pathogen interactions that may underlie differences in the disease trajectory, we profiled a cohort of acutely ill COVID-19 patients. A total of 217 patients with confirmed SARS-CoV-2 infection by nasopharyngeal PCR were collected at the time of admission through the Emergency Department (ED) at approximately 0 – 12 days follow"
pmid-32511558,32511558,current-program,2020,A Unique Clade of SARS-CoV-2 Viruses is Associated with Lower Viral Loads in Patient Upper Airways.,SCRIPT,Alan Hauser,candidate relevance plus virus/pathogen/assay support,normalized,4410,maybe,"virus context appears stronger in body than title/abstract; possible mechanistic paper to inspect: virus, viral, coronavirus, sars-cov-2, sars, covid-19",virus;viral;coronavirus;sars-cov-2;sars;covid-19,coronavirus;sars-cov-2;sars;covid-19,,virus;viral;coronavirus;sars-cov-2;sars;covid-19,interaction;screen;replication;alveolar;network,,,,,,"by the Ct value, and/or could account for the differences between Clades 1 and 2. We tested for differences between sample source, clade, and both, accounting for their potential interaction in the linear model. We found a significant difference between NP and BAL samples (q= 0.0484), with lower Ct values in the BAL specimens ( Supplemental Figure 5A ). When considering only NP samples, the Ct values of Clade 1 viruses were still significantly lower than Clade 2 viruses as observed previously ("
pmid-30706119,30706119,current-program,2019,Challenges in severe community-acquired pneumonia: a point-of-view review.,SCRIPT,Richard Wunderink,candidate relevance plus virus/pathogen/assay support,normalized,4355,maybe,virus-relevant but primarily therapeutic/clinical rather than host-mechanism focused: inhibitor,viral;influenza,influenza,,virus;viral;influenza;rsv,network,broad-spectrum,,legionella;bacterial;streptococcus,,inhibitor,"cteristics. The healthcare-associated pneumonia (HCAP) definition is not a good predictor of these pathogens [ 27 ]. Identifying patients at higher risk could avoid the overuse of broad-spectrum empiric therapy. In one study of 267 ICU-admitted CAP patients, one in six Pseudomonas were resistant to third-generation cephalosporins with antipseudomonal activity. Common pathogens included E. coli (8.2%), P. aeruginosa (8.2%), Klebsiella pneumonia e (5.6%), MRSA (1.1%), Stenotrophomas maltophilia (0"
pmid-37535402,37535402,current-program,2023,Anamnestic humoral correlates of immunity across SARS-CoV-2 variants of concern.,CViSB,Ryan McNamara,candidate relevance plus virus/pathogen/assay support,cached_normalized,4321,maybe,"virus context appears stronger in body than title/abstract; possible mechanistic paper to inspect: virus, coronavirus, sars-cov-2, sars, covid-19, screen",virus;coronavirus;sars-cov-2;sars;covid-19,coronavirus;sars-cov-2;sars;covid-19,,virus;viral;coronavirus;sars-cov-2;sars;covid-19,screen;replication;network,,,,,,"Buffer (1× PBS, pH 7.4, 0.1% BSA, 0.05% Tween 20). For Fcγ-receptors, PE-streptavidin (Agilent Technologies, CA, USA) at a 1:1000 dilution. For flow cytometry analysis, the IQue Screener PLUS cytometer (IntelliCyt) was used using customized gating for each bead region. Fluorescence in the BL2 channel was quantified and exported into .csv files and subsequently analyzed (see below). To examine how subdomains were contributing to the total expansion of Spike, we divided the mean fluorescence int"
pmid-35976053,35976053,pi-backlog,2023,Adeno-associated virus serotype 2 capsid variants for improved liver-directed gene therapy.,HPMI,Melanie Ott,"viral context plus mechanism/resource terms: virus, screen",cached_normalized,4247,maybe,"virus context appears stronger in body than title/abstract; possible mechanistic paper to inspect: virus, host factor, host factors, pathway, interaction, interactions",virus,,screen,virus;viral,host factor;host factors;pathway;interaction;interactions;screen;replication,species barriers,tumor,,,,"es while maintaining the improved hepatotropism. In summary, we report on two AAV2‐based liver‐directed capsid peptide insertion variants, which show promise for overcoming cross‐species barriers. Moreover, because of favorable hepatotropism and improved transduction efficiencies, these human‐serotype–based variants may represent a valuable advance in the field of liver‐directed gene therapy."
pmid-37034676,37034676,current-program,2023,Deep repertoire mining uncovers ultra-broad coronavirus neutralizing antibodies targeting multiple spike epitopes.,,,candidate relevance plus virus/pathogen/assay support,normalized,4227,maybe,"virus-focused title/abstract with some host-mechanism signal: coronavirus, sars-cov-2, sars, covid-19, screen",virus;viral;coronavirus;sars-cov-2;sars;covid-19,coronavirus;sars-cov-2;sars;covid-19,screen,virus;viral;coronavirus;sars-cov-2;sars;covid-19;zika,interaction;interactions;screen;immune evasion;replication,,,,,,"n-binding mAbs were overwhelmingly IgM (34 of 42; 81%) and it is possible that some, perhaps many, of these mAbs rely more heavily on avidity for S-protein binding. Avidity-driven interactions would likely be overlooked when evaluating these mAbs as recombinant IgGs. Binding mAbs were generally of high affinity, with 130 of 197 (66%) mAbs producing apparent K D values in the picomolar range. Of the 239 recombinantly expressed mAbs, 106 (44%) neutralized the WA1 strain of SARS-CoV-2 in a live vi"
pmid-40163530,40163530,hpmi,2025,Enhanced RNA replication and pathogenesis in recent SARS-CoV-2 variants harboring the L260F mutation in NSP6.,HPMI,,candidate relevance plus virus/pathogen/assay support,cached_normalized,4209,maybe,"virus-focused title/abstract with some host-mechanism signal: sars-cov-2, sars, covid-19, replication",viral;sars-cov-2;sars;covid-19,sars-cov-2;sars;covid-19,replication,viral;sars-cov-2;sars;covid-19,replication,,,,,,
pmid-37289427,37289427,pi-backlog,2023,"Establishing severe acute respiratory infection (SARI) surveillance in a sentinel hospital, Ireland, 2021 to 2022.",CViSB,Ryan McNamara,"viral context plus mechanism/resource terms: virus, viral, influenza, sars, rsv, network",cached_normalized,4146,maybe,"virus-focused title/abstract with some host-mechanism signal: influenza, sars-cov-2, sars, covid-19, rsv, network",virus;viral;influenza;sars-cov-2;sars;covid-19;rsv,influenza;sars-cov-2;sars;covid-19;rsv,network,virus;viral;influenza;coronavirus;sars-cov-2;sars;covid-19;rsv,pathway;screen;network,,,,,,"in Ireland on 4 October 2021, could not be tested for influenza and RSV because of laboratory supply issues for multiplex kits. For those admitted to SVUH under the COVID-19 care pathway, the request for influenza and RSV testing was not added at the time of sampling but was later added by the SARI team. The laboratory policy to dispose SARS-CoV-2 RNA-negative specimens after 1 week meant that specimens could not be retrieved at a later date for testing, this resulted in disposal of specimens f"
pmid-37995357,37995357,current-program,2023,SARS-CoV-2 genomics and impact on clinical care for COVID-19.,,,candidate relevance plus virus/pathogen/assay support,cached_normalized,4077,maybe,"virus context appears stronger in body than title/abstract; possible mechanistic paper to inspect: virus, viral, influenza, sars-cov-2, sars, covid-19",virus;viral;influenza;sars-cov-2;sars;covid-19;hiv,influenza;sars-cov-2;sars;covid-19;hiv,,virus;viral;influenza;sars-cov-2;sars;covid-19;hiv;zika;ebola,pathway;interaction;interactions;immune evasion;replication;network,,,bacterial,,,"on may be different from prior variants. It has been suggested that these changes may be due to the Omicron variant’s altered viral tropism due to use of an alternative cell entry pathway favouring the upper respiratory tract, but these studies are still ongoing. 99 , 100 Since the emergence and global spread of the Omicron VOC, the virus has continued to diversify, with several successive sublineages outcompeting one another over time (BA.1, BA.2, BA.4, BA.5, XBB.1.5, etc.). Each of these subl"
pmid-34292969,34292969,pi-backlog,2021,Ending the HIV epidemic using National HIV Behavioral Surveillance (NHBS): Recommendations based on DC model.,SYBIL,Rafael Medina,"viral context plus mechanism/resource terms: hiv, network",normalized,3973,maybe,"virus-focused title/abstract with some host-mechanism signal: hiv, network",hiv,hiv,network,virus;covid-19;hiv,interaction;screen;network,,,,,,"some present-day HIV research focuses on behavioral risks and new diagnoses using social network analysis (SNA) for knowledge extraction, as HIV transmits primarily through social interaction, either with direct personal contact (e.g., sexual activity), or through an intermediate activity (e.g., intravenous drug use) [ 3 – 5 ]. SNA has proven to be a valuable approach for HIV research with respect to HIV risk and drug use [ 6 ], transmission [ 7 ], influences on homeless youth [ 8 ], and venue b"
pmid-35018376,35018376,current-program,2022,Comprehensive antibody profiling of mRNA vaccination in children.,UCLA-Persistent-BSI,Melissa Johnson,candidate relevance plus virus/pathogen/assay support,normalized,3966,maybe,"virus context appears stronger in body than title/abstract; possible mechanistic paper to inspect: viral, covid-19, interaction, interactions, replication, network",viral;covid-19,covid-19,,virus;viral;sars-cov-2;sars;covid-19,interaction;interactions;replication;network,,,bacterial,,,"atric selection of more potent Fc-glycosylation profiles( 17 ). In contrast, compared to adults, children induced lower levels of IgA antibodies that exhibited, as expected, lower interactions with the IgA-Fc-receptor, FcαR, compared to adults ( Figure 2B and Supplemental Figure 2 )( 18 , 19 ). To next determine whether these distinct pediatric Fcγ-receptor binding profiles translated to more functional Spike-specific humoral immune responses, we examined vaccine-induced Fc-effector functions ("
pmid-36000735,36000735,current-program,2022,Hybrid Immunity Shifts the Fc-Effector Quality of SARS-CoV-2 mRNA Vaccine-Induced Immunity.,,,candidate relevance plus virus/pathogen/assay support,normalized,3937,maybe,"virus context appears stronger in body than title/abstract; possible mechanistic paper to inspect: virus, sars-cov-2, sars, covid-19, interaction, interactions",virus;sars-cov-2;sars;covid-19,sars-cov-2;sars;covid-19,,virus;viral;influenza;coronavirus;sars-cov-2;sars;covid-19;ebola,interaction;interactions,,,bacterial,,,"ecific recognition observed in previously infected individuals diminished with a boost, with similar isotype titers across the two groups after boosting. Beyond binding, antibody interactions with Fc-receptors drive antibody effector functions ( 48 ). Thus, to understand whether prior infection shapes the functional potential of the mRNA vaccine-induced SARS-CoV-2 specific humoral immune response, we probed the ability of vaccine-induced antibodies to interact with the 4 low-affinity Fc-recepto"
pmid-35396471,35396471,current-program,2022,Unlocking capacities of genomics for the COVID-19 response and future pandemics.,,,candidate relevance plus virus/pathogen/assay support,normalized,3797,maybe,"virus context appears stronger in body than title/abstract; possible mechanistic paper to inspect: viral, sars-cov-2, sars, covid-19, interaction, interactions",viral;sars-cov-2;sars;covid-19,sars-cov-2;sars;covid-19,,virus;viral;influenza;coronavirus;sars-cov-2;sars;covid-19;hiv,interaction;interactions;network,,,,,,"ely occurred in Morocco 56 . In Australia, lockdown effectiveness was validated using SARS-CoV-2 genomic data coupled with agent-based modeling, a computation tool to simulate the interactions of autonomous agents such as individuals 57 . Phylogenetic modeling of over 11,000 SARS-CoV-2 genomes collected in Switzerland throughout 2020 enabled estimating the effect of different public health measures, including lockdown, border closure, and test-trace-isolate efforts 58 . Similarly, comparative ph"
pmid-35198645,35198645,current-program,2022,Assessment of Virological Contributions to COVID-19 Outcomes in a Longitudinal Cohort of Hospitalized Adults.,,,candidate relevance plus virus/pathogen/assay support,normalized,3776,maybe,"virus context appears stronger in body than title/abstract; possible mechanistic paper to inspect: virus, viral, coronavirus, sars-cov-2, sars, covid-19",virus;viral;coronavirus;sars-cov-2;sars;covid-19,coronavirus;sars-cov-2;sars;covid-19,,virus;viral;coronavirus;sars-cov-2;sars;covid-19,replication;network,,,candida,,,"n (T19I) that is shared by the Delta VOC (Clade 21A). It is unclear if these mutations were driven by humoral responses or they arose due to random chance over the course of viral replication. Viral genetic diversity remained relatively constant throughout the course of hospitalization, even up to 45 days after admission, and did not vary significantly by outcome. This suggests that the virus diversifies at a slow but constant rate over the course of disease in most individuals. That being said,"
pmid-32511416,32511416,current-program,2020,The emergence of SARS-CoV-2 in Europe and the US.,,,candidate relevance plus virus/pathogen/assay support,normalized,3758,maybe,"virus-focused title/abstract with some host-mechanism signal: sars-cov-2, sars, network",virus;sars-cov-2;sars,sars-cov-2;sars,network,virus;viral;influenza;sars-cov-2;sars;covid-19;hiv,screen;network,,,candida,,,"e ‘Suspension of Entry’ of non-US residents from China on February 2 nd , 2020 ( 20 ) but during the period when an estimated 40,000 US residents were repatriated from China, with screening described as cursory or lax ( 21 ). These passengers were directed to a short list of airports including Los Angeles, San Francisco, New York, Chicago, Newark, Detroit and Seattle ( 21 ). So, although our reconstructions incorporating unsampled lineages do not account for travel restrictions, the remaining in"
pmid-34201591,34201591,current-program,2021,Successful Clearance of 300 Day SARS-CoV-2 Infection in a Subject with B-Cell Depletion Associated Prolonged (B-DEAP) COVID by REGEN-COV Anti-Spike Monoclonal Antibody Cocktail.,CViSB,Kristian Andersen;Robert Garry,candidate relevance plus virus/pathogen/assay support,normalized,3610,maybe,"virus context appears stronger in body than title/abstract; possible mechanistic paper to inspect: virus, sars-cov-2, sars, covid-19, replication, alveolar",virus;sars-cov-2;sars;covid-19,sars-cov-2;sars;covid-19,,virus;viral;sars-cov-2;sars;covid-19,replication;alveolar,broad-spectrum,cancer,fungal,,,". During the week following readmission, he tested negative for SARS-CoV-2 on nasal swabs taken over two consecutive days (COVID-19 IDnow (Abbott)). The pneumonia was treated with broad-spectrum antibiotic/antifungal coverage including piperacillin-tazobactam, vancomycin, voriconazole, and steroids (prednisone 60 mg po once daily). However, three weeks from readmission, since no organism could be isolated and both cough and dyspnea persisted, COVID-19-related pneumonia was suspected; a nasal swa"
pmid-33154106,33154106,hpmi,2020,An ultrapotent synthetic nanobody neutralizes SARS-CoV-2 by stabilizing inactive Spike.,HPMI,,candidate relevance plus virus/pathogen/assay support,normalized,3579,maybe,"virus-focused title/abstract with some host-mechanism signal: coronavirus, sars-cov-2, sars, screen",virus;coronavirus;sars-cov-2;sars,coronavirus;sars-cov-2;sars,screen,virus;viral;coronavirus;sars-cov-2;sars;covid-19,interaction;interactions;screen;epithelial,,kidney,,,,orting ( Fig. 1A ). Fig. 1 Discovery of two distinct classes of anti-Spike nanobodies. ( A ) Selection strategy for identification of anti-Spike nanobodies that disrupt Spike-ACE2 interactions using magnetic bead selections (MACS) or fluorescence-activated cell sorting (FACS). ( B ) Flow cytometry of yeast displaying Nb6 (a class I nanobody) or Nb3 (a class II nanobody). Nb6 binds Spike S2P -Alexa 647 and the RBD (RBD-Alexa 647). Nb6 binding to Spike S2P is completely disrupted by an excess (1.4
pmid-32540903,32540903,current-program,2020,Isolation of potent SARS-CoV-2 neutralizing antibodies and protection from disease in a small animal model.,,,candidate relevance plus virus/pathogen/assay support,normalized,3559,maybe,"virus context appears stronger in body than title/abstract; possible mechanistic paper to inspect: virus, viral, coronavirus, sars-cov-2, sars, covid-19",virus;viral;coronavirus;sars-cov-2;sars;covid-19,coronavirus;sars-cov-2;sars;covid-19,,virus;viral;coronavirus;sars-cov-2;sars;covid-19;hiv;dengue;rsv;ebola;yellow fever virus,screen;replication,,leukemia,,,,"SARS-CoV-2 using murine leukemia virus–based PSV (MLV-PSV) ( 5 ). The assay used single-cycle infectious viral particles bearing a firefly luciferase reporter for high-throughput screening. Unlike MLV-PSV, which buds at the plasma membrane, coronaviruses assemble in the endoplasmic reticulum (ER)–Golgi intermediate compartment, so the C terminus of the SARS-CoV-1 spike (S) protein contains an ER retrieval signal ( 6 ). The alignment of SARS-CoV-1 and SARS-CoV-2 S proteins showed that this ER re"
pmid-22260278,22260278,pi-backlog,2012,Influenza research database: an integrated bioinformatics resource for influenza research and surveillance.,SYBIL,Adolfo Garcia-Sastre,explicit cross-virus or shared-host framing in title/abstract,normalized,3452,maybe,"virus context appears stronger in body than title/abstract; possible mechanistic paper to inspect: virus, influenza, pathway, pathways",virus;influenza,influenza;h1n1,,virus;viral;influenza;hiv,pathway;pathways,,,,,,"nterfaces for submission of surveillance and experiment data to the IRD, WHO vaccine strain lists dating back to the 1976 influenza season, influenza cellular infection life cycle pathways contributed to the Reactome 45 knowledgebase ( http://www.reactome.com ), PCR primer/probe set data for use in rapid detection and subtyping of influenza viruses in research applications, and antiviral drug information and links to other resources including the influenza reagents resources at the Biodefense an"
pmid-34835041,34835041,current-program,2021,Epidemiological and Immunological Features of Obesity and SARS-CoV-2.,,,candidate relevance plus virus/pathogen/assay support,normalized,3326,maybe,"virus context appears stronger in body than title/abstract; possible mechanistic paper to inspect: virus, viral, sars-cov-2, sars, covid-19, interaction",virus;viral;sars-cov-2;sars;covid-19,sars-cov-2;sars;covid-19,,virus;viral;influenza;coronavirus;sars-cov-2;sars;covid-19,interaction;screen;network,,diabetes,candida,,,"tom phenotype, with a compelling association below 40 years of age but near complete absence of effect in older adults. These findings are notable given they imply the established interaction between obesity and age on COVID-19 morbidity and mortality, with obesity disproportionately driving increased disease severity among younger age groups [ 5 , 26 ], extend throughout the spectrum of disease and are not restricted to severe disease. Given the fundamental role of the adaptive immune response"
pmid-17332413,17332413,pi-backlog,2007,Multiple functions of the IKK-related kinase IKKepsilon in interferon-mediated antiviral immunity.,SYBIL,Adolfo Garcia-Sastre,"viral context plus mechanism/resource terms: virus, viral, pathway",normalized,3298,maybe,"virus context appears stronger in body than title/abstract; possible mechanistic paper to inspect: virus, viral, pathway, pathways, interaction, screen",virus;viral,,pathway,virus;viral;influenza,pathway;pathways;interaction;screen;replication;macrophage,,fracture;diabetes,,,inhibitor,"terferon-b (IFNb). We report that, although mice lacking IKKe produce normal amounts of IFNb, they are hypersusceptible to viral infection because of a defect in the IFN signaling pathway. Specifically, a subset of type I IFN-stimulated genes are not activated in the absence of IKKe because the interferon-stimulated gene factor 3 complex (ISGF3) does not bind to promoter elements of the affected genes. We demonstrate that IKKe is activated by IFNb and that IKKe directly phosphorylates signal tra"
pmid-34416262,34416262,current-program,2021,Screening Students and Staff for Asymptomatic Coronavirus Disease 2019 in Chicago Schools.,,,candidate relevance plus virus/pathogen/assay support,normalized,3218,maybe,"virus-focused title/abstract with some host-mechanism signal: coronavirus, sars-cov-2, sars, covid-19, screen",virus;viral;coronavirus;sars-cov-2;sars;covid-19,coronavirus;sars-cov-2;sars;covid-19,screen,virus;viral;coronavirus;sars-cov-2;sars;covid-19,screen,,,,,,"This prospective observational study was approved by the Ann & Robert H. Lurie Children’s Hospital Institutional Review Board (study ID: 2020-3963). Sample collection for COVID-19 screening testing was performed at 11 K-8 schools between January and March 2021 (ie, between winter and spring breaks). High-risk ZIP codes were defined by longitudinally sustained higher-than-average case counts per resident and used to inform the choice of schools for screening, as described below. COVID-19 incidenc"
pmid-32123088,32123088,current-program,2020,Assessing the role of live poultry trade in community-structured transmission of avian influenza in China.,,,candidate relevance plus virus/pathogen/assay support,normalized,3159,maybe,"virus-focused title/abstract with some host-mechanism signal: influenza, h5n1, network",virus;influenza,influenza;h5n1,network,virus;viral;influenza,network,,,,,,"f AIV ( 6 , 8 , 16 , 18 ): 1) the intensity of the poultry trade among locations in China, 2) the migration of wild birds among locations in China, and 3) distances along the road network in China (see Methods for details). Although minimum road distance is strongly inversely associated with the dissemination of AIV lineages across a range of model configurations ( Fig. 2 A ), it is likely that this predictor is simply acting as a proxy for the spatial distance component of the other two predict"
pmid-35289637,35289637,current-program,2022,Omicron variant Spike-specific antibody binding and Fc activity are preserved in recipients of mRNA or inactivated COVID-19 vaccines.,SYBIL,Rafael Medina,candidate relevance plus virus/pathogen/assay support,normalized,3150,maybe,"virus context appears stronger in body than title/abstract; possible mechanistic paper to inspect: virus, sars-cov-2, sars, covid-19, interaction, interactions",virus;sars-cov-2;sars;covid-19,sars-cov-2;sars;covid-19,,virus;viral;influenza;coronavirus;sars-cov-2;sars;covid-19;hiv;ebola,interaction;interactions;macrophage,,,,,,"the S1 domain of the Spike antigen, within or proximal to the RBD ( 28 ). Because many of the most potent neutralizing antibodies bind to the RBD, aimed at interfering or blocking interactions with ACE2, both vaccine-induced neutralizing antibodies and monoclonal therapeutics have progressively lost neutralization potency against emerging VOCs ( 29 , 30 ). Yet unlike previous VOCs, the Omicron variant accumulated more than 40 mutations, including 30 in the Spike protein, that, to date, represent"
pmid-33200139,33200139,current-program,2020,Epidemiological and immunological features of obesity and SARS-CoV-2.,,,candidate relevance plus virus/pathogen/assay support,normalized,3141,maybe,"virus context appears stronger in body than title/abstract; possible mechanistic paper to inspect: virus, viral, sars-cov-2, sars, covid-19, interaction",virus;viral;sars-cov-2;sars;covid-19,sars-cov-2;sars;covid-19,,virus;viral;influenza;coronavirus;sars-cov-2;sars;covid-19,interaction;network,,diabetes,candida,,,"tom reporting, with a compelling association below 40 years of age but near complete absence of effect in older adults. These findings are notable given they imply the established interaction between obesity and age on COVID-19 morbidity and mortality, with obesity disproportionately driving increased disease severity among younger age groups [ 5 , 25 ], extend throughout the spectrum of disease and are not restricted to severe disease. Given the fundamental role of the adaptive immune response"
pmid-33127906,33127906,current-program,2020,SARS-CoV-2 viral load is associated with increased disease severity and mortality.,,,candidate relevance plus virus/pathogen/assay support,normalized,3126,maybe,"virus context appears stronger in body than title/abstract; possible mechanistic paper to inspect: virus, viral, coronavirus, sars-cov-2, sars, covid-19",virus;viral;coronavirus;sars-cov-2;sars;covid-19,coronavirus;sars-cov-2;sars;covid-19,,virus;viral;influenza;coronavirus;sars-cov-2;sars;covid-19;hiv;ebola,pathway;replication;macrophage,,tumor,,,,"icipants had elevated inflammatory markers without detectable plasma viremia. Additional studies are needed to determine whether antiviral treatment may effectively interrupt this pathway and whether levels of SARS-CoV-2 viral load could stratify patients into individuals who are more likely to benefit from an antiviral agent vs. those with isolated immune dysregulation, who may benefit more from an anti-inflammatory or immune-modifying agent 13 . The source for the plasma viremia is still not"
pmid-22419161,22419161,pi-backlog,2012,Suppression of the antiviral response by an influenza histone mimic.,SYBIL,Adolfo Garcia-Sastre,"viral context plus mechanism/resource terms: virus, viral, influenza, interaction",normalized,3109,maybe,"virus-focused title/abstract with some host-mechanism signal: influenza, h3n2, interaction",virus;viral;influenza,influenza;h3n2,interaction,virus;viral;influenza,host factor;host factors;host response;interaction;screen;replication;network,,,,,,"ed antiviral gene expression we used the NS1-deficient influenza virus (PR8/ΔNS1) that elicits an extremely potent antiviral response and is therefore particularly useful to study host factors that regulate the antiviral response 14 , 15 . Infection with PR8/ ΔNS1 of control siRNA-treated cells resulted in a strong upregulation of numerous antiviral genes ( Fig. 5a ). This response was reduced in PAF1-deficient cells ( Fig. 5a , Supplementary Fig. 9 , left panel, and Supplementary Table 3 ). The"
pmid-32755751,32755751,current-program,2020,"Dissecting the antibody-OME: past, present, and future.",,,candidate relevance plus virus/pathogen/assay support,normalized,3066,maybe,virus-focused review/perspective that may help background framing: review,virus;influenza;hiv;dengue,influenza;hiv;dengue,,virus;influenza;hiv;dengue;ebola,pathway;pathways;interaction;interactions;proteomics;transcriptomics;screen;macrophage;network,,cancer;leukemia,tuberculosis;bacterial,,,"dy Fab and Fc domains), have been able to produce only limited understanding of cell regulation. Conversely, computational frameworks integrating multiple signaling molecules into pathways and networks has been highly valuable in constructing models that offer both predictive capability and conceptual insights into how complex cell behaviors arise in response to environmental inputs. The signaling nodes do not operate individually to govern cell function, but > 10 18 F Fabs CSR (isotypes/subclas"
pmid-34729568,34729568,current-program,2021,Severity of Illness Caused by Severe Acute Respiratory Syndrome Coronavirus 2 Variants of Concern in Children: A Single-Center Retrospective Cohort Study.,,,candidate relevance plus virus/pathogen/assay support,normalized,2910,maybe,"virus context appears stronger in body than title/abstract; possible mechanistic paper to inspect: virus, viral, coronavirus, sars-cov-2, sars, covid-19",virus;viral;coronavirus;sars-cov-2;sars;covid-19,coronavirus;sars-cov-2;sars;covid-19,,virus;viral;coronavirus;sars-cov-2;sars;covid-19,host response;screen;immune evasion,,,,,,", E1264D in ORF1b; S253P in ORF3a; S84L, E92K in ORF8; and P80R, R203K, G204R in N), 19 though more research on the functional impact of these mutations on the viral lifecycle and host response is needed. A notable strength of this study includes classification of patients based on confirmed SARS-CoV-2 lineage, which limited misclassification bias; prior studies 6 , 7 compared patient outcomes during different time periods, which was used as a proxy of SARS-CoV-2 lineage. Use of monoclonal anti"
pmid-22217077,22217077,pi-backlog,2012,Surveillance in Eastern India (2007-2009) revealed reassortment event involving NS and PB1-F2 gene segments among co-circulating influenza A subtypes.,SYBIL,Sumit Chanda,explicit cross-virus or shared-host framing in title/abstract,normalized,2743,maybe,"virus context appears stronger in body than title/abstract; possible mechanistic paper to inspect: virus, viral, influenza, pathway, interaction, screen",virus;viral;influenza,influenza;h1n1;h3n2;h5n1,,virus;viral;influenza,pathway;interaction;screen;replication,,,,,,"phosphorylates the eIF-2 translation initiation factor by binding to double stranded (ds) RNA [ 10 , 11 ], (v) induction of the phosphatidylinositol-3-kinase (PI3K/Akt) signaling pathway in order to support viral replication [ 12 ]. Additionally, a 15 kDA nuclear export protein (NEP, formally called NS2) translated from spliced mRNA of NS gene, mediates the export of viral ribonucleoproteins from the nucleus to the cytoplasm through nuclear export signals and is involved in independent interact"
pmid-18835315,18835315,pi-backlog,2008,Universal influenza A M2e-HBc vaccine protects against disease even in the presence of pre-existing anti-HBc antibodies.,SYBIL,Michael Schotsaert,explicit cross-virus or shared-host framing in title/abstract,normalized,2676,maybe,"virus context appears stronger in body than title/abstract; possible mechanistic paper to inspect: virus, influenza, hepatitis b virus, replication, macrophage",virus;influenza;hepatitis b virus,influenza;hepatitis b virus,,virus;viral;influenza;hepatitis b virus;hbv,replication;macrophage,broad-spectrum,,plasmodium;candida,,,"Influenza remains one of the most important infectious diseases in humans and continues to be a major cause of morbidity and mortality. The virus undergoes frequent antigenic changes of the major surface glycoproteins, hemagglutinin and neuraminidase. Therefore, the presently used vaccines based on these antigens are effective for only one or at most very few influenza seasons. To keep pace with the antigenic drift of influenza, new vaccine strains have to be selected, produced, processed and co"
pmid-25007846,25007846,pi-backlog,2015,The NS1 protein: a multitasking virulence factor.,SYBIL,Adolfo Garcia-Sastre,"viral context plus mechanism/resource terms: virus, viral, influenza, network",normalized,2587,maybe,"virus-focused title/abstract with some host-mechanism signal: influenza, network",virus;viral;influenza,influenza,network,virus;viral;influenza,interaction;interactions;network,,cancer;leukemia;acute myeloid leukemia,,,,"BFB and DNA binding [12] , while lacking the C-terminal part of the protein. The C-terminal region contains the transcriptional activation domain as well as sequences critical for interactions with other proteins and for appropriate subnuclear targeting of RUNX1 [13] . Previous studies have demonstrated that such truncated RUNX1 proteins function as inhibitors of the normal RUNX1 protein and may contribute to leukemogenesis [14] [15] [16] [17] . In a patient with AML carrying a t(19;21)(q13;q22)"
pmid-16575526,16575526,pi-backlog,2006,Sequence analysis and receptor specificity of the hemagglutinin of a recent influenza H2N2 virus isolated from chicken in North America.,SYBIL,Adolfo Garcia-Sastre,"viral context plus mechanism/resource terms: virus, viral, influenza, interaction",normalized,2573,maybe,"virus-focused title/abstract with some host-mechanism signal: influenza, interaction",virus;viral;influenza,influenza,interaction,virus;viral;influenza,interaction;replication;epithelial,,,bacterial,,,"lar to the one that caused the 1957 pandemic continue to circulate in the wild and in domestic poultry [13] [14] [15] . Since influenza virus accumulates numerous mutations during replication and receptor binding specificity can change following minimal amino acid changes in the receptor binding pocket it is conceivable that an HA from an avian influenza virus could gain the ability to bind to the human influenza virus receptor. In light of this fact, it is important to survey current avian infl"
pmid-33495306,33495306,hpmi,2021,Plitidepsin has potent preclinical efficacy against SARS-CoV-2 by targeting the host protein eEF1A.,HPMI,,candidate relevance plus virus/pathogen/assay support,normalized,2336,maybe,"virus-focused paper with broad-spectrum or cross-virus language, but mainly therapeutic/clinical framing: broad-spectrum, preclinical, coronavirus, sars-cov-2, sars",virus;viral;coronavirus;sars-cov-2;sars,coronavirus;sars-cov-2;sars,replication,virus;viral;influenza;coronavirus;sars-cov-2;sars;covid-19,host factor;interactome;screen;crispr;replication,broad-spectrum,cancer,candida,,preclinical,"erefore, inhibition of eEF1A as a strategy for the treatment of viral infection may extend to other human coronaviruses and beyond to unrelated viral pathogens. This potential for broad-spectrum antiviral activity makes plitidepsin an intriguing candidate for further exploration as a treatment for viral infections with no clinically approved therapeutics. It is also important to note that a host-targeted antiviral such as plitidepsin offers protection from naturally occurring viral mutants, to w"
pmid-32763915,32763915,hpmi,2020,A molecular pore spans the double membrane of the coronavirus replication organelle.,HPMI,,candidate relevance plus virus/pathogen/assay support,normalized,2216,maybe,"virus-focused title/abstract with some host-mechanism signal: coronavirus, replication",virus;viral;coronavirus,coronavirus,replication,virus;viral;coronavirus;sars-cov-2;sars,pathway;interaction;interactions;replication;network,,,candida,,,"xported for translation. Moreover, the coronavirus genome needs to be packaged by the cytosolic nucleocapsid (N) protein before being targeted to virus assembly sites on secretory pathway membranes ( 8 ). In this study, we used cryo–electron microscopy (cryo-EM) to analyze the structure of coronavirus-induced ROs in their native host cellular environment. The murine hepatitis coronavirus (MHV) is a well-studied model for the genus Betacoronavirus , which also includes severe acute respiratory sy"
pmid-34981072,34981072,current-program,2021,Preserved Omicron Spike specific antibody binding and Fc-recognition across COVID-19 vaccine platforms.,SYBIL,Rafael Medina,candidate relevance plus virus/pathogen/assay support,normalized,2136,maybe,"virus context appears stronger in body than title/abstract; possible mechanistic paper to inspect: virus, viral, covid-19, interaction, interactions",virus;viral;covid-19,covid-19,,virus;viral;influenza;sars-cov-2;sars;covid-19;hiv;ebola,interaction;interactions,,,,,,"ke binding to the angiotensin-converting enzyme 2 (ACE2) receptor ( 21 ). Because many of the most potent neutralizing antibodies bind to the RBD, aimed at interfering or blocking interactions with ACE2, both vaccine induced neutralizing antibodies and monoclonal therapeutics have progressively lost neutralization potency against emerging variants of concern (VOC)( 5 , 22 ). Yet unlike previous VOCs, Omicron possesses more than 40 mutations, including 29 in the Spike protein, that, to date, repr"
pmid-39978373,39978373,pi-backlog,2025,Europe needs a sustainably funded influenza research and response network.,SYBIL,Adolfo Garcia-Sastre,"viral context plus mechanism/resource terms: influenza, network",cached_normalized,1788,maybe,"virus-focused title/abstract with some host-mechanism signal: influenza, network",influenza,influenza,network,virus;viral;influenza;sars-cov-2;sars;covid-19;hiv;mpox,interaction;interactions;network,,cancer,,,,"n that the barrier to adapt and transmit to humans is potentially reduced with every transmission event within the herds due to potential mammalian adaptations. In addition, close interactions between humans and dairy cattle and consumption of non-pasteurised dairy products increases the risk of transmission to humans. The situation required (and still requires) an immediate scientific response to inform policy decisions. The USA has a rapid response research network for influenza, the Centers o"
pmid-20935628,20935628,pi-backlog,2010,Efficient hepatitis C virus particle formation requires diacylglycerol acyltransferase-1.,HPMI,Melanie Ott,"viral context plus mechanism/resource terms: virus, viral, host factor",normalized,1589,maybe,"virus-focused title/abstract with some host-mechanism signal: hcv, hepatitis c virus, host factor",virus;viral,hcv;hepatitis c virus,host factor,virus;viral,host factor;pathway;interaction;protein interaction;replication,,,,,,"coimmunoprecipitated with Dgat1, showing that this region does not mediate the interaction. Collectively, our observations identify a hitherto unrecognized function of DGAT1 as a host factor for HCV infection. They demonstrate that infectious HCV particle production does not randomly occur in the vicinity of LDs but requires DGAT1-mediated LD formation. DGAT1 binds the HCV core protein and localizes core to DGAT1-generated LDs, thereby recruiting viral RNA replication complexes to the proper si"
pmid-21245900,21245900,pi-backlog,2011,2 methylate or not 2 methylate: viral evasion of the type I interferon response.,SYBIL,Adolfo Garcia-Sastre,"viral context plus mechanism/resource terms: viral, host response",normalized,1150,maybe,"virus context appears stronger in body than title/abstract; possible mechanistic paper to inspect: viral, host response, interaction, interactions",viral,,host response,virus;viral;influenza;coronavirus;hiv;dengue,host response;interaction;interactions,,,,,,issue of Nature Immunology and by Daffis et al . 2 in a recent issue of Nature reveal one of the surprising consequences of the ongoing coevolutionary forces that shape virus-host interactions and cellular and viral mRNA processing mechanisms. Sensing of viral RNA products by the infected cell implies the challenge of distinguishing self versus non-self (viral) RNA. This challenge is overcome by the cellular cytoplasmic sensor RIG-I 3 . RIG-I recognizes 5′-triphosphate–containing RNAs present in
pmid-32327758,32327758,current-program,2020,SARS-CoV-2 entry factors are highly expressed in nasal epithelial cells together with innate immune genes.,,,candidate relevance plus virus/pathogen/assay support,normalized,431,maybe,"virus-focused title/abstract with some host-mechanism signal: sars-cov-2, sars, covid-19, epithelial",viral;sars-cov-2;sars;covid-19,sars-cov-2;sars;covid-19,epithelial,viral;sars-cov-2;sars;covid-19,pathway;pathways;epithelial,,prostate;kidney,,,,genes are included as Supplementary Data 1 . The top 50 genes in each dataset were characterized based on Gene Ontology classes from the Gene Ontology (GO) database and associated pathways in PathCards from the Pathway Unification database.
pmid-41646655,41646655,current-program,2026,Synonymous substitution rate slowdown preceding the emergence of SARS-CoV-2 variants and during persistent infections.,CViSB,Kristian Andersen,candidate relevance plus virus/pathogen/assay support,cached_normalized,0,maybe,"virus-focused title/abstract with some host-mechanism signal: sars-cov-2, sars, covid-19, replication",virus;viral;sars-cov-2;sars;covid-19,sars-cov-2;sars;covid-19,replication,virus;viral;sars-cov-2;sars;covid-19,replication,,,,,,
pmid-41436260,41436260,pi-backlog,2025,"Understanding the pathogenesis of uveitis in Ebola virus disease survivors: an observational cohort and cross-sectional study protocol for clinical, molecular virologic and immunologic characterisation.",CViSB,Donald S Grant,"viral context plus mechanism/resource terms: virus, viral, interaction",cached_normalized,0,maybe,"virus-focused title/abstract with some host-mechanism signal: ebola, interaction",virus;viral;ebola,ebola,interaction,virus;viral;ebola,interaction,,uveitis,,,,
pmid-40719420,40719420,pi-backlog,2025,Recognizing amino acid sidechains in a medium-resolution cryo-electron density map.,HPMI,Andrej Sali,"viral context plus mechanism/resource terms: coronavirus, network",cached_normalized,0,maybe,"virus-focused title/abstract with some host-mechanism signal: coronavirus, network",virus;coronavirus,coronavirus,network,virus;coronavirus,network,,,,,,
pmid-40654703,40654703,pi-backlog,2025,Recognizing amino acid sidechains in a medium resolution cryo-electron density map.,HPMI,Andrej Sali,"viral context plus mechanism/resource terms: sars, network",cached_normalized,0,maybe,"virus-focused title/abstract with some host-mechanism signal: sars-cov-2, sars, network",sars-cov-2;sars,sars-cov-2;sars,network,sars-cov-2;sars,network,,,,,,
pmid-40585204,40585204,pi-backlog,2025,Empiric Azithromycin in COVID-19 Impacts the Respiratory Microbiome and Antimicrobial Resistome without Anti-inflammatory Benefit.,UCLA-Persistent-BSI,Elaine Reed,"viral context plus mechanism/resource terms: viral, sars, transcriptome",cached_normalized,0,maybe,"virus-focused title/abstract with some host-mechanism signal: sars-cov-2, sars, covid-19, transcriptomics",viral;sars-cov-2;sars;covid-19,sars-cov-2;sars;covid-19,transcriptomics,viral;sars-cov-2;sars;covid-19,transcriptomics,,,bacterial;bacterium;fungal;staphylococcus;streptococcus,,,
pmid-40475131,40475131,pi-backlog,2025,"Understanding the pathogenesis of uveitis in Ebola virus disease survivors: a study protocol for clinical, molecular virologic, and immunologic characterization.",CViSB,Donald S Grant,"viral context plus mechanism/resource terms: virus, viral, interaction",cached_normalized,0,maybe,"virus-focused title/abstract with some host-mechanism signal: ebola, interaction",virus;viral;ebola,ebola,interaction,virus;viral;ebola,interaction,,uveitis,,,,
pmid-40267184,40267184,pi-backlog,2025,"Structure-based discovery of highly bioavailable, covalent, broad-spectrum coronavirus M(Pro) inhibitors with potent in vivo efficacy.",HPMI,Melanie Ott,explicit cross-virus or shared-host framing in title/abstract,cached_normalized,0,maybe,"virus-relevant but primarily therapeutic/clinical rather than host-mechanism focused: inhibitor, preclinical",virus;viral;coronavirus;sars-cov-2;sars,coronavirus;sars-cov-2;sars,,virus;viral;coronavirus;sars-cov-2;sars,,broad-spectrum,,,,inhibitor;preclinical,
pmid-40013775,40013775,pi-backlog,2025,Pandemic risk stemming from the bovine H5N1 outbreak: an account of the knowns and unknowns.,SYBIL,Adolfo Garcia-Sastre,"viral context plus mechanism/resource terms: viral, influenza, network",cached_normalized,0,maybe,"virus-focused title/abstract with some host-mechanism signal: influenza, h5n1, network",virus;viral;influenza,influenza;h5n1,network,virus;viral;influenza,network,,,,,,
pmid-31776276,31776276,pi-backlog,2020,Viral Determinants in H5N1 Influenza A Virus Enable Productive Infection of HeLa Cells.,SYBIL,Adolfo Garcia-Sastre,"viral context plus mechanism/resource terms: virus, viral, influenza, host factor",normalized_empty_sections,0,maybe,"virus-focused title/abstract with some host-mechanism signal: influenza, h1n1, h5n1, replication",virus;viral;influenza,influenza;h1n1;h5n1,replication,virus;viral;influenza,replication,,,,,,
pmid-32609537,32609537,current-program,2020,Age-Dependent Differences in T-Cell Responses to Influenza A Virus.,,,candidate relevance plus virus/pathogen/assay support,normalized_empty_sections,0,maybe,"virus-focused title/abstract with some host-mechanism signal: influenza, host response",virus;influenza,influenza,host response,virus;influenza,host response,,,,,,
pmid-28607166,28607166,pi-backlog,2017,Unique versus Redundant Functions of Neuroligin Genes in Shaping Excitatory and Inhibitory Synapse Properties.,SYBIL,Sumit Chanda,explicit cross-virus or shared-host framing in title/abstract,normalized_empty_sections,0,maybe,virus-relevant but primarily therapeutic/clinical rather than host-mechanism focused: inhibitor,,,,,,,,,,inhibitor,
pmid-26223639,26223639,pi-backlog,2015,"Human Dendritic Cell Response Signatures Distinguish 1918, Pandemic, and Seasonal H1N1 Influenza Viruses.",SYBIL,Adolfo Garcia-Sastre,explicit cross-virus or shared-host framing in title/abstract,normalized_empty_sections,0,maybe,"virus-focused title/abstract with some host-mechanism signal: influenza, h1n1, host response",virus;viral;influenza,influenza;h1n1,host response,virus;viral;influenza,host response,,,,,,
pmid-25966783,25966783,pi-backlog,2015,A RIG-I 2CARD-MAVS200 Chimeric Protein Reconstitutes IFN-β Induction and Antiviral Response in Models Deficient in Type I IFN Response.,SYBIL,Adolfo Garcia-Sastre,"viral context plus mechanism/resource terms: virus, viral, influenza, pathway",normalized_empty_sections,0,maybe,"virus-focused title/abstract with some host-mechanism signal: influenza, hbv, pathway",virus;viral;influenza;hbv,influenza;hbv,pathway,virus;viral;influenza;hbv,pathway,,,,,,
pmid-25381252,25381252,pi-backlog,2014,The hepatitis C virus core protein inhibits adipose triglyceride lipase (ATGL)-mediated lipid mobilization and enhances the ATGL interaction with comparative gene identification 58 (CGI-58) and lipid droplets.,HPMI,Melanie Ott,explicit cross-virus or shared-host framing in title/abstract,normalized_empty_sections,0,maybe,"virus-focused title/abstract with some host-mechanism signal: hcv, hepatitis c virus, interaction",virus,hcv;hepatitis c virus,interaction,virus,interaction,,,,,,
pmid-23041628,23041628,pi-backlog,2012,Cross-presenting CD103+ dendritic cells are protected from influenza virus infection.,SYBIL,Adolfo Garcia-Sastre,"viral context plus mechanism/resource terms: virus, viral, influenza, pathway",normalized_empty_sections,0,maybe,"virus-focused title/abstract with some host-mechanism signal: influenza, pathway",virus;viral;influenza,influenza,pathway,virus;viral;influenza,pathway,,,,,,
pmid-20534531,20534531,pi-backlog,2010,Engineered RNA viral synthesis of microRNAs.,SYBIL,Adolfo Garcia-Sastre,"viral context plus mechanism/resource terms: virus, viral, influenza, transcriptome",normalized_empty_sections,0,maybe,"virus-focused title/abstract with some host-mechanism signal: influenza, replication",virus;viral;influenza,influenza,replication,virus;viral;influenza,replication,,,,,,
pmid-19625461,19625461,pi-backlog,2009,Interferon priming enables cells to partially overturn the SARS coronavirus-induced block in innate immune activation.,SYBIL,Adolfo Garcia-Sastre,"viral context plus mechanism/resource terms: coronavirus, sars, host response",normalized_empty_sections,0,maybe,"virus-focused title/abstract with some host-mechanism signal: coronavirus, sars, host response",virus;viral;coronavirus;sars,coronavirus;sars,host response,virus;viral;coronavirus;sars,host response,,,,,,
pmid-19279106,19279106,pi-backlog,2009,NS5 of dengue virus mediates STAT2 binding and degradation.,SYBIL,Adolfo Garcia-Sastre,"viral context plus mechanism/resource terms: virus, viral, dengue, pathway",normalized_empty_sections,0,maybe,"virus-focused title/abstract with some host-mechanism signal: dengue, pathway",virus;viral;dengue,dengue,pathway,virus;viral;dengue,pathway,,,,,,
pmid-18300872,18300872,pi-backlog,2008,"Comparative efficacy and safety of aliskiren, an oral direct renin inhibitor, and ramipril in hypertension: a 6-month, randomized, double-blind trial.",CViSB,Kristian Andersen,explicit cross-virus or shared-host framing in title/abstract,missing_local_pdf,0,maybe,virus-relevant but primarily therapeutic/clinical rather than host-mechanism focused: inhibitor,,,,,,,,,,inhibitor,
pmid-17227866,17227866,pi-backlog,2007,"IFN-stimulated gene 15 functions as a critical antiviral molecule against influenza, herpes, and Sindbis viruses.",SYBIL,Adolfo Garcia-Sastre,"viral context plus mechanism/resource terms: virus, viral, influenza, host response",normalized_empty_sections,0,maybe,"virus-focused title/abstract with some host-mechanism signal: influenza, host response",virus;viral;influenza,influenza,host response,virus;viral;influenza,host response,,,,,,
